
build/debug/Design_Embedded_Subsystem.elf:     file format elf32-littlearm

Sections:
Idx Name          Size      VMA       LMA       File off  Algn
  0 .isr_vector   00000194  08000000  08000000  00001000  2**0
                  CONTENTS, ALLOC, LOAD, READONLY, DATA
  1 .text         0000846c  080001a0  080001a0  000011a0  2**4
                  CONTENTS, ALLOC, LOAD, READONLY, CODE
  2 .rodata       00000e60  0800860c  0800860c  0000960c  2**2
                  CONTENTS, ALLOC, LOAD, READONLY, DATA
  3 .ARM.extab    00000000  0800946c  0800946c  0000b108  2**0
                  CONTENTS, READONLY
  4 .ARM          00000008  0800946c  0800946c  0000a46c  2**2
                  CONTENTS, ALLOC, LOAD, READONLY, DATA
  5 .preinit_array 00000000  08009474  08009474  0000b108  2**0
                  CONTENTS, ALLOC, LOAD, DATA
  6 .init_array   00000004  08009474  08009474  0000a474  2**2
                  CONTENTS, ALLOC, LOAD, READONLY, DATA
  7 .fini_array   00000004  08009478  08009478  0000a478  2**2
                  CONTENTS, ALLOC, LOAD, READONLY, DATA
  8 .data         00000108  20000000  0800947c  0000b000  2**3
                  CONTENTS, ALLOC, LOAD, DATA
  9 .bss          00000a68  20000108  08009584  0000b108  2**3
                  ALLOC
 10 ._user_heap_stack 00000600  20000b70  08009584  0000bb70  2**0
                  ALLOC
 11 .ARM.attributes 00000030  00000000  00000000  0000b108  2**0
                  CONTENTS, READONLY
 12 .comment      00000039  00000000  00000000  0000b138  2**0
                  CONTENTS, READONLY
 13 .debug_info   0001940f  00000000  00000000  0000b171  2**0
                  CONTENTS, READONLY, DEBUGGING, OCTETS
 14 .debug_abbrev 00003588  00000000  00000000  00024580  2**0
                  CONTENTS, READONLY, DEBUGGING, OCTETS
 15 .debug_loclists 0000d0de  00000000  00000000  00027b08  2**0
                  CONTENTS, READONLY, DEBUGGING, OCTETS
 16 .debug_aranges 00001320  00000000  00000000  00034be8  2**3
                  CONTENTS, READONLY, DEBUGGING, OCTETS
 17 .debug_rnglists 00000ed0  00000000  00000000  00035f08  2**0
                  CONTENTS, READONLY, DEBUGGING, OCTETS
 18 .debug_line   000160a1  00000000  00000000  00036dd8  2**0
                  CONTENTS, READONLY, DEBUGGING, OCTETS
 19 .debug_str    00005b5c  00000000  00000000  0004ce79  2**0
                  CONTENTS, READONLY, DEBUGGING, OCTETS
 20 .debug_frame  0000352c  00000000  00000000  000529d8  2**2
                  CONTENTS, READONLY, DEBUGGING, OCTETS
 21 .debug_line_str 000001b5  00000000  00000000  00055f04  2**0
                  CONTENTS, READONLY, DEBUGGING, OCTETS

Disassembly of section .text:

080001a0 <strcmp>:
 80001a0:	f810 2b01 	ldrb.w	r2, [r0], #1
 80001a4:	f811 3b01 	ldrb.w	r3, [r1], #1
 80001a8:	2a01      	cmp	r2, #1
 80001aa:	bf28      	it	cs
 80001ac:	429a      	cmpcs	r2, r3
 80001ae:	d0f7      	beq.n	80001a0 <strcmp>
 80001b0:	1ad0      	subs	r0, r2, r3
 80001b2:	4770      	bx	lr

080001b4 <strlen>:
 80001b4:	4603      	mov	r3, r0
 80001b6:	f813 2b01 	ldrb.w	r2, [r3], #1
 80001ba:	2a00      	cmp	r2, #0
 80001bc:	d1fb      	bne.n	80001b6 <strlen+0x2>
 80001be:	1a18      	subs	r0, r3, r0
 80001c0:	3801      	subs	r0, #1
 80001c2:	4770      	bx	lr
	...

080001d0 <memchr>:
 80001d0:	f001 01ff 	and.w	r1, r1, #255	@ 0xff
 80001d4:	2a10      	cmp	r2, #16
 80001d6:	db2b      	blt.n	8000230 <memchr+0x60>
 80001d8:	f010 0f07 	tst.w	r0, #7
 80001dc:	d008      	beq.n	80001f0 <memchr+0x20>
 80001de:	f810 3b01 	ldrb.w	r3, [r0], #1
 80001e2:	3a01      	subs	r2, #1
 80001e4:	428b      	cmp	r3, r1
 80001e6:	d02d      	beq.n	8000244 <memchr+0x74>
 80001e8:	f010 0f07 	tst.w	r0, #7
 80001ec:	b342      	cbz	r2, 8000240 <memchr+0x70>
 80001ee:	d1f6      	bne.n	80001de <memchr+0xe>
 80001f0:	b4f0      	push	{r4, r5, r6, r7}
 80001f2:	ea41 2101 	orr.w	r1, r1, r1, lsl #8
 80001f6:	ea41 4101 	orr.w	r1, r1, r1, lsl #16
 80001fa:	f022 0407 	bic.w	r4, r2, #7
 80001fe:	f07f 0700 	mvns.w	r7, #0
 8000202:	2300      	movs	r3, #0
 8000204:	e8f0 5602 	ldrd	r5, r6, [r0], #8
 8000208:	3c08      	subs	r4, #8
 800020a:	ea85 0501 	eor.w	r5, r5, r1
 800020e:	ea86 0601 	eor.w	r6, r6, r1
 8000212:	fa85 f547 	uadd8	r5, r5, r7
 8000216:	faa3 f587 	sel	r5, r3, r7
 800021a:	fa86 f647 	uadd8	r6, r6, r7
 800021e:	faa5 f687 	sel	r6, r5, r7
 8000222:	b98e      	cbnz	r6, 8000248 <memchr+0x78>
 8000224:	d1ee      	bne.n	8000204 <memchr+0x34>
 8000226:	bcf0      	pop	{r4, r5, r6, r7}
 8000228:	f001 01ff 	and.w	r1, r1, #255	@ 0xff
 800022c:	f002 0207 	and.w	r2, r2, #7
 8000230:	b132      	cbz	r2, 8000240 <memchr+0x70>
 8000232:	f810 3b01 	ldrb.w	r3, [r0], #1
 8000236:	3a01      	subs	r2, #1
 8000238:	ea83 0301 	eor.w	r3, r3, r1
 800023c:	b113      	cbz	r3, 8000244 <memchr+0x74>
 800023e:	d1f8      	bne.n	8000232 <memchr+0x62>
 8000240:	2000      	movs	r0, #0
 8000242:	4770      	bx	lr
 8000244:	3801      	subs	r0, #1
 8000246:	4770      	bx	lr
 8000248:	2d00      	cmp	r5, #0
 800024a:	bf06      	itte	eq
 800024c:	4635      	moveq	r5, r6
 800024e:	3803      	subeq	r0, #3
 8000250:	3807      	subne	r0, #7
 8000252:	f015 0f01 	tst.w	r5, #1
 8000256:	d107      	bne.n	8000268 <memchr+0x98>
 8000258:	3001      	adds	r0, #1
 800025a:	f415 7f80 	tst.w	r5, #256	@ 0x100
 800025e:	bf02      	ittt	eq
 8000260:	3001      	addeq	r0, #1
 8000262:	f415 3fc0 	tsteq.w	r5, #98304	@ 0x18000
 8000266:	3001      	addeq	r0, #1
 8000268:	bcf0      	pop	{r4, r5, r6, r7}
 800026a:	3801      	subs	r0, #1
 800026c:	4770      	bx	lr
 800026e:	bf00      	nop

08000270 <__aeabi_ldivmod>:
 8000270:	b97b      	cbnz	r3, 8000292 <__aeabi_ldivmod+0x22>
 8000272:	b972      	cbnz	r2, 8000292 <__aeabi_ldivmod+0x22>
 8000274:	2900      	cmp	r1, #0
 8000276:	bfbe      	ittt	lt
 8000278:	2000      	movlt	r0, #0
 800027a:	f04f 4100 	movlt.w	r1, #2147483648	@ 0x80000000
 800027e:	e006      	blt.n	800028e <__aeabi_ldivmod+0x1e>
 8000280:	bf08      	it	eq
 8000282:	2800      	cmpeq	r0, #0
 8000284:	bf1c      	itt	ne
 8000286:	f06f 4100 	mvnne.w	r1, #2147483648	@ 0x80000000
 800028a:	f04f 30ff 	movne.w	r0, #4294967295
 800028e:	f000 b857 	b.w	8000340 <__aeabi_idiv0>
 8000292:	f1ad 0c08 	sub.w	ip, sp, #8
 8000296:	e96d ce04 	strd	ip, lr, [sp, #-16]!
 800029a:	2900      	cmp	r1, #0
 800029c:	db09      	blt.n	80002b2 <__aeabi_ldivmod+0x42>
 800029e:	2b00      	cmp	r3, #0
 80002a0:	db1a      	blt.n	80002d8 <__aeabi_ldivmod+0x68>
 80002a2:	f008 f849 	bl	8008338 <__udivmoddi4>
 80002a6:	f8dd e004 	ldr.w	lr, [sp, #4]
 80002aa:	e9dd 2302 	ldrd	r2, r3, [sp, #8]
 80002ae:	b004      	add	sp, #16
 80002b0:	4770      	bx	lr
 80002b2:	4240      	negs	r0, r0
 80002b4:	eb61 0141 	sbc.w	r1, r1, r1, lsl #1
 80002b8:	2b00      	cmp	r3, #0
 80002ba:	db1b      	blt.n	80002f4 <__aeabi_ldivmod+0x84>
 80002bc:	f008 f83c 	bl	8008338 <__udivmoddi4>
 80002c0:	f8dd e004 	ldr.w	lr, [sp, #4]
 80002c4:	e9dd 2302 	ldrd	r2, r3, [sp, #8]
 80002c8:	b004      	add	sp, #16
 80002ca:	4240      	negs	r0, r0
 80002cc:	eb61 0141 	sbc.w	r1, r1, r1, lsl #1
 80002d0:	4252      	negs	r2, r2
 80002d2:	eb63 0343 	sbc.w	r3, r3, r3, lsl #1
 80002d6:	4770      	bx	lr
 80002d8:	4252      	negs	r2, r2
 80002da:	eb63 0343 	sbc.w	r3, r3, r3, lsl #1
 80002de:	f008 f82b 	bl	8008338 <__udivmoddi4>
 80002e2:	f8dd e004 	ldr.w	lr, [sp, #4]
 80002e6:	e9dd 2302 	ldrd	r2, r3, [sp, #8]
 80002ea:	b004      	add	sp, #16
 80002ec:	4240      	negs	r0, r0
 80002ee:	eb61 0141 	sbc.w	r1, r1, r1, lsl #1
 80002f2:	4770      	bx	lr
 80002f4:	4252      	negs	r2, r2
 80002f6:	eb63 0343 	sbc.w	r3, r3, r3, lsl #1
 80002fa:	f008 f81d 	bl	8008338 <__udivmoddi4>
 80002fe:	f8dd e004 	ldr.w	lr, [sp, #4]
 8000302:	e9dd 2302 	ldrd	r2, r3, [sp, #8]
 8000306:	b004      	add	sp, #16
 8000308:	4252      	negs	r2, r2
 800030a:	eb63 0343 	sbc.w	r3, r3, r3, lsl #1
 800030e:	4770      	bx	lr

08000310 <__aeabi_uldivmod>:
 8000310:	b953      	cbnz	r3, 8000328 <__aeabi_uldivmod+0x18>
 8000312:	b94a      	cbnz	r2, 8000328 <__aeabi_uldivmod+0x18>
 8000314:	2900      	cmp	r1, #0
 8000316:	bf08      	it	eq
 8000318:	2800      	cmpeq	r0, #0
 800031a:	bf1c      	itt	ne
 800031c:	f04f 31ff 	movne.w	r1, #4294967295
 8000320:	f04f 30ff 	movne.w	r0, #4294967295
 8000324:	f000 b80c 	b.w	8000340 <__aeabi_idiv0>
 8000328:	f1ad 0c08 	sub.w	ip, sp, #8
 800032c:	e96d ce04 	strd	ip, lr, [sp, #-16]!
 8000330:	f008 f802 	bl	8008338 <__udivmoddi4>
 8000334:	f8dd e004 	ldr.w	lr, [sp, #4]
 8000338:	e9dd 2302 	ldrd	r2, r3, [sp, #8]
 800033c:	b004      	add	sp, #16
 800033e:	4770      	bx	lr

08000340 <__aeabi_idiv0>:
 8000340:	4770      	bx	lr
 8000342:	bf00      	nop

08000344 <__do_global_dtors_aux>:
 8000344:	b510      	push	{r4, lr}
 8000346:	4c05      	ldr	r4, [pc, #20]	@ (800035c <__do_global_dtors_aux+0x18>)
 8000348:	7823      	ldrb	r3, [r4, #0]
 800034a:	b933      	cbnz	r3, 800035a <__do_global_dtors_aux+0x16>
 800034c:	4b04      	ldr	r3, [pc, #16]	@ (8000360 <__do_global_dtors_aux+0x1c>)
 800034e:	b113      	cbz	r3, 8000356 <__do_global_dtors_aux+0x12>
 8000350:	4804      	ldr	r0, [pc, #16]	@ (8000364 <__do_global_dtors_aux+0x20>)
 8000352:	f3af 8000 	nop.w
 8000356:	2301      	movs	r3, #1
 8000358:	7023      	strb	r3, [r4, #0]
 800035a:	bd10      	pop	{r4, pc}
 800035c:	20000108 	.word	0x20000108
 8000360:	00000000 	.word	0x00000000
 8000364:	080085f4 	.word	0x080085f4

08000368 <frame_dummy>:
 8000368:	b508      	push	{r3, lr}
 800036a:	4b03      	ldr	r3, [pc, #12]	@ (8000378 <frame_dummy+0x10>)
 800036c:	b11b      	cbz	r3, 8000376 <frame_dummy+0xe>
 800036e:	4903      	ldr	r1, [pc, #12]	@ (800037c <frame_dummy+0x14>)
 8000370:	4803      	ldr	r0, [pc, #12]	@ (8000380 <frame_dummy+0x18>)
 8000372:	f3af 8000 	nop.w
 8000376:	bd08      	pop	{r3, pc}
 8000378:	00000000 	.word	0x00000000
 800037c:	2000010c 	.word	0x2000010c
 8000380:	080085f4 	.word	0x080085f4

08000384 <SX1278_SPIRead>:
 */

#include "SX1278.h"
#include <string.h>

uint8_t SX1278_SPIRead(SX1278_t *module, uint8_t addr) {
 8000384:	b538      	push	{r3, r4, r5, lr}
 8000386:	4604      	mov	r4, r0
	uint8_t tmp;
	SX1278_hw_SPICommand(module->hw, addr);
 8000388:	6800      	ldr	r0, [r0, #0]
 800038a:	f000 fa60 	bl	800084e <SX1278_hw_SPICommand>
	tmp = SX1278_hw_SPIReadByte(module->hw);
 800038e:	6820      	ldr	r0, [r4, #0]
 8000390:	f000 fa74 	bl	800087c <SX1278_hw_SPIReadByte>
 8000394:	4605      	mov	r5, r0
	SX1278_hw_SetNSS(module->hw, 1);
 8000396:	2101      	movs	r1, #1
 8000398:	6820      	ldr	r0, [r4, #0]
 800039a:	f000 fa43 	bl	8000824 <SX1278_hw_SetNSS>
	return tmp;
}
 800039e:	4628      	mov	r0, r5
 80003a0:	bd38      	pop	{r3, r4, r5, pc}

080003a2 <SX1278_SPIWrite>:

void SX1278_SPIWrite(SX1278_t *module, uint8_t addr, uint8_t cmd) {
 80003a2:	b570      	push	{r4, r5, r6, lr}
 80003a4:	4604      	mov	r4, r0
 80003a6:	460e      	mov	r6, r1
 80003a8:	4615      	mov	r5, r2
	SX1278_hw_SetNSS(module->hw, 0);
 80003aa:	2100      	movs	r1, #0
 80003ac:	6800      	ldr	r0, [r0, #0]
 80003ae:	f000 fa39 	bl	8000824 <SX1278_hw_SetNSS>
	SX1278_hw_SPICommand(module->hw, addr | 0x80);
 80003b2:	f046 0180 	orr.w	r1, r6, #128	@ 0x80
 80003b6:	6820      	ldr	r0, [r4, #0]
 80003b8:	f000 fa49 	bl	800084e <SX1278_hw_SPICommand>
	SX1278_hw_SPICommand(module->hw, cmd);
 80003bc:	4629      	mov	r1, r5
 80003be:	6820      	ldr	r0, [r4, #0]
 80003c0:	f000 fa45 	bl	800084e <SX1278_hw_SPICommand>
	SX1278_hw_SetNSS(module->hw, 1);
 80003c4:	2101      	movs	r1, #1
 80003c6:	6820      	ldr	r0, [r4, #0]
 80003c8:	f000 fa2c 	bl	8000824 <SX1278_hw_SetNSS>
}
 80003cc:	bd70      	pop	{r4, r5, r6, pc}

080003ce <SX1278_SPIBurstRead>:

void SX1278_SPIBurstRead(SX1278_t *module, uint8_t addr, uint8_t *rxBuf,
		uint8_t length) {
	uint8_t i;
	if (length <= 1) {
 80003ce:	2b01      	cmp	r3, #1
 80003d0:	d91b      	bls.n	800040a <SX1278_SPIBurstRead+0x3c>
		uint8_t length) {
 80003d2:	b5f8      	push	{r3, r4, r5, r6, r7, lr}
 80003d4:	4605      	mov	r5, r0
 80003d6:	460c      	mov	r4, r1
 80003d8:	4617      	mov	r7, r2
 80003da:	461e      	mov	r6, r3
		return;
	} else {
		SX1278_hw_SetNSS(module->hw, 0);
 80003dc:	2100      	movs	r1, #0
 80003de:	6800      	ldr	r0, [r0, #0]
 80003e0:	f000 fa20 	bl	8000824 <SX1278_hw_SetNSS>
		SX1278_hw_SPICommand(module->hw, addr);
 80003e4:	4621      	mov	r1, r4
 80003e6:	6828      	ldr	r0, [r5, #0]
 80003e8:	f000 fa31 	bl	800084e <SX1278_hw_SPICommand>
		for (i = 0; i < length; i++) {
 80003ec:	2400      	movs	r4, #0
 80003ee:	e005      	b.n	80003fc <SX1278_SPIBurstRead+0x2e>
			*(rxBuf + i) = SX1278_hw_SPIReadByte(module->hw);
 80003f0:	6828      	ldr	r0, [r5, #0]
 80003f2:	f000 fa43 	bl	800087c <SX1278_hw_SPIReadByte>
 80003f6:	5538      	strb	r0, [r7, r4]
		for (i = 0; i < length; i++) {
 80003f8:	3401      	adds	r4, #1
 80003fa:	b2e4      	uxtb	r4, r4
 80003fc:	42b4      	cmp	r4, r6
 80003fe:	d3f7      	bcc.n	80003f0 <SX1278_SPIBurstRead+0x22>
		}
		SX1278_hw_SetNSS(module->hw, 1);
 8000400:	2101      	movs	r1, #1
 8000402:	6828      	ldr	r0, [r5, #0]
 8000404:	f000 fa0e 	bl	8000824 <SX1278_hw_SetNSS>
	}
}
 8000408:	bdf8      	pop	{r3, r4, r5, r6, r7, pc}
 800040a:	4770      	bx	lr

0800040c <SX1278_SPIBurstWrite>:

void SX1278_SPIBurstWrite(SX1278_t *module, uint8_t addr, uint8_t *txBuf,
		uint8_t length) {
	unsigned char i;
	if (length <= 1) {
 800040c:	2b01      	cmp	r3, #1
 800040e:	d91c      	bls.n	800044a <SX1278_SPIBurstWrite+0x3e>
		uint8_t length) {
 8000410:	b5f8      	push	{r3, r4, r5, r6, r7, lr}
 8000412:	4605      	mov	r5, r0
 8000414:	460c      	mov	r4, r1
 8000416:	4617      	mov	r7, r2
 8000418:	461e      	mov	r6, r3
		return;
	} else {
		SX1278_hw_SetNSS(module->hw, 0);
 800041a:	2100      	movs	r1, #0
 800041c:	6800      	ldr	r0, [r0, #0]
 800041e:	f000 fa01 	bl	8000824 <SX1278_hw_SetNSS>
		SX1278_hw_SPICommand(module->hw, addr | 0x80);
 8000422:	f044 0180 	orr.w	r1, r4, #128	@ 0x80
 8000426:	6828      	ldr	r0, [r5, #0]
 8000428:	f000 fa11 	bl	800084e <SX1278_hw_SPICommand>
		for (i = 0; i < length; i++) {
 800042c:	2400      	movs	r4, #0
 800042e:	e005      	b.n	800043c <SX1278_SPIBurstWrite+0x30>
			SX1278_hw_SPICommand(module->hw, *(txBuf + i));
 8000430:	5d39      	ldrb	r1, [r7, r4]
 8000432:	6828      	ldr	r0, [r5, #0]
 8000434:	f000 fa0b 	bl	800084e <SX1278_hw_SPICommand>
		for (i = 0; i < length; i++) {
 8000438:	3401      	adds	r4, #1
 800043a:	b2e4      	uxtb	r4, r4
 800043c:	42b4      	cmp	r4, r6
 800043e:	d3f7      	bcc.n	8000430 <SX1278_SPIBurstWrite+0x24>
		}
		SX1278_hw_SetNSS(module->hw, 1);
 8000440:	2101      	movs	r1, #1
 8000442:	6828      	ldr	r0, [r5, #0]
 8000444:	f000 f9ee 	bl	8000824 <SX1278_hw_SetNSS>
	}
}
 8000448:	bdf8      	pop	{r3, r4, r5, r6, r7, pc}
 800044a:	4770      	bx	lr

0800044c <SX1278_standby>:
	SX1278_SPIWrite(module, REG_LR_DIOMAPPING2, 0x01); //RegDioMapping2 DIO5=00, DIO4=01
	module->readBytes = 0;
	SX1278_standby(module); //Entry standby mode
}

void SX1278_standby(SX1278_t *module) {
 800044c:	b510      	push	{r4, lr}
 800044e:	4604      	mov	r4, r0
	SX1278_SPIWrite(module, LR_RegOpMode, 0x09);
 8000450:	2209      	movs	r2, #9
 8000452:	2101      	movs	r1, #1
 8000454:	f7ff ffa5 	bl	80003a2 <SX1278_SPIWrite>
	module->status = STANDBY;
 8000458:	2301      	movs	r3, #1
 800045a:	75a3      	strb	r3, [r4, #22]
}
 800045c:	bd10      	pop	{r4, pc}

0800045e <SX1278_sleep>:

void SX1278_sleep(SX1278_t *module) {
 800045e:	b510      	push	{r4, lr}
 8000460:	4604      	mov	r4, r0
	SX1278_SPIWrite(module, LR_RegOpMode, 0x08);
 8000462:	2208      	movs	r2, #8
 8000464:	2101      	movs	r1, #1
 8000466:	f7ff ff9c 	bl	80003a2 <SX1278_SPIWrite>
	module->status = SLEEP;
 800046a:	2300      	movs	r3, #0
 800046c:	75a3      	strb	r3, [r4, #22]
}
 800046e:	bd10      	pop	{r4, pc}

08000470 <SX1278_entryLoRa>:

void SX1278_entryLoRa(SX1278_t *module) {
 8000470:	b508      	push	{r3, lr}
	SX1278_SPIWrite(module, LR_RegOpMode, 0x88);
 8000472:	2288      	movs	r2, #136	@ 0x88
 8000474:	2101      	movs	r1, #1
 8000476:	f7ff ff94 	bl	80003a2 <SX1278_SPIWrite>
}
 800047a:	bd08      	pop	{r3, pc}

0800047c <SX1278_config>:
void SX1278_config(SX1278_t *module) {
 800047c:	b530      	push	{r4, r5, lr}
 800047e:	b083      	sub	sp, #12
 8000480:	4604      	mov	r4, r0
	SX1278_sleep(module); //Change modem mode Must in Sleep mode
 8000482:	f7ff ffec 	bl	800045e <SX1278_sleep>
	SX1278_hw_DelayMs(15);
 8000486:	200f      	movs	r0, #15
 8000488:	f000 fa16 	bl	80008b8 <SX1278_hw_DelayMs>
	SX1278_entryLoRa(module);
 800048c:	4620      	mov	r0, r4
 800048e:	f7ff ffef 	bl	8000470 <SX1278_entryLoRa>
	uint64_t freq = ((uint64_t) module->frequency << 19) / 32000000;
 8000492:	68a5      	ldr	r5, [r4, #8]
 8000494:	68e3      	ldr	r3, [r4, #12]
 8000496:	04d9      	lsls	r1, r3, #19
 8000498:	4a55      	ldr	r2, [pc, #340]	@ (80005f0 <SX1278_config+0x174>)
 800049a:	2300      	movs	r3, #0
 800049c:	04e8      	lsls	r0, r5, #19
 800049e:	ea41 3155 	orr.w	r1, r1, r5, lsr #13
 80004a2:	f7ff ff35 	bl	8000310 <__aeabi_uldivmod>
	freq_reg[0] = (uint8_t) (freq >> 16);
 80004a6:	f3c0 4307 	ubfx	r3, r0, #16, #8
 80004aa:	f88d 3004 	strb.w	r3, [sp, #4]
	freq_reg[1] = (uint8_t) (freq >> 8);
 80004ae:	f3c0 2307 	ubfx	r3, r0, #8, #8
 80004b2:	f88d 3005 	strb.w	r3, [sp, #5]
	freq_reg[2] = (uint8_t) (freq >> 0);
 80004b6:	f88d 0006 	strb.w	r0, [sp, #6]
	SX1278_SPIBurstWrite(module, LR_RegFrMsb, (uint8_t*) freq_reg, 3); //setting  frequency parameter
 80004ba:	2303      	movs	r3, #3
 80004bc:	aa01      	add	r2, sp, #4
 80004be:	2106      	movs	r1, #6
 80004c0:	4620      	mov	r0, r4
 80004c2:	f7ff ffa3 	bl	800040c <SX1278_SPIBurstWrite>
	SX1278_SPIWrite(module, RegSyncWord, 0x12);
 80004c6:	2212      	movs	r2, #18
 80004c8:	2139      	movs	r1, #57	@ 0x39
 80004ca:	4620      	mov	r0, r4
 80004cc:	f7ff ff69 	bl	80003a2 <SX1278_SPIWrite>
	SX1278_SPIWrite(module, LR_RegPaConfig, SX1278_Power[module->power]); //Setting output power parameter
 80004d0:	7c23      	ldrb	r3, [r4, #16]
 80004d2:	4a48      	ldr	r2, [pc, #288]	@ (80005f4 <SX1278_config+0x178>)
 80004d4:	5cd2      	ldrb	r2, [r2, r3]
 80004d6:	2109      	movs	r1, #9
 80004d8:	4620      	mov	r0, r4
 80004da:	f7ff ff62 	bl	80003a2 <SX1278_SPIWrite>
	SX1278_SPIWrite(module, LR_RegOcp, 0x0B);			//RegOcp,Close Ocp
 80004de:	220b      	movs	r2, #11
 80004e0:	4611      	mov	r1, r2
 80004e2:	4620      	mov	r0, r4
 80004e4:	f7ff ff5d 	bl	80003a2 <SX1278_SPIWrite>
	SX1278_SPIWrite(module, LR_RegLna, 0x23);		//RegLNA,High & LNA Enable
 80004e8:	2223      	movs	r2, #35	@ 0x23
 80004ea:	210c      	movs	r1, #12
 80004ec:	4620      	mov	r0, r4
 80004ee:	f7ff ff58 	bl	80003a2 <SX1278_SPIWrite>
	if (SX1278_SpreadFactor[module->LoRa_SF] == 6) {	//SFactor=6
 80004f2:	7c63      	ldrb	r3, [r4, #17]
 80004f4:	4a40      	ldr	r2, [pc, #256]	@ (80005f8 <SX1278_config+0x17c>)
 80004f6:	5cd3      	ldrb	r3, [r2, r3]
 80004f8:	2b06      	cmp	r3, #6
 80004fa:	d042      	beq.n	8000582 <SX1278_config+0x106>
				((SX1278_LoRaBandwidth[module->LoRa_BW] << 4)
 80004fc:	7ca3      	ldrb	r3, [r4, #18]
 80004fe:	4a3f      	ldr	r2, [pc, #252]	@ (80005fc <SX1278_config+0x180>)
 8000500:	5cd2      	ldrb	r2, [r2, r3]
 8000502:	0112      	lsls	r2, r2, #4
 8000504:	b2d2      	uxtb	r2, r2
						+ (SX1278_CodingRate[module->LoRa_CR] << 1) + 0x00)); //Explicit Enable CRC Enable(0x02) & Error Coding rate 4/5(0x01), 4/6(0x02), 4/7(0x03), 4/8(0x04)
 8000506:	7ce3      	ldrb	r3, [r4, #19]
 8000508:	493d      	ldr	r1, [pc, #244]	@ (8000600 <SX1278_config+0x184>)
 800050a:	5ccb      	ldrb	r3, [r1, r3]
 800050c:	005b      	lsls	r3, r3, #1
 800050e:	b2db      	uxtb	r3, r3
		SX1278_SPIWrite(module,
 8000510:	441a      	add	r2, r3
 8000512:	f002 02fe 	and.w	r2, r2, #254	@ 0xfe
 8000516:	211d      	movs	r1, #29
 8000518:	4620      	mov	r0, r4
 800051a:	f7ff ff42 	bl	80003a2 <SX1278_SPIWrite>
				((SX1278_SpreadFactor[module->LoRa_SF] << 4)
 800051e:	7c63      	ldrb	r3, [r4, #17]
 8000520:	4a35      	ldr	r2, [pc, #212]	@ (80005f8 <SX1278_config+0x17c>)
 8000522:	5cd2      	ldrb	r2, [r2, r3]
 8000524:	0112      	lsls	r2, r2, #4
 8000526:	b2d2      	uxtb	r2, r2
						+ (SX1278_CRC_Sum[module->LoRa_CRC_sum] << 2) + 0x00)); //SFactor &  LNA gain set by the internal AGC loop
 8000528:	7d23      	ldrb	r3, [r4, #20]
 800052a:	4936      	ldr	r1, [pc, #216]	@ (8000604 <SX1278_config+0x188>)
 800052c:	5ccb      	ldrb	r3, [r1, r3]
 800052e:	009b      	lsls	r3, r3, #2
 8000530:	b2db      	uxtb	r3, r3
		SX1278_SPIWrite(module,
 8000532:	441a      	add	r2, r3
 8000534:	f002 02fc 	and.w	r2, r2, #252	@ 0xfc
 8000538:	211e      	movs	r1, #30
 800053a:	4620      	mov	r0, r4
 800053c:	f7ff ff31 	bl	80003a2 <SX1278_SPIWrite>
	SX1278_SPIWrite(module, LR_RegModemConfig3, 0x04);
 8000540:	2204      	movs	r2, #4
 8000542:	2126      	movs	r1, #38	@ 0x26
 8000544:	4620      	mov	r0, r4
 8000546:	f7ff ff2c 	bl	80003a2 <SX1278_SPIWrite>
	SX1278_SPIWrite(module, LR_RegSymbTimeoutLsb, 0x08); //RegSymbTimeoutLsb Timeout = 0x3FF(Max)
 800054a:	2208      	movs	r2, #8
 800054c:	211f      	movs	r1, #31
 800054e:	4620      	mov	r0, r4
 8000550:	f7ff ff27 	bl	80003a2 <SX1278_SPIWrite>
	SX1278_SPIWrite(module, LR_RegPreambleMsb, 0x00); //RegPreambleMsb
 8000554:	2200      	movs	r2, #0
 8000556:	2120      	movs	r1, #32
 8000558:	4620      	mov	r0, r4
 800055a:	f7ff ff22 	bl	80003a2 <SX1278_SPIWrite>
	SX1278_SPIWrite(module, LR_RegPreambleLsb, 8); //RegPreambleLsb 8+4=12byte Preamble
 800055e:	2208      	movs	r2, #8
 8000560:	2121      	movs	r1, #33	@ 0x21
 8000562:	4620      	mov	r0, r4
 8000564:	f7ff ff1d 	bl	80003a2 <SX1278_SPIWrite>
	SX1278_SPIWrite(module, REG_LR_DIOMAPPING2, 0x01); //RegDioMapping2 DIO5=00, DIO4=01
 8000568:	2201      	movs	r2, #1
 800056a:	2141      	movs	r1, #65	@ 0x41
 800056c:	4620      	mov	r0, r4
 800056e:	f7ff ff18 	bl	80003a2 <SX1278_SPIWrite>
	module->readBytes = 0;
 8000572:	2300      	movs	r3, #0
 8000574:	f884 3117 	strb.w	r3, [r4, #279]	@ 0x117
	SX1278_standby(module); //Entry standby mode
 8000578:	4620      	mov	r0, r4
 800057a:	f7ff ff67 	bl	800044c <SX1278_standby>
}
 800057e:	b003      	add	sp, #12
 8000580:	bd30      	pop	{r4, r5, pc}
				((SX1278_LoRaBandwidth[module->LoRa_BW] << 4)
 8000582:	7ca3      	ldrb	r3, [r4, #18]
 8000584:	4a1d      	ldr	r2, [pc, #116]	@ (80005fc <SX1278_config+0x180>)
 8000586:	5cd2      	ldrb	r2, [r2, r3]
 8000588:	0112      	lsls	r2, r2, #4
 800058a:	b2d2      	uxtb	r2, r2
						+ (SX1278_CodingRate[module->LoRa_CR] << 1) + 0x01)); //Implicit Enable CRC Enable(0x02) & Error Coding rate 4/5(0x01), 4/6(0x02), 4/7(0x03), 4/8(0x04)
 800058c:	7ce3      	ldrb	r3, [r4, #19]
 800058e:	491c      	ldr	r1, [pc, #112]	@ (8000600 <SX1278_config+0x184>)
 8000590:	5ccb      	ldrb	r3, [r1, r3]
 8000592:	005b      	lsls	r3, r3, #1
 8000594:	b2db      	uxtb	r3, r3
 8000596:	441a      	add	r2, r3
 8000598:	b2d2      	uxtb	r2, r2
		SX1278_SPIWrite(module,
 800059a:	3201      	adds	r2, #1
 800059c:	b2d2      	uxtb	r2, r2
 800059e:	211d      	movs	r1, #29
 80005a0:	4620      	mov	r0, r4
 80005a2:	f7ff fefe 	bl	80003a2 <SX1278_SPIWrite>
				((SX1278_SpreadFactor[module->LoRa_SF] << 4)
 80005a6:	7c63      	ldrb	r3, [r4, #17]
 80005a8:	4a13      	ldr	r2, [pc, #76]	@ (80005f8 <SX1278_config+0x17c>)
 80005aa:	5cd2      	ldrb	r2, [r2, r3]
 80005ac:	0112      	lsls	r2, r2, #4
 80005ae:	b2d2      	uxtb	r2, r2
						+ (SX1278_CRC_Sum[module->LoRa_CRC_sum] << 2) + 0x03));
 80005b0:	7d23      	ldrb	r3, [r4, #20]
 80005b2:	4914      	ldr	r1, [pc, #80]	@ (8000604 <SX1278_config+0x188>)
 80005b4:	5ccb      	ldrb	r3, [r1, r3]
 80005b6:	009b      	lsls	r3, r3, #2
 80005b8:	b2db      	uxtb	r3, r3
 80005ba:	441a      	add	r2, r3
 80005bc:	b2d2      	uxtb	r2, r2
		SX1278_SPIWrite(module,
 80005be:	3203      	adds	r2, #3
 80005c0:	b2d2      	uxtb	r2, r2
 80005c2:	211e      	movs	r1, #30
 80005c4:	4620      	mov	r0, r4
 80005c6:	f7ff feec 	bl	80003a2 <SX1278_SPIWrite>
		tmp = SX1278_SPIRead(module, 0x31);
 80005ca:	2131      	movs	r1, #49	@ 0x31
 80005cc:	4620      	mov	r0, r4
 80005ce:	f7ff fed9 	bl	8000384 <SX1278_SPIRead>
		tmp &= 0xF8;
 80005d2:	f000 02f8 	and.w	r2, r0, #248	@ 0xf8
		SX1278_SPIWrite(module, 0x31, tmp);
 80005d6:	f042 0205 	orr.w	r2, r2, #5
 80005da:	2131      	movs	r1, #49	@ 0x31
 80005dc:	4620      	mov	r0, r4
 80005de:	f7ff fee0 	bl	80003a2 <SX1278_SPIWrite>
		SX1278_SPIWrite(module, 0x37, 0x0C);
 80005e2:	220c      	movs	r2, #12
 80005e4:	2137      	movs	r1, #55	@ 0x37
 80005e6:	4620      	mov	r0, r4
 80005e8:	f7ff fedb 	bl	80003a2 <SX1278_SPIWrite>
 80005ec:	e7a8      	b.n	8000540 <SX1278_config+0xc4>
 80005ee:	bf00      	nop
 80005f0:	01e84800 	.word	0x01e84800
 80005f4:	08008634 	.word	0x08008634
 80005f8:	0800862c 	.word	0x0800862c
 80005fc:	08008620 	.word	0x08008620
 8000600:	0800861c 	.word	0x0800861c
 8000604:	08008618 	.word	0x08008618

08000608 <SX1278_clearLoRaIrq>:

void SX1278_clearLoRaIrq(SX1278_t *module) {
 8000608:	b508      	push	{r3, lr}
	SX1278_SPIWrite(module, LR_RegIrqFlags, 0xFF);
 800060a:	22ff      	movs	r2, #255	@ 0xff
 800060c:	2112      	movs	r1, #18
 800060e:	f7ff fec8 	bl	80003a2 <SX1278_SPIWrite>
}
 8000612:	bd08      	pop	{r3, pc}

08000614 <SX1278_LoRaEntryRx>:

int SX1278_LoRaEntryRx(SX1278_t *module, uint8_t length, uint32_t timeout) {
 8000614:	b570      	push	{r4, r5, r6, lr}
 8000616:	4605      	mov	r5, r0
 8000618:	460e      	mov	r6, r1
 800061a:	4614      	mov	r4, r2
	uint8_t addr;

	module->packetLength = length;
 800061c:	7541      	strb	r1, [r0, #21]

	SX1278_config(module);		//Setting base parameter
 800061e:	f7ff ff2d 	bl	800047c <SX1278_config>
	SX1278_SPIWrite(module, REG_LR_PADAC, 0x84);	//Normal and RX
 8000622:	2284      	movs	r2, #132	@ 0x84
 8000624:	214d      	movs	r1, #77	@ 0x4d
 8000626:	4628      	mov	r0, r5
 8000628:	f7ff febb 	bl	80003a2 <SX1278_SPIWrite>
	SX1278_SPIWrite(module, LR_RegHopPeriod, 0xFF);	//No FHSS
 800062c:	22ff      	movs	r2, #255	@ 0xff
 800062e:	2124      	movs	r1, #36	@ 0x24
 8000630:	4628      	mov	r0, r5
 8000632:	f7ff feb6 	bl	80003a2 <SX1278_SPIWrite>
	SX1278_SPIWrite(module, REG_LR_DIOMAPPING1, 0x01);//DIO=00,DIO1=00,DIO2=00, DIO3=01
 8000636:	2201      	movs	r2, #1
 8000638:	2140      	movs	r1, #64	@ 0x40
 800063a:	4628      	mov	r0, r5
 800063c:	f7ff feb1 	bl	80003a2 <SX1278_SPIWrite>
	SX1278_SPIWrite(module, LR_RegIrqFlagsMask, 0x3F);//Open RxDone interrupt & Timeout
 8000640:	223f      	movs	r2, #63	@ 0x3f
 8000642:	2111      	movs	r1, #17
 8000644:	4628      	mov	r0, r5
 8000646:	f7ff feac 	bl	80003a2 <SX1278_SPIWrite>
	SX1278_clearLoRaIrq(module);
 800064a:	4628      	mov	r0, r5
 800064c:	f7ff ffdc 	bl	8000608 <SX1278_clearLoRaIrq>
	SX1278_SPIWrite(module, LR_RegPayloadLength, length);//Payload Length 21byte(this register must difine when the data long of one byte in SF is 6)
 8000650:	4632      	mov	r2, r6
 8000652:	2122      	movs	r1, #34	@ 0x22
 8000654:	4628      	mov	r0, r5
 8000656:	f7ff fea4 	bl	80003a2 <SX1278_SPIWrite>
	addr = SX1278_SPIRead(module, LR_RegFifoRxBaseAddr); //Read RxBaseAddr
 800065a:	210f      	movs	r1, #15
 800065c:	4628      	mov	r0, r5
 800065e:	f7ff fe91 	bl	8000384 <SX1278_SPIRead>
 8000662:	4602      	mov	r2, r0
	SX1278_SPIWrite(module, LR_RegFifoAddrPtr, addr); //RxBaseAddr->FiFoAddrPtr
 8000664:	210d      	movs	r1, #13
 8000666:	4628      	mov	r0, r5
 8000668:	f7ff fe9b 	bl	80003a2 <SX1278_SPIWrite>
	SX1278_SPIWrite(module, LR_RegOpMode, 0x8d);	//Mode//Low Frequency Mode
 800066c:	228d      	movs	r2, #141	@ 0x8d
 800066e:	2101      	movs	r1, #1
 8000670:	4628      	mov	r0, r5
 8000672:	f7ff fe96 	bl	80003a2 <SX1278_SPIWrite>
	//SX1278_SPIWrite(module, LR_RegOpMode,0x05);	//Continuous Rx Mode //High Frequency Mode
	module->readBytes = 0;
 8000676:	2300      	movs	r3, #0
 8000678:	f885 3117 	strb.w	r3, [r5, #279]	@ 0x117
 800067c:	e006      	b.n	800068c <SX1278_LoRaEntryRx+0x78>

	while (1) {
		if ((SX1278_SPIRead(module, LR_RegModemStat) & 0x04) == 0x04) {	//Rx-on going RegModemStat
			module->status = RX;
 800067e:	2303      	movs	r3, #3
 8000680:	75ab      	strb	r3, [r5, #22]
			return 1;
 8000682:	2001      	movs	r0, #1
			SX1278_config(module);
			return 0;
		}
		SX1278_hw_DelayMs(1);
	}
}
 8000684:	bd70      	pop	{r4, r5, r6, pc}
		SX1278_hw_DelayMs(1);
 8000686:	2001      	movs	r0, #1
 8000688:	f000 f916 	bl	80008b8 <SX1278_hw_DelayMs>
		if ((SX1278_SPIRead(module, LR_RegModemStat) & 0x04) == 0x04) {	//Rx-on going RegModemStat
 800068c:	2118      	movs	r1, #24
 800068e:	4628      	mov	r0, r5
 8000690:	f7ff fe78 	bl	8000384 <SX1278_SPIRead>
 8000694:	f010 0f04 	tst.w	r0, #4
 8000698:	d1f1      	bne.n	800067e <SX1278_LoRaEntryRx+0x6a>
		if (--timeout == 0) {
 800069a:	3c01      	subs	r4, #1
 800069c:	d1f3      	bne.n	8000686 <SX1278_LoRaEntryRx+0x72>
			SX1278_hw_Reset(module->hw);
 800069e:	6828      	ldr	r0, [r5, #0]
 80006a0:	f000 f90e 	bl	80008c0 <SX1278_hw_Reset>
			SX1278_config(module);
 80006a4:	4628      	mov	r0, r5
 80006a6:	f7ff fee9 	bl	800047c <SX1278_config>
			return 0;
 80006aa:	2000      	movs	r0, #0
 80006ac:	e7ea      	b.n	8000684 <SX1278_LoRaEntryRx+0x70>

080006ae <SX1278_LoRaRxPacket>:

uint8_t SX1278_LoRaRxPacket(SX1278_t *module) {
 80006ae:	b570      	push	{r4, r5, r6, lr}
 80006b0:	4604      	mov	r4, r0
	unsigned char addr;
	unsigned char packet_size;

	if (SX1278_hw_GetDIO0(module->hw)) {
 80006b2:	6800      	ldr	r0, [r0, #0]
 80006b4:	f000 f91a 	bl	80008ec <SX1278_hw_GetDIO0>
 80006b8:	b910      	cbnz	r0, 80006c0 <SX1278_LoRaRxPacket+0x12>
		SX1278_SPIBurstRead(module, 0x00, module->rxBuffer, packet_size);
		module->readBytes = packet_size;
		SX1278_clearLoRaIrq(module);
	}
	return module->readBytes;
}
 80006ba:	f894 0117 	ldrb.w	r0, [r4, #279]	@ 0x117
 80006be:	bd70      	pop	{r4, r5, r6, pc}
		memset(module->rxBuffer, 0x00, SX1278_MAX_PACKET);
 80006c0:	f104 0617 	add.w	r6, r4, #23
 80006c4:	f44f 7280 	mov.w	r2, #256	@ 0x100
 80006c8:	2100      	movs	r1, #0
 80006ca:	4630      	mov	r0, r6
 80006cc:	f004 fc63 	bl	8004f96 <memset>
		addr = SX1278_SPIRead(module, LR_RegFifoRxCurrentaddr); //last packet addr
 80006d0:	2110      	movs	r1, #16
 80006d2:	4620      	mov	r0, r4
 80006d4:	f7ff fe56 	bl	8000384 <SX1278_SPIRead>
 80006d8:	4602      	mov	r2, r0
		SX1278_SPIWrite(module, LR_RegFifoAddrPtr, addr); //RxBaseAddr -> FiFoAddrPtr
 80006da:	210d      	movs	r1, #13
 80006dc:	4620      	mov	r0, r4
 80006de:	f7ff fe60 	bl	80003a2 <SX1278_SPIWrite>
		if (module->LoRa_SF == SX1278_LORA_SF_6) { //When SpreadFactor is six,will used Implicit Header mode(Excluding internal packet length)
 80006e2:	7c63      	ldrb	r3, [r4, #17]
 80006e4:	b963      	cbnz	r3, 8000700 <SX1278_LoRaRxPacket+0x52>
			packet_size = module->packetLength;
 80006e6:	7d65      	ldrb	r5, [r4, #21]
		SX1278_SPIBurstRead(module, 0x00, module->rxBuffer, packet_size);
 80006e8:	462b      	mov	r3, r5
 80006ea:	4632      	mov	r2, r6
 80006ec:	2100      	movs	r1, #0
 80006ee:	4620      	mov	r0, r4
 80006f0:	f7ff fe6d 	bl	80003ce <SX1278_SPIBurstRead>
		module->readBytes = packet_size;
 80006f4:	f884 5117 	strb.w	r5, [r4, #279]	@ 0x117
		SX1278_clearLoRaIrq(module);
 80006f8:	4620      	mov	r0, r4
 80006fa:	f7ff ff85 	bl	8000608 <SX1278_clearLoRaIrq>
 80006fe:	e7dc      	b.n	80006ba <SX1278_LoRaRxPacket+0xc>
			packet_size = SX1278_SPIRead(module, LR_RegRxNbBytes); //Number for received bytes
 8000700:	2113      	movs	r1, #19
 8000702:	4620      	mov	r0, r4
 8000704:	f7ff fe3e 	bl	8000384 <SX1278_SPIRead>
 8000708:	4605      	mov	r5, r0
 800070a:	e7ed      	b.n	80006e8 <SX1278_LoRaRxPacket+0x3a>

0800070c <SX1278_LoRaEntryTx>:

int SX1278_LoRaEntryTx(SX1278_t *module, uint8_t length, uint32_t timeout) {
 800070c:	b570      	push	{r4, r5, r6, lr}
 800070e:	4605      	mov	r5, r0
 8000710:	460e      	mov	r6, r1
 8000712:	4614      	mov	r4, r2
	uint8_t addr;
	uint8_t temp;

	module->packetLength = length;
 8000714:	7541      	strb	r1, [r0, #21]

	SX1278_config(module); //setting base parameter
 8000716:	f7ff feb1 	bl	800047c <SX1278_config>
	SX1278_SPIWrite(module, REG_LR_PADAC, 0x87);	//Tx for 20dBm
 800071a:	2287      	movs	r2, #135	@ 0x87
 800071c:	214d      	movs	r1, #77	@ 0x4d
 800071e:	4628      	mov	r0, r5
 8000720:	f7ff fe3f 	bl	80003a2 <SX1278_SPIWrite>
	SX1278_SPIWrite(module, LR_RegHopPeriod, 0x00); //RegHopPeriod NO FHSS
 8000724:	2200      	movs	r2, #0
 8000726:	2124      	movs	r1, #36	@ 0x24
 8000728:	4628      	mov	r0, r5
 800072a:	f7ff fe3a 	bl	80003a2 <SX1278_SPIWrite>
	SX1278_SPIWrite(module, REG_LR_DIOMAPPING1, 0x41); //DIO0=01, DIO1=00,DIO2=00, DIO3=01
 800072e:	2241      	movs	r2, #65	@ 0x41
 8000730:	2140      	movs	r1, #64	@ 0x40
 8000732:	4628      	mov	r0, r5
 8000734:	f7ff fe35 	bl	80003a2 <SX1278_SPIWrite>
	SX1278_clearLoRaIrq(module);
 8000738:	4628      	mov	r0, r5
 800073a:	f7ff ff65 	bl	8000608 <SX1278_clearLoRaIrq>
	SX1278_SPIWrite(module, LR_RegIrqFlagsMask, 0xF7); //Open TxDone interrupt
 800073e:	22f7      	movs	r2, #247	@ 0xf7
 8000740:	2111      	movs	r1, #17
 8000742:	4628      	mov	r0, r5
 8000744:	f7ff fe2d 	bl	80003a2 <SX1278_SPIWrite>
	SX1278_SPIWrite(module, LR_RegPayloadLength, length); //RegPayloadLength 21byte
 8000748:	4632      	mov	r2, r6
 800074a:	2122      	movs	r1, #34	@ 0x22
 800074c:	4628      	mov	r0, r5
 800074e:	f7ff fe28 	bl	80003a2 <SX1278_SPIWrite>
	addr = SX1278_SPIRead(module, LR_RegFifoTxBaseAddr); //RegFiFoTxBaseAddr
 8000752:	210e      	movs	r1, #14
 8000754:	4628      	mov	r0, r5
 8000756:	f7ff fe15 	bl	8000384 <SX1278_SPIRead>
 800075a:	4602      	mov	r2, r0
	SX1278_SPIWrite(module, LR_RegFifoAddrPtr, addr); //RegFifoAddrPtr
 800075c:	210d      	movs	r1, #13
 800075e:	4628      	mov	r0, r5
 8000760:	f7ff fe1f 	bl	80003a2 <SX1278_SPIWrite>

	while (1) {
		temp = SX1278_SPIRead(module, LR_RegPayloadLength);
 8000764:	2122      	movs	r1, #34	@ 0x22
 8000766:	4628      	mov	r0, r5
 8000768:	f7ff fe0c 	bl	8000384 <SX1278_SPIRead>
		if (temp == length) {
 800076c:	4286      	cmp	r6, r0
 800076e:	d009      	beq.n	8000784 <SX1278_LoRaEntryTx+0x78>
			module->status = TX;
			return 1;
		}

		if (--timeout == 0) {
 8000770:	3c01      	subs	r4, #1
 8000772:	d1f7      	bne.n	8000764 <SX1278_LoRaEntryTx+0x58>
			SX1278_hw_Reset(module->hw);
 8000774:	6828      	ldr	r0, [r5, #0]
 8000776:	f000 f8a3 	bl	80008c0 <SX1278_hw_Reset>
			SX1278_config(module);
 800077a:	4628      	mov	r0, r5
 800077c:	f7ff fe7e 	bl	800047c <SX1278_config>
			return 0;
 8000780:	2000      	movs	r0, #0
 8000782:	e002      	b.n	800078a <SX1278_LoRaEntryTx+0x7e>
			module->status = TX;
 8000784:	2302      	movs	r3, #2
 8000786:	75ab      	strb	r3, [r5, #22]
			return 1;
 8000788:	2001      	movs	r0, #1
		}
	}
}
 800078a:	bd70      	pop	{r4, r5, r6, pc}

0800078c <SX1278_LoRaTxPacket>:

int SX1278_LoRaTxPacket(SX1278_t *module, uint8_t *txBuffer, uint8_t length,
		uint32_t timeout) {
 800078c:	b570      	push	{r4, r5, r6, lr}
 800078e:	4605      	mov	r5, r0
 8000790:	461c      	mov	r4, r3
	SX1278_SPIBurstWrite(module, 0x00, txBuffer, length);
 8000792:	4613      	mov	r3, r2
 8000794:	460a      	mov	r2, r1
 8000796:	2100      	movs	r1, #0
 8000798:	f7ff fe38 	bl	800040c <SX1278_SPIBurstWrite>
	SX1278_SPIWrite(module, LR_RegOpMode, 0x8b);	//Tx Mode
 800079c:	228b      	movs	r2, #139	@ 0x8b
 800079e:	2101      	movs	r1, #1
 80007a0:	4628      	mov	r0, r5
 80007a2:	f7ff fdfe 	bl	80003a2 <SX1278_SPIWrite>
 80007a6:	e00f      	b.n	80007c8 <SX1278_LoRaTxPacket+0x3c>
	while (1) {
		if (SX1278_hw_GetDIO0(module->hw)) { //if(Get_NIRQ()) //Packet send over
			SX1278_SPIRead(module, LR_RegIrqFlags);
 80007a8:	2112      	movs	r1, #18
 80007aa:	4628      	mov	r0, r5
 80007ac:	f7ff fdea 	bl	8000384 <SX1278_SPIRead>
			SX1278_clearLoRaIrq(module); //Clear irq
 80007b0:	4628      	mov	r0, r5
 80007b2:	f7ff ff29 	bl	8000608 <SX1278_clearLoRaIrq>
			SX1278_standby(module); //Entry Standby mode
 80007b6:	4628      	mov	r0, r5
 80007b8:	f7ff fe48 	bl	800044c <SX1278_standby>
			return 1;
 80007bc:	2601      	movs	r6, #1
			SX1278_config(module);
			return 0;
		}
		SX1278_hw_DelayMs(1);
	}
}
 80007be:	4630      	mov	r0, r6
 80007c0:	bd70      	pop	{r4, r5, r6, pc}
		SX1278_hw_DelayMs(1);
 80007c2:	2001      	movs	r0, #1
 80007c4:	f000 f878 	bl	80008b8 <SX1278_hw_DelayMs>
		if (SX1278_hw_GetDIO0(module->hw)) { //if(Get_NIRQ()) //Packet send over
 80007c8:	6828      	ldr	r0, [r5, #0]
 80007ca:	f000 f88f 	bl	80008ec <SX1278_hw_GetDIO0>
 80007ce:	4606      	mov	r6, r0
 80007d0:	2800      	cmp	r0, #0
 80007d2:	d1e9      	bne.n	80007a8 <SX1278_LoRaTxPacket+0x1c>
		if (--timeout == 0) {
 80007d4:	3c01      	subs	r4, #1
 80007d6:	d1f4      	bne.n	80007c2 <SX1278_LoRaTxPacket+0x36>
			SX1278_hw_Reset(module->hw);
 80007d8:	6828      	ldr	r0, [r5, #0]
 80007da:	f000 f871 	bl	80008c0 <SX1278_hw_Reset>
			SX1278_config(module);
 80007de:	4628      	mov	r0, r5
 80007e0:	f7ff fe4c 	bl	800047c <SX1278_config>
			return 0;
 80007e4:	e7eb      	b.n	80007be <SX1278_LoRaTxPacket+0x32>

080007e6 <SX1278_init>:

void SX1278_init(SX1278_t *module, uint64_t frequency, uint8_t power,
		uint8_t LoRa_SF, uint8_t LoRa_BW, uint8_t LoRa_CR,
		uint8_t LoRa_CRC_sum, uint8_t packetLength) {
 80007e6:	b570      	push	{r4, r5, r6, lr}
 80007e8:	4604      	mov	r4, r0
 80007ea:	4616      	mov	r6, r2
 80007ec:	461d      	mov	r5, r3
	SX1278_hw_init(module->hw);
 80007ee:	6800      	ldr	r0, [r0, #0]
 80007f0:	f000 f822 	bl	8000838 <SX1278_hw_init>
	module->frequency = frequency;
 80007f4:	60a6      	str	r6, [r4, #8]
 80007f6:	60e5      	str	r5, [r4, #12]
	module->power = power;
 80007f8:	f89d 3010 	ldrb.w	r3, [sp, #16]
 80007fc:	7423      	strb	r3, [r4, #16]
	module->LoRa_SF = LoRa_SF;
 80007fe:	f89d 3014 	ldrb.w	r3, [sp, #20]
 8000802:	7463      	strb	r3, [r4, #17]
	module->LoRa_BW = LoRa_BW;
 8000804:	f89d 3018 	ldrb.w	r3, [sp, #24]
 8000808:	74a3      	strb	r3, [r4, #18]
	module->LoRa_CR = LoRa_CR;
 800080a:	f89d 301c 	ldrb.w	r3, [sp, #28]
 800080e:	74e3      	strb	r3, [r4, #19]
	module->LoRa_CRC_sum = LoRa_CRC_sum;
 8000810:	f89d 3020 	ldrb.w	r3, [sp, #32]
 8000814:	7523      	strb	r3, [r4, #20]
	module->packetLength = packetLength;
 8000816:	f89d 3024 	ldrb.w	r3, [sp, #36]	@ 0x24
 800081a:	7563      	strb	r3, [r4, #21]
	SX1278_config(module);
 800081c:	4620      	mov	r0, r4
 800081e:	f7ff fe2d 	bl	800047c <SX1278_config>
}
 8000822:	bd70      	pop	{r4, r5, r6, pc}

08000824 <SX1278_hw_SetNSS>:
__weak void SX1278_hw_init(SX1278_hw_t *hw) {
	SX1278_hw_SetNSS(hw, 1);
	HAL_GPIO_WritePin(hw->reset.port, hw->reset.pin, GPIO_PIN_SET);
}

__weak void SX1278_hw_SetNSS(SX1278_hw_t *hw, int value) {
 8000824:	b508      	push	{r3, lr}
	HAL_GPIO_WritePin(hw->nss.port, hw->nss.pin,
 8000826:	2901      	cmp	r1, #1
 8000828:	bf14      	ite	ne
 800082a:	2200      	movne	r2, #0
 800082c:	2201      	moveq	r2, #1
 800082e:	8a01      	ldrh	r1, [r0, #16]
 8000830:	6940      	ldr	r0, [r0, #20]
 8000832:	f001 fb40 	bl	8001eb6 <HAL_GPIO_WritePin>
			(value == 1) ? GPIO_PIN_SET : GPIO_PIN_RESET);
}
 8000836:	bd08      	pop	{r3, pc}

08000838 <SX1278_hw_init>:
__weak void SX1278_hw_init(SX1278_hw_t *hw) {
 8000838:	b510      	push	{r4, lr}
 800083a:	4604      	mov	r4, r0
	SX1278_hw_SetNSS(hw, 1);
 800083c:	2101      	movs	r1, #1
 800083e:	f7ff fff1 	bl	8000824 <SX1278_hw_SetNSS>
	HAL_GPIO_WritePin(hw->reset.port, hw->reset.pin, GPIO_PIN_SET);
 8000842:	2201      	movs	r2, #1
 8000844:	8821      	ldrh	r1, [r4, #0]
 8000846:	6860      	ldr	r0, [r4, #4]
 8000848:	f001 fb35 	bl	8001eb6 <HAL_GPIO_WritePin>
}
 800084c:	bd10      	pop	{r4, pc}

0800084e <SX1278_hw_SPICommand>:
	HAL_GPIO_WritePin(hw->reset.port, hw->reset.pin, GPIO_PIN_SET);

	SX1278_hw_DelayMs(100);
}

__weak void SX1278_hw_SPICommand(SX1278_hw_t *hw, uint8_t cmd) {
 800084e:	b510      	push	{r4, lr}
 8000850:	b082      	sub	sp, #8
 8000852:	4604      	mov	r4, r0
 8000854:	f88d 1007 	strb.w	r1, [sp, #7]
	SX1278_hw_SetNSS(hw, 0);
 8000858:	2100      	movs	r1, #0
 800085a:	f7ff ffe3 	bl	8000824 <SX1278_hw_SetNSS>
	HAL_SPI_Transmit(hw->spi, &cmd, 1, 1000);
 800085e:	f44f 737a 	mov.w	r3, #1000	@ 0x3e8
 8000862:	2201      	movs	r2, #1
 8000864:	f10d 0107 	add.w	r1, sp, #7
 8000868:	69a0      	ldr	r0, [r4, #24]
 800086a:	f003 fa80 	bl	8003d6e <HAL_SPI_Transmit>
	while (HAL_SPI_GetState(hw->spi) != HAL_SPI_STATE_READY)
 800086e:	69a0      	ldr	r0, [r4, #24]
 8000870:	f003 fc89 	bl	8004186 <HAL_SPI_GetState>
 8000874:	2801      	cmp	r0, #1
 8000876:	d1fa      	bne.n	800086e <SX1278_hw_SPICommand+0x20>
		;
}
 8000878:	b002      	add	sp, #8
 800087a:	bd10      	pop	{r4, pc}

0800087c <SX1278_hw_SPIReadByte>:

__weak uint8_t SX1278_hw_SPIReadByte(SX1278_hw_t *hw) {
 800087c:	b510      	push	{r4, lr}
 800087e:	b084      	sub	sp, #16
 8000880:	4604      	mov	r4, r0
	uint8_t txByte = 0x00;
 8000882:	2100      	movs	r1, #0
 8000884:	f88d 100f 	strb.w	r1, [sp, #15]
	uint8_t rxByte = 0x00;
 8000888:	f88d 100e 	strb.w	r1, [sp, #14]

	SX1278_hw_SetNSS(hw, 0);
 800088c:	f7ff ffca 	bl	8000824 <SX1278_hw_SetNSS>
	HAL_SPI_TransmitReceive(hw->spi, &txByte, &rxByte, 1, 1000);
 8000890:	f44f 737a 	mov.w	r3, #1000	@ 0x3e8
 8000894:	9300      	str	r3, [sp, #0]
 8000896:	2301      	movs	r3, #1
 8000898:	f10d 020e 	add.w	r2, sp, #14
 800089c:	f10d 010f 	add.w	r1, sp, #15
 80008a0:	69a0      	ldr	r0, [r4, #24]
 80008a2:	f003 fb46 	bl	8003f32 <HAL_SPI_TransmitReceive>
	while (HAL_SPI_GetState(hw->spi) != HAL_SPI_STATE_READY)
 80008a6:	69a0      	ldr	r0, [r4, #24]
 80008a8:	f003 fc6d 	bl	8004186 <HAL_SPI_GetState>
 80008ac:	2801      	cmp	r0, #1
 80008ae:	d1fa      	bne.n	80008a6 <SX1278_hw_SPIReadByte+0x2a>
		;
	return rxByte;
}
 80008b0:	f89d 000e 	ldrb.w	r0, [sp, #14]
 80008b4:	b004      	add	sp, #16
 80008b6:	bd10      	pop	{r4, pc}

080008b8 <SX1278_hw_DelayMs>:

__weak void SX1278_hw_DelayMs(uint32_t msec) {
 80008b8:	b508      	push	{r3, lr}
	HAL_Delay(msec);
 80008ba:	f000 ffc7 	bl	800184c <HAL_Delay>
}
 80008be:	bd08      	pop	{r3, pc}

080008c0 <SX1278_hw_Reset>:
__weak void SX1278_hw_Reset(SX1278_hw_t *hw) {
 80008c0:	b510      	push	{r4, lr}
 80008c2:	4604      	mov	r4, r0
	SX1278_hw_SetNSS(hw, 1);
 80008c4:	2101      	movs	r1, #1
 80008c6:	f7ff ffad 	bl	8000824 <SX1278_hw_SetNSS>
	HAL_GPIO_WritePin(hw->reset.port, hw->reset.pin, GPIO_PIN_RESET);
 80008ca:	2200      	movs	r2, #0
 80008cc:	8821      	ldrh	r1, [r4, #0]
 80008ce:	6860      	ldr	r0, [r4, #4]
 80008d0:	f001 faf1 	bl	8001eb6 <HAL_GPIO_WritePin>
	SX1278_hw_DelayMs(1);
 80008d4:	2001      	movs	r0, #1
 80008d6:	f7ff ffef 	bl	80008b8 <SX1278_hw_DelayMs>
	HAL_GPIO_WritePin(hw->reset.port, hw->reset.pin, GPIO_PIN_SET);
 80008da:	2201      	movs	r2, #1
 80008dc:	8821      	ldrh	r1, [r4, #0]
 80008de:	6860      	ldr	r0, [r4, #4]
 80008e0:	f001 fae9 	bl	8001eb6 <HAL_GPIO_WritePin>
	SX1278_hw_DelayMs(100);
 80008e4:	2064      	movs	r0, #100	@ 0x64
 80008e6:	f7ff ffe7 	bl	80008b8 <SX1278_hw_DelayMs>
}
 80008ea:	bd10      	pop	{r4, pc}

080008ec <SX1278_hw_GetDIO0>:

__weak int SX1278_hw_GetDIO0(SX1278_hw_t *hw) {
 80008ec:	b508      	push	{r3, lr}
	return (HAL_GPIO_ReadPin(hw->dio0.port, hw->dio0.pin) == GPIO_PIN_SET);
 80008ee:	8901      	ldrh	r1, [r0, #8]
 80008f0:	68c0      	ldr	r0, [r0, #12]
 80008f2:	f001 fad9 	bl	8001ea8 <HAL_GPIO_ReadPin>
}
 80008f6:	2801      	cmp	r0, #1
 80008f8:	bf14      	ite	ne
 80008fa:	2000      	movne	r0, #0
 80008fc:	2001      	moveq	r0, #1
 80008fe:	bd08      	pop	{r3, pc}

08000900 <MX_FATFS_Init>:
/* USER CODE BEGIN Variables */

/* USER CODE END Variables */

void MX_FATFS_Init(void)
{
 8000900:	b508      	push	{r3, lr}
  /*## FatFS: Link the USER driver ###########################*/
  retUSER = FATFS_LinkDriver(&USER_Driver, USERPath);
 8000902:	4903      	ldr	r1, [pc, #12]	@ (8000910 <MX_FATFS_Init+0x10>)
 8000904:	4803      	ldr	r0, [pc, #12]	@ (8000914 <MX_FATFS_Init+0x14>)
 8000906:	f000 f833 	bl	8000970 <FATFS_LinkDriver>
 800090a:	4b03      	ldr	r3, [pc, #12]	@ (8000918 <MX_FATFS_Init+0x18>)
 800090c:	7018      	strb	r0, [r3, #0]

  /* USER CODE BEGIN Init */
  /* additional user code for init */
  /* USER CODE END Init */
}
 800090e:	bd08      	pop	{r3, pc}
 8000910:	20000124 	.word	0x20000124
 8000914:	20000030 	.word	0x20000030
 8000918:	20000128 	.word	0x20000128

0800091c <FATFS_LinkDriverEx>:
uint8_t FATFS_LinkDriverEx(const Diskio_drvTypeDef *drv, char *path, uint8_t lun)
{
  uint8_t ret = 1;
  uint8_t DiskNum = 0;

  if(disk.nbr < _VOLUMES)
 800091c:	4b13      	ldr	r3, [pc, #76]	@ (800096c <FATFS_LinkDriverEx+0x50>)
 800091e:	7a5b      	ldrb	r3, [r3, #9]
 8000920:	bb13      	cbnz	r3, 8000968 <FATFS_LinkDriverEx+0x4c>
{
 8000922:	b510      	push	{r4, lr}
 8000924:	4604      	mov	r4, r0
 8000926:	f003 00ff 	and.w	r0, r3, #255	@ 0xff
  {
    disk.is_initialized[disk.nbr] = 0;
 800092a:	4b10      	ldr	r3, [pc, #64]	@ (800096c <FATFS_LinkDriverEx+0x50>)
 800092c:	f893 c009 	ldrb.w	ip, [r3, #9]
 8000930:	fa5f fc8c 	uxtb.w	ip, ip
 8000934:	f04f 0e00 	mov.w	lr, #0
 8000938:	f803 e00c 	strb.w	lr, [r3, ip]
    disk.drv[disk.nbr] = drv;
 800093c:	f893 c009 	ldrb.w	ip, [r3, #9]
 8000940:	eb03 0c8c 	add.w	ip, r3, ip, lsl #2
 8000944:	f8cc 4004 	str.w	r4, [ip, #4]
    disk.lun[disk.nbr] = lun;
 8000948:	7a5c      	ldrb	r4, [r3, #9]
 800094a:	441c      	add	r4, r3
 800094c:	7222      	strb	r2, [r4, #8]
    DiskNum = disk.nbr++;
 800094e:	7a5a      	ldrb	r2, [r3, #9]
 8000950:	1c54      	adds	r4, r2, #1
 8000952:	b2e4      	uxtb	r4, r4
 8000954:	725c      	strb	r4, [r3, #9]
    path[0] = DiskNum + '0';
 8000956:	3230      	adds	r2, #48	@ 0x30
 8000958:	700a      	strb	r2, [r1, #0]
    path[1] = ':';
 800095a:	233a      	movs	r3, #58	@ 0x3a
 800095c:	704b      	strb	r3, [r1, #1]
    path[2] = '/';
 800095e:	232f      	movs	r3, #47	@ 0x2f
 8000960:	708b      	strb	r3, [r1, #2]
    path[3] = 0;
 8000962:	f881 e003 	strb.w	lr, [r1, #3]
    ret = 0;
  }

  return ret;
}
 8000966:	bd10      	pop	{r4, pc}
  uint8_t ret = 1;
 8000968:	2001      	movs	r0, #1
}
 800096a:	4770      	bx	lr
 800096c:	2000012c 	.word	0x2000012c

08000970 <FATFS_LinkDriver>:
  * @param  drv: pointer to the disk IO Driver structure
  * @param  path: pointer to the logical drive path
  * @retval Returns 0 in case of success, otherwise 1.
  */
uint8_t FATFS_LinkDriver(const Diskio_drvTypeDef *drv, char *path)
{
 8000970:	b508      	push	{r3, lr}
  return FATFS_LinkDriverEx(drv, path, 0);
 8000972:	2200      	movs	r2, #0
 8000974:	f7ff ffd2 	bl	800091c <FATFS_LinkDriverEx>
}
 8000978:	bd08      	pop	{r3, pc}

0800097a <bcdtodec>:
  }
}

static uint8_t bcdtodec(const uint8_t val)
{
  return ((val / 16 * 10) + (val % 16));
 800097a:	f000 030f 	and.w	r3, r0, #15
 800097e:	0900      	lsrs	r0, r0, #4
 8000980:	eb00 0080 	add.w	r0, r0, r0, lsl #2
 8000984:	eb03 0040 	add.w	r0, r3, r0, lsl #1
}
 8000988:	b2c0      	uxtb	r0, r0
 800098a:	4770      	bx	lr

0800098c <decimalbcd>:

static uint8_t decimalbcd(uint8_t val)
{
    return ((val / 10) << 4) | (val % 10);
 800098c:	4b06      	ldr	r3, [pc, #24]	@ (80009a8 <decimalbcd+0x1c>)
 800098e:	fba3 2300 	umull	r2, r3, r3, r0
 8000992:	08da      	lsrs	r2, r3, #3
 8000994:	4613      	mov	r3, r2
 8000996:	eb02 0282 	add.w	r2, r2, r2, lsl #2
 800099a:	eba0 0042 	sub.w	r0, r0, r2, lsl #1
 800099e:	ea40 1003 	orr.w	r0, r0, r3, lsl #4
}
 80009a2:	b2c0      	uxtb	r0, r0
 80009a4:	4770      	bx	lr
 80009a6:	bf00      	nop
 80009a8:	cccccccd 	.word	0xcccccccd

080009ac <MX_GPIO_Init>:
{
 80009ac:	e92d 41f0 	stmdb	sp!, {r4, r5, r6, r7, r8, lr}
 80009b0:	b08a      	sub	sp, #40	@ 0x28
  GPIO_InitTypeDef GPIO_InitStruct = {0};
 80009b2:	2400      	movs	r4, #0
 80009b4:	9405      	str	r4, [sp, #20]
 80009b6:	9406      	str	r4, [sp, #24]
 80009b8:	9407      	str	r4, [sp, #28]
 80009ba:	9408      	str	r4, [sp, #32]
 80009bc:	9409      	str	r4, [sp, #36]	@ 0x24
  __HAL_RCC_GPIOC_CLK_ENABLE();
 80009be:	9401      	str	r4, [sp, #4]
 80009c0:	4b46      	ldr	r3, [pc, #280]	@ (8000adc <MX_GPIO_Init+0x130>)
 80009c2:	6b1a      	ldr	r2, [r3, #48]	@ 0x30
 80009c4:	f042 0204 	orr.w	r2, r2, #4
 80009c8:	631a      	str	r2, [r3, #48]	@ 0x30
 80009ca:	6b1a      	ldr	r2, [r3, #48]	@ 0x30
 80009cc:	f002 0204 	and.w	r2, r2, #4
 80009d0:	9201      	str	r2, [sp, #4]
 80009d2:	9a01      	ldr	r2, [sp, #4]
  __HAL_RCC_GPIOH_CLK_ENABLE();
 80009d4:	9402      	str	r4, [sp, #8]
 80009d6:	6b1a      	ldr	r2, [r3, #48]	@ 0x30
 80009d8:	f042 0280 	orr.w	r2, r2, #128	@ 0x80
 80009dc:	631a      	str	r2, [r3, #48]	@ 0x30
 80009de:	6b1a      	ldr	r2, [r3, #48]	@ 0x30
 80009e0:	f002 0280 	and.w	r2, r2, #128	@ 0x80
 80009e4:	9202      	str	r2, [sp, #8]
 80009e6:	9a02      	ldr	r2, [sp, #8]
  __HAL_RCC_GPIOA_CLK_ENABLE();
 80009e8:	9403      	str	r4, [sp, #12]
 80009ea:	6b1a      	ldr	r2, [r3, #48]	@ 0x30
 80009ec:	f042 0201 	orr.w	r2, r2, #1
 80009f0:	631a      	str	r2, [r3, #48]	@ 0x30
 80009f2:	6b1a      	ldr	r2, [r3, #48]	@ 0x30
 80009f4:	f002 0201 	and.w	r2, r2, #1
 80009f8:	9203      	str	r2, [sp, #12]
 80009fa:	9a03      	ldr	r2, [sp, #12]
  __HAL_RCC_GPIOB_CLK_ENABLE();
 80009fc:	9404      	str	r4, [sp, #16]
 80009fe:	6b1a      	ldr	r2, [r3, #48]	@ 0x30
 8000a00:	f042 0202 	orr.w	r2, r2, #2
 8000a04:	631a      	str	r2, [r3, #48]	@ 0x30
 8000a06:	6b1b      	ldr	r3, [r3, #48]	@ 0x30
 8000a08:	f003 0302 	and.w	r3, r3, #2
 8000a0c:	9304      	str	r3, [sp, #16]
 8000a0e:	9b04      	ldr	r3, [sp, #16]
  HAL_GPIO_WritePin(LED_Board_GPIO_Port, LED_Board_Pin, GPIO_PIN_RESET);
 8000a10:	f8df 80d4 	ldr.w	r8, [pc, #212]	@ 8000ae8 <MX_GPIO_Init+0x13c>
 8000a14:	4622      	mov	r2, r4
 8000a16:	f44f 5100 	mov.w	r1, #8192	@ 0x2000
 8000a1a:	4640      	mov	r0, r8
 8000a1c:	f001 fa4b 	bl	8001eb6 <HAL_GPIO_WritePin>
  HAL_GPIO_WritePin(SD_CS_GPIO_Port, SD_CS_Pin, GPIO_PIN_SET);
 8000a20:	4d2f      	ldr	r5, [pc, #188]	@ (8000ae0 <MX_GPIO_Init+0x134>)
 8000a22:	2201      	movs	r2, #1
 8000a24:	2110      	movs	r1, #16
 8000a26:	4628      	mov	r0, r5
 8000a28:	f001 fa45 	bl	8001eb6 <HAL_GPIO_WritePin>
  HAL_GPIO_WritePin(Lora_CS_GPIO_Port, Lora_CS_Pin, GPIO_PIN_SET);
 8000a2c:	4f2d      	ldr	r7, [pc, #180]	@ (8000ae4 <MX_GPIO_Init+0x138>)
 8000a2e:	2201      	movs	r2, #1
 8000a30:	f44f 5180 	mov.w	r1, #4096	@ 0x1000
 8000a34:	4638      	mov	r0, r7
 8000a36:	f001 fa3e 	bl	8001eb6 <HAL_GPIO_WritePin>
  HAL_GPIO_WritePin(Lora_Reset_GPIO_Port, Lora_Reset_Pin, GPIO_PIN_RESET);
 8000a3a:	4622      	mov	r2, r4
 8000a3c:	f44f 6180 	mov.w	r1, #1024	@ 0x400
 8000a40:	4628      	mov	r0, r5
 8000a42:	f001 fa38 	bl	8001eb6 <HAL_GPIO_WritePin>
  GPIO_InitStruct.Pin = LED_Board_Pin;
 8000a46:	f44f 5300 	mov.w	r3, #8192	@ 0x2000
 8000a4a:	9305      	str	r3, [sp, #20]
  GPIO_InitStruct.Mode = GPIO_MODE_OUTPUT_PP;
 8000a4c:	2601      	movs	r6, #1
 8000a4e:	9606      	str	r6, [sp, #24]
  GPIO_InitStruct.Pull = GPIO_NOPULL;
 8000a50:	9407      	str	r4, [sp, #28]
  GPIO_InitStruct.Speed = GPIO_SPEED_FREQ_LOW;
 8000a52:	9408      	str	r4, [sp, #32]
  HAL_GPIO_Init(LED_Board_GPIO_Port, &GPIO_InitStruct);
 8000a54:	a905      	add	r1, sp, #20
 8000a56:	4640      	mov	r0, r8
 8000a58:	f001 f942 	bl	8001ce0 <HAL_GPIO_Init>
  GPIO_InitStruct.Pin = SD_CD_Pin;
 8000a5c:	2308      	movs	r3, #8
 8000a5e:	9305      	str	r3, [sp, #20]
  GPIO_InitStruct.Mode = GPIO_MODE_INPUT;
 8000a60:	9406      	str	r4, [sp, #24]
  GPIO_InitStruct.Pull = GPIO_PULLUP;
 8000a62:	9607      	str	r6, [sp, #28]
  HAL_GPIO_Init(SD_CD_GPIO_Port, &GPIO_InitStruct);
 8000a64:	a905      	add	r1, sp, #20
 8000a66:	4628      	mov	r0, r5
 8000a68:	f001 f93a 	bl	8001ce0 <HAL_GPIO_Init>
  GPIO_InitStruct.Pin = SD_CS_Pin;
 8000a6c:	2310      	movs	r3, #16
 8000a6e:	9305      	str	r3, [sp, #20]
  GPIO_InitStruct.Mode = GPIO_MODE_OUTPUT_PP;
 8000a70:	9606      	str	r6, [sp, #24]
  GPIO_InitStruct.Pull = GPIO_NOPULL;
 8000a72:	9407      	str	r4, [sp, #28]
  GPIO_InitStruct.Speed = GPIO_SPEED_FREQ_HIGH;
 8000a74:	f04f 0802 	mov.w	r8, #2
 8000a78:	f8cd 8020 	str.w	r8, [sp, #32]
  HAL_GPIO_Init(SD_CS_GPIO_Port, &GPIO_InitStruct);
 8000a7c:	a905      	add	r1, sp, #20
 8000a7e:	4628      	mov	r0, r5
 8000a80:	f001 f92e 	bl	8001ce0 <HAL_GPIO_Init>
  GPIO_InitStruct.Pin = Lora_CS_Pin;
 8000a84:	f44f 5380 	mov.w	r3, #4096	@ 0x1000
 8000a88:	9305      	str	r3, [sp, #20]
  GPIO_InitStruct.Mode = GPIO_MODE_OUTPUT_PP;
 8000a8a:	9606      	str	r6, [sp, #24]
  GPIO_InitStruct.Pull = GPIO_NOPULL;
 8000a8c:	9407      	str	r4, [sp, #28]
  GPIO_InitStruct.Speed = GPIO_SPEED_FREQ_HIGH;
 8000a8e:	f8cd 8020 	str.w	r8, [sp, #32]
  HAL_GPIO_Init(Lora_CS_GPIO_Port, &GPIO_InitStruct);
 8000a92:	a905      	add	r1, sp, #20
 8000a94:	4638      	mov	r0, r7
 8000a96:	f001 f923 	bl	8001ce0 <HAL_GPIO_Init>
  GPIO_InitStruct.Pin = Lora_IRQ_Pin;
 8000a9a:	f44f 7300 	mov.w	r3, #512	@ 0x200
 8000a9e:	9305      	str	r3, [sp, #20]
  GPIO_InitStruct.Mode = GPIO_MODE_IT_RISING;
 8000aa0:	f44f 1388 	mov.w	r3, #1114112	@ 0x110000
 8000aa4:	9306      	str	r3, [sp, #24]
  GPIO_InitStruct.Pull = GPIO_NOPULL;
 8000aa6:	9407      	str	r4, [sp, #28]
  HAL_GPIO_Init(Lora_IRQ_GPIO_Port, &GPIO_InitStruct);
 8000aa8:	a905      	add	r1, sp, #20
 8000aaa:	4628      	mov	r0, r5
 8000aac:	f001 f918 	bl	8001ce0 <HAL_GPIO_Init>
  GPIO_InitStruct.Pin = Lora_Reset_Pin;
 8000ab0:	f44f 6380 	mov.w	r3, #1024	@ 0x400
 8000ab4:	9305      	str	r3, [sp, #20]
  GPIO_InitStruct.Mode = GPIO_MODE_OUTPUT_PP;
 8000ab6:	9606      	str	r6, [sp, #24]
  GPIO_InitStruct.Pull = GPIO_NOPULL;
 8000ab8:	9407      	str	r4, [sp, #28]
  GPIO_InitStruct.Speed = GPIO_SPEED_FREQ_LOW;
 8000aba:	9408      	str	r4, [sp, #32]
  HAL_GPIO_Init(Lora_Reset_GPIO_Port, &GPIO_InitStruct);
 8000abc:	a905      	add	r1, sp, #20
 8000abe:	4628      	mov	r0, r5
 8000ac0:	f001 f90e 	bl	8001ce0 <HAL_GPIO_Init>
  HAL_NVIC_SetPriority(EXTI9_5_IRQn, 0, 0);
 8000ac4:	4622      	mov	r2, r4
 8000ac6:	4621      	mov	r1, r4
 8000ac8:	2017      	movs	r0, #23
 8000aca:	f000 ff27 	bl	800191c <HAL_NVIC_SetPriority>
  HAL_NVIC_EnableIRQ(EXTI9_5_IRQn);
 8000ace:	2017      	movs	r0, #23
 8000ad0:	f000 ff34 	bl	800193c <HAL_NVIC_EnableIRQ>
}
 8000ad4:	b00a      	add	sp, #40	@ 0x28
 8000ad6:	e8bd 81f0 	ldmia.w	sp!, {r4, r5, r6, r7, r8, pc}
 8000ada:	bf00      	nop
 8000adc:	40023800 	.word	0x40023800
 8000ae0:	40020000 	.word	0x40020000
 8000ae4:	40020400 	.word	0x40020400
 8000ae8:	40020800 	.word	0x40020800

08000aec <MX_DMA_Init>:
{
 8000aec:	b500      	push	{lr}
 8000aee:	b083      	sub	sp, #12
  __HAL_RCC_DMA2_CLK_ENABLE();
 8000af0:	2100      	movs	r1, #0
 8000af2:	9101      	str	r1, [sp, #4]
 8000af4:	4b09      	ldr	r3, [pc, #36]	@ (8000b1c <MX_DMA_Init+0x30>)
 8000af6:	6b1a      	ldr	r2, [r3, #48]	@ 0x30
 8000af8:	f442 0280 	orr.w	r2, r2, #4194304	@ 0x400000
 8000afc:	631a      	str	r2, [r3, #48]	@ 0x30
 8000afe:	6b1b      	ldr	r3, [r3, #48]	@ 0x30
 8000b00:	f403 0380 	and.w	r3, r3, #4194304	@ 0x400000
 8000b04:	9301      	str	r3, [sp, #4]
 8000b06:	9b01      	ldr	r3, [sp, #4]
  HAL_NVIC_SetPriority(DMA2_Stream0_IRQn, 0, 0);
 8000b08:	460a      	mov	r2, r1
 8000b0a:	2038      	movs	r0, #56	@ 0x38
 8000b0c:	f000 ff06 	bl	800191c <HAL_NVIC_SetPriority>
  HAL_NVIC_EnableIRQ(DMA2_Stream0_IRQn);
 8000b10:	2038      	movs	r0, #56	@ 0x38
 8000b12:	f000 ff13 	bl	800193c <HAL_NVIC_EnableIRQ>
}
 8000b16:	b003      	add	sp, #12
 8000b18:	f85d fb04 	ldr.w	pc, [sp], #4
 8000b1c:	40023800 	.word	0x40023800

08000b20 <RTC_Detect>:
{
 8000b20:	b508      	push	{r3, lr}
  if (HAL_I2C_IsDeviceReady(RTC_I2C, RTC_Addr, 3, 100) == HAL_OK) {
 8000b22:	2364      	movs	r3, #100	@ 0x64
 8000b24:	2203      	movs	r2, #3
 8000b26:	21d0      	movs	r1, #208	@ 0xd0
 8000b28:	4804      	ldr	r0, [pc, #16]	@ (8000b3c <RTC_Detect+0x1c>)
 8000b2a:	6800      	ldr	r0, [r0, #0]
 8000b2c:	f002 fa9c 	bl	8003068 <HAL_I2C_IsDeviceReady>
 8000b30:	b908      	cbnz	r0, 8000b36 <RTC_Detect+0x16>
    return 1;
 8000b32:	2001      	movs	r0, #1
}
 8000b34:	bd08      	pop	{r3, pc}
    return 0;
 8000b36:	2000      	movs	r0, #0
 8000b38:	e7fc      	b.n	8000b34 <RTC_Detect+0x14>
 8000b3a:	bf00      	nop
 8000b3c:	20000014 	.word	0x20000014

08000b40 <RTC_Set_Time_Once>:

    return get_unix_timestamp(2000 + Year, Month, Day, Hour, Minute, Second);
}

static void RTC_Set_Time_Once(I2C_HandleTypeDef *hi2c)
{
 8000b40:	e92d 41f0 	stmdb	sp!, {r4, r5, r6, r7, r8, lr}
 8000b44:	b08c      	sub	sp, #48	@ 0x30
 8000b46:	4606      	mov	r6, r0
    // Check if time has already been set
    uint8_t magic = 0;
 8000b48:	2300      	movs	r3, #0
 8000b4a:	f88d 302f 	strb.w	r3, [sp, #47]	@ 0x2f
    HAL_I2C_Mem_Read(hi2c, RTC_Addr, RTC_MAGIC_REG, 1, &magic, 1, HAL_MAX_DELAY);
 8000b4e:	f04f 33ff 	mov.w	r3, #4294967295
 8000b52:	9302      	str	r3, [sp, #8]
 8000b54:	2301      	movs	r3, #1
 8000b56:	9301      	str	r3, [sp, #4]
 8000b58:	f10d 022f 	add.w	r2, sp, #47	@ 0x2f
 8000b5c:	9200      	str	r2, [sp, #0]
 8000b5e:	2207      	movs	r2, #7
 8000b60:	21d0      	movs	r1, #208	@ 0xd0
 8000b62:	f002 f905 	bl	8002d70 <HAL_I2C_Mem_Read>
    
    if (magic == RTC_MAGIC_VAL)
 8000b66:	f89d 302f 	ldrb.w	r3, [sp, #47]	@ 0x2f
 8000b6a:	2bab      	cmp	r3, #171	@ 0xab
 8000b6c:	f000 808a 	beq.w	8000c84 <RTC_Set_Time_Once+0x144>

    // Parse compile-time strings into numbers
    // __DATE__ is "Mon DD YYYY" e.g. "Apr 22 2026"
    // __TIME__ is "HH:MM:SS"   e.g. "14:30:00"

    char date[] = __DATE__;
 8000b70:	4a46      	ldr	r2, [pc, #280]	@ (8000c8c <RTC_Set_Time_Once+0x14c>)
 8000b72:	ab08      	add	r3, sp, #32
 8000b74:	ca07      	ldmia	r2, {r0, r1, r2}
 8000b76:	e883 0007 	stmia.w	r3, {r0, r1, r2}
    char time[] = __TIME__;
 8000b7a:	4a45      	ldr	r2, [pc, #276]	@ (8000c90 <RTC_Set_Time_Once+0x150>)
 8000b7c:	ab05      	add	r3, sp, #20
 8000b7e:	ca07      	ldmia	r2, {r0, r1, r2}
 8000b80:	c303      	stmia	r3!, {r0, r1}
 8000b82:	701a      	strb	r2, [r3, #0]
    uint8_t second = (time[6]-'0')*10 + (time[7]-'0');

    // Parse month string
    const char *months = "JanFebMarAprMayJunJulAugSepOctNovDec";
    uint8_t month = 1;
    for (int i = 0; i < 12; i++) {
 8000b84:	2400      	movs	r4, #0
 8000b86:	e000      	b.n	8000b8a <RTC_Set_Time_Once+0x4a>
 8000b88:	3401      	adds	r4, #1
 8000b8a:	2c0b      	cmp	r4, #11
 8000b8c:	dc0d      	bgt.n	8000baa <RTC_Set_Time_Once+0x6a>
        if (strncmp(&months[i*3], date, 3) == 0) {
 8000b8e:	eb04 0044 	add.w	r0, r4, r4, lsl #1
 8000b92:	2203      	movs	r2, #3
 8000b94:	a908      	add	r1, sp, #32
 8000b96:	4b3f      	ldr	r3, [pc, #252]	@ (8000c94 <RTC_Set_Time_Once+0x154>)
 8000b98:	4418      	add	r0, r3
 8000b9a:	f004 fa04 	bl	8004fa6 <strncmp>
 8000b9e:	2800      	cmp	r0, #0
 8000ba0:	d1f2      	bne.n	8000b88 <RTC_Set_Time_Once+0x48>
            month = i + 1;
 8000ba2:	b2e4      	uxtb	r4, r4
 8000ba4:	3401      	adds	r4, #1
 8000ba6:	b2e4      	uxtb	r4, r4
            break;
 8000ba8:	e000      	b.n	8000bac <RTC_Set_Time_Once+0x6c>
    uint8_t month = 1;
 8000baa:	2401      	movs	r4, #1
    }

    // Write to DS3231 registers in BCD
    uint8_t reg_val;

    reg_val = decimalbcd(second);
 8000bac:	2037      	movs	r0, #55	@ 0x37
 8000bae:	f7ff feed 	bl	800098c <decimalbcd>
 8000bb2:	f88d 0013 	strb.w	r0, [sp, #19]
    HAL_I2C_Mem_Write(hi2c, RTC_Addr, RTC_Second, 1, &reg_val, 1, HAL_MAX_DELAY);
 8000bb6:	f04f 38ff 	mov.w	r8, #4294967295
 8000bba:	f8cd 8008 	str.w	r8, [sp, #8]
 8000bbe:	2501      	movs	r5, #1
 8000bc0:	9501      	str	r5, [sp, #4]
 8000bc2:	f10d 0713 	add.w	r7, sp, #19
 8000bc6:	9700      	str	r7, [sp, #0]
 8000bc8:	462b      	mov	r3, r5
 8000bca:	2200      	movs	r2, #0
 8000bcc:	21d0      	movs	r1, #208	@ 0xd0
 8000bce:	4630      	mov	r0, r6
 8000bd0:	f002 f81c 	bl	8002c0c <HAL_I2C_Mem_Write>

    reg_val = decimalbcd(minute);
 8000bd4:	2026      	movs	r0, #38	@ 0x26
 8000bd6:	f7ff fed9 	bl	800098c <decimalbcd>
 8000bda:	f88d 0013 	strb.w	r0, [sp, #19]
    HAL_I2C_Mem_Write(hi2c, RTC_Addr, RTC_Minute, 1, &reg_val, 1, HAL_MAX_DELAY);
 8000bde:	f8cd 8008 	str.w	r8, [sp, #8]
 8000be2:	9501      	str	r5, [sp, #4]
 8000be4:	9700      	str	r7, [sp, #0]
 8000be6:	462b      	mov	r3, r5
 8000be8:	462a      	mov	r2, r5
 8000bea:	21d0      	movs	r1, #208	@ 0xd0
 8000bec:	4630      	mov	r0, r6
 8000bee:	f002 f80d 	bl	8002c0c <HAL_I2C_Mem_Write>

    reg_val = decimalbcd(hour);
 8000bf2:	200d      	movs	r0, #13
 8000bf4:	f7ff feca 	bl	800098c <decimalbcd>
 8000bf8:	f88d 0013 	strb.w	r0, [sp, #19]
    HAL_I2C_Mem_Write(hi2c, RTC_Addr, RTC_Hour, 1, &reg_val, 1, HAL_MAX_DELAY);
 8000bfc:	f8cd 8008 	str.w	r8, [sp, #8]
 8000c00:	9501      	str	r5, [sp, #4]
 8000c02:	9700      	str	r7, [sp, #0]
 8000c04:	462b      	mov	r3, r5
 8000c06:	2202      	movs	r2, #2
 8000c08:	21d0      	movs	r1, #208	@ 0xd0
 8000c0a:	4630      	mov	r0, r6
 8000c0c:	f001 fffe 	bl	8002c0c <HAL_I2C_Mem_Write>

    reg_val = decimalbcd(day);
 8000c10:	201c      	movs	r0, #28
 8000c12:	f7ff febb 	bl	800098c <decimalbcd>
 8000c16:	f88d 0013 	strb.w	r0, [sp, #19]
    HAL_I2C_Mem_Write(hi2c, RTC_Addr, RTC_Day, 1, &reg_val, 1, HAL_MAX_DELAY);
 8000c1a:	f8cd 8008 	str.w	r8, [sp, #8]
 8000c1e:	9501      	str	r5, [sp, #4]
 8000c20:	9700      	str	r7, [sp, #0]
 8000c22:	462b      	mov	r3, r5
 8000c24:	2204      	movs	r2, #4
 8000c26:	21d0      	movs	r1, #208	@ 0xd0
 8000c28:	4630      	mov	r0, r6
 8000c2a:	f001 ffef 	bl	8002c0c <HAL_I2C_Mem_Write>

    reg_val = decimalbcd(month);
 8000c2e:	4620      	mov	r0, r4
 8000c30:	f7ff feac 	bl	800098c <decimalbcd>
 8000c34:	f88d 0013 	strb.w	r0, [sp, #19]
    HAL_I2C_Mem_Write(hi2c, RTC_Addr, RTC_Month, 1, &reg_val, 1, HAL_MAX_DELAY);
 8000c38:	f8cd 8008 	str.w	r8, [sp, #8]
 8000c3c:	9501      	str	r5, [sp, #4]
 8000c3e:	9700      	str	r7, [sp, #0]
 8000c40:	462b      	mov	r3, r5
 8000c42:	2205      	movs	r2, #5
 8000c44:	21d0      	movs	r1, #208	@ 0xd0
 8000c46:	4630      	mov	r0, r6
 8000c48:	f001 ffe0 	bl	8002c0c <HAL_I2C_Mem_Write>

    reg_val = decimalbcd(year % 100); // DS3231 only stores last 2 digits
 8000c4c:	201a      	movs	r0, #26
 8000c4e:	f7ff fe9d 	bl	800098c <decimalbcd>
 8000c52:	f88d 0013 	strb.w	r0, [sp, #19]
    HAL_I2C_Mem_Write(hi2c, RTC_Addr, RTC_Year, 1, &reg_val, 1, HAL_MAX_DELAY);
 8000c56:	f8cd 8008 	str.w	r8, [sp, #8]
 8000c5a:	9501      	str	r5, [sp, #4]
 8000c5c:	9700      	str	r7, [sp, #0]
 8000c5e:	462b      	mov	r3, r5
 8000c60:	2206      	movs	r2, #6
 8000c62:	21d0      	movs	r1, #208	@ 0xd0
 8000c64:	4630      	mov	r0, r6
 8000c66:	f001 ffd1 	bl	8002c0c <HAL_I2C_Mem_Write>

    // Write magic flag so we never set time again
    reg_val = RTC_MAGIC_VAL;
 8000c6a:	23ab      	movs	r3, #171	@ 0xab
 8000c6c:	f88d 3013 	strb.w	r3, [sp, #19]
    HAL_I2C_Mem_Write(hi2c, RTC_Addr, RTC_MAGIC_REG, 1, &reg_val, 1, HAL_MAX_DELAY);
 8000c70:	f8cd 8008 	str.w	r8, [sp, #8]
 8000c74:	9501      	str	r5, [sp, #4]
 8000c76:	9700      	str	r7, [sp, #0]
 8000c78:	462b      	mov	r3, r5
 8000c7a:	2207      	movs	r2, #7
 8000c7c:	21d0      	movs	r1, #208	@ 0xd0
 8000c7e:	4630      	mov	r0, r6
 8000c80:	f001 ffc4 	bl	8002c0c <HAL_I2C_Mem_Write>
}
 8000c84:	b00c      	add	sp, #48	@ 0x30
 8000c86:	e8bd 81f0 	ldmia.w	sp!, {r4, r5, r6, r7, r8, pc}
 8000c8a:	bf00      	nop
 8000c8c:	08008dcc 	.word	0x08008dcc
 8000c90:	08008dd8 	.word	0x08008dd8
 8000c94:	08008da4 	.word	0x08008da4

08000c98 <get_unix_timestamp>:

static uint32_t get_unix_timestamp(uint16_t year, uint8_t month, uint8_t day, 
                           uint8_t hour, uint8_t min, uint8_t sec) 
{
 8000c98:	b500      	push	{lr}
 8000c9a:	b08b      	sub	sp, #44	@ 0x2c
    struct tm t;
    time_t t_of_day;

    // Standard C struct tm requirements:
    t.tm_year = year - 1900;  // Year since 1900
 8000c9c:	f2a0 706c 	subw	r0, r0, #1900	@ 0x76c
 8000ca0:	9006      	str	r0, [sp, #24]
    t.tm_mon = month - 1;     // Month, 0 - 11
 8000ca2:	3901      	subs	r1, #1
 8000ca4:	9105      	str	r1, [sp, #20]
    t.tm_mday = day;          // Day of the month
 8000ca6:	9204      	str	r2, [sp, #16]
    t.tm_hour = hour;
 8000ca8:	9303      	str	r3, [sp, #12]
    t.tm_min = min;
 8000caa:	f89d 3030 	ldrb.w	r3, [sp, #48]	@ 0x30
 8000cae:	9302      	str	r3, [sp, #8]
    t.tm_sec = sec;
 8000cb0:	f89d 3034 	ldrb.w	r3, [sp, #52]	@ 0x34
 8000cb4:	9301      	str	r3, [sp, #4]
    t.tm_isdst = -1;          // Is Daylight Savings Time on? -1 = let the library decide
 8000cb6:	f04f 33ff 	mov.w	r3, #4294967295
 8000cba:	9309      	str	r3, [sp, #36]	@ 0x24

    t_of_day = mktime(&t);
 8000cbc:	a801      	add	r0, sp, #4
 8000cbe:	f004 fb67 	bl	8005390 <mktime>

    return (uint32_t)t_of_day;
}
 8000cc2:	b00b      	add	sp, #44	@ 0x2c
 8000cc4:	f85d fb04 	ldr.w	pc, [sp], #4

08000cc8 <RTC_Get_Time>:
{
 8000cc8:	e92d 41f0 	stmdb	sp!, {r4, r5, r6, r7, r8, lr}
 8000ccc:	b086      	sub	sp, #24
 8000cce:	4605      	mov	r5, r0
    HAL_I2C_Mem_Read(hi2c, RTC_Addr, RTC_Year,   1, &Year,   1, HAL_MAX_DELAY);
 8000cd0:	f04f 36ff 	mov.w	r6, #4294967295
 8000cd4:	9602      	str	r6, [sp, #8]
 8000cd6:	2401      	movs	r4, #1
 8000cd8:	9401      	str	r4, [sp, #4]
 8000cda:	f10d 0317 	add.w	r3, sp, #23
 8000cde:	9300      	str	r3, [sp, #0]
 8000ce0:	4623      	mov	r3, r4
 8000ce2:	2206      	movs	r2, #6
 8000ce4:	21d0      	movs	r1, #208	@ 0xd0
 8000ce6:	f002 f843 	bl	8002d70 <HAL_I2C_Mem_Read>
    HAL_I2C_Mem_Read(hi2c, RTC_Addr, RTC_Month,  1, &Month,  1, HAL_MAX_DELAY);
 8000cea:	9602      	str	r6, [sp, #8]
 8000cec:	9401      	str	r4, [sp, #4]
 8000cee:	f10d 0316 	add.w	r3, sp, #22
 8000cf2:	9300      	str	r3, [sp, #0]
 8000cf4:	4623      	mov	r3, r4
 8000cf6:	2205      	movs	r2, #5
 8000cf8:	21d0      	movs	r1, #208	@ 0xd0
 8000cfa:	4628      	mov	r0, r5
 8000cfc:	f002 f838 	bl	8002d70 <HAL_I2C_Mem_Read>
    HAL_I2C_Mem_Read(hi2c, RTC_Addr, RTC_Day,    1, &Day,    1, HAL_MAX_DELAY);
 8000d00:	9602      	str	r6, [sp, #8]
 8000d02:	9401      	str	r4, [sp, #4]
 8000d04:	f10d 0315 	add.w	r3, sp, #21
 8000d08:	9300      	str	r3, [sp, #0]
 8000d0a:	4623      	mov	r3, r4
 8000d0c:	2204      	movs	r2, #4
 8000d0e:	21d0      	movs	r1, #208	@ 0xd0
 8000d10:	4628      	mov	r0, r5
 8000d12:	f002 f82d 	bl	8002d70 <HAL_I2C_Mem_Read>
    HAL_I2C_Mem_Read(hi2c, RTC_Addr, RTC_Hour,   1, &Hour,   1, HAL_MAX_DELAY);
 8000d16:	9602      	str	r6, [sp, #8]
 8000d18:	9401      	str	r4, [sp, #4]
 8000d1a:	ab05      	add	r3, sp, #20
 8000d1c:	9300      	str	r3, [sp, #0]
 8000d1e:	4623      	mov	r3, r4
 8000d20:	2202      	movs	r2, #2
 8000d22:	21d0      	movs	r1, #208	@ 0xd0
 8000d24:	4628      	mov	r0, r5
 8000d26:	f002 f823 	bl	8002d70 <HAL_I2C_Mem_Read>
    HAL_I2C_Mem_Read(hi2c, RTC_Addr, RTC_Minute, 1, &Minute, 1, HAL_MAX_DELAY);
 8000d2a:	9602      	str	r6, [sp, #8]
 8000d2c:	9401      	str	r4, [sp, #4]
 8000d2e:	f10d 0313 	add.w	r3, sp, #19
 8000d32:	9300      	str	r3, [sp, #0]
 8000d34:	4623      	mov	r3, r4
 8000d36:	4622      	mov	r2, r4
 8000d38:	21d0      	movs	r1, #208	@ 0xd0
 8000d3a:	4628      	mov	r0, r5
 8000d3c:	f002 f818 	bl	8002d70 <HAL_I2C_Mem_Read>
    HAL_I2C_Mem_Read(hi2c, RTC_Addr, RTC_Second, 1, &Second, 1, HAL_MAX_DELAY);
 8000d40:	9602      	str	r6, [sp, #8]
 8000d42:	9401      	str	r4, [sp, #4]
 8000d44:	f10d 0312 	add.w	r3, sp, #18
 8000d48:	9300      	str	r3, [sp, #0]
 8000d4a:	4623      	mov	r3, r4
 8000d4c:	2200      	movs	r2, #0
 8000d4e:	21d0      	movs	r1, #208	@ 0xd0
 8000d50:	4628      	mov	r0, r5
 8000d52:	f002 f80d 	bl	8002d70 <HAL_I2C_Mem_Read>
    Year   = bcdtodec(Year);
 8000d56:	f89d 0017 	ldrb.w	r0, [sp, #23]
 8000d5a:	f7ff fe0e 	bl	800097a <bcdtodec>
 8000d5e:	4604      	mov	r4, r0
 8000d60:	f88d 0017 	strb.w	r0, [sp, #23]
    Month  = bcdtodec(Month  & 0x1F); // mask century bit
 8000d64:	f89d 0016 	ldrb.w	r0, [sp, #22]
 8000d68:	f000 001f 	and.w	r0, r0, #31
 8000d6c:	f7ff fe05 	bl	800097a <bcdtodec>
 8000d70:	4605      	mov	r5, r0
 8000d72:	f88d 0016 	strb.w	r0, [sp, #22]
    Day    = bcdtodec(Day    & 0x3F);
 8000d76:	f89d 0015 	ldrb.w	r0, [sp, #21]
 8000d7a:	f000 003f 	and.w	r0, r0, #63	@ 0x3f
 8000d7e:	f7ff fdfc 	bl	800097a <bcdtodec>
 8000d82:	4606      	mov	r6, r0
 8000d84:	f88d 0015 	strb.w	r0, [sp, #21]
    Hour   = bcdtodec(Hour   & 0x3F); // mask 12/24hr bit
 8000d88:	f89d 0014 	ldrb.w	r0, [sp, #20]
 8000d8c:	f000 003f 	and.w	r0, r0, #63	@ 0x3f
 8000d90:	f7ff fdf3 	bl	800097a <bcdtodec>
 8000d94:	4607      	mov	r7, r0
 8000d96:	f88d 0014 	strb.w	r0, [sp, #20]
    Minute = bcdtodec(Minute & 0x7F);
 8000d9a:	f89d 0013 	ldrb.w	r0, [sp, #19]
 8000d9e:	f000 007f 	and.w	r0, r0, #127	@ 0x7f
 8000da2:	f7ff fdea 	bl	800097a <bcdtodec>
 8000da6:	4680      	mov	r8, r0
 8000da8:	f88d 0013 	strb.w	r0, [sp, #19]
    Second = bcdtodec(Second & 0x7F);
 8000dac:	f89d 0012 	ldrb.w	r0, [sp, #18]
 8000db0:	f000 007f 	and.w	r0, r0, #127	@ 0x7f
 8000db4:	f7ff fde1 	bl	800097a <bcdtodec>
 8000db8:	f88d 0012 	strb.w	r0, [sp, #18]
    return get_unix_timestamp(2000 + Year, Month, Day, Hour, Minute, Second);
 8000dbc:	9001      	str	r0, [sp, #4]
 8000dbe:	f8cd 8000 	str.w	r8, [sp]
 8000dc2:	463b      	mov	r3, r7
 8000dc4:	4632      	mov	r2, r6
 8000dc6:	4629      	mov	r1, r5
 8000dc8:	f504 60fa 	add.w	r0, r4, #2000	@ 0x7d0
 8000dcc:	f7ff ff64 	bl	8000c98 <get_unix_timestamp>
}
 8000dd0:	b006      	add	sp, #24
 8000dd2:	e8bd 81f0 	ldmia.w	sp!, {r4, r5, r6, r7, r8, pc}
	...

08000dd8 <Atlas_Read_Val>:
// ===============================================================================================
// Atlas Functions
// ===============================================================================================

static uint8_t Atlas_Read_Val(char *Output_buffer, uint16_t device_addr)
{
 8000dd8:	b5f0      	push	{r4, r5, r6, r7, lr}
 8000dda:	b089      	sub	sp, #36	@ 0x24
 8000ddc:	4607      	mov	r7, r0
 8000dde:	460e      	mov	r6, r1
    char tx_cmd[] = "R";
 8000de0:	2352      	movs	r3, #82	@ 0x52
 8000de2:	f8ad 301c 	strh.w	r3, [sp, #28]
    HAL_I2C_Master_Transmit(Atlas_I2C, device_addr, (uint8_t*)tx_cmd, strlen(tx_cmd), HAL_MAX_DELAY);
 8000de6:	a807      	add	r0, sp, #28
 8000de8:	f7ff f9e4 	bl	80001b4 <strlen>
 8000dec:	f04f 33ff 	mov.w	r3, #4294967295
 8000df0:	9300      	str	r3, [sp, #0]
 8000df2:	b283      	uxth	r3, r0
 8000df4:	aa07      	add	r2, sp, #28
 8000df6:	4631      	mov	r1, r6
 8000df8:	4819      	ldr	r0, [pc, #100]	@ (8000e60 <Atlas_Read_Val+0x88>)
 8000dfa:	6800      	ldr	r0, [r0, #0]
 8000dfc:	f001 fccc 	bl	8002798 <HAL_I2C_Master_Transmit>

    HAL_Delay(600);
 8000e00:	f44f 7016 	mov.w	r0, #600	@ 0x258
 8000e04:	f000 fd22 	bl	800184c <HAL_Delay>

    uint8_t raw[17];  // 1 byte response code + up to 16 bytes data
    uint8_t retries = 0;
 8000e08:	2400      	movs	r4, #0

    do {
        HAL_I2C_Master_Receive(Atlas_I2C, device_addr, raw, sizeof(raw), 100);
 8000e0a:	2364      	movs	r3, #100	@ 0x64
 8000e0c:	9300      	str	r3, [sp, #0]
 8000e0e:	2311      	movs	r3, #17
 8000e10:	aa02      	add	r2, sp, #8
 8000e12:	4631      	mov	r1, r6
 8000e14:	4d12      	ldr	r5, [pc, #72]	@ (8000e60 <Atlas_Read_Val+0x88>)
 8000e16:	6828      	ldr	r0, [r5, #0]
 8000e18:	f001 fd7a 	bl	8002910 <HAL_I2C_Master_Receive>

        if (raw[0] != 254) break;  // 254 = still processing, anything else = done
 8000e1c:	f89d 3008 	ldrb.w	r3, [sp, #8]
 8000e20:	2bfe      	cmp	r3, #254	@ 0xfe
 8000e22:	d106      	bne.n	8000e32 <Atlas_Read_Val+0x5a>

        retries++;
 8000e24:	3401      	adds	r4, #1
 8000e26:	b2e4      	uxtb	r4, r4
        HAL_Delay(20);
 8000e28:	2014      	movs	r0, #20
 8000e2a:	f000 fd0f 	bl	800184c <HAL_Delay>
    } while (retries < 10);
 8000e2e:	2c09      	cmp	r4, #9
 8000e30:	d9eb      	bls.n	8000e0a <Atlas_Read_Val+0x32>

    // raw[0] is the response code, raw[1...] is the ASCII string
    if (raw[0] == 1) {
 8000e32:	f89d 0008 	ldrb.w	r0, [sp, #8]
 8000e36:	2801      	cmp	r0, #1
 8000e38:	d002      	beq.n	8000e40 <Atlas_Read_Val+0x68>
        memcpy(Output_buffer, (char*)&raw[1], sizeof(raw) - 1);
        Output_buffer[sizeof(raw) - 1] = '\0';
        return 1;  // success
    }

    return 0;  // error
 8000e3a:	2000      	movs	r0, #0
}
 8000e3c:	b009      	add	sp, #36	@ 0x24
 8000e3e:	bdf0      	pop	{r4, r5, r6, r7, pc}
        memcpy(Output_buffer, (char*)&raw[1], sizeof(raw) - 1);
 8000e40:	f8dd 4009 	ldr.w	r4, [sp, #9]
 8000e44:	f8dd 100d 	ldr.w	r1, [sp, #13]
 8000e48:	f8dd 2011 	ldr.w	r2, [sp, #17]
 8000e4c:	f8dd 3015 	ldr.w	r3, [sp, #21]
 8000e50:	603c      	str	r4, [r7, #0]
 8000e52:	6079      	str	r1, [r7, #4]
 8000e54:	60ba      	str	r2, [r7, #8]
 8000e56:	60fb      	str	r3, [r7, #12]
        Output_buffer[sizeof(raw) - 1] = '\0';
 8000e58:	2300      	movs	r3, #0
 8000e5a:	743b      	strb	r3, [r7, #16]
        return 1;  // success
 8000e5c:	e7ee      	b.n	8000e3c <Atlas_Read_Val+0x64>
 8000e5e:	bf00      	nop
 8000e60:	2000001c 	.word	0x2000001c

08000e64 <write_OLED>:
{
 8000e64:	b510      	push	{r4, lr}
 8000e66:	4614      	mov	r4, r2
  ssd1306_SetCursor(pos_x*7, pos_y*10);
 8000e68:	eb01 0181 	add.w	r1, r1, r1, lsl #2
 8000e6c:	0049      	lsls	r1, r1, #1
 8000e6e:	ebc0 00c0 	rsb	r0, r0, r0, lsl #3
 8000e72:	f001 01fe 	and.w	r1, r1, #254	@ 0xfe
 8000e76:	b2c0      	uxtb	r0, r0
 8000e78:	f000 fc90 	bl	800179c <ssd1306_SetCursor>
  ssd1306_WriteString(text, Font_7x10, White); //Write some text to the Oled module
 8000e7c:	4a05      	ldr	r2, [pc, #20]	@ (8000e94 <write_OLED+0x30>)
 8000e7e:	2301      	movs	r3, #1
 8000e80:	ca06      	ldmia	r2, {r1, r2}
 8000e82:	4620      	mov	r0, r4
 8000e84:	f000 fc72 	bl	800176c <ssd1306_WriteString>
  ssd1306_UpdateScreen(Oled_I2C);
 8000e88:	4b03      	ldr	r3, [pc, #12]	@ (8000e98 <write_OLED+0x34>)
 8000e8a:	6818      	ldr	r0, [r3, #0]
 8000e8c:	f000 fb20 	bl	80014d0 <ssd1306_UpdateScreen>
}
 8000e90:	bd10      	pop	{r4, pc}
 8000e92:	bf00      	nop
 8000e94:	20000000 	.word	0x20000000
 8000e98:	20000018 	.word	0x20000018

08000e9c <LoRa_ArmRX>:
{
 8000e9c:	b508      	push	{r3, lr}
  SX1278_LoRaEntryRx(&SX1278, 100, 2000);
 8000e9e:	f44f 62fa 	mov.w	r2, #2000	@ 0x7d0
 8000ea2:	2164      	movs	r1, #100	@ 0x64
 8000ea4:	4801      	ldr	r0, [pc, #4]	@ (8000eac <LoRa_ArmRX+0x10>)
 8000ea6:	f7ff fbb5 	bl	8000614 <SX1278_LoRaEntryRx>
}
 8000eaa:	bd08      	pop	{r3, pc}
 8000eac:	20000210 	.word	0x20000210

08000eb0 <HAL_TIM_PeriodElapsedCallback>:
{
 8000eb0:	b510      	push	{r4, lr}
 8000eb2:	4604      	mov	r4, r0
  if (htim->Instance == TIM11)
 8000eb4:	6802      	ldr	r2, [r0, #0]
 8000eb6:	4b09      	ldr	r3, [pc, #36]	@ (8000edc <HAL_TIM_PeriodElapsedCallback+0x2c>)
 8000eb8:	429a      	cmp	r2, r3
 8000eba:	d004      	beq.n	8000ec6 <HAL_TIM_PeriodElapsedCallback+0x16>
  if (htim->Instance == TIM10)
 8000ebc:	6822      	ldr	r2, [r4, #0]
 8000ebe:	4b08      	ldr	r3, [pc, #32]	@ (8000ee0 <HAL_TIM_PeriodElapsedCallback+0x30>)
 8000ec0:	429a      	cmp	r2, r3
 8000ec2:	d006      	beq.n	8000ed2 <HAL_TIM_PeriodElapsedCallback+0x22>
}
 8000ec4:	bd10      	pop	{r4, pc}
    HAL_GPIO_TogglePin(LED_Board_GPIO_Port,LED_Board_Pin);
 8000ec6:	f44f 5100 	mov.w	r1, #8192	@ 0x2000
 8000eca:	4806      	ldr	r0, [pc, #24]	@ (8000ee4 <HAL_TIM_PeriodElapsedCallback+0x34>)
 8000ecc:	f000 fff9 	bl	8001ec2 <HAL_GPIO_TogglePin>
 8000ed0:	e7f4      	b.n	8000ebc <HAL_TIM_PeriodElapsedCallback+0xc>
    Atlas_Send_live = 1;
 8000ed2:	4b05      	ldr	r3, [pc, #20]	@ (8000ee8 <HAL_TIM_PeriodElapsedCallback+0x38>)
 8000ed4:	2201      	movs	r2, #1
 8000ed6:	701a      	strb	r2, [r3, #0]
}
 8000ed8:	e7f4      	b.n	8000ec4 <HAL_TIM_PeriodElapsedCallback+0x14>
 8000eda:	bf00      	nop
 8000edc:	40014800 	.word	0x40014800
 8000ee0:	40014400 	.word	0x40014400
 8000ee4:	40020800 	.word	0x40020800
 8000ee8:	20000138 	.word	0x20000138

08000eec <LoRa_Detect>:
{
 8000eec:	b508      	push	{r3, lr}
  uint8_t version = SX1278_SPIRead(module, REG_LR_VERSION);
 8000eee:	2142      	movs	r1, #66	@ 0x42
 8000ef0:	f7ff fa48 	bl	8000384 <SX1278_SPIRead>
}
 8000ef4:	2812      	cmp	r0, #18
 8000ef6:	bf14      	ite	ne
 8000ef8:	2000      	movne	r0, #0
 8000efa:	2001      	moveq	r0, #1
 8000efc:	bd08      	pop	{r3, pc}
	...

08000f00 <LoRa_Init>:
{
 8000f00:	b510      	push	{r4, lr}
 8000f02:	b086      	sub	sp, #24
  SX1278_hw_init(&SX1278_hw);
 8000f04:	4c16      	ldr	r4, [pc, #88]	@ (8000f60 <LoRa_Init+0x60>)
 8000f06:	4620      	mov	r0, r4
 8000f08:	f7ff fc96 	bl	8000838 <SX1278_hw_init>
  SX1278_hw_Reset(&SX1278_hw);   // pulls reset low then high, waits 100ms internally
 8000f0c:	4620      	mov	r0, r4
 8000f0e:	f7ff fcd7 	bl	80008c0 <SX1278_hw_Reset>
  HAL_Delay(100);
 8000f12:	2064      	movs	r0, #100	@ 0x64
 8000f14:	f000 fc9a 	bl	800184c <HAL_Delay>
  if (LoRa_Detect(&SX1278))
 8000f18:	4812      	ldr	r0, [pc, #72]	@ (8000f64 <LoRa_Init+0x64>)
 8000f1a:	f7ff ffe7 	bl	8000eec <LoRa_Detect>
 8000f1e:	b920      	cbnz	r0, 8000f2a <LoRa_Init+0x2a>
    LoRa_Connected = 0;
 8000f20:	4b11      	ldr	r3, [pc, #68]	@ (8000f68 <LoRa_Init+0x68>)
 8000f22:	2200      	movs	r2, #0
 8000f24:	701a      	strb	r2, [r3, #0]
}
 8000f26:	b006      	add	sp, #24
 8000f28:	bd10      	pop	{r4, pc}
    SX1278_init(&SX1278, 433175000, SX1278_POWER_11DBM, SX1278_LORA_SF_7,
 8000f2a:	2364      	movs	r3, #100	@ 0x64
 8000f2c:	9305      	str	r3, [sp, #20]
 8000f2e:	2300      	movs	r3, #0
 8000f30:	9304      	str	r3, [sp, #16]
 8000f32:	9303      	str	r3, [sp, #12]
 8000f34:	2307      	movs	r3, #7
 8000f36:	9302      	str	r3, [sp, #8]
 8000f38:	2401      	movs	r4, #1
 8000f3a:	9401      	str	r4, [sp, #4]
 8000f3c:	2303      	movs	r3, #3
 8000f3e:	9300      	str	r3, [sp, #0]
 8000f40:	a305      	add	r3, pc, #20	@ (adr r3, 8000f58 <LoRa_Init+0x58>)
 8000f42:	e9d3 2300 	ldrd	r2, r3, [r3]
 8000f46:	4807      	ldr	r0, [pc, #28]	@ (8000f64 <LoRa_Init+0x64>)
 8000f48:	f7ff fc4d 	bl	80007e6 <SX1278_init>
    LoRa_ArmRX();
 8000f4c:	f7ff ffa6 	bl	8000e9c <LoRa_ArmRX>
    LoRa_Connected = 1;
 8000f50:	4b05      	ldr	r3, [pc, #20]	@ (8000f68 <LoRa_Init+0x68>)
 8000f52:	701c      	strb	r4, [r3, #0]
    return 1;
 8000f54:	4620      	mov	r0, r4
 8000f56:	e7e6      	b.n	8000f26 <LoRa_Init+0x26>
 8000f58:	19d1b9d8 	.word	0x19d1b9d8
 8000f5c:	00000000 	.word	0x00000000
 8000f60:	20000328 	.word	0x20000328
 8000f64:	20000210 	.word	0x20000210
 8000f68:	2000013c 	.word	0x2000013c

08000f6c <LoRa_TX>:
{
 8000f6c:	b538      	push	{r3, r4, r5, lr}
 8000f6e:	4605      	mov	r5, r0
  uint8_t msg_len = strlen(message);
 8000f70:	f7ff f920 	bl	80001b4 <strlen>
 8000f74:	b2c4      	uxtb	r4, r0
  if (msg_len == 0 || msg_len > 50) return 0;
 8000f76:	1e63      	subs	r3, r4, #1
 8000f78:	b2db      	uxtb	r3, r3
 8000f7a:	2b31      	cmp	r3, #49	@ 0x31
 8000f7c:	d902      	bls.n	8000f84 <LoRa_TX+0x18>
 8000f7e:	2400      	movs	r4, #0
}
 8000f80:	4620      	mov	r0, r4
 8000f82:	bd38      	pop	{r3, r4, r5, pc}
  if (SX1278_LoRaEntryTx(&SX1278, msg_len, 2000))
 8000f84:	f44f 62fa 	mov.w	r2, #2000	@ 0x7d0
 8000f88:	4621      	mov	r1, r4
 8000f8a:	4808      	ldr	r0, [pc, #32]	@ (8000fac <LoRa_TX+0x40>)
 8000f8c:	f7ff fbbe 	bl	800070c <SX1278_LoRaEntryTx>
 8000f90:	b908      	cbnz	r0, 8000f96 <LoRa_TX+0x2a>
  return 0;
 8000f92:	2400      	movs	r4, #0
 8000f94:	e7f4      	b.n	8000f80 <LoRa_TX+0x14>
    uint8_t result =  SX1278_LoRaTxPacket(&SX1278, (uint8_t*)message, msg_len, 2000);
 8000f96:	f44f 63fa 	mov.w	r3, #2000	@ 0x7d0
 8000f9a:	4622      	mov	r2, r4
 8000f9c:	4629      	mov	r1, r5
 8000f9e:	4803      	ldr	r0, [pc, #12]	@ (8000fac <LoRa_TX+0x40>)
 8000fa0:	f7ff fbf4 	bl	800078c <SX1278_LoRaTxPacket>
 8000fa4:	b2c4      	uxtb	r4, r0
    LoRa_ArmRX();
 8000fa6:	f7ff ff79 	bl	8000e9c <LoRa_ArmRX>
    return result;
 8000faa:	e7e9      	b.n	8000f80 <LoRa_TX+0x14>
 8000fac:	20000210 	.word	0x20000210

08000fb0 <LoRa_RX>:
{
 8000fb0:	b538      	push	{r3, r4, r5, lr}
    uint8_t len = SX1278_LoRaRxPacket(&SX1278);
 8000fb2:	480c      	ldr	r0, [pc, #48]	@ (8000fe4 <LoRa_RX+0x34>)
 8000fb4:	f7ff fb7b 	bl	80006ae <SX1278_LoRaRxPacket>
    if (len > 0)
 8000fb8:	b180      	cbz	r0, 8000fdc <LoRa_RX+0x2c>
 8000fba:	4604      	mov	r4, r0
        if (len >= sizeof(LoRa_RX_Buffer))
 8000fbc:	2831      	cmp	r0, #49	@ 0x31
 8000fbe:	d900      	bls.n	8000fc2 <LoRa_RX+0x12>
            len = sizeof(LoRa_RX_Buffer) - 1;
 8000fc0:	2431      	movs	r4, #49	@ 0x31
        memcpy(LoRa_RX_Buffer, SX1278.rxBuffer, len);
 8000fc2:	4d09      	ldr	r5, [pc, #36]	@ (8000fe8 <LoRa_RX+0x38>)
 8000fc4:	4622      	mov	r2, r4
 8000fc6:	4909      	ldr	r1, [pc, #36]	@ (8000fec <LoRa_RX+0x3c>)
 8000fc8:	4628      	mov	r0, r5
 8000fca:	f005 fc1a 	bl	8006802 <memcpy>
        LoRa_RX_Buffer[len] = '\0';
 8000fce:	2300      	movs	r3, #0
 8000fd0:	552b      	strb	r3, [r5, r4]
        LoRa_RX_Length = len;
 8000fd2:	4b07      	ldr	r3, [pc, #28]	@ (8000ff0 <LoRa_RX+0x40>)
 8000fd4:	701c      	strb	r4, [r3, #0]
        LoRa_RX_Flag = 1;
 8000fd6:	4b07      	ldr	r3, [pc, #28]	@ (8000ff4 <LoRa_RX+0x44>)
 8000fd8:	2201      	movs	r2, #1
 8000fda:	701a      	strb	r2, [r3, #0]
    SX1278_clearLoRaIrq(&SX1278);
 8000fdc:	4801      	ldr	r0, [pc, #4]	@ (8000fe4 <LoRa_RX+0x34>)
 8000fde:	f7ff fb13 	bl	8000608 <SX1278_clearLoRaIrq>
}
 8000fe2:	bd38      	pop	{r3, r4, r5, pc}
 8000fe4:	20000210 	.word	0x20000210
 8000fe8:	200001d8 	.word	0x200001d8
 8000fec:	20000227 	.word	0x20000227
 8000ff0:	200001d4 	.word	0x200001d4
 8000ff4:	2000013b 	.word	0x2000013b

08000ff8 <HAL_GPIO_EXTI_Callback>:
  if(GPIO_Pin == Lora_IRQ_Pin) // Check which pin triggered the interrupt
 8000ff8:	f5b0 7f00 	cmp.w	r0, #512	@ 0x200
 8000ffc:	d000      	beq.n	8001000 <HAL_GPIO_EXTI_Callback+0x8>
 8000ffe:	4770      	bx	lr
{
 8001000:	b508      	push	{r3, lr}
    LoRa_RX();
 8001002:	f7ff ffd5 	bl	8000fb0 <LoRa_RX>
}
 8001006:	bd08      	pop	{r3, pc}

08001008 <Error_Handler>:
  \details Disables IRQ interrupts by setting special-purpose register PRIMASK.
           Can only be executed in Privileged modes.
 */
__STATIC_FORCEINLINE void __disable_irq(void)
{
  __ASM volatile ("cpsid i" : : : "memory");
 8001008:	b672      	cpsid	i
void Error_Handler(void)
{
  /* USER CODE BEGIN Error_Handler_Debug */
  /* User can add his own implementation to report the HAL error return state */
  __disable_irq();
  while (1)
 800100a:	e7fe      	b.n	800100a <Error_Handler+0x2>

0800100c <MX_I2C1_Init>:
{
 800100c:	b508      	push	{r3, lr}
  hi2c1.Instance = I2C1;
 800100e:	480a      	ldr	r0, [pc, #40]	@ (8001038 <MX_I2C1_Init+0x2c>)
 8001010:	4b0a      	ldr	r3, [pc, #40]	@ (800103c <MX_I2C1_Init+0x30>)
 8001012:	6003      	str	r3, [r0, #0]
  hi2c1.Init.ClockSpeed = 400000;
 8001014:	4b0a      	ldr	r3, [pc, #40]	@ (8001040 <MX_I2C1_Init+0x34>)
 8001016:	6043      	str	r3, [r0, #4]
  hi2c1.Init.DutyCycle = I2C_DUTYCYCLE_2;
 8001018:	2300      	movs	r3, #0
 800101a:	6083      	str	r3, [r0, #8]
  hi2c1.Init.OwnAddress1 = 0;
 800101c:	60c3      	str	r3, [r0, #12]
  hi2c1.Init.AddressingMode = I2C_ADDRESSINGMODE_7BIT;
 800101e:	f44f 4280 	mov.w	r2, #16384	@ 0x4000
 8001022:	6102      	str	r2, [r0, #16]
  hi2c1.Init.DualAddressMode = I2C_DUALADDRESS_DISABLE;
 8001024:	6143      	str	r3, [r0, #20]
  hi2c1.Init.OwnAddress2 = 0;
 8001026:	6183      	str	r3, [r0, #24]
  hi2c1.Init.GeneralCallMode = I2C_GENERALCALL_DISABLE;
 8001028:	61c3      	str	r3, [r0, #28]
  hi2c1.Init.NoStretchMode = I2C_NOSTRETCH_DISABLE;
 800102a:	6203      	str	r3, [r0, #32]
  if (HAL_I2C_Init(&hi2c1) != HAL_OK)
 800102c:	f001 fad6 	bl	80025dc <HAL_I2C_Init>
 8001030:	b900      	cbnz	r0, 8001034 <MX_I2C1_Init+0x28>
}
 8001032:	bd08      	pop	{r3, pc}
    Error_Handler();
 8001034:	f7ff ffe8 	bl	8001008 <Error_Handler>
 8001038:	2000058c 	.word	0x2000058c
 800103c:	40005400 	.word	0x40005400
 8001040:	00061a80 	.word	0x00061a80

08001044 <MX_TIM11_Init>:
{
 8001044:	b508      	push	{r3, lr}
  htim11.Instance = TIM11;
 8001046:	4809      	ldr	r0, [pc, #36]	@ (800106c <MX_TIM11_Init+0x28>)
 8001048:	4b09      	ldr	r3, [pc, #36]	@ (8001070 <MX_TIM11_Init+0x2c>)
 800104a:	6003      	str	r3, [r0, #0]
  htim11.Init.Prescaler = 24999;
 800104c:	f246 13a7 	movw	r3, #24999	@ 0x61a7
 8001050:	6043      	str	r3, [r0, #4]
  htim11.Init.CounterMode = TIM_COUNTERMODE_UP;
 8001052:	2300      	movs	r3, #0
 8001054:	6083      	str	r3, [r0, #8]
  htim11.Init.Period = 1000;
 8001056:	f44f 727a 	mov.w	r2, #1000	@ 0x3e8
 800105a:	60c2      	str	r2, [r0, #12]
  htim11.Init.ClockDivision = TIM_CLOCKDIVISION_DIV1;
 800105c:	6103      	str	r3, [r0, #16]
  htim11.Init.AutoReloadPreload = TIM_AUTORELOAD_PRELOAD_DISABLE;
 800105e:	6183      	str	r3, [r0, #24]
  if (HAL_TIM_Base_Init(&htim11) != HAL_OK)
 8001060:	f003 f9d6 	bl	8004410 <HAL_TIM_Base_Init>
 8001064:	b900      	cbnz	r0, 8001068 <MX_TIM11_Init+0x24>
}
 8001066:	bd08      	pop	{r3, pc}
    Error_Handler();
 8001068:	f7ff ffce 	bl	8001008 <Error_Handler>
 800106c:	20000344 	.word	0x20000344
 8001070:	40014800 	.word	0x40014800

08001074 <MX_I2C2_Init>:
{
 8001074:	b508      	push	{r3, lr}
  hi2c2.Instance = I2C2;
 8001076:	480a      	ldr	r0, [pc, #40]	@ (80010a0 <MX_I2C2_Init+0x2c>)
 8001078:	4b0a      	ldr	r3, [pc, #40]	@ (80010a4 <MX_I2C2_Init+0x30>)
 800107a:	6003      	str	r3, [r0, #0]
  hi2c2.Init.ClockSpeed = 100000;
 800107c:	4b0a      	ldr	r3, [pc, #40]	@ (80010a8 <MX_I2C2_Init+0x34>)
 800107e:	6043      	str	r3, [r0, #4]
  hi2c2.Init.DutyCycle = I2C_DUTYCYCLE_2;
 8001080:	2300      	movs	r3, #0
 8001082:	6083      	str	r3, [r0, #8]
  hi2c2.Init.OwnAddress1 = 0;
 8001084:	60c3      	str	r3, [r0, #12]
  hi2c2.Init.AddressingMode = I2C_ADDRESSINGMODE_7BIT;
 8001086:	f44f 4280 	mov.w	r2, #16384	@ 0x4000
 800108a:	6102      	str	r2, [r0, #16]
  hi2c2.Init.DualAddressMode = I2C_DUALADDRESS_DISABLE;
 800108c:	6143      	str	r3, [r0, #20]
  hi2c2.Init.OwnAddress2 = 0;
 800108e:	6183      	str	r3, [r0, #24]
  hi2c2.Init.GeneralCallMode = I2C_GENERALCALL_DISABLE;
 8001090:	61c3      	str	r3, [r0, #28]
  hi2c2.Init.NoStretchMode = I2C_NOSTRETCH_DISABLE;
 8001092:	6203      	str	r3, [r0, #32]
  if (HAL_I2C_Init(&hi2c2) != HAL_OK)
 8001094:	f001 faa2 	bl	80025dc <HAL_I2C_Init>
 8001098:	b900      	cbnz	r0, 800109c <MX_I2C2_Init+0x28>
}
 800109a:	bd08      	pop	{r3, pc}
    Error_Handler();
 800109c:	f7ff ffb4 	bl	8001008 <Error_Handler>
 80010a0:	20000538 	.word	0x20000538
 80010a4:	40005800 	.word	0x40005800
 80010a8:	000186a0 	.word	0x000186a0

080010ac <MX_I2C3_Init>:
{
 80010ac:	b508      	push	{r3, lr}
  hi2c3.Instance = I2C3;
 80010ae:	480a      	ldr	r0, [pc, #40]	@ (80010d8 <MX_I2C3_Init+0x2c>)
 80010b0:	4b0a      	ldr	r3, [pc, #40]	@ (80010dc <MX_I2C3_Init+0x30>)
 80010b2:	6003      	str	r3, [r0, #0]
  hi2c3.Init.ClockSpeed = 100000;
 80010b4:	4b0a      	ldr	r3, [pc, #40]	@ (80010e0 <MX_I2C3_Init+0x34>)
 80010b6:	6043      	str	r3, [r0, #4]
  hi2c3.Init.DutyCycle = I2C_DUTYCYCLE_2;
 80010b8:	2300      	movs	r3, #0
 80010ba:	6083      	str	r3, [r0, #8]
  hi2c3.Init.OwnAddress1 = 0;
 80010bc:	60c3      	str	r3, [r0, #12]
  hi2c3.Init.AddressingMode = I2C_ADDRESSINGMODE_7BIT;
 80010be:	f44f 4280 	mov.w	r2, #16384	@ 0x4000
 80010c2:	6102      	str	r2, [r0, #16]
  hi2c3.Init.DualAddressMode = I2C_DUALADDRESS_DISABLE;
 80010c4:	6143      	str	r3, [r0, #20]
  hi2c3.Init.OwnAddress2 = 0;
 80010c6:	6183      	str	r3, [r0, #24]
  hi2c3.Init.GeneralCallMode = I2C_GENERALCALL_DISABLE;
 80010c8:	61c3      	str	r3, [r0, #28]
  hi2c3.Init.NoStretchMode = I2C_NOSTRETCH_DISABLE;
 80010ca:	6203      	str	r3, [r0, #32]
  if (HAL_I2C_Init(&hi2c3) != HAL_OK)
 80010cc:	f001 fa86 	bl	80025dc <HAL_I2C_Init>
 80010d0:	b900      	cbnz	r0, 80010d4 <MX_I2C3_Init+0x28>
}
 80010d2:	bd08      	pop	{r3, pc}
    Error_Handler();
 80010d4:	f7ff ff98 	bl	8001008 <Error_Handler>
 80010d8:	200004e4 	.word	0x200004e4
 80010dc:	40005c00 	.word	0x40005c00
 80010e0:	000186a0 	.word	0x000186a0

080010e4 <MX_SPI1_Init>:
{
 80010e4:	b508      	push	{r3, lr}
  hspi1.Instance = SPI1;
 80010e6:	480d      	ldr	r0, [pc, #52]	@ (800111c <MX_SPI1_Init+0x38>)
 80010e8:	4b0d      	ldr	r3, [pc, #52]	@ (8001120 <MX_SPI1_Init+0x3c>)
 80010ea:	6003      	str	r3, [r0, #0]
  hspi1.Init.Mode = SPI_MODE_MASTER;
 80010ec:	f44f 7382 	mov.w	r3, #260	@ 0x104
 80010f0:	6043      	str	r3, [r0, #4]
  hspi1.Init.Direction = SPI_DIRECTION_2LINES;
 80010f2:	2300      	movs	r3, #0
 80010f4:	6083      	str	r3, [r0, #8]
  hspi1.Init.DataSize = SPI_DATASIZE_8BIT;
 80010f6:	60c3      	str	r3, [r0, #12]
  hspi1.Init.CLKPolarity = SPI_POLARITY_LOW;
 80010f8:	6103      	str	r3, [r0, #16]
  hspi1.Init.CLKPhase = SPI_PHASE_1EDGE;
 80010fa:	6143      	str	r3, [r0, #20]
  hspi1.Init.NSS = SPI_NSS_SOFT;
 80010fc:	f44f 7200 	mov.w	r2, #512	@ 0x200
 8001100:	6182      	str	r2, [r0, #24]
  hspi1.Init.BaudRatePrescaler = SPI_BAUDRATEPRESCALER_256;
 8001102:	2238      	movs	r2, #56	@ 0x38
 8001104:	61c2      	str	r2, [r0, #28]
  hspi1.Init.FirstBit = SPI_FIRSTBIT_MSB;
 8001106:	6203      	str	r3, [r0, #32]
  hspi1.Init.TIMode = SPI_TIMODE_DISABLE;
 8001108:	6243      	str	r3, [r0, #36]	@ 0x24
  hspi1.Init.CRCCalculation = SPI_CRCCALCULATION_DISABLE;
 800110a:	6283      	str	r3, [r0, #40]	@ 0x28
  hspi1.Init.CRCPolynomial = 10;
 800110c:	230a      	movs	r3, #10
 800110e:	62c3      	str	r3, [r0, #44]	@ 0x2c
  if (HAL_SPI_Init(&hspi1) != HAL_OK)
 8001110:	f002 fdce 	bl	8003cb0 <HAL_SPI_Init>
 8001114:	b900      	cbnz	r0, 8001118 <MX_SPI1_Init+0x34>
}
 8001116:	bd08      	pop	{r3, pc}
    Error_Handler();
 8001118:	f7ff ff76 	bl	8001008 <Error_Handler>
 800111c:	2000048c 	.word	0x2000048c
 8001120:	40013000 	.word	0x40013000

08001124 <MX_SPI2_Init>:
{
 8001124:	b508      	push	{r3, lr}
  hspi2.Instance = SPI2;
 8001126:	480d      	ldr	r0, [pc, #52]	@ (800115c <MX_SPI2_Init+0x38>)
 8001128:	4b0d      	ldr	r3, [pc, #52]	@ (8001160 <MX_SPI2_Init+0x3c>)
 800112a:	6003      	str	r3, [r0, #0]
  hspi2.Init.Mode = SPI_MODE_MASTER;
 800112c:	f44f 7382 	mov.w	r3, #260	@ 0x104
 8001130:	6043      	str	r3, [r0, #4]
  hspi2.Init.Direction = SPI_DIRECTION_2LINES;
 8001132:	2300      	movs	r3, #0
 8001134:	6083      	str	r3, [r0, #8]
  hspi2.Init.DataSize = SPI_DATASIZE_8BIT;
 8001136:	60c3      	str	r3, [r0, #12]
  hspi2.Init.CLKPolarity = SPI_POLARITY_LOW;
 8001138:	6103      	str	r3, [r0, #16]
  hspi2.Init.CLKPhase = SPI_PHASE_1EDGE;
 800113a:	6143      	str	r3, [r0, #20]
  hspi2.Init.NSS = SPI_NSS_SOFT;
 800113c:	f44f 7200 	mov.w	r2, #512	@ 0x200
 8001140:	6182      	str	r2, [r0, #24]
  hspi2.Init.BaudRatePrescaler = SPI_BAUDRATEPRESCALER_2;
 8001142:	61c3      	str	r3, [r0, #28]
  hspi2.Init.FirstBit = SPI_FIRSTBIT_MSB;
 8001144:	6203      	str	r3, [r0, #32]
  hspi2.Init.TIMode = SPI_TIMODE_DISABLE;
 8001146:	6243      	str	r3, [r0, #36]	@ 0x24
  hspi2.Init.CRCCalculation = SPI_CRCCALCULATION_DISABLE;
 8001148:	6283      	str	r3, [r0, #40]	@ 0x28
  hspi2.Init.CRCPolynomial = 10;
 800114a:	230a      	movs	r3, #10
 800114c:	62c3      	str	r3, [r0, #44]	@ 0x2c
  if (HAL_SPI_Init(&hspi2) != HAL_OK)
 800114e:	f002 fdaf 	bl	8003cb0 <HAL_SPI_Init>
 8001152:	b900      	cbnz	r0, 8001156 <MX_SPI2_Init+0x32>
}
 8001154:	bd08      	pop	{r3, pc}
    Error_Handler();
 8001156:	f7ff ff57 	bl	8001008 <Error_Handler>
 800115a:	bf00      	nop
 800115c:	20000434 	.word	0x20000434
 8001160:	40003800 	.word	0x40003800

08001164 <MX_TIM10_Init>:
{
 8001164:	b508      	push	{r3, lr}
  htim10.Instance = TIM10;
 8001166:	4809      	ldr	r0, [pc, #36]	@ (800118c <MX_TIM10_Init+0x28>)
 8001168:	4b09      	ldr	r3, [pc, #36]	@ (8001190 <MX_TIM10_Init+0x2c>)
 800116a:	6003      	str	r3, [r0, #0]
  htim10.Init.Prescaler = 24999;
 800116c:	f246 13a7 	movw	r3, #24999	@ 0x61a7
 8001170:	6043      	str	r3, [r0, #4]
  htim10.Init.CounterMode = TIM_COUNTERMODE_UP;
 8001172:	2300      	movs	r3, #0
 8001174:	6083      	str	r3, [r0, #8]
  htim10.Init.Period = 29999;
 8001176:	f247 522f 	movw	r2, #29999	@ 0x752f
 800117a:	60c2      	str	r2, [r0, #12]
  htim10.Init.ClockDivision = TIM_CLOCKDIVISION_DIV1;
 800117c:	6103      	str	r3, [r0, #16]
  htim10.Init.AutoReloadPreload = TIM_AUTORELOAD_PRELOAD_DISABLE;
 800117e:	6183      	str	r3, [r0, #24]
  if (HAL_TIM_Base_Init(&htim10) != HAL_OK)
 8001180:	f003 f946 	bl	8004410 <HAL_TIM_Base_Init>
 8001184:	b900      	cbnz	r0, 8001188 <MX_TIM10_Init+0x24>
}
 8001186:	bd08      	pop	{r3, pc}
    Error_Handler();
 8001188:	f7ff ff3e 	bl	8001008 <Error_Handler>
 800118c:	2000038c 	.word	0x2000038c
 8001190:	40014400 	.word	0x40014400

08001194 <SystemClock_Config>:
{
 8001194:	b500      	push	{lr}
 8001196:	b095      	sub	sp, #84	@ 0x54
  RCC_OscInitTypeDef RCC_OscInitStruct = {0};
 8001198:	2230      	movs	r2, #48	@ 0x30
 800119a:	2100      	movs	r1, #0
 800119c:	a808      	add	r0, sp, #32
 800119e:	f003 fefa 	bl	8004f96 <memset>
  RCC_ClkInitTypeDef RCC_ClkInitStruct = {0};
 80011a2:	2300      	movs	r3, #0
 80011a4:	9303      	str	r3, [sp, #12]
 80011a6:	9304      	str	r3, [sp, #16]
 80011a8:	9305      	str	r3, [sp, #20]
 80011aa:	9306      	str	r3, [sp, #24]
 80011ac:	9307      	str	r3, [sp, #28]
  __HAL_RCC_PWR_CLK_ENABLE();
 80011ae:	9301      	str	r3, [sp, #4]
 80011b0:	4a1a      	ldr	r2, [pc, #104]	@ (800121c <SystemClock_Config+0x88>)
 80011b2:	6c11      	ldr	r1, [r2, #64]	@ 0x40
 80011b4:	f041 5180 	orr.w	r1, r1, #268435456	@ 0x10000000
 80011b8:	6411      	str	r1, [r2, #64]	@ 0x40
 80011ba:	6c12      	ldr	r2, [r2, #64]	@ 0x40
 80011bc:	f002 5280 	and.w	r2, r2, #268435456	@ 0x10000000
 80011c0:	9201      	str	r2, [sp, #4]
 80011c2:	9a01      	ldr	r2, [sp, #4]
  __HAL_PWR_VOLTAGESCALING_CONFIG(PWR_REGULATOR_VOLTAGE_SCALE2);
 80011c4:	9302      	str	r3, [sp, #8]
 80011c6:	4916      	ldr	r1, [pc, #88]	@ (8001220 <SystemClock_Config+0x8c>)
 80011c8:	680a      	ldr	r2, [r1, #0]
 80011ca:	f422 4240 	bic.w	r2, r2, #49152	@ 0xc000
 80011ce:	f442 4200 	orr.w	r2, r2, #32768	@ 0x8000
 80011d2:	600a      	str	r2, [r1, #0]
 80011d4:	680a      	ldr	r2, [r1, #0]
 80011d6:	f402 4240 	and.w	r2, r2, #49152	@ 0xc000
 80011da:	9202      	str	r2, [sp, #8]
 80011dc:	9a02      	ldr	r2, [sp, #8]
  RCC_OscInitStruct.OscillatorType = RCC_OSCILLATORTYPE_HSE;
 80011de:	2201      	movs	r2, #1
 80011e0:	9208      	str	r2, [sp, #32]
  RCC_OscInitStruct.HSEState = RCC_HSE_ON;
 80011e2:	f44f 3280 	mov.w	r2, #65536	@ 0x10000
 80011e6:	9209      	str	r2, [sp, #36]	@ 0x24
  RCC_OscInitStruct.PLL.PLLState = RCC_PLL_NONE;
 80011e8:	930e      	str	r3, [sp, #56]	@ 0x38
  if (HAL_RCC_OscConfig(&RCC_OscInitStruct) != HAL_OK)
 80011ea:	a808      	add	r0, sp, #32
 80011ec:	f002 f98e 	bl	800350c <HAL_RCC_OscConfig>
 80011f0:	b980      	cbnz	r0, 8001214 <SystemClock_Config+0x80>
  RCC_ClkInitStruct.ClockType = RCC_CLOCKTYPE_HCLK|RCC_CLOCKTYPE_SYSCLK
 80011f2:	230f      	movs	r3, #15
 80011f4:	9303      	str	r3, [sp, #12]
  RCC_ClkInitStruct.SYSCLKSource = RCC_SYSCLKSOURCE_HSE;
 80011f6:	2301      	movs	r3, #1
 80011f8:	9304      	str	r3, [sp, #16]
  RCC_ClkInitStruct.AHBCLKDivider = RCC_SYSCLK_DIV1;
 80011fa:	2100      	movs	r1, #0
 80011fc:	9105      	str	r1, [sp, #20]
  RCC_ClkInitStruct.APB1CLKDivider = RCC_HCLK_DIV1;
 80011fe:	9106      	str	r1, [sp, #24]
  RCC_ClkInitStruct.APB2CLKDivider = RCC_HCLK_DIV1;
 8001200:	9107      	str	r1, [sp, #28]
  if (HAL_RCC_ClockConfig(&RCC_ClkInitStruct, FLASH_LATENCY_0) != HAL_OK)
 8001202:	a803      	add	r0, sp, #12
 8001204:	f002 fbd8 	bl	80039b8 <HAL_RCC_ClockConfig>
 8001208:	b930      	cbnz	r0, 8001218 <SystemClock_Config+0x84>
  HAL_RCC_EnableCSS();
 800120a:	f002 fb7b 	bl	8003904 <HAL_RCC_EnableCSS>
}
 800120e:	b015      	add	sp, #84	@ 0x54
 8001210:	f85d fb04 	ldr.w	pc, [sp], #4
    Error_Handler();
 8001214:	f7ff fef8 	bl	8001008 <Error_Handler>
    Error_Handler();
 8001218:	f7ff fef6 	bl	8001008 <Error_Handler>
 800121c:	40023800 	.word	0x40023800
 8001220:	40007000 	.word	0x40007000

08001224 <main>:
{
 8001224:	b530      	push	{r4, r5, lr}
 8001226:	b08b      	sub	sp, #44	@ 0x2c
  HAL_Init();
 8001228:	f000 fae4 	bl	80017f4 <HAL_Init>
  SystemClock_Config();
 800122c:	f7ff ffb2 	bl	8001194 <SystemClock_Config>
  MX_GPIO_Init();
 8001230:	f7ff fbbc 	bl	80009ac <MX_GPIO_Init>
  MX_DMA_Init();
 8001234:	f7ff fc5a 	bl	8000aec <MX_DMA_Init>
  MX_I2C1_Init();
 8001238:	f7ff fee8 	bl	800100c <MX_I2C1_Init>
  MX_TIM11_Init();
 800123c:	f7ff ff02 	bl	8001044 <MX_TIM11_Init>
  MX_I2C2_Init();
 8001240:	f7ff ff18 	bl	8001074 <MX_I2C2_Init>
  MX_I2C3_Init();
 8001244:	f7ff ff32 	bl	80010ac <MX_I2C3_Init>
  MX_SPI1_Init();
 8001248:	f7ff ff4c 	bl	80010e4 <MX_SPI1_Init>
  MX_FATFS_Init();
 800124c:	f7ff fb58 	bl	8000900 <MX_FATFS_Init>
  MX_SPI2_Init();
 8001250:	f7ff ff68 	bl	8001124 <MX_SPI2_Init>
  MX_TIM10_Init();
 8001254:	f7ff ff86 	bl	8001164 <MX_TIM10_Init>
  SX1278_hw.dio0.port = Lora_IRQ_GPIO_Port;
 8001258:	4b6e      	ldr	r3, [pc, #440]	@ (8001414 <main+0x1f0>)
 800125a:	4a6f      	ldr	r2, [pc, #444]	@ (8001418 <main+0x1f4>)
 800125c:	60da      	str	r2, [r3, #12]
  SX1278_hw.dio0.pin = Lora_IRQ_Pin;
 800125e:	f44f 7100 	mov.w	r1, #512	@ 0x200
 8001262:	6099      	str	r1, [r3, #8]
  SX1278_hw.nss.port = Lora_CS_GPIO_Port;
 8001264:	496d      	ldr	r1, [pc, #436]	@ (800141c <main+0x1f8>)
 8001266:	6159      	str	r1, [r3, #20]
  SX1278_hw.nss.pin = Lora_CS_Pin;
 8001268:	f44f 5180 	mov.w	r1, #4096	@ 0x1000
 800126c:	6119      	str	r1, [r3, #16]
  SX1278_hw.reset.port = Lora_Reset_GPIO_Port;
 800126e:	605a      	str	r2, [r3, #4]
  SX1278_hw.reset.pin = Lora_Reset_Pin;
 8001270:	f44f 6280 	mov.w	r2, #1024	@ 0x400
 8001274:	601a      	str	r2, [r3, #0]
  SX1278_hw.spi = Lora_SPI;
 8001276:	4a6a      	ldr	r2, [pc, #424]	@ (8001420 <main+0x1fc>)
 8001278:	6812      	ldr	r2, [r2, #0]
 800127a:	619a      	str	r2, [r3, #24]
  SX1278.hw = &SX1278_hw;
 800127c:	4a69      	ldr	r2, [pc, #420]	@ (8001424 <main+0x200>)
 800127e:	6013      	str	r3, [r2, #0]
  LoRa_Init();
 8001280:	f7ff fe3e 	bl	8000f00 <LoRa_Init>
  OLED_Connected = !ssd1306_Init(Oled_I2C); // Initilise the Oled module
 8001284:	4b68      	ldr	r3, [pc, #416]	@ (8001428 <main+0x204>)
 8001286:	6818      	ldr	r0, [r3, #0]
 8001288:	f000 f94c 	bl	8001524 <ssd1306_Init>
 800128c:	fab0 f380 	clz	r3, r0
 8001290:	095b      	lsrs	r3, r3, #5
 8001292:	4a66      	ldr	r2, [pc, #408]	@ (800142c <main+0x208>)
 8001294:	7013      	strb	r3, [r2, #0]
  RTC_Connected = RTC_Detect();
 8001296:	f7ff fc43 	bl	8000b20 <RTC_Detect>
 800129a:	4b65      	ldr	r3, [pc, #404]	@ (8001430 <main+0x20c>)
 800129c:	7018      	strb	r0, [r3, #0]
  if (RTC_Connected) RTC_Set_Time_Once(RTC_I2C);
 800129e:	b940      	cbnz	r0, 80012b2 <main+0x8e>
  HAL_TIM_Base_Start_IT(LED_Tim); //Start the timer for the LED with interrupt mode
 80012a0:	4b64      	ldr	r3, [pc, #400]	@ (8001434 <main+0x210>)
 80012a2:	6818      	ldr	r0, [r3, #0]
 80012a4:	f002 ff72 	bl	800418c <HAL_TIM_Base_Start_IT>
  HAL_TIM_Base_Start_IT(Live_Tim);
 80012a8:	4b63      	ldr	r3, [pc, #396]	@ (8001438 <main+0x214>)
 80012aa:	6818      	ldr	r0, [r3, #0]
 80012ac:	f002 ff6e 	bl	800418c <HAL_TIM_Base_Start_IT>
  uint16_t Counter = 0;
 80012b0:	e063      	b.n	800137a <main+0x156>
  if (RTC_Connected) RTC_Set_Time_Once(RTC_I2C);
 80012b2:	4b62      	ldr	r3, [pc, #392]	@ (800143c <main+0x218>)
 80012b4:	6818      	ldr	r0, [r3, #0]
 80012b6:	f7ff fc43 	bl	8000b40 <RTC_Set_Time_Once>
 80012ba:	e7f1      	b.n	80012a0 <main+0x7c>
      curr_time = RTC_Get_Time(RTC_I2C);
 80012bc:	4b5f      	ldr	r3, [pc, #380]	@ (800143c <main+0x218>)
 80012be:	6818      	ldr	r0, [r3, #0]
 80012c0:	f7ff fd02 	bl	8000cc8 <RTC_Get_Time>
      time_t raw_time = (time_t)curr_time;
 80012c4:	9002      	str	r0, [sp, #8]
 80012c6:	2300      	movs	r3, #0
 80012c8:	9303      	str	r3, [sp, #12]
      tm_info = localtime(&raw_time);
 80012ca:	a802      	add	r0, sp, #8
 80012cc:	f003 fe7e 	bl	8004fcc <localtime>
 80012d0:	4603      	mov	r3, r0
      strftime(buffer, sizeof(buffer), "%d/%m/%y %H:%M:%S", tm_info);
 80012d2:	4a5b      	ldr	r2, [pc, #364]	@ (8001440 <main+0x21c>)
 80012d4:	2112      	movs	r1, #18
 80012d6:	a805      	add	r0, sp, #20
 80012d8:	f004 ff2c 	bl	8006134 <strftime>
      if (OLED_Connected)
 80012dc:	4b53      	ldr	r3, [pc, #332]	@ (800142c <main+0x208>)
 80012de:	781b      	ldrb	r3, [r3, #0]
 80012e0:	2b00      	cmp	r3, #0
 80012e2:	d04e      	beq.n	8001382 <main+0x15e>
        write_OLED(0,0,buffer);
 80012e4:	aa05      	add	r2, sp, #20
 80012e6:	2100      	movs	r1, #0
 80012e8:	4608      	mov	r0, r1
 80012ea:	f7ff fdbb 	bl	8000e64 <write_OLED>
 80012ee:	e048      	b.n	8001382 <main+0x15e>
      snprintf(count_buffer,sizeof(count_buffer),"%u",count);
 80012f0:	4c54      	ldr	r4, [pc, #336]	@ (8001444 <main+0x220>)
 80012f2:	4d55      	ldr	r5, [pc, #340]	@ (8001448 <main+0x224>)
 80012f4:	7823      	ldrb	r3, [r4, #0]
 80012f6:	4a55      	ldr	r2, [pc, #340]	@ (800144c <main+0x228>)
 80012f8:	2104      	movs	r1, #4
 80012fa:	4628      	mov	r0, r5
 80012fc:	f003 fdd0 	bl	8004ea0 <sniprintf>
      count = (~count)&0b1;
 8001300:	7823      	ldrb	r3, [r4, #0]
 8001302:	f083 0301 	eor.w	r3, r3, #1
 8001306:	f003 0301 	and.w	r3, r3, #1
 800130a:	7023      	strb	r3, [r4, #0]
      write_OLED(17,5,count_buffer);
 800130c:	462a      	mov	r2, r5
 800130e:	2105      	movs	r1, #5
 8001310:	2011      	movs	r0, #17
 8001312:	f7ff fda7 	bl	8000e64 <write_OLED>
 8001316:	e038      	b.n	800138a <main+0x166>
        LoRa_TX("TYPE:3,BOUY:0,BAT:3.99");
 8001318:	484d      	ldr	r0, [pc, #308]	@ (8001450 <main+0x22c>)
 800131a:	f7ff fe27 	bl	8000f6c <LoRa_TX>
 800131e:	e002      	b.n	8001326 <main+0x102>
        LoRa_TX("Other one");
 8001320:	484c      	ldr	r0, [pc, #304]	@ (8001454 <main+0x230>)
 8001322:	f7ff fe23 	bl	8000f6c <LoRa_TX>
      LoRa_RX_Flag = 0;
 8001326:	4b4c      	ldr	r3, [pc, #304]	@ (8001458 <main+0x234>)
 8001328:	2200      	movs	r2, #0
 800132a:	701a      	strb	r2, [r3, #0]
    if(OLED_Connected)
 800132c:	4b3f      	ldr	r3, [pc, #252]	@ (800142c <main+0x208>)
 800132e:	781b      	ldrb	r3, [r3, #0]
 8001330:	2b00      	cmp	r3, #0
 8001332:	d159      	bne.n	80013e8 <main+0x1c4>
    if (Atlas_Send_live)
 8001334:	4b49      	ldr	r3, [pc, #292]	@ (800145c <main+0x238>)
 8001336:	781b      	ldrb	r3, [r3, #0]
 8001338:	b1db      	cbz	r3, 8001372 <main+0x14e>
      snprintf(LoRa_TX_Buffer, sizeof(LoRa_TX_Buffer), "TYPE:1,BOUY:0,CHAMBER:1,DO:%s,RTD:%s", Atlas_Buffer_1,Atlas_Buffer_2); // Convert object to C-string
 800133a:	4c49      	ldr	r4, [pc, #292]	@ (8001460 <main+0x23c>)
 800133c:	4b49      	ldr	r3, [pc, #292]	@ (8001464 <main+0x240>)
 800133e:	9300      	str	r3, [sp, #0]
 8001340:	4b49      	ldr	r3, [pc, #292]	@ (8001468 <main+0x244>)
 8001342:	4a4a      	ldr	r2, [pc, #296]	@ (800146c <main+0x248>)
 8001344:	2164      	movs	r1, #100	@ 0x64
 8001346:	4620      	mov	r0, r4
 8001348:	f003 fdaa 	bl	8004ea0 <sniprintf>
      LoRa_TX(LoRa_TX_Buffer);
 800134c:	4620      	mov	r0, r4
 800134e:	f7ff fe0d 	bl	8000f6c <LoRa_TX>
      snprintf(count_buffer,sizeof(count_buffer),"%u",count);
 8001352:	4c3d      	ldr	r4, [pc, #244]	@ (8001448 <main+0x224>)
 8001354:	4b3b      	ldr	r3, [pc, #236]	@ (8001444 <main+0x220>)
 8001356:	781b      	ldrb	r3, [r3, #0]
 8001358:	4a3c      	ldr	r2, [pc, #240]	@ (800144c <main+0x228>)
 800135a:	2104      	movs	r1, #4
 800135c:	4620      	mov	r0, r4
 800135e:	f003 fd9f 	bl	8004ea0 <sniprintf>
      write_OLED(15,5,count_buffer);
 8001362:	4622      	mov	r2, r4
 8001364:	2105      	movs	r1, #5
 8001366:	200f      	movs	r0, #15
 8001368:	f7ff fd7c 	bl	8000e64 <write_OLED>
      Atlas_Send_live=0;
 800136c:	4b3b      	ldr	r3, [pc, #236]	@ (800145c <main+0x238>)
 800136e:	2200      	movs	r2, #0
 8001370:	701a      	strb	r2, [r3, #0]
    HAL_Delay(5000);
 8001372:	f241 3088 	movw	r0, #5000	@ 0x1388
 8001376:	f000 fa69 	bl	800184c <HAL_Delay>
    if (RTC_Connected)
 800137a:	4b2d      	ldr	r3, [pc, #180]	@ (8001430 <main+0x20c>)
 800137c:	781b      	ldrb	r3, [r3, #0]
 800137e:	2b00      	cmp	r3, #0
 8001380:	d19c      	bne.n	80012bc <main+0x98>
    if (OLED_Connected)
 8001382:	4b2a      	ldr	r3, [pc, #168]	@ (800142c <main+0x208>)
 8001384:	781b      	ldrb	r3, [r3, #0]
 8001386:	2b00      	cmp	r3, #0
 8001388:	d1b2      	bne.n	80012f0 <main+0xcc>
    snprintf(buffer,sizeof(buffer), "LoRa:%u",LoRa_Connected);
 800138a:	4b39      	ldr	r3, [pc, #228]	@ (8001470 <main+0x24c>)
 800138c:	781b      	ldrb	r3, [r3, #0]
 800138e:	4a39      	ldr	r2, [pc, #228]	@ (8001474 <main+0x250>)
 8001390:	2112      	movs	r1, #18
 8001392:	a805      	add	r0, sp, #20
 8001394:	f003 fd84 	bl	8004ea0 <sniprintf>
    write_OLED(0,1,buffer);
 8001398:	aa05      	add	r2, sp, #20
 800139a:	2101      	movs	r1, #1
 800139c:	2000      	movs	r0, #0
 800139e:	f7ff fd61 	bl	8000e64 <write_OLED>
    if(LoRa_RX_Flag&&OLED_Connected)
 80013a2:	4b2d      	ldr	r3, [pc, #180]	@ (8001458 <main+0x234>)
 80013a4:	781b      	ldrb	r3, [r3, #0]
 80013a6:	2b00      	cmp	r3, #0
 80013a8:	d0c0      	beq.n	800132c <main+0x108>
 80013aa:	4b20      	ldr	r3, [pc, #128]	@ (800142c <main+0x208>)
 80013ac:	781b      	ldrb	r3, [r3, #0]
 80013ae:	2b00      	cmp	r3, #0
 80013b0:	d0bc      	beq.n	800132c <main+0x108>
      write_OLED(0,4,"       ");
 80013b2:	4a31      	ldr	r2, [pc, #196]	@ (8001478 <main+0x254>)
 80013b4:	2104      	movs	r1, #4
 80013b6:	2000      	movs	r0, #0
 80013b8:	f7ff fd54 	bl	8000e64 <write_OLED>
      write_OLED(0,4,LoRa_RX_Buffer);
 80013bc:	4c2f      	ldr	r4, [pc, #188]	@ (800147c <main+0x258>)
 80013be:	4622      	mov	r2, r4
 80013c0:	2104      	movs	r1, #4
 80013c2:	2000      	movs	r0, #0
 80013c4:	f7ff fd4e 	bl	8000e64 <write_OLED>
      if(strcmp(LoRa_RX_Buffer,"CMD:BATTERY")==0)
 80013c8:	492d      	ldr	r1, [pc, #180]	@ (8001480 <main+0x25c>)
 80013ca:	4620      	mov	r0, r4
 80013cc:	f7fe fee8 	bl	80001a0 <strcmp>
 80013d0:	2800      	cmp	r0, #0
 80013d2:	d0a1      	beq.n	8001318 <main+0xf4>
      else if (strcmp(LoRa_RX_Buffer,"CMD:DATADUMP")==0)
 80013d4:	492b      	ldr	r1, [pc, #172]	@ (8001484 <main+0x260>)
 80013d6:	4829      	ldr	r0, [pc, #164]	@ (800147c <main+0x258>)
 80013d8:	f7fe fee2 	bl	80001a0 <strcmp>
 80013dc:	2800      	cmp	r0, #0
 80013de:	d19f      	bne.n	8001320 <main+0xfc>
        LoRa_TX("DataDUmp Respond");
 80013e0:	4829      	ldr	r0, [pc, #164]	@ (8001488 <main+0x264>)
 80013e2:	f7ff fdc3 	bl	8000f6c <LoRa_TX>
 80013e6:	e79e      	b.n	8001326 <main+0x102>
      Atlas_Read_Val(Atlas_Buffer_1,DO_1_Addr);
 80013e8:	4d1f      	ldr	r5, [pc, #124]	@ (8001468 <main+0x244>)
 80013ea:	21c2      	movs	r1, #194	@ 0xc2
 80013ec:	4628      	mov	r0, r5
 80013ee:	f7ff fcf3 	bl	8000dd8 <Atlas_Read_Val>
      Atlas_Read_Val(Atlas_Buffer_2,RTD_1_Addr);
 80013f2:	4c1c      	ldr	r4, [pc, #112]	@ (8001464 <main+0x240>)
 80013f4:	21cc      	movs	r1, #204	@ 0xcc
 80013f6:	4620      	mov	r0, r4
 80013f8:	f7ff fcee 	bl	8000dd8 <Atlas_Read_Val>
      write_OLED(0,2,Atlas_Buffer_1);
 80013fc:	462a      	mov	r2, r5
 80013fe:	2102      	movs	r1, #2
 8001400:	2000      	movs	r0, #0
 8001402:	f7ff fd2f 	bl	8000e64 <write_OLED>
      write_OLED(0,3,Atlas_Buffer_2);
 8001406:	4622      	mov	r2, r4
 8001408:	2103      	movs	r1, #3
 800140a:	2000      	movs	r0, #0
 800140c:	f7ff fd2a 	bl	8000e64 <write_OLED>
 8001410:	e790      	b.n	8001334 <main+0x110>
 8001412:	bf00      	nop
 8001414:	20000328 	.word	0x20000328
 8001418:	40020000 	.word	0x40020000
 800141c:	40020400 	.word	0x40020400
 8001420:	20000010 	.word	0x20000010
 8001424:	20000210 	.word	0x20000210
 8001428:	20000018 	.word	0x20000018
 800142c:	2000013a 	.word	0x2000013a
 8001430:	20000139 	.word	0x20000139
 8001434:	2000000c 	.word	0x2000000c
 8001438:	20000008 	.word	0x20000008
 800143c:	20000014 	.word	0x20000014
 8001440:	08008de4 	.word	0x08008de4
 8001444:	2000016c 	.word	0x2000016c
 8001448:	20000168 	.word	0x20000168
 800144c:	08008df8 	.word	0x08008df8
 8001450:	08008e18 	.word	0x08008e18
 8001454:	08008e54 	.word	0x08008e54
 8001458:	2000013b 	.word	0x2000013b
 800145c:	20000138 	.word	0x20000138
 8001460:	20000170 	.word	0x20000170
 8001464:	20000140 	.word	0x20000140
 8001468:	20000154 	.word	0x20000154
 800146c:	08008e60 	.word	0x08008e60
 8001470:	2000013c 	.word	0x2000013c
 8001474:	08008dfc 	.word	0x08008dfc
 8001478:	08008e04 	.word	0x08008e04
 800147c:	200001d8 	.word	0x200001d8
 8001480:	08008e0c 	.word	0x08008e0c
 8001484:	08008e30 	.word	0x08008e30
 8001488:	08008e40 	.word	0x08008e40

0800148c <ssd1306_WriteCommand>:

//
//  Send a byte to the command register
//
static uint8_t ssd1306_WriteCommand(I2C_HandleTypeDef *hi2c, uint8_t command)
{
 800148c:	b500      	push	{lr}
 800148e:	b087      	sub	sp, #28
 8001490:	f88d 1017 	strb.w	r1, [sp, #23]
    return HAL_I2C_Mem_Write(hi2c, SSD1306_I2C_ADDR, 0x00, 1, &command, 1, 10);
 8001494:	230a      	movs	r3, #10
 8001496:	9302      	str	r3, [sp, #8]
 8001498:	2301      	movs	r3, #1
 800149a:	9301      	str	r3, [sp, #4]
 800149c:	f10d 0217 	add.w	r2, sp, #23
 80014a0:	9200      	str	r2, [sp, #0]
 80014a2:	2200      	movs	r2, #0
 80014a4:	2178      	movs	r1, #120	@ 0x78
 80014a6:	f001 fbb1 	bl	8002c0c <HAL_I2C_Mem_Write>
}
 80014aa:	b007      	add	sp, #28
 80014ac:	f85d fb04 	ldr.w	pc, [sp], #4

080014b0 <ssd1306_Fill>:
void ssd1306_Fill(SSD1306_COLOR color)
{
    // Fill screenbuffer with a constant value (color)
    uint32_t i;

    for(i = 0; i < sizeof(SSD1306_Buffer); i++)
 80014b0:	2300      	movs	r3, #0
 80014b2:	e003      	b.n	80014bc <ssd1306_Fill+0xc>
    {
        SSD1306_Buffer[i] = (color == Black) ? 0x00 : 0xFF;
 80014b4:	21ff      	movs	r1, #255	@ 0xff
 80014b6:	4a05      	ldr	r2, [pc, #20]	@ (80014cc <ssd1306_Fill+0x1c>)
 80014b8:	54d1      	strb	r1, [r2, r3]
    for(i = 0; i < sizeof(SSD1306_Buffer); i++)
 80014ba:	3301      	adds	r3, #1
 80014bc:	f5b3 6f80 	cmp.w	r3, #1024	@ 0x400
 80014c0:	d203      	bcs.n	80014ca <ssd1306_Fill+0x1a>
        SSD1306_Buffer[i] = (color == Black) ? 0x00 : 0xFF;
 80014c2:	2800      	cmp	r0, #0
 80014c4:	d1f6      	bne.n	80014b4 <ssd1306_Fill+0x4>
 80014c6:	4601      	mov	r1, r0
 80014c8:	e7f5      	b.n	80014b6 <ssd1306_Fill+0x6>
    }
}
 80014ca:	4770      	bx	lr
 80014cc:	200005e8 	.word	0x200005e8

080014d0 <ssd1306_UpdateScreen>:

//
//  Write the screenbuffer with changed to the screen
//
void ssd1306_UpdateScreen(I2C_HandleTypeDef *hi2c)
{
 80014d0:	b530      	push	{r4, r5, lr}
 80014d2:	b085      	sub	sp, #20
 80014d4:	4605      	mov	r5, r0
    uint8_t i;

    for (i = 0; i < 8; i++) {
 80014d6:	2400      	movs	r4, #0
 80014d8:	e01d      	b.n	8001516 <ssd1306_UpdateScreen+0x46>
        ssd1306_WriteCommand(hi2c, 0xB0 + i);
 80014da:	f1a4 0150 	sub.w	r1, r4, #80	@ 0x50
 80014de:	b2c9      	uxtb	r1, r1
 80014e0:	4628      	mov	r0, r5
 80014e2:	f7ff ffd3 	bl	800148c <ssd1306_WriteCommand>
        ssd1306_WriteCommand(hi2c, 0x00);
 80014e6:	2100      	movs	r1, #0
 80014e8:	4628      	mov	r0, r5
 80014ea:	f7ff ffcf 	bl	800148c <ssd1306_WriteCommand>
        ssd1306_WriteCommand(hi2c, 0x10);
 80014ee:	2110      	movs	r1, #16
 80014f0:	4628      	mov	r0, r5
 80014f2:	f7ff ffcb 	bl	800148c <ssd1306_WriteCommand>

        HAL_I2C_Mem_Write(hi2c, SSD1306_I2C_ADDR, 0x40, 1, &SSD1306_Buffer[SSD1306_WIDTH * i], SSD1306_WIDTH, 100);
 80014f6:	2364      	movs	r3, #100	@ 0x64
 80014f8:	9302      	str	r3, [sp, #8]
 80014fa:	2380      	movs	r3, #128	@ 0x80
 80014fc:	9301      	str	r3, [sp, #4]
 80014fe:	4b08      	ldr	r3, [pc, #32]	@ (8001520 <ssd1306_UpdateScreen+0x50>)
 8001500:	eb03 13c4 	add.w	r3, r3, r4, lsl #7
 8001504:	9300      	str	r3, [sp, #0]
 8001506:	2301      	movs	r3, #1
 8001508:	2240      	movs	r2, #64	@ 0x40
 800150a:	2178      	movs	r1, #120	@ 0x78
 800150c:	4628      	mov	r0, r5
 800150e:	f001 fb7d 	bl	8002c0c <HAL_I2C_Mem_Write>
    for (i = 0; i < 8; i++) {
 8001512:	3401      	adds	r4, #1
 8001514:	b2e4      	uxtb	r4, r4
 8001516:	2c07      	cmp	r4, #7
 8001518:	d9df      	bls.n	80014da <ssd1306_UpdateScreen+0xa>
    }
}
 800151a:	b005      	add	sp, #20
 800151c:	bd30      	pop	{r4, r5, pc}
 800151e:	bf00      	nop
 8001520:	200005e8 	.word	0x200005e8

08001524 <ssd1306_Init>:
{
 8001524:	b538      	push	{r3, r4, r5, lr}
 8001526:	4604      	mov	r4, r0
    HAL_Delay(100);
 8001528:	2064      	movs	r0, #100	@ 0x64
 800152a:	f000 f98f 	bl	800184c <HAL_Delay>
    status += ssd1306_WriteCommand(hi2c, 0xAE);   // Display off
 800152e:	21ae      	movs	r1, #174	@ 0xae
 8001530:	4620      	mov	r0, r4
 8001532:	f7ff ffab 	bl	800148c <ssd1306_WriteCommand>
 8001536:	4605      	mov	r5, r0
    status += ssd1306_WriteCommand(hi2c, 0x20);   // Set Memory Addressing Mode
 8001538:	2120      	movs	r1, #32
 800153a:	4620      	mov	r0, r4
 800153c:	f7ff ffa6 	bl	800148c <ssd1306_WriteCommand>
 8001540:	4405      	add	r5, r0
    status += ssd1306_WriteCommand(hi2c, 0x10);   // 00,Horizontal Addressing Mode;01,Vertical Addressing Mode;10,Page Addressing Mode (RESET);11,Invalid
 8001542:	2110      	movs	r1, #16
 8001544:	4620      	mov	r0, r4
 8001546:	f7ff ffa1 	bl	800148c <ssd1306_WriteCommand>
 800154a:	4405      	add	r5, r0
    status += ssd1306_WriteCommand(hi2c, 0xB0);   // Set Page Start Address for Page Addressing Mode,0-7
 800154c:	21b0      	movs	r1, #176	@ 0xb0
 800154e:	4620      	mov	r0, r4
 8001550:	f7ff ff9c 	bl	800148c <ssd1306_WriteCommand>
 8001554:	4405      	add	r5, r0
    status += ssd1306_WriteCommand(hi2c, 0xC8);   // Set COM Output Scan Direction
 8001556:	21c8      	movs	r1, #200	@ 0xc8
 8001558:	4620      	mov	r0, r4
 800155a:	f7ff ff97 	bl	800148c <ssd1306_WriteCommand>
 800155e:	4405      	add	r5, r0
    status += ssd1306_WriteCommand(hi2c, 0x00);   // Set low column address
 8001560:	2100      	movs	r1, #0
 8001562:	4620      	mov	r0, r4
 8001564:	f7ff ff92 	bl	800148c <ssd1306_WriteCommand>
 8001568:	4405      	add	r5, r0
    status += ssd1306_WriteCommand(hi2c, 0x10);   // Set high column address
 800156a:	2110      	movs	r1, #16
 800156c:	4620      	mov	r0, r4
 800156e:	f7ff ff8d 	bl	800148c <ssd1306_WriteCommand>
 8001572:	4405      	add	r5, r0
    status += ssd1306_WriteCommand(hi2c, 0x40);   // Set start line address
 8001574:	2140      	movs	r1, #64	@ 0x40
 8001576:	4620      	mov	r0, r4
 8001578:	f7ff ff88 	bl	800148c <ssd1306_WriteCommand>
 800157c:	4405      	add	r5, r0
    status += ssd1306_WriteCommand(hi2c, 0x81);   // set contrast control register
 800157e:	2181      	movs	r1, #129	@ 0x81
 8001580:	4620      	mov	r0, r4
 8001582:	f7ff ff83 	bl	800148c <ssd1306_WriteCommand>
 8001586:	4405      	add	r5, r0
    status += ssd1306_WriteCommand(hi2c, 0xFF);
 8001588:	21ff      	movs	r1, #255	@ 0xff
 800158a:	4620      	mov	r0, r4
 800158c:	f7ff ff7e 	bl	800148c <ssd1306_WriteCommand>
 8001590:	4405      	add	r5, r0
    status += ssd1306_WriteCommand(hi2c, 0xA1);   // Set segment re-map 0 to 127
 8001592:	21a1      	movs	r1, #161	@ 0xa1
 8001594:	4620      	mov	r0, r4
 8001596:	f7ff ff79 	bl	800148c <ssd1306_WriteCommand>
 800159a:	4405      	add	r5, r0
    status += ssd1306_WriteCommand(hi2c, 0xA6);   // Set normal display
 800159c:	21a6      	movs	r1, #166	@ 0xa6
 800159e:	4620      	mov	r0, r4
 80015a0:	f7ff ff74 	bl	800148c <ssd1306_WriteCommand>
 80015a4:	4405      	add	r5, r0
    status += ssd1306_WriteCommand(hi2c, 0xA8);   // Set multiplex ratio(1 to 64)
 80015a6:	21a8      	movs	r1, #168	@ 0xa8
 80015a8:	4620      	mov	r0, r4
 80015aa:	f7ff ff6f 	bl	800148c <ssd1306_WriteCommand>
 80015ae:	4405      	add	r5, r0
    status += ssd1306_WriteCommand(hi2c, SSD1306_HEIGHT - 1);
 80015b0:	213f      	movs	r1, #63	@ 0x3f
 80015b2:	4620      	mov	r0, r4
 80015b4:	f7ff ff6a 	bl	800148c <ssd1306_WriteCommand>
 80015b8:	4405      	add	r5, r0
    status += ssd1306_WriteCommand(hi2c, 0xA4);   // 0xa4,Output follows RAM content;0xa5,Output ignores RAM content
 80015ba:	21a4      	movs	r1, #164	@ 0xa4
 80015bc:	4620      	mov	r0, r4
 80015be:	f7ff ff65 	bl	800148c <ssd1306_WriteCommand>
 80015c2:	4405      	add	r5, r0
    status += ssd1306_WriteCommand(hi2c, 0xD3);   // Set display offset
 80015c4:	21d3      	movs	r1, #211	@ 0xd3
 80015c6:	4620      	mov	r0, r4
 80015c8:	f7ff ff60 	bl	800148c <ssd1306_WriteCommand>
 80015cc:	4405      	add	r5, r0
    status += ssd1306_WriteCommand(hi2c, 0x00);   // No offset
 80015ce:	2100      	movs	r1, #0
 80015d0:	4620      	mov	r0, r4
 80015d2:	f7ff ff5b 	bl	800148c <ssd1306_WriteCommand>
 80015d6:	4405      	add	r5, r0
    status += ssd1306_WriteCommand(hi2c, 0xD5);   // Set display clock divide ratio/oscillator frequency
 80015d8:	21d5      	movs	r1, #213	@ 0xd5
 80015da:	4620      	mov	r0, r4
 80015dc:	f7ff ff56 	bl	800148c <ssd1306_WriteCommand>
 80015e0:	4405      	add	r5, r0
    status += ssd1306_WriteCommand(hi2c, 0xF0);   // Set divide ratio
 80015e2:	21f0      	movs	r1, #240	@ 0xf0
 80015e4:	4620      	mov	r0, r4
 80015e6:	f7ff ff51 	bl	800148c <ssd1306_WriteCommand>
 80015ea:	4405      	add	r5, r0
    status += ssd1306_WriteCommand(hi2c, 0xD9);   // Set pre-charge period
 80015ec:	21d9      	movs	r1, #217	@ 0xd9
 80015ee:	4620      	mov	r0, r4
 80015f0:	f7ff ff4c 	bl	800148c <ssd1306_WriteCommand>
 80015f4:	4405      	add	r5, r0
    status += ssd1306_WriteCommand(hi2c, 0x22);
 80015f6:	2122      	movs	r1, #34	@ 0x22
 80015f8:	4620      	mov	r0, r4
 80015fa:	f7ff ff47 	bl	800148c <ssd1306_WriteCommand>
 80015fe:	4405      	add	r5, r0
    status += ssd1306_WriteCommand(hi2c, 0xDA);   // Set com pins hardware configuration
 8001600:	21da      	movs	r1, #218	@ 0xda
 8001602:	4620      	mov	r0, r4
 8001604:	f7ff ff42 	bl	800148c <ssd1306_WriteCommand>
 8001608:	4405      	add	r5, r0
    status += ssd1306_WriteCommand(hi2c, SSD1306_COM_LR_REMAP << 5 | SSD1306_COM_ALTERNATIVE_PIN_CONFIG << 4 | 0x02);   
 800160a:	2112      	movs	r1, #18
 800160c:	4620      	mov	r0, r4
 800160e:	f7ff ff3d 	bl	800148c <ssd1306_WriteCommand>
 8001612:	4405      	add	r5, r0
    status += ssd1306_WriteCommand(hi2c, 0xDB);   // Set vcomh
 8001614:	21db      	movs	r1, #219	@ 0xdb
 8001616:	4620      	mov	r0, r4
 8001618:	f7ff ff38 	bl	800148c <ssd1306_WriteCommand>
 800161c:	4405      	add	r5, r0
    status += ssd1306_WriteCommand(hi2c, 0x20);   // 0x20,0.77xVcc
 800161e:	2120      	movs	r1, #32
 8001620:	4620      	mov	r0, r4
 8001622:	f7ff ff33 	bl	800148c <ssd1306_WriteCommand>
 8001626:	4405      	add	r5, r0
    status += ssd1306_WriteCommand(hi2c, 0x8D);   // Set DC-DC enable
 8001628:	218d      	movs	r1, #141	@ 0x8d
 800162a:	4620      	mov	r0, r4
 800162c:	f7ff ff2e 	bl	800148c <ssd1306_WriteCommand>
 8001630:	4405      	add	r5, r0
    status += ssd1306_WriteCommand(hi2c, 0x14);   //
 8001632:	2114      	movs	r1, #20
 8001634:	4620      	mov	r0, r4
 8001636:	f7ff ff29 	bl	800148c <ssd1306_WriteCommand>
 800163a:	4405      	add	r5, r0
    status += ssd1306_WriteCommand(hi2c, 0xAF);   // Turn on SSD1306 panel
 800163c:	21af      	movs	r1, #175	@ 0xaf
 800163e:	4620      	mov	r0, r4
 8001640:	f7ff ff24 	bl	800148c <ssd1306_WriteCommand>
    if (status != 0) {
 8001644:	42e8      	cmn	r0, r5
 8001646:	d001      	beq.n	800164c <ssd1306_Init+0x128>
        return 1;
 8001648:	2001      	movs	r0, #1
}
 800164a:	bd38      	pop	{r3, r4, r5, pc}
    ssd1306_Fill(Black);
 800164c:	2000      	movs	r0, #0
 800164e:	f7ff ff2f 	bl	80014b0 <ssd1306_Fill>
    ssd1306_UpdateScreen(hi2c);
 8001652:	4620      	mov	r0, r4
 8001654:	f7ff ff3c 	bl	80014d0 <ssd1306_UpdateScreen>
    SSD1306.CurrentX = 0;
 8001658:	4b03      	ldr	r3, [pc, #12]	@ (8001668 <ssd1306_Init+0x144>)
 800165a:	2000      	movs	r0, #0
 800165c:	8018      	strh	r0, [r3, #0]
    SSD1306.CurrentY = 0;
 800165e:	8058      	strh	r0, [r3, #2]
    SSD1306.Initialized = 1;
 8001660:	2201      	movs	r2, #1
 8001662:	715a      	strb	r2, [r3, #5]
    return 0;
 8001664:	e7f1      	b.n	800164a <ssd1306_Init+0x126>
 8001666:	bf00      	nop
 8001668:	200005e0 	.word	0x200005e0

0800166c <ssd1306_DrawPixel>:
//  Y => Y Coordinate
//  color => Pixel color
//
void ssd1306_DrawPixel(uint8_t x, uint8_t y, SSD1306_COLOR color)
{
    if (x >= SSD1306_WIDTH || y >= SSD1306_HEIGHT)
 800166c:	f010 0f80 	tst.w	r0, #128	@ 0x80
 8001670:	d125      	bne.n	80016be <ssd1306_DrawPixel+0x52>
 8001672:	293f      	cmp	r1, #63	@ 0x3f
 8001674:	d823      	bhi.n	80016be <ssd1306_DrawPixel+0x52>
{
 8001676:	b410      	push	{r4}
        // Don't write outside the buffer
        return;
    }

    // Check if pixel should be inverted
    if (SSD1306.Inverted)
 8001678:	4b11      	ldr	r3, [pc, #68]	@ (80016c0 <ssd1306_DrawPixel+0x54>)
 800167a:	791b      	ldrb	r3, [r3, #4]
 800167c:	b113      	cbz	r3, 8001684 <ssd1306_DrawPixel+0x18>
    {
        color = (SSD1306_COLOR)!color;
 800167e:	fab2 f282 	clz	r2, r2
 8001682:	0952      	lsrs	r2, r2, #5
    }

    // Draw in the correct color
    if (color == White)
 8001684:	2a01      	cmp	r2, #1
 8001686:	d00f      	beq.n	80016a8 <ssd1306_DrawPixel+0x3c>
    {
        SSD1306_Buffer[x + (y / 8) * SSD1306_WIDTH] |= 1 << (y % 8);
    }
    else
    {
        SSD1306_Buffer[x + (y / 8) * SSD1306_WIDTH] &= ~(1 << (y % 8));
 8001688:	08cb      	lsrs	r3, r1, #3
 800168a:	eb00 10c3 	add.w	r0, r0, r3, lsl #7
 800168e:	4c0d      	ldr	r4, [pc, #52]	@ (80016c4 <ssd1306_DrawPixel+0x58>)
 8001690:	5c22      	ldrb	r2, [r4, r0]
 8001692:	f001 0107 	and.w	r1, r1, #7
 8001696:	2301      	movs	r3, #1
 8001698:	408b      	lsls	r3, r1
 800169a:	43db      	mvns	r3, r3
 800169c:	b25b      	sxtb	r3, r3
 800169e:	4013      	ands	r3, r2
 80016a0:	5423      	strb	r3, [r4, r0]
    }
}
 80016a2:	f85d 4b04 	ldr.w	r4, [sp], #4
 80016a6:	4770      	bx	lr
        SSD1306_Buffer[x + (y / 8) * SSD1306_WIDTH] |= 1 << (y % 8);
 80016a8:	08cb      	lsrs	r3, r1, #3
 80016aa:	eb00 10c3 	add.w	r0, r0, r3, lsl #7
 80016ae:	4c05      	ldr	r4, [pc, #20]	@ (80016c4 <ssd1306_DrawPixel+0x58>)
 80016b0:	5c23      	ldrb	r3, [r4, r0]
 80016b2:	f001 0107 	and.w	r1, r1, #7
 80016b6:	408a      	lsls	r2, r1
 80016b8:	4313      	orrs	r3, r2
 80016ba:	5423      	strb	r3, [r4, r0]
 80016bc:	e7f1      	b.n	80016a2 <ssd1306_DrawPixel+0x36>
 80016be:	4770      	bx	lr
 80016c0:	200005e0 	.word	0x200005e0
 80016c4:	200005e8 	.word	0x200005e8

080016c8 <ssd1306_WriteChar>:
//  ch      => Character to write
//  Font    => Font to use
//  color   => Black or White
//
char ssd1306_WriteChar(char ch, FontDef Font, SSD1306_COLOR color)
{
 80016c8:	e92d 47f0 	stmdb	sp!, {r4, r5, r6, r7, r8, r9, sl, lr}
 80016cc:	b082      	sub	sp, #8
 80016ce:	4681      	mov	r9, r0
 80016d0:	a802      	add	r0, sp, #8
 80016d2:	e900 0006 	stmdb	r0, {r1, r2}
 80016d6:	4698      	mov	r8, r3
    uint32_t i, b, j;

    // Check remaining space on current line
    if (SSD1306_WIDTH <= (SSD1306.CurrentX + Font.FontWidth) ||
 80016d8:	4b23      	ldr	r3, [pc, #140]	@ (8001768 <ssd1306_WriteChar+0xa0>)
 80016da:	881b      	ldrh	r3, [r3, #0]
 80016dc:	f89d 6000 	ldrb.w	r6, [sp]
 80016e0:	4433      	add	r3, r6
 80016e2:	2b7f      	cmp	r3, #127	@ 0x7f
 80016e4:	dc3b      	bgt.n	800175e <ssd1306_WriteChar+0x96>
        SSD1306_HEIGHT <= (SSD1306.CurrentY + Font.FontHeight))
 80016e6:	4b20      	ldr	r3, [pc, #128]	@ (8001768 <ssd1306_WriteChar+0xa0>)
 80016e8:	885b      	ldrh	r3, [r3, #2]
 80016ea:	f89d a001 	ldrb.w	sl, [sp, #1]
 80016ee:	4453      	add	r3, sl
    if (SSD1306_WIDTH <= (SSD1306.CurrentX + Font.FontWidth) ||
 80016f0:	2b3f      	cmp	r3, #63	@ 0x3f
 80016f2:	dc36      	bgt.n	8001762 <ssd1306_WriteChar+0x9a>
        // Not enough space on current line
        return 0;
    }

    // Translate font to screenbuffer
    for (i = 0; i < Font.FontHeight; i++)
 80016f4:	2500      	movs	r5, #0
 80016f6:	e01f      	b.n	8001738 <ssd1306_WriteChar+0x70>
            {
                ssd1306_DrawPixel(SSD1306.CurrentX + j, (SSD1306.CurrentY + i), (SSD1306_COLOR) color);
            }
            else
            {
                ssd1306_DrawPixel(SSD1306.CurrentX + j, (SSD1306.CurrentY + i), (SSD1306_COLOR)!color);
 80016f8:	4b1b      	ldr	r3, [pc, #108]	@ (8001768 <ssd1306_WriteChar+0xa0>)
 80016fa:	8818      	ldrh	r0, [r3, #0]
 80016fc:	8859      	ldrh	r1, [r3, #2]
 80016fe:	4429      	add	r1, r5
 8001700:	4420      	add	r0, r4
 8001702:	fab8 f288 	clz	r2, r8
 8001706:	0952      	lsrs	r2, r2, #5
 8001708:	b2c9      	uxtb	r1, r1
 800170a:	b2c0      	uxtb	r0, r0
 800170c:	f7ff ffae 	bl	800166c <ssd1306_DrawPixel>
        for (j = 0; j < Font.FontWidth; j++)
 8001710:	3401      	adds	r4, #1
 8001712:	42a6      	cmp	r6, r4
 8001714:	d90f      	bls.n	8001736 <ssd1306_WriteChar+0x6e>
            if ((b << j) & 0x8000)
 8001716:	fa07 f304 	lsl.w	r3, r7, r4
 800171a:	f413 4f00 	tst.w	r3, #32768	@ 0x8000
 800171e:	d0eb      	beq.n	80016f8 <ssd1306_WriteChar+0x30>
                ssd1306_DrawPixel(SSD1306.CurrentX + j, (SSD1306.CurrentY + i), (SSD1306_COLOR) color);
 8001720:	4b11      	ldr	r3, [pc, #68]	@ (8001768 <ssd1306_WriteChar+0xa0>)
 8001722:	8818      	ldrh	r0, [r3, #0]
 8001724:	8859      	ldrh	r1, [r3, #2]
 8001726:	4429      	add	r1, r5
 8001728:	4420      	add	r0, r4
 800172a:	4642      	mov	r2, r8
 800172c:	b2c9      	uxtb	r1, r1
 800172e:	b2c0      	uxtb	r0, r0
 8001730:	f7ff ff9c 	bl	800166c <ssd1306_DrawPixel>
 8001734:	e7ec      	b.n	8001710 <ssd1306_WriteChar+0x48>
    for (i = 0; i < Font.FontHeight; i++)
 8001736:	3501      	adds	r5, #1
 8001738:	45aa      	cmp	sl, r5
 800173a:	d908      	bls.n	800174e <ssd1306_WriteChar+0x86>
        b = Font.data[(ch - 32) * Font.FontHeight + i];
 800173c:	f1a9 0320 	sub.w	r3, r9, #32
 8001740:	fb03 530a 	mla	r3, r3, sl, r5
 8001744:	9a01      	ldr	r2, [sp, #4]
 8001746:	f832 7013 	ldrh.w	r7, [r2, r3, lsl #1]
        for (j = 0; j < Font.FontWidth; j++)
 800174a:	2400      	movs	r4, #0
 800174c:	e7e1      	b.n	8001712 <ssd1306_WriteChar+0x4a>
            }
        }
    }

    // The current space is now taken
    SSD1306.CurrentX += Font.FontWidth;
 800174e:	4a06      	ldr	r2, [pc, #24]	@ (8001768 <ssd1306_WriteChar+0xa0>)
 8001750:	8813      	ldrh	r3, [r2, #0]
 8001752:	4433      	add	r3, r6
 8001754:	8013      	strh	r3, [r2, #0]

    // Return written char for validation
    return ch;
 8001756:	4648      	mov	r0, r9
}
 8001758:	b002      	add	sp, #8
 800175a:	e8bd 87f0 	ldmia.w	sp!, {r4, r5, r6, r7, r8, r9, sl, pc}
        return 0;
 800175e:	2000      	movs	r0, #0
 8001760:	e7fa      	b.n	8001758 <ssd1306_WriteChar+0x90>
 8001762:	2000      	movs	r0, #0
 8001764:	e7f8      	b.n	8001758 <ssd1306_WriteChar+0x90>
 8001766:	bf00      	nop
 8001768:	200005e0 	.word	0x200005e0

0800176c <ssd1306_WriteString>:

//
//  Write full string to screenbuffer
//
char ssd1306_WriteString(const char* str, FontDef Font, SSD1306_COLOR color)
{
 800176c:	b530      	push	{r4, r5, lr}
 800176e:	b083      	sub	sp, #12
 8001770:	4604      	mov	r4, r0
 8001772:	a802      	add	r0, sp, #8
 8001774:	e900 0006 	stmdb	r0, {r1, r2}
 8001778:	461d      	mov	r5, r3
    // Write until null-byte
    while (*str)
 800177a:	e000      	b.n	800177e <ssd1306_WriteString+0x12>
            // Char could not be written
            return *str;
        }

        // Next char
        str++;
 800177c:	3401      	adds	r4, #1
    while (*str)
 800177e:	7820      	ldrb	r0, [r4, #0]
 8001780:	b148      	cbz	r0, 8001796 <ssd1306_WriteString+0x2a>
        if (ssd1306_WriteChar(*str, Font, color) != *str)
 8001782:	462b      	mov	r3, r5
 8001784:	aa02      	add	r2, sp, #8
 8001786:	e912 0006 	ldmdb	r2, {r1, r2}
 800178a:	f7ff ff9d 	bl	80016c8 <ssd1306_WriteChar>
 800178e:	4602      	mov	r2, r0
 8001790:	7820      	ldrb	r0, [r4, #0]
 8001792:	4282      	cmp	r2, r0
 8001794:	d0f2      	beq.n	800177c <ssd1306_WriteString+0x10>
    }

    // Everything ok
    return *str;
}
 8001796:	b003      	add	sp, #12
 8001798:	bd30      	pop	{r4, r5, pc}
	...

0800179c <ssd1306_SetCursor>:
//
//  Set cursor position
//
void ssd1306_SetCursor(uint8_t x, uint8_t y)
{
    SSD1306.CurrentX = x;
 800179c:	4b01      	ldr	r3, [pc, #4]	@ (80017a4 <ssd1306_SetCursor+0x8>)
 800179e:	8018      	strh	r0, [r3, #0]
    SSD1306.CurrentY = y;
 80017a0:	8059      	strh	r1, [r3, #2]
}
 80017a2:	4770      	bx	lr
 80017a4:	200005e0 	.word	0x200005e0

080017a8 <HAL_InitTick>:
  *       implementation  in user file.
  * @param TickPriority Tick interrupt priority.
  * @retval HAL status
  */
__weak HAL_StatusTypeDef HAL_InitTick(uint32_t TickPriority)
{
 80017a8:	b510      	push	{r4, lr}
 80017aa:	4604      	mov	r4, r0
  /* Configure the SysTick to have interrupt in 1ms time basis*/
  if (HAL_SYSTICK_Config(SystemCoreClock / (1000U / uwTickFreq)) > 0U)
 80017ac:	4b0e      	ldr	r3, [pc, #56]	@ (80017e8 <HAL_InitTick+0x40>)
 80017ae:	781a      	ldrb	r2, [r3, #0]
 80017b0:	f44f 737a 	mov.w	r3, #1000	@ 0x3e8
 80017b4:	fbb3 f3f2 	udiv	r3, r3, r2
 80017b8:	4a0c      	ldr	r2, [pc, #48]	@ (80017ec <HAL_InitTick+0x44>)
 80017ba:	6810      	ldr	r0, [r2, #0]
 80017bc:	fbb0 f0f3 	udiv	r0, r0, r3
 80017c0:	f000 f8c0 	bl	8001944 <HAL_SYSTICK_Config>
 80017c4:	b968      	cbnz	r0, 80017e2 <HAL_InitTick+0x3a>
  {
    return HAL_ERROR;
  }

  /* Configure the SysTick IRQ priority */
  if (TickPriority < (1UL << __NVIC_PRIO_BITS))
 80017c6:	2c0f      	cmp	r4, #15
 80017c8:	d901      	bls.n	80017ce <HAL_InitTick+0x26>
    HAL_NVIC_SetPriority(SysTick_IRQn, TickPriority, 0U);
    uwTickPrio = TickPriority;
  }
  else
  {
    return HAL_ERROR;
 80017ca:	2001      	movs	r0, #1
 80017cc:	e00a      	b.n	80017e4 <HAL_InitTick+0x3c>
    HAL_NVIC_SetPriority(SysTick_IRQn, TickPriority, 0U);
 80017ce:	2200      	movs	r2, #0
 80017d0:	4621      	mov	r1, r4
 80017d2:	f04f 30ff 	mov.w	r0, #4294967295
 80017d6:	f000 f8a1 	bl	800191c <HAL_NVIC_SetPriority>
    uwTickPrio = TickPriority;
 80017da:	4b05      	ldr	r3, [pc, #20]	@ (80017f0 <HAL_InitTick+0x48>)
 80017dc:	601c      	str	r4, [r3, #0]
  }

  /* Return function status */
  return HAL_OK;
 80017de:	2000      	movs	r0, #0
 80017e0:	e000      	b.n	80017e4 <HAL_InitTick+0x3c>
    return HAL_ERROR;
 80017e2:	2001      	movs	r0, #1
}
 80017e4:	bd10      	pop	{r4, pc}
 80017e6:	bf00      	nop
 80017e8:	20000020 	.word	0x20000020
 80017ec:	2000002c 	.word	0x2000002c
 80017f0:	20000024 	.word	0x20000024

080017f4 <HAL_Init>:
{
 80017f4:	b508      	push	{r3, lr}
  __HAL_FLASH_INSTRUCTION_CACHE_ENABLE();
 80017f6:	4b0b      	ldr	r3, [pc, #44]	@ (8001824 <HAL_Init+0x30>)
 80017f8:	681a      	ldr	r2, [r3, #0]
 80017fa:	f442 7200 	orr.w	r2, r2, #512	@ 0x200
 80017fe:	601a      	str	r2, [r3, #0]
  __HAL_FLASH_DATA_CACHE_ENABLE();
 8001800:	681a      	ldr	r2, [r3, #0]
 8001802:	f442 6280 	orr.w	r2, r2, #1024	@ 0x400
 8001806:	601a      	str	r2, [r3, #0]
  __HAL_FLASH_PREFETCH_BUFFER_ENABLE();
 8001808:	681a      	ldr	r2, [r3, #0]
 800180a:	f442 7280 	orr.w	r2, r2, #256	@ 0x100
 800180e:	601a      	str	r2, [r3, #0]
  HAL_NVIC_SetPriorityGrouping(NVIC_PRIORITYGROUP_4);
 8001810:	2003      	movs	r0, #3
 8001812:	f000 f871 	bl	80018f8 <HAL_NVIC_SetPriorityGrouping>
  HAL_InitTick(TICK_INT_PRIORITY);
 8001816:	200f      	movs	r0, #15
 8001818:	f7ff ffc6 	bl	80017a8 <HAL_InitTick>
  HAL_MspInit();
 800181c:	f001 fcee 	bl	80031fc <HAL_MspInit>
}
 8001820:	2000      	movs	r0, #0
 8001822:	bd08      	pop	{r3, pc}
 8001824:	40023c00 	.word	0x40023c00

08001828 <HAL_IncTick>:
  *      implementations in user file.
  * @retval None
  */
__weak void HAL_IncTick(void)
{
  uwTick += uwTickFreq;
 8001828:	4a03      	ldr	r2, [pc, #12]	@ (8001838 <HAL_IncTick+0x10>)
 800182a:	6811      	ldr	r1, [r2, #0]
 800182c:	4b03      	ldr	r3, [pc, #12]	@ (800183c <HAL_IncTick+0x14>)
 800182e:	781b      	ldrb	r3, [r3, #0]
 8001830:	440b      	add	r3, r1
 8001832:	6013      	str	r3, [r2, #0]
}
 8001834:	4770      	bx	lr
 8001836:	bf00      	nop
 8001838:	200009e8 	.word	0x200009e8
 800183c:	20000020 	.word	0x20000020

08001840 <HAL_GetTick>:
  *       implementations in user file.
  * @retval tick value
  */
__weak uint32_t HAL_GetTick(void)
{
  return uwTick;
 8001840:	4b01      	ldr	r3, [pc, #4]	@ (8001848 <HAL_GetTick+0x8>)
 8001842:	6818      	ldr	r0, [r3, #0]
}
 8001844:	4770      	bx	lr
 8001846:	bf00      	nop
 8001848:	200009e8 	.word	0x200009e8

0800184c <HAL_Delay>:
  *       implementations in user file.
  * @param Delay specifies the delay time length, in milliseconds.
  * @retval None
  */
__weak void HAL_Delay(uint32_t Delay)
{
 800184c:	b538      	push	{r3, r4, r5, lr}
 800184e:	4604      	mov	r4, r0
  uint32_t tickstart = HAL_GetTick();
 8001850:	f7ff fff6 	bl	8001840 <HAL_GetTick>
 8001854:	4605      	mov	r5, r0
  uint32_t wait = Delay;

  /* Add a freq to guarantee minimum wait */
  if (wait < HAL_MAX_DELAY)
 8001856:	f1b4 3fff 	cmp.w	r4, #4294967295
 800185a:	d002      	beq.n	8001862 <HAL_Delay+0x16>
  {
    wait += (uint32_t)(uwTickFreq);
 800185c:	4b04      	ldr	r3, [pc, #16]	@ (8001870 <HAL_Delay+0x24>)
 800185e:	781b      	ldrb	r3, [r3, #0]
 8001860:	441c      	add	r4, r3
  }

  while((HAL_GetTick() - tickstart) < wait)
 8001862:	f7ff ffed 	bl	8001840 <HAL_GetTick>
 8001866:	1b40      	subs	r0, r0, r5
 8001868:	42a0      	cmp	r0, r4
 800186a:	d3fa      	bcc.n	8001862 <HAL_Delay+0x16>
  {
  }
}
 800186c:	bd38      	pop	{r3, r4, r5, pc}
 800186e:	bf00      	nop
 8001870:	20000020 	.word	0x20000020

08001874 <__NVIC_EnableIRQ>:
  \param [in]      IRQn  Device specific interrupt number.
  \note    IRQn must not be negative.
 */
__STATIC_INLINE void __NVIC_EnableIRQ(IRQn_Type IRQn)
{
  if ((int32_t)(IRQn) >= 0)
 8001874:	2800      	cmp	r0, #0
 8001876:	db07      	blt.n	8001888 <__NVIC_EnableIRQ+0x14>
  {
    __COMPILER_BARRIER();
    NVIC->ISER[(((uint32_t)IRQn) >> 5UL)] = (uint32_t)(1UL << (((uint32_t)IRQn) & 0x1FUL));
 8001878:	f000 021f 	and.w	r2, r0, #31
 800187c:	0940      	lsrs	r0, r0, #5
 800187e:	2301      	movs	r3, #1
 8001880:	4093      	lsls	r3, r2
 8001882:	4a02      	ldr	r2, [pc, #8]	@ (800188c <__NVIC_EnableIRQ+0x18>)
 8001884:	f842 3020 	str.w	r3, [r2, r0, lsl #2]
    __COMPILER_BARRIER();
  }
}
 8001888:	4770      	bx	lr
 800188a:	bf00      	nop
 800188c:	e000e100 	.word	0xe000e100

08001890 <__NVIC_SetPriority>:
  \param [in]  priority  Priority to set.
  \note    The priority cannot be set for every processor exception.
 */
__STATIC_INLINE void __NVIC_SetPriority(IRQn_Type IRQn, uint32_t priority)
{
  if ((int32_t)(IRQn) >= 0)
 8001890:	2800      	cmp	r0, #0
 8001892:	db08      	blt.n	80018a6 <__NVIC_SetPriority+0x16>
  {
    NVIC->IP[((uint32_t)IRQn)]               = (uint8_t)((priority << (8U - __NVIC_PRIO_BITS)) & (uint32_t)0xFFUL);
 8001894:	0109      	lsls	r1, r1, #4
 8001896:	b2c9      	uxtb	r1, r1
 8001898:	f100 4060 	add.w	r0, r0, #3758096384	@ 0xe0000000
 800189c:	f500 4061 	add.w	r0, r0, #57600	@ 0xe100
 80018a0:	f880 1300 	strb.w	r1, [r0, #768]	@ 0x300
 80018a4:	4770      	bx	lr
  }
  else
  {
    SCB->SHP[(((uint32_t)IRQn) & 0xFUL)-4UL] = (uint8_t)((priority << (8U - __NVIC_PRIO_BITS)) & (uint32_t)0xFFUL);
 80018a6:	f000 000f 	and.w	r0, r0, #15
 80018aa:	0109      	lsls	r1, r1, #4
 80018ac:	b2c9      	uxtb	r1, r1
 80018ae:	4b01      	ldr	r3, [pc, #4]	@ (80018b4 <__NVIC_SetPriority+0x24>)
 80018b0:	5419      	strb	r1, [r3, r0]
  }
}
 80018b2:	4770      	bx	lr
 80018b4:	e000ed14 	.word	0xe000ed14

080018b8 <NVIC_EncodePriority>:
  \param [in]   PreemptPriority  Preemptive priority value (starting from 0).
  \param [in]       SubPriority  Subpriority value (starting from 0).
  \return                        Encoded priority. Value can be used in the function \ref NVIC_SetPriority().
 */
__STATIC_INLINE uint32_t NVIC_EncodePriority (uint32_t PriorityGroup, uint32_t PreemptPriority, uint32_t SubPriority)
{
 80018b8:	b500      	push	{lr}
  uint32_t PriorityGroupTmp = (PriorityGroup & (uint32_t)0x07UL);   /* only values 0..7 are used          */
 80018ba:	f000 0007 	and.w	r0, r0, #7
  uint32_t PreemptPriorityBits;
  uint32_t SubPriorityBits;

  PreemptPriorityBits = ((7UL - PriorityGroupTmp) > (uint32_t)(__NVIC_PRIO_BITS)) ? (uint32_t)(__NVIC_PRIO_BITS) : (uint32_t)(7UL - PriorityGroupTmp);
 80018be:	f1c0 0c07 	rsb	ip, r0, #7
 80018c2:	f1bc 0f04 	cmp.w	ip, #4
 80018c6:	bf28      	it	cs
 80018c8:	f04f 0c04 	movcs.w	ip, #4
  SubPriorityBits     = ((PriorityGroupTmp + (uint32_t)(__NVIC_PRIO_BITS)) < (uint32_t)7UL) ? (uint32_t)0UL : (uint32_t)((PriorityGroupTmp - 7UL) + (uint32_t)(__NVIC_PRIO_BITS));
 80018cc:	1d03      	adds	r3, r0, #4
 80018ce:	2b06      	cmp	r3, #6
 80018d0:	d90f      	bls.n	80018f2 <NVIC_EncodePriority+0x3a>
 80018d2:	1ec3      	subs	r3, r0, #3

  return (
           ((PreemptPriority & (uint32_t)((1UL << (PreemptPriorityBits)) - 1UL)) << SubPriorityBits) |
 80018d4:	f04f 3eff 	mov.w	lr, #4294967295
 80018d8:	fa0e f00c 	lsl.w	r0, lr, ip
 80018dc:	ea21 0100 	bic.w	r1, r1, r0
 80018e0:	4099      	lsls	r1, r3
           ((SubPriority     & (uint32_t)((1UL << (SubPriorityBits    )) - 1UL)))
 80018e2:	fa0e fe03 	lsl.w	lr, lr, r3
 80018e6:	ea22 020e 	bic.w	r2, r2, lr
         );
}
 80018ea:	ea41 0002 	orr.w	r0, r1, r2
 80018ee:	f85d fb04 	ldr.w	pc, [sp], #4
  SubPriorityBits     = ((PriorityGroupTmp + (uint32_t)(__NVIC_PRIO_BITS)) < (uint32_t)7UL) ? (uint32_t)0UL : (uint32_t)((PriorityGroupTmp - 7UL) + (uint32_t)(__NVIC_PRIO_BITS));
 80018f2:	2300      	movs	r3, #0
 80018f4:	e7ee      	b.n	80018d4 <NVIC_EncodePriority+0x1c>
	...

080018f8 <HAL_NVIC_SetPriorityGrouping>:
  reg_value  =  SCB->AIRCR;                                                   /* read old register configuration    */
 80018f8:	4a07      	ldr	r2, [pc, #28]	@ (8001918 <HAL_NVIC_SetPriorityGrouping+0x20>)
 80018fa:	68d3      	ldr	r3, [r2, #12]
  reg_value &= ~((uint32_t)(SCB_AIRCR_VECTKEY_Msk | SCB_AIRCR_PRIGROUP_Msk)); /* clear bits to change               */
 80018fc:	f423 63e0 	bic.w	r3, r3, #1792	@ 0x700
 8001900:	041b      	lsls	r3, r3, #16
 8001902:	0c1b      	lsrs	r3, r3, #16
                (PriorityGroupTmp << SCB_AIRCR_PRIGROUP_Pos)  );              /* Insert write key and priority group */
 8001904:	0200      	lsls	r0, r0, #8
 8001906:	f400 60e0 	and.w	r0, r0, #1792	@ 0x700
                ((uint32_t)0x5FAUL << SCB_AIRCR_VECTKEY_Pos) |
 800190a:	4303      	orrs	r3, r0
  reg_value  =  (reg_value                                   |
 800190c:	f043 63bf 	orr.w	r3, r3, #100139008	@ 0x5f80000
 8001910:	f443 3300 	orr.w	r3, r3, #131072	@ 0x20000
  SCB->AIRCR =  reg_value;
 8001914:	60d3      	str	r3, [r2, #12]
  /* Check the parameters */
  assert_param(IS_NVIC_PRIORITY_GROUP(PriorityGroup));
  
  /* Set the PRIGROUP[10:8] bits according to the PriorityGroup parameter value */
  NVIC_SetPriorityGrouping(PriorityGroup);
}
 8001916:	4770      	bx	lr
 8001918:	e000ed00 	.word	0xe000ed00

0800191c <HAL_NVIC_SetPriority>:
  *         This parameter can be a value between 0 and 15
  *         A lower priority value indicates a higher priority.          
  * @retval None
  */
void HAL_NVIC_SetPriority(IRQn_Type IRQn, uint32_t PreemptPriority, uint32_t SubPriority)
{ 
 800191c:	b510      	push	{r4, lr}
 800191e:	4604      	mov	r4, r0
  return ((uint32_t)((SCB->AIRCR & SCB_AIRCR_PRIGROUP_Msk) >> SCB_AIRCR_PRIGROUP_Pos));
 8001920:	4b05      	ldr	r3, [pc, #20]	@ (8001938 <HAL_NVIC_SetPriority+0x1c>)
 8001922:	68d8      	ldr	r0, [r3, #12]
  assert_param(IS_NVIC_SUB_PRIORITY(SubPriority));
  assert_param(IS_NVIC_PREEMPTION_PRIORITY(PreemptPriority));
  
  prioritygroup = NVIC_GetPriorityGrouping();
  
  NVIC_SetPriority(IRQn, NVIC_EncodePriority(prioritygroup, PreemptPriority, SubPriority));
 8001924:	f3c0 2002 	ubfx	r0, r0, #8, #3
 8001928:	f7ff ffc6 	bl	80018b8 <NVIC_EncodePriority>
 800192c:	4601      	mov	r1, r0
 800192e:	4620      	mov	r0, r4
 8001930:	f7ff ffae 	bl	8001890 <__NVIC_SetPriority>
}
 8001934:	bd10      	pop	{r4, pc}
 8001936:	bf00      	nop
 8001938:	e000ed00 	.word	0xe000ed00

0800193c <HAL_NVIC_EnableIRQ>:
  *         This parameter can be an enumerator of IRQn_Type enumeration
  *         (For the complete STM32 Devices IRQ Channels list, please refer to the appropriate CMSIS device file (stm32f4xxxx.h))
  * @retval None
  */
void HAL_NVIC_EnableIRQ(IRQn_Type IRQn)
{
 800193c:	b508      	push	{r3, lr}
  /* Check the parameters */
  assert_param(IS_NVIC_DEVICE_IRQ(IRQn));
  
  /* Enable interrupt */
  NVIC_EnableIRQ(IRQn);
 800193e:	f7ff ff99 	bl	8001874 <__NVIC_EnableIRQ>
}
 8001942:	bd08      	pop	{r3, pc}

08001944 <HAL_SYSTICK_Config>:
           function <b>SysTick_Config</b> is not included. In this case, the file <b><i>device</i>.h</b>
           must contain a vendor-specific implementation of this function.
 */
__STATIC_INLINE uint32_t SysTick_Config(uint32_t ticks)
{
  if ((ticks - 1UL) > SysTick_LOAD_RELOAD_Msk)
 8001944:	3801      	subs	r0, #1
 8001946:	f1b0 7f80 	cmp.w	r0, #16777216	@ 0x1000000
 800194a:	d20b      	bcs.n	8001964 <HAL_SYSTICK_Config+0x20>
  {
    return (1UL);                                                   /* Reload value impossible */
  }

  SysTick->LOAD  = (uint32_t)(ticks - 1UL);                         /* set reload register */
 800194c:	f04f 23e0 	mov.w	r3, #3758153728	@ 0xe000e000
 8001950:	6158      	str	r0, [r3, #20]
    SCB->SHP[(((uint32_t)IRQn) & 0xFUL)-4UL] = (uint8_t)((priority << (8U - __NVIC_PRIO_BITS)) & (uint32_t)0xFFUL);
 8001952:	4a05      	ldr	r2, [pc, #20]	@ (8001968 <HAL_SYSTICK_Config+0x24>)
 8001954:	21f0      	movs	r1, #240	@ 0xf0
 8001956:	f882 1023 	strb.w	r1, [r2, #35]	@ 0x23
  NVIC_SetPriority (SysTick_IRQn, (1UL << __NVIC_PRIO_BITS) - 1UL); /* set Priority for Systick Interrupt */
  SysTick->VAL   = 0UL;                                             /* Load the SysTick Counter Value */
 800195a:	2000      	movs	r0, #0
 800195c:	6198      	str	r0, [r3, #24]
  SysTick->CTRL  = SysTick_CTRL_CLKSOURCE_Msk |
 800195e:	2207      	movs	r2, #7
 8001960:	611a      	str	r2, [r3, #16]
                   SysTick_CTRL_TICKINT_Msk   |
                   SysTick_CTRL_ENABLE_Msk;                         /* Enable SysTick IRQ and SysTick Timer */
  return (0UL);                                                     /* Function successful */
 8001962:	4770      	bx	lr
    return (1UL);                                                   /* Reload value impossible */
 8001964:	2001      	movs	r0, #1
  *                  - 1  Function failed.
  */
uint32_t HAL_SYSTICK_Config(uint32_t TicksNumb)
{
   return SysTick_Config(TicksNumb);
}
 8001966:	4770      	bx	lr
 8001968:	e000ed00 	.word	0xe000ed00

0800196c <DMA_CalcBaseAndBitshift>:
  * @param  hdma       pointer to a DMA_HandleTypeDef structure that contains
  *                     the configuration information for the specified DMA Stream. 
  * @retval Stream base address
  */
static uint32_t DMA_CalcBaseAndBitshift(DMA_HandleTypeDef *hdma)
{
 800196c:	b410      	push	{r4}
  uint32_t stream_number = (((uint32_t)hdma->Instance & 0xFFU) - 16U) / 24U;
 800196e:	6803      	ldr	r3, [r0, #0]
 8001970:	b2d9      	uxtb	r1, r3
 8001972:	3910      	subs	r1, #16
 8001974:	4a0a      	ldr	r2, [pc, #40]	@ (80019a0 <DMA_CalcBaseAndBitshift+0x34>)
 8001976:	fba2 4201 	umull	r4, r2, r2, r1
 800197a:	0912      	lsrs	r2, r2, #4
  
  /* lookup table for necessary bitshift of flags within status registers */
  static const uint8_t flagBitshiftOffset[8U] = {0U, 6U, 16U, 22U, 0U, 6U, 16U, 22U};
  hdma->StreamIndex = flagBitshiftOffset[stream_number];
 800197c:	4c09      	ldr	r4, [pc, #36]	@ (80019a4 <DMA_CalcBaseAndBitshift+0x38>)
 800197e:	5ca2      	ldrb	r2, [r4, r2]
 8001980:	65c2      	str	r2, [r0, #92]	@ 0x5c
  
  if (stream_number > 3U)
 8001982:	295f      	cmp	r1, #95	@ 0x5f
 8001984:	d907      	bls.n	8001996 <DMA_CalcBaseAndBitshift+0x2a>
  {
    /* return pointer to HISR and HIFCR */
    hdma->StreamBaseAddress = (((uint32_t)hdma->Instance & (uint32_t)(~0x3FFU)) + 4U);
 8001986:	f36f 0309 	bfc	r3, #0, #10
 800198a:	3304      	adds	r3, #4
 800198c:	6583      	str	r3, [r0, #88]	@ 0x58
    /* return pointer to LISR and LIFCR */
    hdma->StreamBaseAddress = ((uint32_t)hdma->Instance & (uint32_t)(~0x3FFU));
  }
  
  return hdma->StreamBaseAddress;
}
 800198e:	6d80      	ldr	r0, [r0, #88]	@ 0x58
 8001990:	f85d 4b04 	ldr.w	r4, [sp], #4
 8001994:	4770      	bx	lr
    hdma->StreamBaseAddress = ((uint32_t)hdma->Instance & (uint32_t)(~0x3FFU));
 8001996:	f36f 0309 	bfc	r3, #0, #10
 800199a:	6583      	str	r3, [r0, #88]	@ 0x58
 800199c:	e7f7      	b.n	800198e <DMA_CalcBaseAndBitshift+0x22>
 800199e:	bf00      	nop
 80019a0:	aaaaaaab 	.word	0xaaaaaaab
 80019a4:	08008e88 	.word	0x08008e88

080019a8 <DMA_CheckFifoParam>:
  * @retval HAL status
  */
static HAL_StatusTypeDef DMA_CheckFifoParam(DMA_HandleTypeDef *hdma)
{
  HAL_StatusTypeDef status = HAL_OK;
  uint32_t tmp = hdma->Init.FIFOThreshold;
 80019a8:	6a83      	ldr	r3, [r0, #40]	@ 0x28
  
  /* Memory Data size equal to Byte */
  if(hdma->Init.MemDataAlignment == DMA_MDATAALIGN_BYTE)
 80019aa:	6982      	ldr	r2, [r0, #24]
 80019ac:	b992      	cbnz	r2, 80019d4 <DMA_CheckFifoParam+0x2c>
  {
    switch (tmp)
 80019ae:	2b01      	cmp	r3, #1
 80019b0:	d00a      	beq.n	80019c8 <DMA_CheckFifoParam+0x20>
 80019b2:	2b02      	cmp	r3, #2
 80019b4:	d002      	beq.n	80019bc <DMA_CheckFifoParam+0x14>
 80019b6:	b10b      	cbz	r3, 80019bc <DMA_CheckFifoParam+0x14>
 80019b8:	2000      	movs	r0, #0
 80019ba:	4770      	bx	lr
    {
    case DMA_FIFO_THRESHOLD_1QUARTERFULL:
    case DMA_FIFO_THRESHOLD_3QUARTERSFULL:
      if ((hdma->Init.MemBurst & DMA_SxCR_MBURST_1) == DMA_SxCR_MBURST_1)
 80019bc:	6ac3      	ldr	r3, [r0, #44]	@ 0x2c
 80019be:	f013 7f80 	tst.w	r3, #16777216	@ 0x1000000
 80019c2:	d128      	bne.n	8001a16 <DMA_CheckFifoParam+0x6e>
  HAL_StatusTypeDef status = HAL_OK;
 80019c4:	2000      	movs	r0, #0
 80019c6:	4770      	bx	lr
      {
        status = HAL_ERROR;
      }
      break;
    case DMA_FIFO_THRESHOLD_HALFFULL:
      if (hdma->Init.MemBurst == DMA_MBURST_INC16)
 80019c8:	6ac3      	ldr	r3, [r0, #44]	@ 0x2c
 80019ca:	f1b3 7fc0 	cmp.w	r3, #25165824	@ 0x1800000
 80019ce:	d024      	beq.n	8001a1a <DMA_CheckFifoParam+0x72>
  HAL_StatusTypeDef status = HAL_OK;
 80019d0:	2000      	movs	r0, #0
 80019d2:	4770      	bx	lr
      break;
    }
  }
  
  /* Memory Data size equal to Half-Word */
  else if (hdma->Init.MemDataAlignment == DMA_MDATAALIGN_HALFWORD)
 80019d4:	f5b2 5f00 	cmp.w	r2, #8192	@ 0x2000
 80019d8:	d009      	beq.n	80019ee <DMA_CheckFifoParam+0x46>
  }
  
  /* Memory Data size equal to Word */
  else
  {
    switch (tmp)
 80019da:	2b02      	cmp	r3, #2
 80019dc:	d925      	bls.n	8001a2a <DMA_CheckFifoParam+0x82>
 80019de:	2b03      	cmp	r3, #3
 80019e0:	d125      	bne.n	8001a2e <DMA_CheckFifoParam+0x86>
    case DMA_FIFO_THRESHOLD_HALFFULL:
    case DMA_FIFO_THRESHOLD_3QUARTERSFULL:
      status = HAL_ERROR;
      break;
    case DMA_FIFO_THRESHOLD_FULL:
      if ((hdma->Init.MemBurst & DMA_SxCR_MBURST_1) == DMA_SxCR_MBURST_1)
 80019e2:	6ac3      	ldr	r3, [r0, #44]	@ 0x2c
 80019e4:	f013 7f80 	tst.w	r3, #16777216	@ 0x1000000
 80019e8:	d123      	bne.n	8001a32 <DMA_CheckFifoParam+0x8a>
  HAL_StatusTypeDef status = HAL_OK;
 80019ea:	2000      	movs	r0, #0
 80019ec:	4770      	bx	lr
    switch (tmp)
 80019ee:	2b03      	cmp	r3, #3
 80019f0:	d803      	bhi.n	80019fa <DMA_CheckFifoParam+0x52>
 80019f2:	e8df f003 	tbb	[pc, r3]
 80019f6:	0414      	.short	0x0414
 80019f8:	0a14      	.short	0x0a14
 80019fa:	2000      	movs	r0, #0
 80019fc:	4770      	bx	lr
      if ((hdma->Init.MemBurst & DMA_SxCR_MBURST_1) == DMA_SxCR_MBURST_1)
 80019fe:	6ac3      	ldr	r3, [r0, #44]	@ 0x2c
 8001a00:	f013 7f80 	tst.w	r3, #16777216	@ 0x1000000
 8001a04:	d10d      	bne.n	8001a22 <DMA_CheckFifoParam+0x7a>
  HAL_StatusTypeDef status = HAL_OK;
 8001a06:	2000      	movs	r0, #0
 8001a08:	4770      	bx	lr
      if (hdma->Init.MemBurst == DMA_MBURST_INC16)
 8001a0a:	6ac3      	ldr	r3, [r0, #44]	@ 0x2c
 8001a0c:	f1b3 7fc0 	cmp.w	r3, #25165824	@ 0x1800000
 8001a10:	d009      	beq.n	8001a26 <DMA_CheckFifoParam+0x7e>
  HAL_StatusTypeDef status = HAL_OK;
 8001a12:	2000      	movs	r0, #0
 8001a14:	4770      	bx	lr
        status = HAL_ERROR;
 8001a16:	2001      	movs	r0, #1
 8001a18:	4770      	bx	lr
        status = HAL_ERROR;
 8001a1a:	2001      	movs	r0, #1
 8001a1c:	4770      	bx	lr
      status = HAL_ERROR;
 8001a1e:	2001      	movs	r0, #1
 8001a20:	4770      	bx	lr
        status = HAL_ERROR;
 8001a22:	2001      	movs	r0, #1
 8001a24:	4770      	bx	lr
        status = HAL_ERROR;
 8001a26:	2001      	movs	r0, #1
 8001a28:	4770      	bx	lr
      status = HAL_ERROR;
 8001a2a:	2001      	movs	r0, #1
 8001a2c:	4770      	bx	lr
    switch (tmp)
 8001a2e:	2000      	movs	r0, #0
 8001a30:	4770      	bx	lr
      {
        status = HAL_ERROR;
 8001a32:	2001      	movs	r0, #1
      break;
    }
  } 
  
  return status; 
}
 8001a34:	4770      	bx	lr
	...

08001a38 <HAL_DMA_Init>:
{
 8001a38:	b570      	push	{r4, r5, r6, lr}
 8001a3a:	4604      	mov	r4, r0
  uint32_t tickstart = HAL_GetTick();
 8001a3c:	f7ff ff00 	bl	8001840 <HAL_GetTick>
  if(hdma == NULL)
 8001a40:	2c00      	cmp	r4, #0
 8001a42:	d05b      	beq.n	8001afc <HAL_DMA_Init+0xc4>
 8001a44:	4605      	mov	r5, r0
  hdma->State = HAL_DMA_STATE_BUSY;
 8001a46:	2302      	movs	r3, #2
 8001a48:	f884 3035 	strb.w	r3, [r4, #53]	@ 0x35
  __HAL_UNLOCK(hdma);
 8001a4c:	2300      	movs	r3, #0
 8001a4e:	f884 3034 	strb.w	r3, [r4, #52]	@ 0x34
  __HAL_DMA_DISABLE(hdma);
 8001a52:	6822      	ldr	r2, [r4, #0]
 8001a54:	6813      	ldr	r3, [r2, #0]
 8001a56:	f023 0301 	bic.w	r3, r3, #1
 8001a5a:	6013      	str	r3, [r2, #0]
  while((hdma->Instance->CR & DMA_SxCR_EN) != RESET)
 8001a5c:	6823      	ldr	r3, [r4, #0]
 8001a5e:	681a      	ldr	r2, [r3, #0]
 8001a60:	f012 0f01 	tst.w	r2, #1
 8001a64:	d00a      	beq.n	8001a7c <HAL_DMA_Init+0x44>
    if((HAL_GetTick() - tickstart ) > HAL_TIMEOUT_DMA_ABORT)
 8001a66:	f7ff feeb 	bl	8001840 <HAL_GetTick>
 8001a6a:	1b43      	subs	r3, r0, r5
 8001a6c:	2b05      	cmp	r3, #5
 8001a6e:	d9f5      	bls.n	8001a5c <HAL_DMA_Init+0x24>
      hdma->ErrorCode = HAL_DMA_ERROR_TIMEOUT;
 8001a70:	2320      	movs	r3, #32
 8001a72:	6563      	str	r3, [r4, #84]	@ 0x54
      hdma->State = HAL_DMA_STATE_TIMEOUT;
 8001a74:	2003      	movs	r0, #3
 8001a76:	f884 0035 	strb.w	r0, [r4, #53]	@ 0x35
}
 8001a7a:	bd70      	pop	{r4, r5, r6, pc}
  tmp = hdma->Instance->CR;
 8001a7c:	681a      	ldr	r2, [r3, #0]
  tmp &= ((uint32_t)~(DMA_SxCR_CHSEL | DMA_SxCR_MBURST | DMA_SxCR_PBURST | \
 8001a7e:	4920      	ldr	r1, [pc, #128]	@ (8001b00 <HAL_DMA_Init+0xc8>)
 8001a80:	4011      	ands	r1, r2
  tmp |=  hdma->Init.Channel             | hdma->Init.Direction        |
 8001a82:	6862      	ldr	r2, [r4, #4]
 8001a84:	68a0      	ldr	r0, [r4, #8]
 8001a86:	4302      	orrs	r2, r0
          hdma->Init.PeriphInc           | hdma->Init.MemInc           |
 8001a88:	68e0      	ldr	r0, [r4, #12]
  tmp |=  hdma->Init.Channel             | hdma->Init.Direction        |
 8001a8a:	4302      	orrs	r2, r0
          hdma->Init.PeriphInc           | hdma->Init.MemInc           |
 8001a8c:	6920      	ldr	r0, [r4, #16]
 8001a8e:	4302      	orrs	r2, r0
          hdma->Init.PeriphDataAlignment | hdma->Init.MemDataAlignment |
 8001a90:	6960      	ldr	r0, [r4, #20]
          hdma->Init.PeriphInc           | hdma->Init.MemInc           |
 8001a92:	4302      	orrs	r2, r0
          hdma->Init.PeriphDataAlignment | hdma->Init.MemDataAlignment |
 8001a94:	69a0      	ldr	r0, [r4, #24]
 8001a96:	4302      	orrs	r2, r0
          hdma->Init.Mode                | hdma->Init.Priority;
 8001a98:	69e0      	ldr	r0, [r4, #28]
          hdma->Init.PeriphDataAlignment | hdma->Init.MemDataAlignment |
 8001a9a:	4302      	orrs	r2, r0
          hdma->Init.Mode                | hdma->Init.Priority;
 8001a9c:	6a20      	ldr	r0, [r4, #32]
 8001a9e:	4302      	orrs	r2, r0
  tmp |=  hdma->Init.Channel             | hdma->Init.Direction        |
 8001aa0:	430a      	orrs	r2, r1
  if(hdma->Init.FIFOMode == DMA_FIFOMODE_ENABLE)
 8001aa2:	6a61      	ldr	r1, [r4, #36]	@ 0x24
 8001aa4:	2904      	cmp	r1, #4
 8001aa6:	d01e      	beq.n	8001ae6 <HAL_DMA_Init+0xae>
  hdma->Instance->CR = tmp;  
 8001aa8:	601a      	str	r2, [r3, #0]
  tmp = hdma->Instance->FCR;
 8001aaa:	6826      	ldr	r6, [r4, #0]
 8001aac:	6975      	ldr	r5, [r6, #20]
  tmp &= (uint32_t)~(DMA_SxFCR_DMDIS | DMA_SxFCR_FTH);
 8001aae:	f025 0507 	bic.w	r5, r5, #7
  tmp |= hdma->Init.FIFOMode;
 8001ab2:	6a63      	ldr	r3, [r4, #36]	@ 0x24
 8001ab4:	431d      	orrs	r5, r3
  if(hdma->Init.FIFOMode == DMA_FIFOMODE_ENABLE)
 8001ab6:	2b04      	cmp	r3, #4
 8001ab8:	d107      	bne.n	8001aca <HAL_DMA_Init+0x92>
    tmp |= hdma->Init.FIFOThreshold;
 8001aba:	6aa3      	ldr	r3, [r4, #40]	@ 0x28
 8001abc:	431d      	orrs	r5, r3
    if (hdma->Init.MemBurst != DMA_MBURST_SINGLE)
 8001abe:	6ae3      	ldr	r3, [r4, #44]	@ 0x2c
 8001ac0:	b11b      	cbz	r3, 8001aca <HAL_DMA_Init+0x92>
      if (DMA_CheckFifoParam(hdma) != HAL_OK)
 8001ac2:	4620      	mov	r0, r4
 8001ac4:	f7ff ff70 	bl	80019a8 <DMA_CheckFifoParam>
 8001ac8:	b990      	cbnz	r0, 8001af0 <HAL_DMA_Init+0xb8>
  hdma->Instance->FCR = tmp;
 8001aca:	6175      	str	r5, [r6, #20]
  regs = (DMA_Base_Registers *)DMA_CalcBaseAndBitshift(hdma);
 8001acc:	4620      	mov	r0, r4
 8001ace:	f7ff ff4d 	bl	800196c <DMA_CalcBaseAndBitshift>
  regs->IFCR = 0x3FU << hdma->StreamIndex;
 8001ad2:	6de2      	ldr	r2, [r4, #92]	@ 0x5c
 8001ad4:	233f      	movs	r3, #63	@ 0x3f
 8001ad6:	4093      	lsls	r3, r2
 8001ad8:	6083      	str	r3, [r0, #8]
  hdma->ErrorCode = HAL_DMA_ERROR_NONE;
 8001ada:	2000      	movs	r0, #0
 8001adc:	6560      	str	r0, [r4, #84]	@ 0x54
  hdma->State = HAL_DMA_STATE_READY;
 8001ade:	2301      	movs	r3, #1
 8001ae0:	f884 3035 	strb.w	r3, [r4, #53]	@ 0x35
  return HAL_OK;
 8001ae4:	e7c9      	b.n	8001a7a <HAL_DMA_Init+0x42>
    tmp |=  hdma->Init.MemBurst | hdma->Init.PeriphBurst;
 8001ae6:	6ae1      	ldr	r1, [r4, #44]	@ 0x2c
 8001ae8:	6b20      	ldr	r0, [r4, #48]	@ 0x30
 8001aea:	4301      	orrs	r1, r0
 8001aec:	430a      	orrs	r2, r1
 8001aee:	e7db      	b.n	8001aa8 <HAL_DMA_Init+0x70>
        hdma->ErrorCode = HAL_DMA_ERROR_PARAM;
 8001af0:	2340      	movs	r3, #64	@ 0x40
 8001af2:	6563      	str	r3, [r4, #84]	@ 0x54
        hdma->State = HAL_DMA_STATE_READY;
 8001af4:	2001      	movs	r0, #1
 8001af6:	f884 0035 	strb.w	r0, [r4, #53]	@ 0x35
        return HAL_ERROR; 
 8001afa:	e7be      	b.n	8001a7a <HAL_DMA_Init+0x42>
    return HAL_ERROR;
 8001afc:	2001      	movs	r0, #1
 8001afe:	e7bc      	b.n	8001a7a <HAL_DMA_Init+0x42>
 8001b00:	f010803f 	.word	0xf010803f

08001b04 <HAL_DMA_IRQHandler>:
{
 8001b04:	b5f0      	push	{r4, r5, r6, r7, lr}
 8001b06:	b083      	sub	sp, #12
 8001b08:	4604      	mov	r4, r0
  __IO uint32_t count = 0U;
 8001b0a:	2300      	movs	r3, #0
 8001b0c:	9301      	str	r3, [sp, #4]
  uint32_t timeout = SystemCoreClock / 9600U;
 8001b0e:	4b72      	ldr	r3, [pc, #456]	@ (8001cd8 <HAL_DMA_IRQHandler+0x1d4>)
 8001b10:	681d      	ldr	r5, [r3, #0]
 8001b12:	4b72      	ldr	r3, [pc, #456]	@ (8001cdc <HAL_DMA_IRQHandler+0x1d8>)
 8001b14:	fba3 3505 	umull	r3, r5, r3, r5
 8001b18:	0aad      	lsrs	r5, r5, #10
  DMA_Base_Registers *regs = (DMA_Base_Registers *)hdma->StreamBaseAddress;
 8001b1a:	6d87      	ldr	r7, [r0, #88]	@ 0x58
  tmpisr = regs->ISR;
 8001b1c:	683e      	ldr	r6, [r7, #0]
  if ((tmpisr & (DMA_FLAG_TEIF0_4 << hdma->StreamIndex)) != RESET)
 8001b1e:	6dc2      	ldr	r2, [r0, #92]	@ 0x5c
 8001b20:	2308      	movs	r3, #8
 8001b22:	4093      	lsls	r3, r2
 8001b24:	4233      	tst	r3, r6
 8001b26:	d010      	beq.n	8001b4a <HAL_DMA_IRQHandler+0x46>
    if(__HAL_DMA_GET_IT_SOURCE(hdma, DMA_IT_TE) != RESET)
 8001b28:	6803      	ldr	r3, [r0, #0]
 8001b2a:	681a      	ldr	r2, [r3, #0]
 8001b2c:	f012 0f04 	tst.w	r2, #4
 8001b30:	d00b      	beq.n	8001b4a <HAL_DMA_IRQHandler+0x46>
      hdma->Instance->CR  &= ~(DMA_IT_TE);
 8001b32:	681a      	ldr	r2, [r3, #0]
 8001b34:	f022 0204 	bic.w	r2, r2, #4
 8001b38:	601a      	str	r2, [r3, #0]
      regs->IFCR = DMA_FLAG_TEIF0_4 << hdma->StreamIndex;
 8001b3a:	6dc2      	ldr	r2, [r0, #92]	@ 0x5c
 8001b3c:	2308      	movs	r3, #8
 8001b3e:	4093      	lsls	r3, r2
 8001b40:	60bb      	str	r3, [r7, #8]
      hdma->ErrorCode |= HAL_DMA_ERROR_TE;
 8001b42:	6d43      	ldr	r3, [r0, #84]	@ 0x54
 8001b44:	f043 0301 	orr.w	r3, r3, #1
 8001b48:	6543      	str	r3, [r0, #84]	@ 0x54
  if ((tmpisr & (DMA_FLAG_FEIF0_4 << hdma->StreamIndex)) != RESET)
 8001b4a:	6de2      	ldr	r2, [r4, #92]	@ 0x5c
 8001b4c:	2301      	movs	r3, #1
 8001b4e:	4093      	lsls	r3, r2
 8001b50:	4233      	tst	r3, r6
 8001b52:	d009      	beq.n	8001b68 <HAL_DMA_IRQHandler+0x64>
    if(__HAL_DMA_GET_IT_SOURCE(hdma, DMA_IT_FE) != RESET)
 8001b54:	6822      	ldr	r2, [r4, #0]
 8001b56:	6952      	ldr	r2, [r2, #20]
 8001b58:	f012 0f80 	tst.w	r2, #128	@ 0x80
 8001b5c:	d004      	beq.n	8001b68 <HAL_DMA_IRQHandler+0x64>
      regs->IFCR = DMA_FLAG_FEIF0_4 << hdma->StreamIndex;
 8001b5e:	60bb      	str	r3, [r7, #8]
      hdma->ErrorCode |= HAL_DMA_ERROR_FE;
 8001b60:	6d63      	ldr	r3, [r4, #84]	@ 0x54
 8001b62:	f043 0302 	orr.w	r3, r3, #2
 8001b66:	6563      	str	r3, [r4, #84]	@ 0x54
  if ((tmpisr & (DMA_FLAG_DMEIF0_4 << hdma->StreamIndex)) != RESET)
 8001b68:	6de2      	ldr	r2, [r4, #92]	@ 0x5c
 8001b6a:	2304      	movs	r3, #4
 8001b6c:	4093      	lsls	r3, r2
 8001b6e:	4233      	tst	r3, r6
 8001b70:	d009      	beq.n	8001b86 <HAL_DMA_IRQHandler+0x82>
    if(__HAL_DMA_GET_IT_SOURCE(hdma, DMA_IT_DME) != RESET)
 8001b72:	6822      	ldr	r2, [r4, #0]
 8001b74:	6812      	ldr	r2, [r2, #0]
 8001b76:	f012 0f02 	tst.w	r2, #2
 8001b7a:	d004      	beq.n	8001b86 <HAL_DMA_IRQHandler+0x82>
      regs->IFCR = DMA_FLAG_DMEIF0_4 << hdma->StreamIndex;
 8001b7c:	60bb      	str	r3, [r7, #8]
      hdma->ErrorCode |= HAL_DMA_ERROR_DME;
 8001b7e:	6d63      	ldr	r3, [r4, #84]	@ 0x54
 8001b80:	f043 0304 	orr.w	r3, r3, #4
 8001b84:	6563      	str	r3, [r4, #84]	@ 0x54
  if ((tmpisr & (DMA_FLAG_HTIF0_4 << hdma->StreamIndex)) != RESET)
 8001b86:	6de2      	ldr	r2, [r4, #92]	@ 0x5c
 8001b88:	2310      	movs	r3, #16
 8001b8a:	4093      	lsls	r3, r2
 8001b8c:	4233      	tst	r3, r6
 8001b8e:	d024      	beq.n	8001bda <HAL_DMA_IRQHandler+0xd6>
    if(__HAL_DMA_GET_IT_SOURCE(hdma, DMA_IT_HT) != RESET)
 8001b90:	6822      	ldr	r2, [r4, #0]
 8001b92:	6812      	ldr	r2, [r2, #0]
 8001b94:	f012 0f08 	tst.w	r2, #8
 8001b98:	d01f      	beq.n	8001bda <HAL_DMA_IRQHandler+0xd6>
      regs->IFCR = DMA_FLAG_HTIF0_4 << hdma->StreamIndex;
 8001b9a:	60bb      	str	r3, [r7, #8]
      if(((hdma->Instance->CR) & (uint32_t)(DMA_SxCR_DBM)) != RESET)
 8001b9c:	6823      	ldr	r3, [r4, #0]
 8001b9e:	681a      	ldr	r2, [r3, #0]
 8001ba0:	f412 2f80 	tst.w	r2, #262144	@ 0x40000
 8001ba4:	d00d      	beq.n	8001bc2 <HAL_DMA_IRQHandler+0xbe>
        if((hdma->Instance->CR & DMA_SxCR_CT) == RESET)
 8001ba6:	681b      	ldr	r3, [r3, #0]
 8001ba8:	f413 2f00 	tst.w	r3, #524288	@ 0x80000
 8001bac:	d104      	bne.n	8001bb8 <HAL_DMA_IRQHandler+0xb4>
          if(hdma->XferHalfCpltCallback != NULL)
 8001bae:	6c23      	ldr	r3, [r4, #64]	@ 0x40
 8001bb0:	b19b      	cbz	r3, 8001bda <HAL_DMA_IRQHandler+0xd6>
            hdma->XferHalfCpltCallback(hdma);
 8001bb2:	4620      	mov	r0, r4
 8001bb4:	4798      	blx	r3
 8001bb6:	e010      	b.n	8001bda <HAL_DMA_IRQHandler+0xd6>
          if(hdma->XferM1HalfCpltCallback != NULL)
 8001bb8:	6ca3      	ldr	r3, [r4, #72]	@ 0x48
 8001bba:	b173      	cbz	r3, 8001bda <HAL_DMA_IRQHandler+0xd6>
            hdma->XferM1HalfCpltCallback(hdma);
 8001bbc:	4620      	mov	r0, r4
 8001bbe:	4798      	blx	r3
 8001bc0:	e00b      	b.n	8001bda <HAL_DMA_IRQHandler+0xd6>
        if((hdma->Instance->CR & DMA_SxCR_CIRC) == RESET)
 8001bc2:	681a      	ldr	r2, [r3, #0]
 8001bc4:	f412 7f80 	tst.w	r2, #256	@ 0x100
 8001bc8:	d103      	bne.n	8001bd2 <HAL_DMA_IRQHandler+0xce>
          hdma->Instance->CR  &= ~(DMA_IT_HT);
 8001bca:	681a      	ldr	r2, [r3, #0]
 8001bcc:	f022 0208 	bic.w	r2, r2, #8
 8001bd0:	601a      	str	r2, [r3, #0]
        if(hdma->XferHalfCpltCallback != NULL)
 8001bd2:	6c23      	ldr	r3, [r4, #64]	@ 0x40
 8001bd4:	b10b      	cbz	r3, 8001bda <HAL_DMA_IRQHandler+0xd6>
          hdma->XferHalfCpltCallback(hdma);
 8001bd6:	4620      	mov	r0, r4
 8001bd8:	4798      	blx	r3
  if ((tmpisr & (DMA_FLAG_TCIF0_4 << hdma->StreamIndex)) != RESET)
 8001bda:	6de2      	ldr	r2, [r4, #92]	@ 0x5c
 8001bdc:	2320      	movs	r3, #32
 8001bde:	4093      	lsls	r3, r2
 8001be0:	4233      	tst	r3, r6
 8001be2:	d055      	beq.n	8001c90 <HAL_DMA_IRQHandler+0x18c>
    if(__HAL_DMA_GET_IT_SOURCE(hdma, DMA_IT_TC) != RESET)
 8001be4:	6822      	ldr	r2, [r4, #0]
 8001be6:	6812      	ldr	r2, [r2, #0]
 8001be8:	f012 0f10 	tst.w	r2, #16
 8001bec:	d050      	beq.n	8001c90 <HAL_DMA_IRQHandler+0x18c>
      regs->IFCR = DMA_FLAG_TCIF0_4 << hdma->StreamIndex;
 8001bee:	60bb      	str	r3, [r7, #8]
      if(HAL_DMA_STATE_ABORT == hdma->State)
 8001bf0:	f894 3035 	ldrb.w	r3, [r4, #53]	@ 0x35
 8001bf4:	b2db      	uxtb	r3, r3
 8001bf6:	2b05      	cmp	r3, #5
 8001bf8:	d00e      	beq.n	8001c18 <HAL_DMA_IRQHandler+0x114>
      if(((hdma->Instance->CR) & (uint32_t)(DMA_SxCR_DBM)) != RESET)
 8001bfa:	6823      	ldr	r3, [r4, #0]
 8001bfc:	681a      	ldr	r2, [r3, #0]
 8001bfe:	f412 2f80 	tst.w	r2, #262144	@ 0x40000
 8001c02:	d033      	beq.n	8001c6c <HAL_DMA_IRQHandler+0x168>
        if((hdma->Instance->CR & DMA_SxCR_CT) == RESET)
 8001c04:	681b      	ldr	r3, [r3, #0]
 8001c06:	f413 2f00 	tst.w	r3, #524288	@ 0x80000
 8001c0a:	d12a      	bne.n	8001c62 <HAL_DMA_IRQHandler+0x15e>
          if(hdma->XferM1CpltCallback != NULL)
 8001c0c:	6c63      	ldr	r3, [r4, #68]	@ 0x44
 8001c0e:	2b00      	cmp	r3, #0
 8001c10:	d03e      	beq.n	8001c90 <HAL_DMA_IRQHandler+0x18c>
            hdma->XferM1CpltCallback(hdma);
 8001c12:	4620      	mov	r0, r4
 8001c14:	4798      	blx	r3
 8001c16:	e03b      	b.n	8001c90 <HAL_DMA_IRQHandler+0x18c>
        hdma->Instance->CR  &= ~(DMA_IT_TC | DMA_IT_TE | DMA_IT_DME);
 8001c18:	6822      	ldr	r2, [r4, #0]
 8001c1a:	6813      	ldr	r3, [r2, #0]
 8001c1c:	f023 0316 	bic.w	r3, r3, #22
 8001c20:	6013      	str	r3, [r2, #0]
        hdma->Instance->FCR &= ~(DMA_IT_FE);
 8001c22:	6822      	ldr	r2, [r4, #0]
 8001c24:	6953      	ldr	r3, [r2, #20]
 8001c26:	f023 0380 	bic.w	r3, r3, #128	@ 0x80
 8001c2a:	6153      	str	r3, [r2, #20]
        if((hdma->XferHalfCpltCallback != NULL) || (hdma->XferM1HalfCpltCallback != NULL))
 8001c2c:	6c23      	ldr	r3, [r4, #64]	@ 0x40
 8001c2e:	b1a3      	cbz	r3, 8001c5a <HAL_DMA_IRQHandler+0x156>
          hdma->Instance->CR  &= ~(DMA_IT_HT);
 8001c30:	6822      	ldr	r2, [r4, #0]
 8001c32:	6813      	ldr	r3, [r2, #0]
 8001c34:	f023 0308 	bic.w	r3, r3, #8
 8001c38:	6013      	str	r3, [r2, #0]
        regs->IFCR = 0x3FU << hdma->StreamIndex;
 8001c3a:	6de2      	ldr	r2, [r4, #92]	@ 0x5c
 8001c3c:	233f      	movs	r3, #63	@ 0x3f
 8001c3e:	4093      	lsls	r3, r2
 8001c40:	60bb      	str	r3, [r7, #8]
        hdma->State = HAL_DMA_STATE_READY;
 8001c42:	2301      	movs	r3, #1
 8001c44:	f884 3035 	strb.w	r3, [r4, #53]	@ 0x35
        __HAL_UNLOCK(hdma);
 8001c48:	2300      	movs	r3, #0
 8001c4a:	f884 3034 	strb.w	r3, [r4, #52]	@ 0x34
        if(hdma->XferAbortCallback != NULL)
 8001c4e:	6d23      	ldr	r3, [r4, #80]	@ 0x50
 8001c50:	2b00      	cmp	r3, #0
 8001c52:	d03f      	beq.n	8001cd4 <HAL_DMA_IRQHandler+0x1d0>
          hdma->XferAbortCallback(hdma);
 8001c54:	4620      	mov	r0, r4
 8001c56:	4798      	blx	r3
        return;
 8001c58:	e03c      	b.n	8001cd4 <HAL_DMA_IRQHandler+0x1d0>
        if((hdma->XferHalfCpltCallback != NULL) || (hdma->XferM1HalfCpltCallback != NULL))
 8001c5a:	6ca3      	ldr	r3, [r4, #72]	@ 0x48
 8001c5c:	2b00      	cmp	r3, #0
 8001c5e:	d1e7      	bne.n	8001c30 <HAL_DMA_IRQHandler+0x12c>
 8001c60:	e7eb      	b.n	8001c3a <HAL_DMA_IRQHandler+0x136>
          if(hdma->XferCpltCallback != NULL)
 8001c62:	6be3      	ldr	r3, [r4, #60]	@ 0x3c
 8001c64:	b1a3      	cbz	r3, 8001c90 <HAL_DMA_IRQHandler+0x18c>
            hdma->XferCpltCallback(hdma);
 8001c66:	4620      	mov	r0, r4
 8001c68:	4798      	blx	r3
 8001c6a:	e011      	b.n	8001c90 <HAL_DMA_IRQHandler+0x18c>
        if((hdma->Instance->CR & DMA_SxCR_CIRC) == RESET)
 8001c6c:	681a      	ldr	r2, [r3, #0]
 8001c6e:	f412 7f80 	tst.w	r2, #256	@ 0x100
 8001c72:	d109      	bne.n	8001c88 <HAL_DMA_IRQHandler+0x184>
          hdma->Instance->CR  &= ~(DMA_IT_TC);
 8001c74:	681a      	ldr	r2, [r3, #0]
 8001c76:	f022 0210 	bic.w	r2, r2, #16
 8001c7a:	601a      	str	r2, [r3, #0]
          hdma->State = HAL_DMA_STATE_READY;
 8001c7c:	2301      	movs	r3, #1
 8001c7e:	f884 3035 	strb.w	r3, [r4, #53]	@ 0x35
          __HAL_UNLOCK(hdma);
 8001c82:	2300      	movs	r3, #0
 8001c84:	f884 3034 	strb.w	r3, [r4, #52]	@ 0x34
        if(hdma->XferCpltCallback != NULL)
 8001c88:	6be3      	ldr	r3, [r4, #60]	@ 0x3c
 8001c8a:	b10b      	cbz	r3, 8001c90 <HAL_DMA_IRQHandler+0x18c>
          hdma->XferCpltCallback(hdma);
 8001c8c:	4620      	mov	r0, r4
 8001c8e:	4798      	blx	r3
  if(hdma->ErrorCode != HAL_DMA_ERROR_NONE)
 8001c90:	6d63      	ldr	r3, [r4, #84]	@ 0x54
 8001c92:	b1fb      	cbz	r3, 8001cd4 <HAL_DMA_IRQHandler+0x1d0>
    if((hdma->ErrorCode & HAL_DMA_ERROR_TE) != RESET)
 8001c94:	6d63      	ldr	r3, [r4, #84]	@ 0x54
 8001c96:	f013 0f01 	tst.w	r3, #1
 8001c9a:	d017      	beq.n	8001ccc <HAL_DMA_IRQHandler+0x1c8>
      hdma->State = HAL_DMA_STATE_ABORT;
 8001c9c:	2305      	movs	r3, #5
 8001c9e:	f884 3035 	strb.w	r3, [r4, #53]	@ 0x35
      __HAL_DMA_DISABLE(hdma);
 8001ca2:	6822      	ldr	r2, [r4, #0]
 8001ca4:	6813      	ldr	r3, [r2, #0]
 8001ca6:	f023 0301 	bic.w	r3, r3, #1
 8001caa:	6013      	str	r3, [r2, #0]
        if (++count > timeout)
 8001cac:	9b01      	ldr	r3, [sp, #4]
 8001cae:	3301      	adds	r3, #1
 8001cb0:	9301      	str	r3, [sp, #4]
 8001cb2:	42ab      	cmp	r3, r5
 8001cb4:	d804      	bhi.n	8001cc0 <HAL_DMA_IRQHandler+0x1bc>
      while((hdma->Instance->CR & DMA_SxCR_EN) != RESET);
 8001cb6:	6823      	ldr	r3, [r4, #0]
 8001cb8:	681b      	ldr	r3, [r3, #0]
 8001cba:	f013 0f01 	tst.w	r3, #1
 8001cbe:	d1f5      	bne.n	8001cac <HAL_DMA_IRQHandler+0x1a8>
      hdma->State = HAL_DMA_STATE_READY;
 8001cc0:	2301      	movs	r3, #1
 8001cc2:	f884 3035 	strb.w	r3, [r4, #53]	@ 0x35
      __HAL_UNLOCK(hdma);
 8001cc6:	2300      	movs	r3, #0
 8001cc8:	f884 3034 	strb.w	r3, [r4, #52]	@ 0x34
    if(hdma->XferErrorCallback != NULL)
 8001ccc:	6ce3      	ldr	r3, [r4, #76]	@ 0x4c
 8001cce:	b10b      	cbz	r3, 8001cd4 <HAL_DMA_IRQHandler+0x1d0>
      hdma->XferErrorCallback(hdma);
 8001cd0:	4620      	mov	r0, r4
 8001cd2:	4798      	blx	r3
}
 8001cd4:	b003      	add	sp, #12
 8001cd6:	bdf0      	pop	{r4, r5, r6, r7, pc}
 8001cd8:	2000002c 	.word	0x2000002c
 8001cdc:	1b4e81b5 	.word	0x1b4e81b5

08001ce0 <HAL_GPIO_Init>:
  assert_param(IS_GPIO_ALL_INSTANCE(GPIOx));
  assert_param(IS_GPIO_PIN(GPIO_Init->Pin));
  assert_param(IS_GPIO_MODE(GPIO_Init->Mode));

  /* Configure the port pins */
  for(position = 0U; position < GPIO_NUMBER; position++)
 8001ce0:	2300      	movs	r3, #0
 8001ce2:	2b0f      	cmp	r3, #15
 8001ce4:	f200 80d7 	bhi.w	8001e96 <HAL_GPIO_Init+0x1b6>
{
 8001ce8:	b570      	push	{r4, r5, r6, lr}
 8001cea:	b082      	sub	sp, #8
 8001cec:	e065      	b.n	8001dba <HAL_GPIO_Init+0xda>
          (GPIO_Init->Mode & GPIO_MODE) == MODE_AF)
      {
        /* Check the Speed parameter */
        assert_param(IS_GPIO_SPEED(GPIO_Init->Speed));
        /* Configure the IO Speed */
        temp = GPIOx->OSPEEDR; 
 8001cee:	6885      	ldr	r5, [r0, #8]
        temp &= ~(GPIO_OSPEEDER_OSPEEDR0 << (position * 2U));
 8001cf0:	ea4f 0e43 	mov.w	lr, r3, lsl #1
 8001cf4:	2403      	movs	r4, #3
 8001cf6:	fa04 f40e 	lsl.w	r4, r4, lr
 8001cfa:	ea25 0504 	bic.w	r5, r5, r4
        temp |= (GPIO_Init->Speed << (position * 2U));
 8001cfe:	68cc      	ldr	r4, [r1, #12]
 8001d00:	fa04 f40e 	lsl.w	r4, r4, lr
 8001d04:	432c      	orrs	r4, r5
        GPIOx->OSPEEDR = temp;
 8001d06:	6084      	str	r4, [r0, #8]

        /* Configure the IO Output Type */
        temp = GPIOx->OTYPER;
 8001d08:	6844      	ldr	r4, [r0, #4]
        temp &= ~(GPIO_OTYPER_OT_0 << position) ;
 8001d0a:	ea24 0402 	bic.w	r4, r4, r2
        temp |= (((GPIO_Init->Mode & OUTPUT_TYPE) >> OUTPUT_TYPE_Pos) << position);
 8001d0e:	684a      	ldr	r2, [r1, #4]
 8001d10:	f3c2 1200 	ubfx	r2, r2, #4, #1
 8001d14:	409a      	lsls	r2, r3
 8001d16:	4322      	orrs	r2, r4
        GPIOx->OTYPER = temp;
 8001d18:	6042      	str	r2, [r0, #4]
 8001d1a:	e05c      	b.n	8001dd6 <HAL_GPIO_Init+0xf6>
      if((GPIO_Init->Mode & GPIO_MODE) == MODE_AF)
      {
        /* Check the Alternate function parameter */
        assert_param(IS_GPIO_AF(GPIO_Init->Alternate));
        /* Configure Alternate function mapped with the current IO */
        temp = GPIOx->AFR[position >> 3U];
 8001d1c:	08dc      	lsrs	r4, r3, #3
 8001d1e:	3408      	adds	r4, #8
 8001d20:	f850 2024 	ldr.w	r2, [r0, r4, lsl #2]
        temp &= ~(0xFU << ((uint32_t)(position & 0x07U) * 4U)) ;
 8001d24:	f003 0507 	and.w	r5, r3, #7
 8001d28:	00ad      	lsls	r5, r5, #2
 8001d2a:	f04f 0e0f 	mov.w	lr, #15
 8001d2e:	fa0e fe05 	lsl.w	lr, lr, r5
 8001d32:	ea22 0e0e 	bic.w	lr, r2, lr
        temp |= ((uint32_t)(GPIO_Init->Alternate) << (((uint32_t)position & 0x07U) * 4U));
 8001d36:	690a      	ldr	r2, [r1, #16]
 8001d38:	40aa      	lsls	r2, r5
 8001d3a:	ea42 020e 	orr.w	r2, r2, lr
        GPIOx->AFR[position >> 3U] = temp;
 8001d3e:	f840 2024 	str.w	r2, [r0, r4, lsl #2]
 8001d42:	e05c      	b.n	8001dfe <HAL_GPIO_Init+0x11e>
        /* Enable SYSCFG Clock */
        __HAL_RCC_SYSCFG_CLK_ENABLE();

        temp = SYSCFG->EXTICR[position >> 2U];
        temp &= ~(0x0FU << (4U * (position & 0x03U)));
        temp |= ((uint32_t)(GPIO_GET_INDEX(GPIOx)) << (4U * (position & 0x03U)));
 8001d44:	2204      	movs	r2, #4
 8001d46:	e000      	b.n	8001d4a <HAL_GPIO_Init+0x6a>
 8001d48:	2200      	movs	r2, #0
 8001d4a:	fa02 f20e 	lsl.w	r2, r2, lr
 8001d4e:	432a      	orrs	r2, r5
        SYSCFG->EXTICR[position >> 2U] = temp;
 8001d50:	3402      	adds	r4, #2
 8001d52:	4d51      	ldr	r5, [pc, #324]	@ (8001e98 <HAL_GPIO_Init+0x1b8>)
 8001d54:	f845 2024 	str.w	r2, [r5, r4, lsl #2]

        /* Clear Rising Falling edge configuration */
        temp = EXTI->RTSR;
 8001d58:	4a50      	ldr	r2, [pc, #320]	@ (8001e9c <HAL_GPIO_Init+0x1bc>)
 8001d5a:	6894      	ldr	r4, [r2, #8]
        temp &= ~((uint32_t)iocurrent);
 8001d5c:	ea6f 020c 	mvn.w	r2, ip
 8001d60:	ea24 050c 	bic.w	r5, r4, ip
        if((GPIO_Init->Mode & TRIGGER_RISING) != 0x00U)
 8001d64:	684e      	ldr	r6, [r1, #4]
 8001d66:	f416 1f80 	tst.w	r6, #1048576	@ 0x100000
 8001d6a:	d001      	beq.n	8001d70 <HAL_GPIO_Init+0x90>
        {
          temp |= iocurrent;
 8001d6c:	ea4c 0504 	orr.w	r5, ip, r4
        }
        EXTI->RTSR = temp;
 8001d70:	4c4a      	ldr	r4, [pc, #296]	@ (8001e9c <HAL_GPIO_Init+0x1bc>)
 8001d72:	60a5      	str	r5, [r4, #8]

        temp = EXTI->FTSR;
 8001d74:	68e4      	ldr	r4, [r4, #12]
        temp &= ~((uint32_t)iocurrent);
 8001d76:	ea02 0504 	and.w	r5, r2, r4
        if((GPIO_Init->Mode & TRIGGER_FALLING) != 0x00U)
 8001d7a:	684e      	ldr	r6, [r1, #4]
 8001d7c:	f416 1f00 	tst.w	r6, #2097152	@ 0x200000
 8001d80:	d001      	beq.n	8001d86 <HAL_GPIO_Init+0xa6>
        {
          temp |= iocurrent;
 8001d82:	ea4c 0504 	orr.w	r5, ip, r4
        }
        EXTI->FTSR = temp;
 8001d86:	4c45      	ldr	r4, [pc, #276]	@ (8001e9c <HAL_GPIO_Init+0x1bc>)
 8001d88:	60e5      	str	r5, [r4, #12]

        temp = EXTI->EMR;
 8001d8a:	6864      	ldr	r4, [r4, #4]
        temp &= ~((uint32_t)iocurrent);
 8001d8c:	ea02 0504 	and.w	r5, r2, r4
        if((GPIO_Init->Mode & EXTI_EVT) != 0x00U)
 8001d90:	684e      	ldr	r6, [r1, #4]
 8001d92:	f416 3f00 	tst.w	r6, #131072	@ 0x20000
 8001d96:	d001      	beq.n	8001d9c <HAL_GPIO_Init+0xbc>
        {
          temp |= iocurrent;
 8001d98:	ea4c 0504 	orr.w	r5, ip, r4
        }
        EXTI->EMR = temp;
 8001d9c:	4c3f      	ldr	r4, [pc, #252]	@ (8001e9c <HAL_GPIO_Init+0x1bc>)
 8001d9e:	6065      	str	r5, [r4, #4]

        /* Clear EXTI line configuration */
        temp = EXTI->IMR;
 8001da0:	6824      	ldr	r4, [r4, #0]
        temp &= ~((uint32_t)iocurrent);
 8001da2:	4022      	ands	r2, r4
        if((GPIO_Init->Mode & EXTI_IT) != 0x00U)
 8001da4:	684d      	ldr	r5, [r1, #4]
 8001da6:	f415 3f80 	tst.w	r5, #65536	@ 0x10000
 8001daa:	d001      	beq.n	8001db0 <HAL_GPIO_Init+0xd0>
        {
          temp |= iocurrent;
 8001dac:	ea4c 0204 	orr.w	r2, ip, r4
        }
        EXTI->IMR = temp;
 8001db0:	4c3a      	ldr	r4, [pc, #232]	@ (8001e9c <HAL_GPIO_Init+0x1bc>)
 8001db2:	6022      	str	r2, [r4, #0]
  for(position = 0U; position < GPIO_NUMBER; position++)
 8001db4:	3301      	adds	r3, #1
 8001db6:	2b0f      	cmp	r3, #15
 8001db8:	d86b      	bhi.n	8001e92 <HAL_GPIO_Init+0x1b2>
    ioposition = 0x01U << position;
 8001dba:	2201      	movs	r2, #1
 8001dbc:	409a      	lsls	r2, r3
    iocurrent = (uint32_t)(GPIO_Init->Pin) & ioposition;
 8001dbe:	680c      	ldr	r4, [r1, #0]
 8001dc0:	ea04 0c02 	and.w	ip, r4, r2
    if(iocurrent == ioposition)
 8001dc4:	ea32 0404 	bics.w	r4, r2, r4
 8001dc8:	d1f4      	bne.n	8001db4 <HAL_GPIO_Init+0xd4>
      if(((GPIO_Init->Mode & GPIO_MODE) == MODE_OUTPUT) || \
 8001dca:	684c      	ldr	r4, [r1, #4]
 8001dcc:	f004 0403 	and.w	r4, r4, #3
 8001dd0:	3c01      	subs	r4, #1
 8001dd2:	2c01      	cmp	r4, #1
 8001dd4:	d98b      	bls.n	8001cee <HAL_GPIO_Init+0xe>
      if((GPIO_Init->Mode & GPIO_MODE) != MODE_ANALOG)
 8001dd6:	684a      	ldr	r2, [r1, #4]
 8001dd8:	f002 0203 	and.w	r2, r2, #3
 8001ddc:	2a03      	cmp	r2, #3
 8001dde:	d009      	beq.n	8001df4 <HAL_GPIO_Init+0x114>
        temp = GPIOx->PUPDR;
 8001de0:	68c4      	ldr	r4, [r0, #12]
        temp &= ~(GPIO_PUPDR_PUPDR0 << (position * 2U));
 8001de2:	005d      	lsls	r5, r3, #1
 8001de4:	2203      	movs	r2, #3
 8001de6:	40aa      	lsls	r2, r5
 8001de8:	ea24 0402 	bic.w	r4, r4, r2
        temp |= ((GPIO_Init->Pull) << (position * 2U));
 8001dec:	688a      	ldr	r2, [r1, #8]
 8001dee:	40aa      	lsls	r2, r5
 8001df0:	4322      	orrs	r2, r4
        GPIOx->PUPDR = temp;
 8001df2:	60c2      	str	r2, [r0, #12]
      if((GPIO_Init->Mode & GPIO_MODE) == MODE_AF)
 8001df4:	684a      	ldr	r2, [r1, #4]
 8001df6:	f002 0203 	and.w	r2, r2, #3
 8001dfa:	2a02      	cmp	r2, #2
 8001dfc:	d08e      	beq.n	8001d1c <HAL_GPIO_Init+0x3c>
      temp = GPIOx->MODER;
 8001dfe:	6804      	ldr	r4, [r0, #0]
      temp &= ~(GPIO_MODER_MODER0 << (position * 2U));
 8001e00:	ea4f 0e43 	mov.w	lr, r3, lsl #1
 8001e04:	2203      	movs	r2, #3
 8001e06:	fa02 f20e 	lsl.w	r2, r2, lr
 8001e0a:	ea24 0402 	bic.w	r4, r4, r2
      temp |= ((GPIO_Init->Mode & GPIO_MODE) << (position * 2U));
 8001e0e:	684a      	ldr	r2, [r1, #4]
 8001e10:	f002 0203 	and.w	r2, r2, #3
 8001e14:	fa02 f20e 	lsl.w	r2, r2, lr
 8001e18:	4322      	orrs	r2, r4
      GPIOx->MODER = temp;
 8001e1a:	6002      	str	r2, [r0, #0]
      if((GPIO_Init->Mode & EXTI_MODE) != 0x00U)
 8001e1c:	684a      	ldr	r2, [r1, #4]
 8001e1e:	f412 3f40 	tst.w	r2, #196608	@ 0x30000
 8001e22:	d0c7      	beq.n	8001db4 <HAL_GPIO_Init+0xd4>
        __HAL_RCC_SYSCFG_CLK_ENABLE();
 8001e24:	2200      	movs	r2, #0
 8001e26:	9201      	str	r2, [sp, #4]
 8001e28:	4a1d      	ldr	r2, [pc, #116]	@ (8001ea0 <HAL_GPIO_Init+0x1c0>)
 8001e2a:	6c54      	ldr	r4, [r2, #68]	@ 0x44
 8001e2c:	f444 4480 	orr.w	r4, r4, #16384	@ 0x4000
 8001e30:	6454      	str	r4, [r2, #68]	@ 0x44
 8001e32:	6c52      	ldr	r2, [r2, #68]	@ 0x44
 8001e34:	f402 4280 	and.w	r2, r2, #16384	@ 0x4000
 8001e38:	9201      	str	r2, [sp, #4]
 8001e3a:	9a01      	ldr	r2, [sp, #4]
        temp = SYSCFG->EXTICR[position >> 2U];
 8001e3c:	089c      	lsrs	r4, r3, #2
 8001e3e:	1ca5      	adds	r5, r4, #2
 8001e40:	4a15      	ldr	r2, [pc, #84]	@ (8001e98 <HAL_GPIO_Init+0x1b8>)
 8001e42:	f852 5025 	ldr.w	r5, [r2, r5, lsl #2]
        temp &= ~(0x0FU << (4U * (position & 0x03U)));
 8001e46:	f003 0e03 	and.w	lr, r3, #3
 8001e4a:	ea4f 0e8e 	mov.w	lr, lr, lsl #2
 8001e4e:	220f      	movs	r2, #15
 8001e50:	fa02 f20e 	lsl.w	r2, r2, lr
 8001e54:	ea25 0502 	bic.w	r5, r5, r2
        temp |= ((uint32_t)(GPIO_GET_INDEX(GPIOx)) << (4U * (position & 0x03U)));
 8001e58:	4a12      	ldr	r2, [pc, #72]	@ (8001ea4 <HAL_GPIO_Init+0x1c4>)
 8001e5a:	4290      	cmp	r0, r2
 8001e5c:	f43f af74 	beq.w	8001d48 <HAL_GPIO_Init+0x68>
 8001e60:	f502 6280 	add.w	r2, r2, #1024	@ 0x400
 8001e64:	4290      	cmp	r0, r2
 8001e66:	d00e      	beq.n	8001e86 <HAL_GPIO_Init+0x1a6>
 8001e68:	f502 6280 	add.w	r2, r2, #1024	@ 0x400
 8001e6c:	4290      	cmp	r0, r2
 8001e6e:	d00c      	beq.n	8001e8a <HAL_GPIO_Init+0x1aa>
 8001e70:	f502 6280 	add.w	r2, r2, #1024	@ 0x400
 8001e74:	4290      	cmp	r0, r2
 8001e76:	d00a      	beq.n	8001e8e <HAL_GPIO_Init+0x1ae>
 8001e78:	f502 6280 	add.w	r2, r2, #1024	@ 0x400
 8001e7c:	4290      	cmp	r0, r2
 8001e7e:	f43f af61 	beq.w	8001d44 <HAL_GPIO_Init+0x64>
 8001e82:	2207      	movs	r2, #7
 8001e84:	e761      	b.n	8001d4a <HAL_GPIO_Init+0x6a>
 8001e86:	2201      	movs	r2, #1
 8001e88:	e75f      	b.n	8001d4a <HAL_GPIO_Init+0x6a>
 8001e8a:	2202      	movs	r2, #2
 8001e8c:	e75d      	b.n	8001d4a <HAL_GPIO_Init+0x6a>
 8001e8e:	2203      	movs	r2, #3
 8001e90:	e75b      	b.n	8001d4a <HAL_GPIO_Init+0x6a>
      }
    }
  }
}
 8001e92:	b002      	add	sp, #8
 8001e94:	bd70      	pop	{r4, r5, r6, pc}
 8001e96:	4770      	bx	lr
 8001e98:	40013800 	.word	0x40013800
 8001e9c:	40013c00 	.word	0x40013c00
 8001ea0:	40023800 	.word	0x40023800
 8001ea4:	40020000 	.word	0x40020000

08001ea8 <HAL_GPIO_ReadPin>:
  GPIO_PinState bitstatus;

  /* Check the parameters */
  assert_param(IS_GPIO_PIN(GPIO_Pin));

  if((GPIOx->IDR & GPIO_Pin) != (uint32_t)GPIO_PIN_RESET)
 8001ea8:	6903      	ldr	r3, [r0, #16]
 8001eaa:	4219      	tst	r1, r3
 8001eac:	d001      	beq.n	8001eb2 <HAL_GPIO_ReadPin+0xa>
  {
    bitstatus = GPIO_PIN_SET;
 8001eae:	2001      	movs	r0, #1
 8001eb0:	4770      	bx	lr
  }
  else
  {
    bitstatus = GPIO_PIN_RESET;
 8001eb2:	2000      	movs	r0, #0
  }
  return bitstatus;
}
 8001eb4:	4770      	bx	lr

08001eb6 <HAL_GPIO_WritePin>:
{
  /* Check the parameters */
  assert_param(IS_GPIO_PIN(GPIO_Pin));
  assert_param(IS_GPIO_PIN_ACTION(PinState));

  if(PinState != GPIO_PIN_RESET)
 8001eb6:	b10a      	cbz	r2, 8001ebc <HAL_GPIO_WritePin+0x6>
  {
    GPIOx->BSRR = GPIO_Pin;
 8001eb8:	6181      	str	r1, [r0, #24]
 8001eba:	4770      	bx	lr
  }
  else
  {
    GPIOx->BSRR = (uint32_t)GPIO_Pin << 16U;
 8001ebc:	0409      	lsls	r1, r1, #16
 8001ebe:	6181      	str	r1, [r0, #24]
  }
}
 8001ec0:	4770      	bx	lr

08001ec2 <HAL_GPIO_TogglePin>:

  /* Check the parameters */
  assert_param(IS_GPIO_PIN(GPIO_Pin));

  /* get current Output Data Register value */
  odr = GPIOx->ODR;
 8001ec2:	6943      	ldr	r3, [r0, #20]

  /* Set selected pins that were at low level, and reset ones that were high */
  GPIOx->BSRR = ((odr & GPIO_Pin) << GPIO_NUMBER) | (~odr & GPIO_Pin);
 8001ec4:	ea01 0203 	and.w	r2, r1, r3
 8001ec8:	ea21 0103 	bic.w	r1, r1, r3
 8001ecc:	ea41 4102 	orr.w	r1, r1, r2, lsl #16
 8001ed0:	6181      	str	r1, [r0, #24]
}
 8001ed2:	4770      	bx	lr

08001ed4 <HAL_GPIO_EXTI_IRQHandler>:
  * @brief  This function handles EXTI interrupt request.
  * @param  GPIO_Pin Specifies the pins connected EXTI line
  * @retval None
  */
void HAL_GPIO_EXTI_IRQHandler(uint16_t GPIO_Pin)
{
 8001ed4:	b508      	push	{r3, lr}
  /* EXTI line interrupt detected */
  if(__HAL_GPIO_EXTI_GET_IT(GPIO_Pin) != RESET)
 8001ed6:	4b05      	ldr	r3, [pc, #20]	@ (8001eec <HAL_GPIO_EXTI_IRQHandler+0x18>)
 8001ed8:	695b      	ldr	r3, [r3, #20]
 8001eda:	4203      	tst	r3, r0
 8001edc:	d100      	bne.n	8001ee0 <HAL_GPIO_EXTI_IRQHandler+0xc>
  {
    __HAL_GPIO_EXTI_CLEAR_IT(GPIO_Pin);
    HAL_GPIO_EXTI_Callback(GPIO_Pin);
  }
}
 8001ede:	bd08      	pop	{r3, pc}
    __HAL_GPIO_EXTI_CLEAR_IT(GPIO_Pin);
 8001ee0:	4b02      	ldr	r3, [pc, #8]	@ (8001eec <HAL_GPIO_EXTI_IRQHandler+0x18>)
 8001ee2:	6158      	str	r0, [r3, #20]
    HAL_GPIO_EXTI_Callback(GPIO_Pin);
 8001ee4:	f7ff f888 	bl	8000ff8 <HAL_GPIO_EXTI_Callback>
}
 8001ee8:	e7f9      	b.n	8001ede <HAL_GPIO_EXTI_IRQHandler+0xa>
 8001eea:	bf00      	nop
 8001eec:	40013c00 	.word	0x40013c00

08001ef0 <I2C_IsAcknowledgeFailed>:
  *                the configuration information for the specified I2C.
  * @retval HAL status
  */
static HAL_StatusTypeDef I2C_IsAcknowledgeFailed(I2C_HandleTypeDef *hi2c)
{
  if (__HAL_I2C_GET_FLAG(hi2c, I2C_FLAG_AF) == SET)
 8001ef0:	6803      	ldr	r3, [r0, #0]
 8001ef2:	695a      	ldr	r2, [r3, #20]
 8001ef4:	f412 6f80 	tst.w	r2, #1024	@ 0x400
 8001ef8:	d101      	bne.n	8001efe <I2C_IsAcknowledgeFailed+0xe>
    /* Process Unlocked */
    __HAL_UNLOCK(hi2c);

    return HAL_ERROR;
  }
  return HAL_OK;
 8001efa:	2000      	movs	r0, #0
}
 8001efc:	4770      	bx	lr
    __HAL_I2C_CLEAR_FLAG(hi2c, I2C_FLAG_AF);
 8001efe:	f46f 6280 	mvn.w	r2, #1024	@ 0x400
 8001f02:	615a      	str	r2, [r3, #20]
    hi2c->PreviousState       = I2C_STATE_NONE;
 8001f04:	2300      	movs	r3, #0
 8001f06:	6303      	str	r3, [r0, #48]	@ 0x30
    hi2c->State               = HAL_I2C_STATE_READY;
 8001f08:	2220      	movs	r2, #32
 8001f0a:	f880 203d 	strb.w	r2, [r0, #61]	@ 0x3d
    hi2c->Mode                = HAL_I2C_MODE_NONE;
 8001f0e:	f880 303e 	strb.w	r3, [r0, #62]	@ 0x3e
    hi2c->ErrorCode           |= HAL_I2C_ERROR_AF;
 8001f12:	6c02      	ldr	r2, [r0, #64]	@ 0x40
 8001f14:	f042 0204 	orr.w	r2, r2, #4
 8001f18:	6402      	str	r2, [r0, #64]	@ 0x40
    __HAL_UNLOCK(hi2c);
 8001f1a:	f880 303c 	strb.w	r3, [r0, #60]	@ 0x3c
    return HAL_ERROR;
 8001f1e:	2001      	movs	r0, #1
 8001f20:	4770      	bx	lr

08001f22 <I2C_WaitOnFlagUntilTimeout>:
{
 8001f22:	e92d 41f0 	stmdb	sp!, {r4, r5, r6, r7, r8, lr}
 8001f26:	4606      	mov	r6, r0
 8001f28:	460c      	mov	r4, r1
 8001f2a:	4617      	mov	r7, r2
 8001f2c:	4698      	mov	r8, r3
  while (__HAL_I2C_GET_FLAG(hi2c, Flag) == Status)
 8001f2e:	e03b      	b.n	8001fa8 <I2C_WaitOnFlagUntilTimeout+0x86>
      if (((HAL_GetTick() - Tickstart) > Timeout) || (Timeout == 0U))
 8001f30:	f7ff fc86 	bl	8001840 <HAL_GetTick>
 8001f34:	9b06      	ldr	r3, [sp, #24]
 8001f36:	1ac0      	subs	r0, r0, r3
 8001f38:	4540      	cmp	r0, r8
 8001f3a:	d802      	bhi.n	8001f42 <I2C_WaitOnFlagUntilTimeout+0x20>
 8001f3c:	f1b8 0f00 	cmp.w	r8, #0
 8001f40:	d132      	bne.n	8001fa8 <I2C_WaitOnFlagUntilTimeout+0x86>
        if ((__HAL_I2C_GET_FLAG(hi2c, Flag) == Status))
 8001f42:	2d01      	cmp	r5, #1
 8001f44:	d018      	beq.n	8001f78 <I2C_WaitOnFlagUntilTimeout+0x56>
 8001f46:	6833      	ldr	r3, [r6, #0]
 8001f48:	699b      	ldr	r3, [r3, #24]
 8001f4a:	ea24 0303 	bic.w	r3, r4, r3
 8001f4e:	b29b      	uxth	r3, r3
 8001f50:	fab3 f383 	clz	r3, r3
 8001f54:	095b      	lsrs	r3, r3, #5
 8001f56:	429f      	cmp	r7, r3
 8001f58:	d126      	bne.n	8001fa8 <I2C_WaitOnFlagUntilTimeout+0x86>
          hi2c->PreviousState     = I2C_STATE_NONE;
 8001f5a:	2300      	movs	r3, #0
 8001f5c:	6333      	str	r3, [r6, #48]	@ 0x30
          hi2c->State             = HAL_I2C_STATE_READY;
 8001f5e:	2220      	movs	r2, #32
 8001f60:	f886 203d 	strb.w	r2, [r6, #61]	@ 0x3d
          hi2c->Mode              = HAL_I2C_MODE_NONE;
 8001f64:	f886 303e 	strb.w	r3, [r6, #62]	@ 0x3e
          hi2c->ErrorCode         |= HAL_I2C_ERROR_TIMEOUT;
 8001f68:	6c32      	ldr	r2, [r6, #64]	@ 0x40
 8001f6a:	f042 0220 	orr.w	r2, r2, #32
 8001f6e:	6432      	str	r2, [r6, #64]	@ 0x40
          __HAL_UNLOCK(hi2c);
 8001f70:	f886 303c 	strb.w	r3, [r6, #60]	@ 0x3c
          return HAL_ERROR;
 8001f74:	2001      	movs	r0, #1
 8001f76:	e027      	b.n	8001fc8 <I2C_WaitOnFlagUntilTimeout+0xa6>
        if ((__HAL_I2C_GET_FLAG(hi2c, Flag) == Status))
 8001f78:	6833      	ldr	r3, [r6, #0]
 8001f7a:	695b      	ldr	r3, [r3, #20]
 8001f7c:	ea24 0303 	bic.w	r3, r4, r3
 8001f80:	b29b      	uxth	r3, r3
 8001f82:	fab3 f383 	clz	r3, r3
 8001f86:	095b      	lsrs	r3, r3, #5
 8001f88:	e7e5      	b.n	8001f56 <I2C_WaitOnFlagUntilTimeout+0x34>
  while (__HAL_I2C_GET_FLAG(hi2c, Flag) == Status)
 8001f8a:	6833      	ldr	r3, [r6, #0]
 8001f8c:	695b      	ldr	r3, [r3, #20]
 8001f8e:	ea24 0c03 	bic.w	ip, r4, r3
 8001f92:	fa1f fc8c 	uxth.w	ip, ip
 8001f96:	fabc fc8c 	clz	ip, ip
 8001f9a:	ea4f 1c5c 	mov.w	ip, ip, lsr #5
 8001f9e:	4567      	cmp	r7, ip
 8001fa0:	d111      	bne.n	8001fc6 <I2C_WaitOnFlagUntilTimeout+0xa4>
    if (Timeout != HAL_MAX_DELAY)
 8001fa2:	f1b8 3fff 	cmp.w	r8, #4294967295
 8001fa6:	d1c3      	bne.n	8001f30 <I2C_WaitOnFlagUntilTimeout+0xe>
  while (__HAL_I2C_GET_FLAG(hi2c, Flag) == Status)
 8001fa8:	f3c4 4507 	ubfx	r5, r4, #16, #8
 8001fac:	2d01      	cmp	r5, #1
 8001fae:	d0ec      	beq.n	8001f8a <I2C_WaitOnFlagUntilTimeout+0x68>
 8001fb0:	6833      	ldr	r3, [r6, #0]
 8001fb2:	699b      	ldr	r3, [r3, #24]
 8001fb4:	ea24 0c03 	bic.w	ip, r4, r3
 8001fb8:	fa1f fc8c 	uxth.w	ip, ip
 8001fbc:	fabc fc8c 	clz	ip, ip
 8001fc0:	ea4f 1c5c 	mov.w	ip, ip, lsr #5
 8001fc4:	e7eb      	b.n	8001f9e <I2C_WaitOnFlagUntilTimeout+0x7c>
  return HAL_OK;
 8001fc6:	2000      	movs	r0, #0
}
 8001fc8:	e8bd 81f0 	ldmia.w	sp!, {r4, r5, r6, r7, r8, pc}

08001fcc <I2C_WaitOnMasterAddressFlagUntilTimeout>:
{
 8001fcc:	e92d 43f8 	stmdb	sp!, {r3, r4, r5, r6, r7, r8, r9, lr}
 8001fd0:	4605      	mov	r5, r0
 8001fd2:	460e      	mov	r6, r1
 8001fd4:	4690      	mov	r8, r2
 8001fd6:	4699      	mov	r9, r3
  while (__HAL_I2C_GET_FLAG(hi2c, Flag) == RESET)
 8001fd8:	e053      	b.n	8002082 <I2C_WaitOnMasterAddressFlagUntilTimeout+0xb6>
      SET_BIT(hi2c->Instance->CR1, I2C_CR1_STOP);
 8001fda:	681a      	ldr	r2, [r3, #0]
 8001fdc:	f442 7200 	orr.w	r2, r2, #512	@ 0x200
 8001fe0:	601a      	str	r2, [r3, #0]
      __HAL_I2C_CLEAR_FLAG(hi2c, I2C_FLAG_AF);
 8001fe2:	682b      	ldr	r3, [r5, #0]
 8001fe4:	f46f 6280 	mvn.w	r2, #1024	@ 0x400
 8001fe8:	615a      	str	r2, [r3, #20]
      hi2c->PreviousState       = I2C_STATE_NONE;
 8001fea:	2300      	movs	r3, #0
 8001fec:	632b      	str	r3, [r5, #48]	@ 0x30
      hi2c->State               = HAL_I2C_STATE_READY;
 8001fee:	2220      	movs	r2, #32
 8001ff0:	f885 203d 	strb.w	r2, [r5, #61]	@ 0x3d
      hi2c->Mode                = HAL_I2C_MODE_NONE;
 8001ff4:	f885 303e 	strb.w	r3, [r5, #62]	@ 0x3e
      hi2c->ErrorCode           |= HAL_I2C_ERROR_AF;
 8001ff8:	6c2a      	ldr	r2, [r5, #64]	@ 0x40
 8001ffa:	f042 0204 	orr.w	r2, r2, #4
 8001ffe:	642a      	str	r2, [r5, #64]	@ 0x40
      __HAL_UNLOCK(hi2c);
 8002000:	f885 303c 	strb.w	r3, [r5, #60]	@ 0x3c
      return HAL_ERROR;
 8002004:	2001      	movs	r0, #1
 8002006:	e04a      	b.n	800209e <I2C_WaitOnMasterAddressFlagUntilTimeout+0xd2>
      if (((HAL_GetTick() - Tickstart) > Timeout) || (Timeout == 0U))
 8002008:	f7ff fc1a 	bl	8001840 <HAL_GetTick>
 800200c:	eba0 0009 	sub.w	r0, r0, r9
 8002010:	4540      	cmp	r0, r8
 8002012:	d802      	bhi.n	800201a <I2C_WaitOnMasterAddressFlagUntilTimeout+0x4e>
 8002014:	f1b8 0f00 	cmp.w	r8, #0
 8002018:	d133      	bne.n	8002082 <I2C_WaitOnMasterAddressFlagUntilTimeout+0xb6>
        if ((__HAL_I2C_GET_FLAG(hi2c, Flag) == RESET))
 800201a:	2f01      	cmp	r7, #1
 800201c:	d017      	beq.n	800204e <I2C_WaitOnMasterAddressFlagUntilTimeout+0x82>
 800201e:	682b      	ldr	r3, [r5, #0]
 8002020:	699b      	ldr	r3, [r3, #24]
 8002022:	ea26 0303 	bic.w	r3, r6, r3
 8002026:	b29b      	uxth	r3, r3
 8002028:	3b00      	subs	r3, #0
 800202a:	bf18      	it	ne
 800202c:	2301      	movne	r3, #1
 800202e:	b343      	cbz	r3, 8002082 <I2C_WaitOnMasterAddressFlagUntilTimeout+0xb6>
          hi2c->PreviousState       = I2C_STATE_NONE;
 8002030:	2300      	movs	r3, #0
 8002032:	632b      	str	r3, [r5, #48]	@ 0x30
          hi2c->State               = HAL_I2C_STATE_READY;
 8002034:	2220      	movs	r2, #32
 8002036:	f885 203d 	strb.w	r2, [r5, #61]	@ 0x3d
          hi2c->Mode                = HAL_I2C_MODE_NONE;
 800203a:	f885 303e 	strb.w	r3, [r5, #62]	@ 0x3e
          hi2c->ErrorCode           |= HAL_I2C_ERROR_TIMEOUT;
 800203e:	6c2a      	ldr	r2, [r5, #64]	@ 0x40
 8002040:	f042 0220 	orr.w	r2, r2, #32
 8002044:	642a      	str	r2, [r5, #64]	@ 0x40
          __HAL_UNLOCK(hi2c);
 8002046:	f885 303c 	strb.w	r3, [r5, #60]	@ 0x3c
          return HAL_ERROR;
 800204a:	2001      	movs	r0, #1
 800204c:	e027      	b.n	800209e <I2C_WaitOnMasterAddressFlagUntilTimeout+0xd2>
        if ((__HAL_I2C_GET_FLAG(hi2c, Flag) == RESET))
 800204e:	682b      	ldr	r3, [r5, #0]
 8002050:	695b      	ldr	r3, [r3, #20]
 8002052:	ea26 0303 	bic.w	r3, r6, r3
 8002056:	b29b      	uxth	r3, r3
 8002058:	3b00      	subs	r3, #0
 800205a:	bf18      	it	ne
 800205c:	2301      	movne	r3, #1
 800205e:	e7e6      	b.n	800202e <I2C_WaitOnMasterAddressFlagUntilTimeout+0x62>
  while (__HAL_I2C_GET_FLAG(hi2c, Flag) == RESET)
 8002060:	682b      	ldr	r3, [r5, #0]
 8002062:	699c      	ldr	r4, [r3, #24]
 8002064:	ea26 0404 	bic.w	r4, r6, r4
 8002068:	b2a4      	uxth	r4, r4
 800206a:	3c00      	subs	r4, #0
 800206c:	bf18      	it	ne
 800206e:	2401      	movne	r4, #1
 8002070:	b1a4      	cbz	r4, 800209c <I2C_WaitOnMasterAddressFlagUntilTimeout+0xd0>
    if (__HAL_I2C_GET_FLAG(hi2c, I2C_FLAG_AF) == SET)
 8002072:	682b      	ldr	r3, [r5, #0]
 8002074:	695a      	ldr	r2, [r3, #20]
 8002076:	f412 6f80 	tst.w	r2, #1024	@ 0x400
 800207a:	d1ae      	bne.n	8001fda <I2C_WaitOnMasterAddressFlagUntilTimeout+0xe>
    if (Timeout != HAL_MAX_DELAY)
 800207c:	f1b8 3fff 	cmp.w	r8, #4294967295
 8002080:	d1c2      	bne.n	8002008 <I2C_WaitOnMasterAddressFlagUntilTimeout+0x3c>
  while (__HAL_I2C_GET_FLAG(hi2c, Flag) == RESET)
 8002082:	f3c6 4707 	ubfx	r7, r6, #16, #8
 8002086:	2f01      	cmp	r7, #1
 8002088:	d1ea      	bne.n	8002060 <I2C_WaitOnMasterAddressFlagUntilTimeout+0x94>
 800208a:	682b      	ldr	r3, [r5, #0]
 800208c:	695c      	ldr	r4, [r3, #20]
 800208e:	ea26 0404 	bic.w	r4, r6, r4
 8002092:	b2a4      	uxth	r4, r4
 8002094:	3c00      	subs	r4, #0
 8002096:	bf18      	it	ne
 8002098:	2401      	movne	r4, #1
 800209a:	e7e9      	b.n	8002070 <I2C_WaitOnMasterAddressFlagUntilTimeout+0xa4>
  return HAL_OK;
 800209c:	2000      	movs	r0, #0
}
 800209e:	e8bd 83f8 	ldmia.w	sp!, {r3, r4, r5, r6, r7, r8, r9, pc}
	...

080020a4 <I2C_MasterRequestWrite>:
{
 80020a4:	b5f0      	push	{r4, r5, r6, r7, lr}
 80020a6:	b083      	sub	sp, #12
 80020a8:	4604      	mov	r4, r0
 80020aa:	460d      	mov	r5, r1
 80020ac:	4616      	mov	r6, r2
 80020ae:	461f      	mov	r7, r3
  uint32_t CurrentXferOptions = hi2c->XferOptions;
 80020b0:	6ac3      	ldr	r3, [r0, #44]	@ 0x2c
  if ((CurrentXferOptions == I2C_FIRST_AND_LAST_FRAME) || (CurrentXferOptions == I2C_FIRST_FRAME) || (CurrentXferOptions == I2C_NO_OPTION_FRAME))
 80020b2:	2b08      	cmp	r3, #8
 80020b4:	d00d      	beq.n	80020d2 <I2C_MasterRequestWrite+0x2e>
 80020b6:	2b01      	cmp	r3, #1
 80020b8:	d00b      	beq.n	80020d2 <I2C_MasterRequestWrite+0x2e>
 80020ba:	f513 3f80 	cmn.w	r3, #65536	@ 0x10000
 80020be:	d008      	beq.n	80020d2 <I2C_MasterRequestWrite+0x2e>
  else if (hi2c->PreviousState == I2C_STATE_MASTER_BUSY_RX)
 80020c0:	6b03      	ldr	r3, [r0, #48]	@ 0x30
 80020c2:	2b12      	cmp	r3, #18
 80020c4:	d10a      	bne.n	80020dc <I2C_MasterRequestWrite+0x38>
    SET_BIT(hi2c->Instance->CR1, I2C_CR1_START);
 80020c6:	6802      	ldr	r2, [r0, #0]
 80020c8:	6813      	ldr	r3, [r2, #0]
 80020ca:	f443 7380 	orr.w	r3, r3, #256	@ 0x100
 80020ce:	6013      	str	r3, [r2, #0]
 80020d0:	e004      	b.n	80020dc <I2C_MasterRequestWrite+0x38>
    SET_BIT(hi2c->Instance->CR1, I2C_CR1_START);
 80020d2:	6822      	ldr	r2, [r4, #0]
 80020d4:	6813      	ldr	r3, [r2, #0]
 80020d6:	f443 7380 	orr.w	r3, r3, #256	@ 0x100
 80020da:	6013      	str	r3, [r2, #0]
  if (I2C_WaitOnFlagUntilTimeout(hi2c, I2C_FLAG_SB, RESET, Timeout, Tickstart) != HAL_OK)
 80020dc:	9700      	str	r7, [sp, #0]
 80020de:	4633      	mov	r3, r6
 80020e0:	2200      	movs	r2, #0
 80020e2:	f04f 1101 	mov.w	r1, #65537	@ 0x10001
 80020e6:	4620      	mov	r0, r4
 80020e8:	f7ff ff1b 	bl	8001f22 <I2C_WaitOnFlagUntilTimeout>
 80020ec:	b980      	cbnz	r0, 8002110 <I2C_MasterRequestWrite+0x6c>
  if (hi2c->Init.AddressingMode == I2C_ADDRESSINGMODE_7BIT)
 80020ee:	6923      	ldr	r3, [r4, #16]
 80020f0:	f5b3 4f80 	cmp.w	r3, #16384	@ 0x4000
 80020f4:	d116      	bne.n	8002124 <I2C_MasterRequestWrite+0x80>
    hi2c->Instance->DR = I2C_7BIT_ADD_WRITE(DevAddress);
 80020f6:	6823      	ldr	r3, [r4, #0]
 80020f8:	f005 05fe 	and.w	r5, r5, #254	@ 0xfe
 80020fc:	611d      	str	r5, [r3, #16]
  if (I2C_WaitOnMasterAddressFlagUntilTimeout(hi2c, I2C_FLAG_ADDR, Timeout, Tickstart) != HAL_OK)
 80020fe:	463b      	mov	r3, r7
 8002100:	4632      	mov	r2, r6
 8002102:	4913      	ldr	r1, [pc, #76]	@ (8002150 <I2C_MasterRequestWrite+0xac>)
 8002104:	4620      	mov	r0, r4
 8002106:	f7ff ff61 	bl	8001fcc <I2C_WaitOnMasterAddressFlagUntilTimeout>
 800210a:	b9f8      	cbnz	r0, 800214c <I2C_MasterRequestWrite+0xa8>
}
 800210c:	b003      	add	sp, #12
 800210e:	bdf0      	pop	{r4, r5, r6, r7, pc}
    if (READ_BIT(hi2c->Instance->CR1, I2C_CR1_START) == I2C_CR1_START)
 8002110:	6823      	ldr	r3, [r4, #0]
 8002112:	681b      	ldr	r3, [r3, #0]
 8002114:	f413 7f80 	tst.w	r3, #256	@ 0x100
 8002118:	d002      	beq.n	8002120 <I2C_MasterRequestWrite+0x7c>
      hi2c->ErrorCode = HAL_I2C_WRONG_START;
 800211a:	f44f 7300 	mov.w	r3, #512	@ 0x200
 800211e:	6423      	str	r3, [r4, #64]	@ 0x40
    return HAL_TIMEOUT;
 8002120:	2003      	movs	r0, #3
 8002122:	e7f3      	b.n	800210c <I2C_MasterRequestWrite+0x68>
    hi2c->Instance->DR = I2C_10BIT_HEADER_WRITE(DevAddress);
 8002124:	11eb      	asrs	r3, r5, #7
 8002126:	6822      	ldr	r2, [r4, #0]
 8002128:	f003 0306 	and.w	r3, r3, #6
 800212c:	f043 03f0 	orr.w	r3, r3, #240	@ 0xf0
 8002130:	6113      	str	r3, [r2, #16]
    if (I2C_WaitOnMasterAddressFlagUntilTimeout(hi2c, I2C_FLAG_ADD10, Timeout, Tickstart) != HAL_OK)
 8002132:	463b      	mov	r3, r7
 8002134:	4632      	mov	r2, r6
 8002136:	4907      	ldr	r1, [pc, #28]	@ (8002154 <I2C_MasterRequestWrite+0xb0>)
 8002138:	4620      	mov	r0, r4
 800213a:	f7ff ff47 	bl	8001fcc <I2C_WaitOnMasterAddressFlagUntilTimeout>
 800213e:	b918      	cbnz	r0, 8002148 <I2C_MasterRequestWrite+0xa4>
    hi2c->Instance->DR = I2C_10BIT_ADDRESS(DevAddress);
 8002140:	6823      	ldr	r3, [r4, #0]
 8002142:	b2ed      	uxtb	r5, r5
 8002144:	611d      	str	r5, [r3, #16]
 8002146:	e7da      	b.n	80020fe <I2C_MasterRequestWrite+0x5a>
      return HAL_ERROR;
 8002148:	2001      	movs	r0, #1
 800214a:	e7df      	b.n	800210c <I2C_MasterRequestWrite+0x68>
    return HAL_ERROR;
 800214c:	2001      	movs	r0, #1
 800214e:	e7dd      	b.n	800210c <I2C_MasterRequestWrite+0x68>
 8002150:	00010002 	.word	0x00010002
 8002154:	00010008 	.word	0x00010008

08002158 <I2C_MasterRequestRead>:
{
 8002158:	e92d 41f0 	stmdb	sp!, {r4, r5, r6, r7, r8, lr}
 800215c:	b084      	sub	sp, #16
 800215e:	4604      	mov	r4, r0
 8002160:	460d      	mov	r5, r1
 8002162:	4616      	mov	r6, r2
 8002164:	461f      	mov	r7, r3
  uint32_t CurrentXferOptions = hi2c->XferOptions;
 8002166:	6ac2      	ldr	r2, [r0, #44]	@ 0x2c
  SET_BIT(hi2c->Instance->CR1, I2C_CR1_ACK);
 8002168:	6801      	ldr	r1, [r0, #0]
 800216a:	680b      	ldr	r3, [r1, #0]
 800216c:	f443 6380 	orr.w	r3, r3, #1024	@ 0x400
 8002170:	600b      	str	r3, [r1, #0]
  if ((CurrentXferOptions == I2C_FIRST_AND_LAST_FRAME) || (CurrentXferOptions == I2C_FIRST_FRAME)  || (CurrentXferOptions == I2C_NO_OPTION_FRAME))
 8002172:	2a08      	cmp	r2, #8
 8002174:	d00d      	beq.n	8002192 <I2C_MasterRequestRead+0x3a>
 8002176:	2a01      	cmp	r2, #1
 8002178:	d00b      	beq.n	8002192 <I2C_MasterRequestRead+0x3a>
 800217a:	f512 3f80 	cmn.w	r2, #65536	@ 0x10000
 800217e:	d008      	beq.n	8002192 <I2C_MasterRequestRead+0x3a>
  else if (hi2c->PreviousState == I2C_STATE_MASTER_BUSY_TX)
 8002180:	6b03      	ldr	r3, [r0, #48]	@ 0x30
 8002182:	2b11      	cmp	r3, #17
 8002184:	d10a      	bne.n	800219c <I2C_MasterRequestRead+0x44>
    SET_BIT(hi2c->Instance->CR1, I2C_CR1_START);
 8002186:	6802      	ldr	r2, [r0, #0]
 8002188:	6813      	ldr	r3, [r2, #0]
 800218a:	f443 7380 	orr.w	r3, r3, #256	@ 0x100
 800218e:	6013      	str	r3, [r2, #0]
 8002190:	e004      	b.n	800219c <I2C_MasterRequestRead+0x44>
    SET_BIT(hi2c->Instance->CR1, I2C_CR1_START);
 8002192:	6822      	ldr	r2, [r4, #0]
 8002194:	6813      	ldr	r3, [r2, #0]
 8002196:	f443 7380 	orr.w	r3, r3, #256	@ 0x100
 800219a:	6013      	str	r3, [r2, #0]
  if (I2C_WaitOnFlagUntilTimeout(hi2c, I2C_FLAG_SB, RESET, Timeout, Tickstart) != HAL_OK)
 800219c:	9700      	str	r7, [sp, #0]
 800219e:	4633      	mov	r3, r6
 80021a0:	2200      	movs	r2, #0
 80021a2:	f04f 1101 	mov.w	r1, #65537	@ 0x10001
 80021a6:	4620      	mov	r0, r4
 80021a8:	f7ff febb 	bl	8001f22 <I2C_WaitOnFlagUntilTimeout>
 80021ac:	b998      	cbnz	r0, 80021d6 <I2C_MasterRequestRead+0x7e>
  if (hi2c->Init.AddressingMode == I2C_ADDRESSINGMODE_7BIT)
 80021ae:	6923      	ldr	r3, [r4, #16]
 80021b0:	f5b3 4f80 	cmp.w	r3, #16384	@ 0x4000
 80021b4:	d119      	bne.n	80021ea <I2C_MasterRequestRead+0x92>
    hi2c->Instance->DR = I2C_7BIT_ADD_READ(DevAddress);
 80021b6:	6823      	ldr	r3, [r4, #0]
 80021b8:	f045 0501 	orr.w	r5, r5, #1
 80021bc:	b2ed      	uxtb	r5, r5
 80021be:	611d      	str	r5, [r3, #16]
  if (I2C_WaitOnMasterAddressFlagUntilTimeout(hi2c, I2C_FLAG_ADDR, Timeout, Tickstart) != HAL_OK)
 80021c0:	463b      	mov	r3, r7
 80021c2:	4632      	mov	r2, r6
 80021c4:	492a      	ldr	r1, [pc, #168]	@ (8002270 <I2C_MasterRequestRead+0x118>)
 80021c6:	4620      	mov	r0, r4
 80021c8:	f7ff ff00 	bl	8001fcc <I2C_WaitOnMasterAddressFlagUntilTimeout>
 80021cc:	2800      	cmp	r0, #0
 80021ce:	d14c      	bne.n	800226a <I2C_MasterRequestRead+0x112>
}
 80021d0:	b004      	add	sp, #16
 80021d2:	e8bd 81f0 	ldmia.w	sp!, {r4, r5, r6, r7, r8, pc}
    if (READ_BIT(hi2c->Instance->CR1, I2C_CR1_START) == I2C_CR1_START)
 80021d6:	6823      	ldr	r3, [r4, #0]
 80021d8:	681b      	ldr	r3, [r3, #0]
 80021da:	f413 7f80 	tst.w	r3, #256	@ 0x100
 80021de:	d002      	beq.n	80021e6 <I2C_MasterRequestRead+0x8e>
      hi2c->ErrorCode = HAL_I2C_WRONG_START;
 80021e0:	f44f 7300 	mov.w	r3, #512	@ 0x200
 80021e4:	6423      	str	r3, [r4, #64]	@ 0x40
    return HAL_TIMEOUT;
 80021e6:	2003      	movs	r0, #3
 80021e8:	e7f2      	b.n	80021d0 <I2C_MasterRequestRead+0x78>
    hi2c->Instance->DR = I2C_10BIT_HEADER_WRITE(DevAddress);
 80021ea:	ea4f 18e5 	mov.w	r8, r5, asr #7
 80021ee:	f008 0806 	and.w	r8, r8, #6
 80021f2:	6823      	ldr	r3, [r4, #0]
 80021f4:	f048 02f0 	orr.w	r2, r8, #240	@ 0xf0
 80021f8:	611a      	str	r2, [r3, #16]
    if (I2C_WaitOnMasterAddressFlagUntilTimeout(hi2c, I2C_FLAG_ADD10, Timeout, Tickstart) != HAL_OK)
 80021fa:	463b      	mov	r3, r7
 80021fc:	4632      	mov	r2, r6
 80021fe:	491d      	ldr	r1, [pc, #116]	@ (8002274 <I2C_MasterRequestRead+0x11c>)
 8002200:	4620      	mov	r0, r4
 8002202:	f7ff fee3 	bl	8001fcc <I2C_WaitOnMasterAddressFlagUntilTimeout>
 8002206:	b108      	cbz	r0, 800220c <I2C_MasterRequestRead+0xb4>
      return HAL_ERROR;
 8002208:	2001      	movs	r0, #1
 800220a:	e7e1      	b.n	80021d0 <I2C_MasterRequestRead+0x78>
    hi2c->Instance->DR = I2C_10BIT_ADDRESS(DevAddress);
 800220c:	6823      	ldr	r3, [r4, #0]
 800220e:	b2ed      	uxtb	r5, r5
 8002210:	611d      	str	r5, [r3, #16]
    if (I2C_WaitOnMasterAddressFlagUntilTimeout(hi2c, I2C_FLAG_ADDR, Timeout, Tickstart) != HAL_OK)
 8002212:	463b      	mov	r3, r7
 8002214:	4632      	mov	r2, r6
 8002216:	4916      	ldr	r1, [pc, #88]	@ (8002270 <I2C_MasterRequestRead+0x118>)
 8002218:	4620      	mov	r0, r4
 800221a:	f7ff fed7 	bl	8001fcc <I2C_WaitOnMasterAddressFlagUntilTimeout>
 800221e:	b108      	cbz	r0, 8002224 <I2C_MasterRequestRead+0xcc>
      return HAL_ERROR;
 8002220:	2001      	movs	r0, #1
 8002222:	e7d5      	b.n	80021d0 <I2C_MasterRequestRead+0x78>
    __HAL_I2C_CLEAR_ADDRFLAG(hi2c);
 8002224:	2200      	movs	r2, #0
 8002226:	9203      	str	r2, [sp, #12]
 8002228:	6823      	ldr	r3, [r4, #0]
 800222a:	6959      	ldr	r1, [r3, #20]
 800222c:	9103      	str	r1, [sp, #12]
 800222e:	6999      	ldr	r1, [r3, #24]
 8002230:	9103      	str	r1, [sp, #12]
 8002232:	9903      	ldr	r1, [sp, #12]
    SET_BIT(hi2c->Instance->CR1, I2C_CR1_START);
 8002234:	6819      	ldr	r1, [r3, #0]
 8002236:	f441 7180 	orr.w	r1, r1, #256	@ 0x100
 800223a:	6019      	str	r1, [r3, #0]
    if (I2C_WaitOnFlagUntilTimeout(hi2c, I2C_FLAG_SB, RESET, Timeout, Tickstart) != HAL_OK)
 800223c:	9700      	str	r7, [sp, #0]
 800223e:	4633      	mov	r3, r6
 8002240:	f04f 1101 	mov.w	r1, #65537	@ 0x10001
 8002244:	4620      	mov	r0, r4
 8002246:	f7ff fe6c 	bl	8001f22 <I2C_WaitOnFlagUntilTimeout>
 800224a:	b920      	cbnz	r0, 8002256 <I2C_MasterRequestRead+0xfe>
    hi2c->Instance->DR = I2C_10BIT_HEADER_READ(DevAddress);
 800224c:	6822      	ldr	r2, [r4, #0]
 800224e:	f048 03f1 	orr.w	r3, r8, #241	@ 0xf1
 8002252:	6113      	str	r3, [r2, #16]
 8002254:	e7b4      	b.n	80021c0 <I2C_MasterRequestRead+0x68>
      if (READ_BIT(hi2c->Instance->CR1, I2C_CR1_START) == I2C_CR1_START)
 8002256:	6823      	ldr	r3, [r4, #0]
 8002258:	681b      	ldr	r3, [r3, #0]
 800225a:	f413 7f80 	tst.w	r3, #256	@ 0x100
 800225e:	d002      	beq.n	8002266 <I2C_MasterRequestRead+0x10e>
        hi2c->ErrorCode = HAL_I2C_WRONG_START;
 8002260:	f44f 7300 	mov.w	r3, #512	@ 0x200
 8002264:	6423      	str	r3, [r4, #64]	@ 0x40
      return HAL_TIMEOUT;
 8002266:	2003      	movs	r0, #3
 8002268:	e7b2      	b.n	80021d0 <I2C_MasterRequestRead+0x78>
    return HAL_ERROR;
 800226a:	2001      	movs	r0, #1
 800226c:	e7b0      	b.n	80021d0 <I2C_MasterRequestRead+0x78>
 800226e:	bf00      	nop
 8002270:	00010002 	.word	0x00010002
 8002274:	00010008 	.word	0x00010008

08002278 <I2C_WaitOnTXEFlagUntilTimeout>:
{
 8002278:	b570      	push	{r4, r5, r6, lr}
 800227a:	4604      	mov	r4, r0
 800227c:	460d      	mov	r5, r1
 800227e:	4616      	mov	r6, r2
  while (__HAL_I2C_GET_FLAG(hi2c, I2C_FLAG_TXE) == RESET)
 8002280:	6823      	ldr	r3, [r4, #0]
 8002282:	695b      	ldr	r3, [r3, #20]
 8002284:	f013 0f80 	tst.w	r3, #128	@ 0x80
 8002288:	d121      	bne.n	80022ce <I2C_WaitOnTXEFlagUntilTimeout+0x56>
    if (I2C_IsAcknowledgeFailed(hi2c) != HAL_OK)
 800228a:	4620      	mov	r0, r4
 800228c:	f7ff fe30 	bl	8001ef0 <I2C_IsAcknowledgeFailed>
 8002290:	b9f8      	cbnz	r0, 80022d2 <I2C_WaitOnTXEFlagUntilTimeout+0x5a>
    if (Timeout != HAL_MAX_DELAY)
 8002292:	f1b5 3fff 	cmp.w	r5, #4294967295
 8002296:	d0f3      	beq.n	8002280 <I2C_WaitOnTXEFlagUntilTimeout+0x8>
      if (((HAL_GetTick() - Tickstart) > Timeout) || (Timeout == 0U))
 8002298:	f7ff fad2 	bl	8001840 <HAL_GetTick>
 800229c:	1b80      	subs	r0, r0, r6
 800229e:	42a8      	cmp	r0, r5
 80022a0:	d801      	bhi.n	80022a6 <I2C_WaitOnTXEFlagUntilTimeout+0x2e>
 80022a2:	2d00      	cmp	r5, #0
 80022a4:	d1ec      	bne.n	8002280 <I2C_WaitOnTXEFlagUntilTimeout+0x8>
        if ((__HAL_I2C_GET_FLAG(hi2c, I2C_FLAG_TXE) == RESET))
 80022a6:	6823      	ldr	r3, [r4, #0]
 80022a8:	695b      	ldr	r3, [r3, #20]
 80022aa:	f013 0f80 	tst.w	r3, #128	@ 0x80
 80022ae:	d1e7      	bne.n	8002280 <I2C_WaitOnTXEFlagUntilTimeout+0x8>
          hi2c->PreviousState       = I2C_STATE_NONE;
 80022b0:	2300      	movs	r3, #0
 80022b2:	6323      	str	r3, [r4, #48]	@ 0x30
          hi2c->State               = HAL_I2C_STATE_READY;
 80022b4:	2220      	movs	r2, #32
 80022b6:	f884 203d 	strb.w	r2, [r4, #61]	@ 0x3d
          hi2c->Mode                = HAL_I2C_MODE_NONE;
 80022ba:	f884 303e 	strb.w	r3, [r4, #62]	@ 0x3e
          hi2c->ErrorCode           |= HAL_I2C_ERROR_TIMEOUT;
 80022be:	6c22      	ldr	r2, [r4, #64]	@ 0x40
 80022c0:	f042 0220 	orr.w	r2, r2, #32
 80022c4:	6422      	str	r2, [r4, #64]	@ 0x40
          __HAL_UNLOCK(hi2c);
 80022c6:	f884 303c 	strb.w	r3, [r4, #60]	@ 0x3c
          return HAL_ERROR;
 80022ca:	2001      	movs	r0, #1
 80022cc:	e000      	b.n	80022d0 <I2C_WaitOnTXEFlagUntilTimeout+0x58>
  return HAL_OK;
 80022ce:	2000      	movs	r0, #0
}
 80022d0:	bd70      	pop	{r4, r5, r6, pc}
      return HAL_ERROR;
 80022d2:	2001      	movs	r0, #1
 80022d4:	e7fc      	b.n	80022d0 <I2C_WaitOnTXEFlagUntilTimeout+0x58>
	...

080022d8 <I2C_RequestMemoryWrite>:
{
 80022d8:	e92d 43f0 	stmdb	sp!, {r4, r5, r6, r7, r8, r9, lr}
 80022dc:	b085      	sub	sp, #20
 80022de:	4604      	mov	r4, r0
 80022e0:	460d      	mov	r5, r1
 80022e2:	4691      	mov	r9, r2
 80022e4:	461f      	mov	r7, r3
 80022e6:	f8dd 8030 	ldr.w	r8, [sp, #48]	@ 0x30
 80022ea:	9e0d      	ldr	r6, [sp, #52]	@ 0x34
  SET_BIT(hi2c->Instance->CR1, I2C_CR1_START);
 80022ec:	6803      	ldr	r3, [r0, #0]
 80022ee:	6819      	ldr	r1, [r3, #0]
 80022f0:	f441 7180 	orr.w	r1, r1, #256	@ 0x100
 80022f4:	6019      	str	r1, [r3, #0]
  if (I2C_WaitOnFlagUntilTimeout(hi2c, I2C_FLAG_SB, RESET, Timeout, Tickstart) != HAL_OK)
 80022f6:	9600      	str	r6, [sp, #0]
 80022f8:	4643      	mov	r3, r8
 80022fa:	2200      	movs	r2, #0
 80022fc:	f04f 1101 	mov.w	r1, #65537	@ 0x10001
 8002300:	f7ff fe0f 	bl	8001f22 <I2C_WaitOnFlagUntilTimeout>
 8002304:	b960      	cbnz	r0, 8002320 <I2C_RequestMemoryWrite+0x48>
  hi2c->Instance->DR = I2C_7BIT_ADD_WRITE(DevAddress);
 8002306:	6823      	ldr	r3, [r4, #0]
 8002308:	f005 05fe 	and.w	r5, r5, #254	@ 0xfe
 800230c:	611d      	str	r5, [r3, #16]
  if (I2C_WaitOnMasterAddressFlagUntilTimeout(hi2c, I2C_FLAG_ADDR, Timeout, Tickstart) != HAL_OK)
 800230e:	4633      	mov	r3, r6
 8002310:	4642      	mov	r2, r8
 8002312:	4926      	ldr	r1, [pc, #152]	@ (80023ac <I2C_RequestMemoryWrite+0xd4>)
 8002314:	4620      	mov	r0, r4
 8002316:	f7ff fe59 	bl	8001fcc <I2C_WaitOnMasterAddressFlagUntilTimeout>
 800231a:	b168      	cbz	r0, 8002338 <I2C_RequestMemoryWrite+0x60>
    return HAL_ERROR;
 800231c:	2001      	movs	r0, #1
 800231e:	e008      	b.n	8002332 <I2C_RequestMemoryWrite+0x5a>
    if (READ_BIT(hi2c->Instance->CR1, I2C_CR1_START) == I2C_CR1_START)
 8002320:	6823      	ldr	r3, [r4, #0]
 8002322:	681b      	ldr	r3, [r3, #0]
 8002324:	f413 7f80 	tst.w	r3, #256	@ 0x100
 8002328:	d002      	beq.n	8002330 <I2C_RequestMemoryWrite+0x58>
      hi2c->ErrorCode = HAL_I2C_WRONG_START;
 800232a:	f44f 7300 	mov.w	r3, #512	@ 0x200
 800232e:	6423      	str	r3, [r4, #64]	@ 0x40
    return HAL_TIMEOUT;
 8002330:	2003      	movs	r0, #3
}
 8002332:	b005      	add	sp, #20
 8002334:	e8bd 83f0 	ldmia.w	sp!, {r4, r5, r6, r7, r8, r9, pc}
  __HAL_I2C_CLEAR_ADDRFLAG(hi2c);
 8002338:	2300      	movs	r3, #0
 800233a:	9303      	str	r3, [sp, #12]
 800233c:	6823      	ldr	r3, [r4, #0]
 800233e:	695a      	ldr	r2, [r3, #20]
 8002340:	9203      	str	r2, [sp, #12]
 8002342:	699b      	ldr	r3, [r3, #24]
 8002344:	9303      	str	r3, [sp, #12]
 8002346:	9b03      	ldr	r3, [sp, #12]
  if (I2C_WaitOnTXEFlagUntilTimeout(hi2c, Timeout, Tickstart) != HAL_OK)
 8002348:	4632      	mov	r2, r6
 800234a:	4641      	mov	r1, r8
 800234c:	4620      	mov	r0, r4
 800234e:	f7ff ff93 	bl	8002278 <I2C_WaitOnTXEFlagUntilTimeout>
 8002352:	b930      	cbnz	r0, 8002362 <I2C_RequestMemoryWrite+0x8a>
  if (MemAddSize == I2C_MEMADD_SIZE_8BIT)
 8002354:	2f01      	cmp	r7, #1
 8002356:	d10f      	bne.n	8002378 <I2C_RequestMemoryWrite+0xa0>
    hi2c->Instance->DR = I2C_MEM_ADD_LSB(MemAddress);
 8002358:	6823      	ldr	r3, [r4, #0]
 800235a:	fa5f f689 	uxtb.w	r6, r9
 800235e:	611e      	str	r6, [r3, #16]
 8002360:	e7e7      	b.n	8002332 <I2C_RequestMemoryWrite+0x5a>
    if (hi2c->ErrorCode == HAL_I2C_ERROR_AF)
 8002362:	6c23      	ldr	r3, [r4, #64]	@ 0x40
 8002364:	2b04      	cmp	r3, #4
 8002366:	d001      	beq.n	800236c <I2C_RequestMemoryWrite+0x94>
    return HAL_ERROR;
 8002368:	2001      	movs	r0, #1
 800236a:	e7e2      	b.n	8002332 <I2C_RequestMemoryWrite+0x5a>
      SET_BIT(hi2c->Instance->CR1, I2C_CR1_STOP);
 800236c:	6822      	ldr	r2, [r4, #0]
 800236e:	6813      	ldr	r3, [r2, #0]
 8002370:	f443 7300 	orr.w	r3, r3, #512	@ 0x200
 8002374:	6013      	str	r3, [r2, #0]
 8002376:	e7f7      	b.n	8002368 <I2C_RequestMemoryWrite+0x90>
    hi2c->Instance->DR = I2C_MEM_ADD_MSB(MemAddress);
 8002378:	6823      	ldr	r3, [r4, #0]
 800237a:	ea4f 2219 	mov.w	r2, r9, lsr #8
 800237e:	611a      	str	r2, [r3, #16]
    if (I2C_WaitOnTXEFlagUntilTimeout(hi2c, Timeout, Tickstart) != HAL_OK)
 8002380:	4632      	mov	r2, r6
 8002382:	4641      	mov	r1, r8
 8002384:	4620      	mov	r0, r4
 8002386:	f7ff ff77 	bl	8002278 <I2C_WaitOnTXEFlagUntilTimeout>
 800238a:	b920      	cbnz	r0, 8002396 <I2C_RequestMemoryWrite+0xbe>
    hi2c->Instance->DR = I2C_MEM_ADD_LSB(MemAddress);
 800238c:	6823      	ldr	r3, [r4, #0]
 800238e:	fa5f f689 	uxtb.w	r6, r9
 8002392:	611e      	str	r6, [r3, #16]
 8002394:	e7cd      	b.n	8002332 <I2C_RequestMemoryWrite+0x5a>
      if (hi2c->ErrorCode == HAL_I2C_ERROR_AF)
 8002396:	6c23      	ldr	r3, [r4, #64]	@ 0x40
 8002398:	2b04      	cmp	r3, #4
 800239a:	d001      	beq.n	80023a0 <I2C_RequestMemoryWrite+0xc8>
      return HAL_ERROR;
 800239c:	2001      	movs	r0, #1
 800239e:	e7c8      	b.n	8002332 <I2C_RequestMemoryWrite+0x5a>
        SET_BIT(hi2c->Instance->CR1, I2C_CR1_STOP);
 80023a0:	6822      	ldr	r2, [r4, #0]
 80023a2:	6813      	ldr	r3, [r2, #0]
 80023a4:	f443 7300 	orr.w	r3, r3, #512	@ 0x200
 80023a8:	6013      	str	r3, [r2, #0]
 80023aa:	e7f7      	b.n	800239c <I2C_RequestMemoryWrite+0xc4>
 80023ac:	00010002 	.word	0x00010002

080023b0 <I2C_RequestMemoryRead>:
{
 80023b0:	e92d 47f0 	stmdb	sp!, {r4, r5, r6, r7, r8, r9, sl, lr}
 80023b4:	b084      	sub	sp, #16
 80023b6:	4604      	mov	r4, r0
 80023b8:	460d      	mov	r5, r1
 80023ba:	4616      	mov	r6, r2
 80023bc:	4699      	mov	r9, r3
 80023be:	9f0c      	ldr	r7, [sp, #48]	@ 0x30
 80023c0:	f8dd 8034 	ldr.w	r8, [sp, #52]	@ 0x34
  SET_BIT(hi2c->Instance->CR1, I2C_CR1_ACK);
 80023c4:	6802      	ldr	r2, [r0, #0]
 80023c6:	6813      	ldr	r3, [r2, #0]
 80023c8:	f443 6380 	orr.w	r3, r3, #1024	@ 0x400
 80023cc:	6013      	str	r3, [r2, #0]
  SET_BIT(hi2c->Instance->CR1, I2C_CR1_START);
 80023ce:	6803      	ldr	r3, [r0, #0]
 80023d0:	6819      	ldr	r1, [r3, #0]
 80023d2:	f441 7180 	orr.w	r1, r1, #256	@ 0x100
 80023d6:	6019      	str	r1, [r3, #0]
  if (I2C_WaitOnFlagUntilTimeout(hi2c, I2C_FLAG_SB, RESET, Timeout, Tickstart) != HAL_OK)
 80023d8:	f8cd 8000 	str.w	r8, [sp]
 80023dc:	463b      	mov	r3, r7
 80023de:	2200      	movs	r2, #0
 80023e0:	f04f 1101 	mov.w	r1, #65537	@ 0x10001
 80023e4:	f7ff fd9d 	bl	8001f22 <I2C_WaitOnFlagUntilTimeout>
 80023e8:	b970      	cbnz	r0, 8002408 <I2C_RequestMemoryRead+0x58>
  hi2c->Instance->DR = I2C_7BIT_ADD_WRITE(DevAddress);
 80023ea:	fa5f fa85 	uxtb.w	sl, r5
 80023ee:	6823      	ldr	r3, [r4, #0]
 80023f0:	f005 05fe 	and.w	r5, r5, #254	@ 0xfe
 80023f4:	611d      	str	r5, [r3, #16]
  if (I2C_WaitOnMasterAddressFlagUntilTimeout(hi2c, I2C_FLAG_ADDR, Timeout, Tickstart) != HAL_OK)
 80023f6:	4643      	mov	r3, r8
 80023f8:	463a      	mov	r2, r7
 80023fa:	4941      	ldr	r1, [pc, #260]	@ (8002500 <I2C_RequestMemoryRead+0x150>)
 80023fc:	4620      	mov	r0, r4
 80023fe:	f7ff fde5 	bl	8001fcc <I2C_WaitOnMasterAddressFlagUntilTimeout>
 8002402:	b168      	cbz	r0, 8002420 <I2C_RequestMemoryRead+0x70>
    return HAL_ERROR;
 8002404:	2001      	movs	r0, #1
 8002406:	e008      	b.n	800241a <I2C_RequestMemoryRead+0x6a>
    if (READ_BIT(hi2c->Instance->CR1, I2C_CR1_START) == I2C_CR1_START)
 8002408:	6823      	ldr	r3, [r4, #0]
 800240a:	681b      	ldr	r3, [r3, #0]
 800240c:	f413 7f80 	tst.w	r3, #256	@ 0x100
 8002410:	d002      	beq.n	8002418 <I2C_RequestMemoryRead+0x68>
      hi2c->ErrorCode = HAL_I2C_WRONG_START;
 8002412:	f44f 7300 	mov.w	r3, #512	@ 0x200
 8002416:	6423      	str	r3, [r4, #64]	@ 0x40
    return HAL_TIMEOUT;
 8002418:	2003      	movs	r0, #3
}
 800241a:	b004      	add	sp, #16
 800241c:	e8bd 87f0 	ldmia.w	sp!, {r4, r5, r6, r7, r8, r9, sl, pc}
  __HAL_I2C_CLEAR_ADDRFLAG(hi2c);
 8002420:	2300      	movs	r3, #0
 8002422:	9303      	str	r3, [sp, #12]
 8002424:	6823      	ldr	r3, [r4, #0]
 8002426:	695a      	ldr	r2, [r3, #20]
 8002428:	9203      	str	r2, [sp, #12]
 800242a:	699b      	ldr	r3, [r3, #24]
 800242c:	9303      	str	r3, [sp, #12]
 800242e:	9b03      	ldr	r3, [sp, #12]
  if (I2C_WaitOnTXEFlagUntilTimeout(hi2c, Timeout, Tickstart) != HAL_OK)
 8002430:	4642      	mov	r2, r8
 8002432:	4639      	mov	r1, r7
 8002434:	4620      	mov	r0, r4
 8002436:	f7ff ff1f 	bl	8002278 <I2C_WaitOnTXEFlagUntilTimeout>
 800243a:	b980      	cbnz	r0, 800245e <I2C_RequestMemoryRead+0xae>
  if (MemAddSize == I2C_MEMADD_SIZE_8BIT)
 800243c:	f1b9 0f01 	cmp.w	r9, #1
 8002440:	d118      	bne.n	8002474 <I2C_RequestMemoryRead+0xc4>
    hi2c->Instance->DR = I2C_MEM_ADD_LSB(MemAddress);
 8002442:	6823      	ldr	r3, [r4, #0]
 8002444:	b2f6      	uxtb	r6, r6
 8002446:	611e      	str	r6, [r3, #16]
  if (I2C_WaitOnTXEFlagUntilTimeout(hi2c, Timeout, Tickstart) != HAL_OK)
 8002448:	4642      	mov	r2, r8
 800244a:	4639      	mov	r1, r7
 800244c:	4620      	mov	r0, r4
 800244e:	f7ff ff13 	bl	8002278 <I2C_WaitOnTXEFlagUntilTimeout>
 8002452:	b368      	cbz	r0, 80024b0 <I2C_RequestMemoryRead+0x100>
    if (hi2c->ErrorCode == HAL_I2C_ERROR_AF)
 8002454:	6c23      	ldr	r3, [r4, #64]	@ 0x40
 8002456:	2b04      	cmp	r3, #4
 8002458:	d024      	beq.n	80024a4 <I2C_RequestMemoryRead+0xf4>
    return HAL_ERROR;
 800245a:	2001      	movs	r0, #1
 800245c:	e7dd      	b.n	800241a <I2C_RequestMemoryRead+0x6a>
    if (hi2c->ErrorCode == HAL_I2C_ERROR_AF)
 800245e:	6c23      	ldr	r3, [r4, #64]	@ 0x40
 8002460:	2b04      	cmp	r3, #4
 8002462:	d001      	beq.n	8002468 <I2C_RequestMemoryRead+0xb8>
    return HAL_ERROR;
 8002464:	2001      	movs	r0, #1
 8002466:	e7d8      	b.n	800241a <I2C_RequestMemoryRead+0x6a>
      SET_BIT(hi2c->Instance->CR1, I2C_CR1_STOP);
 8002468:	6822      	ldr	r2, [r4, #0]
 800246a:	6813      	ldr	r3, [r2, #0]
 800246c:	f443 7300 	orr.w	r3, r3, #512	@ 0x200
 8002470:	6013      	str	r3, [r2, #0]
 8002472:	e7f7      	b.n	8002464 <I2C_RequestMemoryRead+0xb4>
    hi2c->Instance->DR = I2C_MEM_ADD_MSB(MemAddress);
 8002474:	6823      	ldr	r3, [r4, #0]
 8002476:	0a32      	lsrs	r2, r6, #8
 8002478:	611a      	str	r2, [r3, #16]
    if (I2C_WaitOnTXEFlagUntilTimeout(hi2c, Timeout, Tickstart) != HAL_OK)
 800247a:	4642      	mov	r2, r8
 800247c:	4639      	mov	r1, r7
 800247e:	4620      	mov	r0, r4
 8002480:	f7ff fefa 	bl	8002278 <I2C_WaitOnTXEFlagUntilTimeout>
 8002484:	b918      	cbnz	r0, 800248e <I2C_RequestMemoryRead+0xde>
    hi2c->Instance->DR = I2C_MEM_ADD_LSB(MemAddress);
 8002486:	6823      	ldr	r3, [r4, #0]
 8002488:	b2f6      	uxtb	r6, r6
 800248a:	611e      	str	r6, [r3, #16]
 800248c:	e7dc      	b.n	8002448 <I2C_RequestMemoryRead+0x98>
      if (hi2c->ErrorCode == HAL_I2C_ERROR_AF)
 800248e:	6c23      	ldr	r3, [r4, #64]	@ 0x40
 8002490:	2b04      	cmp	r3, #4
 8002492:	d001      	beq.n	8002498 <I2C_RequestMemoryRead+0xe8>
      return HAL_ERROR;
 8002494:	2001      	movs	r0, #1
 8002496:	e7c0      	b.n	800241a <I2C_RequestMemoryRead+0x6a>
        SET_BIT(hi2c->Instance->CR1, I2C_CR1_STOP);
 8002498:	6822      	ldr	r2, [r4, #0]
 800249a:	6813      	ldr	r3, [r2, #0]
 800249c:	f443 7300 	orr.w	r3, r3, #512	@ 0x200
 80024a0:	6013      	str	r3, [r2, #0]
 80024a2:	e7f7      	b.n	8002494 <I2C_RequestMemoryRead+0xe4>
      SET_BIT(hi2c->Instance->CR1, I2C_CR1_STOP);
 80024a4:	6822      	ldr	r2, [r4, #0]
 80024a6:	6813      	ldr	r3, [r2, #0]
 80024a8:	f443 7300 	orr.w	r3, r3, #512	@ 0x200
 80024ac:	6013      	str	r3, [r2, #0]
 80024ae:	e7d4      	b.n	800245a <I2C_RequestMemoryRead+0xaa>
  SET_BIT(hi2c->Instance->CR1, I2C_CR1_START);
 80024b0:	6822      	ldr	r2, [r4, #0]
 80024b2:	6813      	ldr	r3, [r2, #0]
 80024b4:	f443 7380 	orr.w	r3, r3, #256	@ 0x100
 80024b8:	6013      	str	r3, [r2, #0]
  if (I2C_WaitOnFlagUntilTimeout(hi2c, I2C_FLAG_SB, RESET, Timeout, Tickstart) != HAL_OK)
 80024ba:	f8cd 8000 	str.w	r8, [sp]
 80024be:	463b      	mov	r3, r7
 80024c0:	2200      	movs	r2, #0
 80024c2:	f04f 1101 	mov.w	r1, #65537	@ 0x10001
 80024c6:	4620      	mov	r0, r4
 80024c8:	f7ff fd2b 	bl	8001f22 <I2C_WaitOnFlagUntilTimeout>
 80024cc:	b968      	cbnz	r0, 80024ea <I2C_RequestMemoryRead+0x13a>
  hi2c->Instance->DR = I2C_7BIT_ADD_READ(DevAddress);
 80024ce:	6822      	ldr	r2, [r4, #0]
 80024d0:	f04a 0301 	orr.w	r3, sl, #1
 80024d4:	6113      	str	r3, [r2, #16]
  if (I2C_WaitOnMasterAddressFlagUntilTimeout(hi2c, I2C_FLAG_ADDR, Timeout, Tickstart) != HAL_OK)
 80024d6:	4643      	mov	r3, r8
 80024d8:	463a      	mov	r2, r7
 80024da:	4909      	ldr	r1, [pc, #36]	@ (8002500 <I2C_RequestMemoryRead+0x150>)
 80024dc:	4620      	mov	r0, r4
 80024de:	f7ff fd75 	bl	8001fcc <I2C_WaitOnMasterAddressFlagUntilTimeout>
 80024e2:	2800      	cmp	r0, #0
 80024e4:	d099      	beq.n	800241a <I2C_RequestMemoryRead+0x6a>
    return HAL_ERROR;
 80024e6:	2001      	movs	r0, #1
 80024e8:	e797      	b.n	800241a <I2C_RequestMemoryRead+0x6a>
    if (READ_BIT(hi2c->Instance->CR1, I2C_CR1_START) == I2C_CR1_START)
 80024ea:	6823      	ldr	r3, [r4, #0]
 80024ec:	681b      	ldr	r3, [r3, #0]
 80024ee:	f413 7f80 	tst.w	r3, #256	@ 0x100
 80024f2:	d002      	beq.n	80024fa <I2C_RequestMemoryRead+0x14a>
      hi2c->ErrorCode = HAL_I2C_WRONG_START;
 80024f4:	f44f 7300 	mov.w	r3, #512	@ 0x200
 80024f8:	6423      	str	r3, [r4, #64]	@ 0x40
    return HAL_TIMEOUT;
 80024fa:	2003      	movs	r0, #3
 80024fc:	e78d      	b.n	800241a <I2C_RequestMemoryRead+0x6a>
 80024fe:	bf00      	nop
 8002500:	00010002 	.word	0x00010002

08002504 <I2C_WaitOnBTFFlagUntilTimeout>:
{
 8002504:	b570      	push	{r4, r5, r6, lr}
 8002506:	4604      	mov	r4, r0
 8002508:	460d      	mov	r5, r1
 800250a:	4616      	mov	r6, r2
  while (__HAL_I2C_GET_FLAG(hi2c, I2C_FLAG_BTF) == RESET)
 800250c:	6823      	ldr	r3, [r4, #0]
 800250e:	695b      	ldr	r3, [r3, #20]
 8002510:	f013 0f04 	tst.w	r3, #4
 8002514:	d121      	bne.n	800255a <I2C_WaitOnBTFFlagUntilTimeout+0x56>
    if (I2C_IsAcknowledgeFailed(hi2c) != HAL_OK)
 8002516:	4620      	mov	r0, r4
 8002518:	f7ff fcea 	bl	8001ef0 <I2C_IsAcknowledgeFailed>
 800251c:	b9f8      	cbnz	r0, 800255e <I2C_WaitOnBTFFlagUntilTimeout+0x5a>
    if (Timeout != HAL_MAX_DELAY)
 800251e:	f1b5 3fff 	cmp.w	r5, #4294967295
 8002522:	d0f3      	beq.n	800250c <I2C_WaitOnBTFFlagUntilTimeout+0x8>
      if (((HAL_GetTick() - Tickstart) > Timeout) || (Timeout == 0U))
 8002524:	f7ff f98c 	bl	8001840 <HAL_GetTick>
 8002528:	1b80      	subs	r0, r0, r6
 800252a:	42a8      	cmp	r0, r5
 800252c:	d801      	bhi.n	8002532 <I2C_WaitOnBTFFlagUntilTimeout+0x2e>
 800252e:	2d00      	cmp	r5, #0
 8002530:	d1ec      	bne.n	800250c <I2C_WaitOnBTFFlagUntilTimeout+0x8>
        if ((__HAL_I2C_GET_FLAG(hi2c, I2C_FLAG_BTF) == RESET))
 8002532:	6823      	ldr	r3, [r4, #0]
 8002534:	695b      	ldr	r3, [r3, #20]
 8002536:	f013 0f04 	tst.w	r3, #4
 800253a:	d1e7      	bne.n	800250c <I2C_WaitOnBTFFlagUntilTimeout+0x8>
          hi2c->PreviousState       = I2C_STATE_NONE;
 800253c:	2300      	movs	r3, #0
 800253e:	6323      	str	r3, [r4, #48]	@ 0x30
          hi2c->State               = HAL_I2C_STATE_READY;
 8002540:	2220      	movs	r2, #32
 8002542:	f884 203d 	strb.w	r2, [r4, #61]	@ 0x3d
          hi2c->Mode                = HAL_I2C_MODE_NONE;
 8002546:	f884 303e 	strb.w	r3, [r4, #62]	@ 0x3e
          hi2c->ErrorCode           |= HAL_I2C_ERROR_TIMEOUT;
 800254a:	6c22      	ldr	r2, [r4, #64]	@ 0x40
 800254c:	f042 0220 	orr.w	r2, r2, #32
 8002550:	6422      	str	r2, [r4, #64]	@ 0x40
          __HAL_UNLOCK(hi2c);
 8002552:	f884 303c 	strb.w	r3, [r4, #60]	@ 0x3c
          return HAL_ERROR;
 8002556:	2001      	movs	r0, #1
 8002558:	e000      	b.n	800255c <I2C_WaitOnBTFFlagUntilTimeout+0x58>
  return HAL_OK;
 800255a:	2000      	movs	r0, #0
}
 800255c:	bd70      	pop	{r4, r5, r6, pc}
      return HAL_ERROR;
 800255e:	2001      	movs	r0, #1
 8002560:	e7fc      	b.n	800255c <I2C_WaitOnBTFFlagUntilTimeout+0x58>

08002562 <I2C_WaitOnRXNEFlagUntilTimeout>:
{
 8002562:	b570      	push	{r4, r5, r6, lr}
 8002564:	4604      	mov	r4, r0
 8002566:	460d      	mov	r5, r1
 8002568:	4616      	mov	r6, r2
  while (__HAL_I2C_GET_FLAG(hi2c, I2C_FLAG_RXNE) == RESET)
 800256a:	e014      	b.n	8002596 <I2C_WaitOnRXNEFlagUntilTimeout+0x34>
      __HAL_I2C_CLEAR_FLAG(hi2c, I2C_FLAG_STOPF);
 800256c:	f06f 0210 	mvn.w	r2, #16
 8002570:	615a      	str	r2, [r3, #20]
      hi2c->PreviousState       = I2C_STATE_NONE;
 8002572:	2300      	movs	r3, #0
 8002574:	6323      	str	r3, [r4, #48]	@ 0x30
      hi2c->State               = HAL_I2C_STATE_READY;
 8002576:	2220      	movs	r2, #32
 8002578:	f884 203d 	strb.w	r2, [r4, #61]	@ 0x3d
      hi2c->Mode                = HAL_I2C_MODE_NONE;
 800257c:	f884 303e 	strb.w	r3, [r4, #62]	@ 0x3e
      hi2c->ErrorCode           |= HAL_I2C_ERROR_NONE;
 8002580:	6c22      	ldr	r2, [r4, #64]	@ 0x40
 8002582:	6422      	str	r2, [r4, #64]	@ 0x40
      __HAL_UNLOCK(hi2c);
 8002584:	f884 303c 	strb.w	r3, [r4, #60]	@ 0x3c
      return HAL_ERROR;
 8002588:	2001      	movs	r0, #1
 800258a:	e025      	b.n	80025d8 <I2C_WaitOnRXNEFlagUntilTimeout+0x76>
      if ((__HAL_I2C_GET_FLAG(hi2c, I2C_FLAG_RXNE) == RESET))
 800258c:	6823      	ldr	r3, [r4, #0]
 800258e:	695b      	ldr	r3, [r3, #20]
 8002590:	f013 0f40 	tst.w	r3, #64	@ 0x40
 8002594:	d010      	beq.n	80025b8 <I2C_WaitOnRXNEFlagUntilTimeout+0x56>
  while (__HAL_I2C_GET_FLAG(hi2c, I2C_FLAG_RXNE) == RESET)
 8002596:	6823      	ldr	r3, [r4, #0]
 8002598:	6958      	ldr	r0, [r3, #20]
 800259a:	f010 0f40 	tst.w	r0, #64	@ 0x40
 800259e:	d11a      	bne.n	80025d6 <I2C_WaitOnRXNEFlagUntilTimeout+0x74>
    if (__HAL_I2C_GET_FLAG(hi2c, I2C_FLAG_STOPF) == SET)
 80025a0:	6958      	ldr	r0, [r3, #20]
 80025a2:	f010 0f10 	tst.w	r0, #16
 80025a6:	d1e1      	bne.n	800256c <I2C_WaitOnRXNEFlagUntilTimeout+0xa>
    if (((HAL_GetTick() - Tickstart) > Timeout) || (Timeout == 0U))
 80025a8:	f7ff f94a 	bl	8001840 <HAL_GetTick>
 80025ac:	1b80      	subs	r0, r0, r6
 80025ae:	42a8      	cmp	r0, r5
 80025b0:	d8ec      	bhi.n	800258c <I2C_WaitOnRXNEFlagUntilTimeout+0x2a>
 80025b2:	2d00      	cmp	r5, #0
 80025b4:	d1ef      	bne.n	8002596 <I2C_WaitOnRXNEFlagUntilTimeout+0x34>
 80025b6:	e7e9      	b.n	800258c <I2C_WaitOnRXNEFlagUntilTimeout+0x2a>
        hi2c->PreviousState       = I2C_STATE_NONE;
 80025b8:	2300      	movs	r3, #0
 80025ba:	6323      	str	r3, [r4, #48]	@ 0x30
        hi2c->State               = HAL_I2C_STATE_READY;
 80025bc:	2220      	movs	r2, #32
 80025be:	f884 203d 	strb.w	r2, [r4, #61]	@ 0x3d
        hi2c->Mode                = HAL_I2C_MODE_NONE;
 80025c2:	f884 303e 	strb.w	r3, [r4, #62]	@ 0x3e
        hi2c->ErrorCode           |= HAL_I2C_ERROR_TIMEOUT;
 80025c6:	6c22      	ldr	r2, [r4, #64]	@ 0x40
 80025c8:	f042 0220 	orr.w	r2, r2, #32
 80025cc:	6422      	str	r2, [r4, #64]	@ 0x40
        __HAL_UNLOCK(hi2c);
 80025ce:	f884 303c 	strb.w	r3, [r4, #60]	@ 0x3c
        return HAL_ERROR;
 80025d2:	2001      	movs	r0, #1
 80025d4:	e000      	b.n	80025d8 <I2C_WaitOnRXNEFlagUntilTimeout+0x76>
  return HAL_OK;
 80025d6:	2000      	movs	r0, #0
}
 80025d8:	bd70      	pop	{r4, r5, r6, pc}
	...

080025dc <HAL_I2C_Init>:
  if (hi2c == NULL)
 80025dc:	2800      	cmp	r0, #0
 80025de:	f000 80cc 	beq.w	800277a <HAL_I2C_Init+0x19e>
{
 80025e2:	b570      	push	{r4, r5, r6, lr}
 80025e4:	4604      	mov	r4, r0
  if (hi2c->State == HAL_I2C_STATE_RESET)
 80025e6:	f890 303d 	ldrb.w	r3, [r0, #61]	@ 0x3d
 80025ea:	2b00      	cmp	r3, #0
 80025ec:	d077      	beq.n	80026de <HAL_I2C_Init+0x102>
  hi2c->State = HAL_I2C_STATE_BUSY;
 80025ee:	2324      	movs	r3, #36	@ 0x24
 80025f0:	f884 303d 	strb.w	r3, [r4, #61]	@ 0x3d
  __HAL_I2C_DISABLE(hi2c);
 80025f4:	6822      	ldr	r2, [r4, #0]
 80025f6:	6813      	ldr	r3, [r2, #0]
 80025f8:	f023 0301 	bic.w	r3, r3, #1
 80025fc:	6013      	str	r3, [r2, #0]
  hi2c->Instance->CR1 |= I2C_CR1_SWRST;
 80025fe:	6822      	ldr	r2, [r4, #0]
 8002600:	6813      	ldr	r3, [r2, #0]
 8002602:	f443 4300 	orr.w	r3, r3, #32768	@ 0x8000
 8002606:	6013      	str	r3, [r2, #0]
  hi2c->Instance->CR1 &= ~I2C_CR1_SWRST;
 8002608:	6822      	ldr	r2, [r4, #0]
 800260a:	6813      	ldr	r3, [r2, #0]
 800260c:	f423 4300 	bic.w	r3, r3, #32768	@ 0x8000
 8002610:	6013      	str	r3, [r2, #0]
  pclk1 = HAL_RCC_GetPCLK1Freq();
 8002612:	f001 fa87 	bl	8003b24 <HAL_RCC_GetPCLK1Freq>
  if (I2C_MIN_PCLK_FREQ(pclk1, hi2c->Init.ClockSpeed) == 1U)
 8002616:	6862      	ldr	r2, [r4, #4]
 8002618:	4b5a      	ldr	r3, [pc, #360]	@ (8002784 <HAL_I2C_Init+0x1a8>)
 800261a:	429a      	cmp	r2, r3
 800261c:	d864      	bhi.n	80026e8 <HAL_I2C_Init+0x10c>
 800261e:	4b5a      	ldr	r3, [pc, #360]	@ (8002788 <HAL_I2C_Init+0x1ac>)
 8002620:	4298      	cmp	r0, r3
 8002622:	bf8c      	ite	hi
 8002624:	2300      	movhi	r3, #0
 8002626:	2301      	movls	r3, #1
 8002628:	2b00      	cmp	r3, #0
 800262a:	f040 80a8 	bne.w	800277e <HAL_I2C_Init+0x1a2>
  freqrange = I2C_FREQRANGE(pclk1);
 800262e:	4957      	ldr	r1, [pc, #348]	@ (800278c <HAL_I2C_Init+0x1b0>)
 8002630:	fba1 3100 	umull	r3, r1, r1, r0
 8002634:	0c8b      	lsrs	r3, r1, #18
  MODIFY_REG(hi2c->Instance->CR2, I2C_CR2_FREQ, freqrange);
 8002636:	6825      	ldr	r5, [r4, #0]
 8002638:	686a      	ldr	r2, [r5, #4]
 800263a:	f022 023f 	bic.w	r2, r2, #63	@ 0x3f
 800263e:	ea42 4291 	orr.w	r2, r2, r1, lsr #18
 8002642:	606a      	str	r2, [r5, #4]
  MODIFY_REG(hi2c->Instance->TRISE, I2C_TRISE_TRISE, I2C_RISE_TIME(freqrange, hi2c->Init.ClockSpeed));
 8002644:	6821      	ldr	r1, [r4, #0]
 8002646:	6a0a      	ldr	r2, [r1, #32]
 8002648:	f022 023f 	bic.w	r2, r2, #63	@ 0x3f
 800264c:	6866      	ldr	r6, [r4, #4]
 800264e:	4d4d      	ldr	r5, [pc, #308]	@ (8002784 <HAL_I2C_Init+0x1a8>)
 8002650:	42ae      	cmp	r6, r5
 8002652:	d84f      	bhi.n	80026f4 <HAL_I2C_Init+0x118>
 8002654:	3301      	adds	r3, #1
 8002656:	4313      	orrs	r3, r2
 8002658:	620b      	str	r3, [r1, #32]
  MODIFY_REG(hi2c->Instance->CCR, (I2C_CCR_FS | I2C_CCR_DUTY | I2C_CCR_CCR), I2C_SPEED(pclk1, hi2c->Init.ClockSpeed, hi2c->Init.DutyCycle));
 800265a:	6821      	ldr	r1, [r4, #0]
 800265c:	69ca      	ldr	r2, [r1, #28]
 800265e:	f422 424f 	bic.w	r2, r2, #52992	@ 0xcf00
 8002662:	f022 02ff 	bic.w	r2, r2, #255	@ 0xff
 8002666:	6865      	ldr	r5, [r4, #4]
 8002668:	4b46      	ldr	r3, [pc, #280]	@ (8002784 <HAL_I2C_Init+0x1a8>)
 800266a:	429d      	cmp	r5, r3
 800266c:	d84c      	bhi.n	8002708 <HAL_I2C_Init+0x12c>
 800266e:	1e43      	subs	r3, r0, #1
 8002670:	006d      	lsls	r5, r5, #1
 8002672:	fbb3 f3f5 	udiv	r3, r3, r5
 8002676:	3301      	adds	r3, #1
 8002678:	f640 70fc 	movw	r0, #4092	@ 0xffc
 800267c:	4203      	tst	r3, r0
 800267e:	d078      	beq.n	8002772 <HAL_I2C_Init+0x196>
 8002680:	f3c3 030b 	ubfx	r3, r3, #0, #12
 8002684:	431a      	orrs	r2, r3
 8002686:	61ca      	str	r2, [r1, #28]
  MODIFY_REG(hi2c->Instance->CR1, (I2C_CR1_ENGC | I2C_CR1_NOSTRETCH), (hi2c->Init.GeneralCallMode | hi2c->Init.NoStretchMode));
 8002688:	6821      	ldr	r1, [r4, #0]
 800268a:	680b      	ldr	r3, [r1, #0]
 800268c:	f023 03c0 	bic.w	r3, r3, #192	@ 0xc0
 8002690:	69e2      	ldr	r2, [r4, #28]
 8002692:	6a20      	ldr	r0, [r4, #32]
 8002694:	4302      	orrs	r2, r0
 8002696:	4313      	orrs	r3, r2
 8002698:	600b      	str	r3, [r1, #0]
  MODIFY_REG(hi2c->Instance->OAR1, (I2C_OAR1_ADDMODE | I2C_OAR1_ADD8_9 | I2C_OAR1_ADD1_7 | I2C_OAR1_ADD0), (hi2c->Init.AddressingMode | hi2c->Init.OwnAddress1));
 800269a:	6821      	ldr	r1, [r4, #0]
 800269c:	688b      	ldr	r3, [r1, #8]
 800269e:	f423 4303 	bic.w	r3, r3, #33536	@ 0x8300
 80026a2:	f023 03ff 	bic.w	r3, r3, #255	@ 0xff
 80026a6:	6922      	ldr	r2, [r4, #16]
 80026a8:	68e0      	ldr	r0, [r4, #12]
 80026aa:	4302      	orrs	r2, r0
 80026ac:	4313      	orrs	r3, r2
 80026ae:	608b      	str	r3, [r1, #8]
  MODIFY_REG(hi2c->Instance->OAR2, (I2C_OAR2_ENDUAL | I2C_OAR2_ADD2), (hi2c->Init.DualAddressMode | hi2c->Init.OwnAddress2));
 80026b0:	6821      	ldr	r1, [r4, #0]
 80026b2:	68cb      	ldr	r3, [r1, #12]
 80026b4:	f023 03ff 	bic.w	r3, r3, #255	@ 0xff
 80026b8:	6962      	ldr	r2, [r4, #20]
 80026ba:	69a0      	ldr	r0, [r4, #24]
 80026bc:	4302      	orrs	r2, r0
 80026be:	4313      	orrs	r3, r2
 80026c0:	60cb      	str	r3, [r1, #12]
  __HAL_I2C_ENABLE(hi2c);
 80026c2:	6822      	ldr	r2, [r4, #0]
 80026c4:	6813      	ldr	r3, [r2, #0]
 80026c6:	f043 0301 	orr.w	r3, r3, #1
 80026ca:	6013      	str	r3, [r2, #0]
  hi2c->ErrorCode = HAL_I2C_ERROR_NONE;
 80026cc:	2000      	movs	r0, #0
 80026ce:	6420      	str	r0, [r4, #64]	@ 0x40
  hi2c->State = HAL_I2C_STATE_READY;
 80026d0:	2320      	movs	r3, #32
 80026d2:	f884 303d 	strb.w	r3, [r4, #61]	@ 0x3d
  hi2c->PreviousState = I2C_STATE_NONE;
 80026d6:	6320      	str	r0, [r4, #48]	@ 0x30
  hi2c->Mode = HAL_I2C_MODE_NONE;
 80026d8:	f884 003e 	strb.w	r0, [r4, #62]	@ 0x3e
}
 80026dc:	bd70      	pop	{r4, r5, r6, pc}
    hi2c->Lock = HAL_UNLOCKED;
 80026de:	f880 303c 	strb.w	r3, [r0, #60]	@ 0x3c
    HAL_I2C_MspInit(hi2c);
 80026e2:	f000 fda7 	bl	8003234 <HAL_I2C_MspInit>
 80026e6:	e782      	b.n	80025ee <HAL_I2C_Init+0x12>
  if (I2C_MIN_PCLK_FREQ(pclk1, hi2c->Init.ClockSpeed) == 1U)
 80026e8:	4b29      	ldr	r3, [pc, #164]	@ (8002790 <HAL_I2C_Init+0x1b4>)
 80026ea:	4298      	cmp	r0, r3
 80026ec:	bf8c      	ite	hi
 80026ee:	2300      	movhi	r3, #0
 80026f0:	2301      	movls	r3, #1
 80026f2:	e799      	b.n	8002628 <HAL_I2C_Init+0x4c>
  MODIFY_REG(hi2c->Instance->TRISE, I2C_TRISE_TRISE, I2C_RISE_TIME(freqrange, hi2c->Init.ClockSpeed));
 80026f4:	f44f 7596 	mov.w	r5, #300	@ 0x12c
 80026f8:	fb05 f303 	mul.w	r3, r5, r3
 80026fc:	4d25      	ldr	r5, [pc, #148]	@ (8002794 <HAL_I2C_Init+0x1b8>)
 80026fe:	fba5 5303 	umull	r5, r3, r5, r3
 8002702:	099b      	lsrs	r3, r3, #6
 8002704:	3301      	adds	r3, #1
 8002706:	e7a6      	b.n	8002656 <HAL_I2C_Init+0x7a>
  MODIFY_REG(hi2c->Instance->CCR, (I2C_CCR_FS | I2C_CCR_DUTY | I2C_CCR_CCR), I2C_SPEED(pclk1, hi2c->Init.ClockSpeed, hi2c->Init.DutyCycle));
 8002708:	68a6      	ldr	r6, [r4, #8]
 800270a:	b9be      	cbnz	r6, 800273c <HAL_I2C_Init+0x160>
 800270c:	1e43      	subs	r3, r0, #1
 800270e:	eb05 0c45 	add.w	ip, r5, r5, lsl #1
 8002712:	fbb3 f3fc 	udiv	r3, r3, ip
 8002716:	3301      	adds	r3, #1
 8002718:	f3c3 030b 	ubfx	r3, r3, #0, #12
 800271c:	fab3 f383 	clz	r3, r3
 8002720:	095b      	lsrs	r3, r3, #5
 8002722:	bb43      	cbnz	r3, 8002776 <HAL_I2C_Init+0x19a>
 8002724:	b9c6      	cbnz	r6, 8002758 <HAL_I2C_Init+0x17c>
 8002726:	1e43      	subs	r3, r0, #1
 8002728:	eb05 0545 	add.w	r5, r5, r5, lsl #1
 800272c:	fbb3 f3f5 	udiv	r3, r3, r5
 8002730:	3301      	adds	r3, #1
 8002732:	f3c3 030b 	ubfx	r3, r3, #0, #12
 8002736:	f443 4300 	orr.w	r3, r3, #32768	@ 0x8000
 800273a:	e7a3      	b.n	8002684 <HAL_I2C_Init+0xa8>
 800273c:	1e43      	subs	r3, r0, #1
 800273e:	eb05 0c85 	add.w	ip, r5, r5, lsl #2
 8002742:	eb0c 0c8c 	add.w	ip, ip, ip, lsl #2
 8002746:	fbb3 f3fc 	udiv	r3, r3, ip
 800274a:	3301      	adds	r3, #1
 800274c:	f3c3 030b 	ubfx	r3, r3, #0, #12
 8002750:	fab3 f383 	clz	r3, r3
 8002754:	095b      	lsrs	r3, r3, #5
 8002756:	e7e4      	b.n	8002722 <HAL_I2C_Init+0x146>
 8002758:	1e43      	subs	r3, r0, #1
 800275a:	eb05 0585 	add.w	r5, r5, r5, lsl #2
 800275e:	eb05 0585 	add.w	r5, r5, r5, lsl #2
 8002762:	fbb3 f3f5 	udiv	r3, r3, r5
 8002766:	3301      	adds	r3, #1
 8002768:	f3c3 030b 	ubfx	r3, r3, #0, #12
 800276c:	f443 4340 	orr.w	r3, r3, #49152	@ 0xc000
 8002770:	e788      	b.n	8002684 <HAL_I2C_Init+0xa8>
 8002772:	2304      	movs	r3, #4
 8002774:	e786      	b.n	8002684 <HAL_I2C_Init+0xa8>
 8002776:	2301      	movs	r3, #1
 8002778:	e784      	b.n	8002684 <HAL_I2C_Init+0xa8>
    return HAL_ERROR;
 800277a:	2001      	movs	r0, #1
}
 800277c:	4770      	bx	lr
    return HAL_ERROR;
 800277e:	2001      	movs	r0, #1
 8002780:	e7ac      	b.n	80026dc <HAL_I2C_Init+0x100>
 8002782:	bf00      	nop
 8002784:	000186a0 	.word	0x000186a0
 8002788:	001e847f 	.word	0x001e847f
 800278c:	431bde83 	.word	0x431bde83
 8002790:	003d08ff 	.word	0x003d08ff
 8002794:	10624dd3 	.word	0x10624dd3

08002798 <HAL_I2C_Master_Transmit>:
{
 8002798:	e92d 43f0 	stmdb	sp!, {r4, r5, r6, r7, r8, r9, lr}
 800279c:	b085      	sub	sp, #20
 800279e:	4604      	mov	r4, r0
 80027a0:	460f      	mov	r7, r1
 80027a2:	4691      	mov	r9, r2
 80027a4:	4698      	mov	r8, r3
 80027a6:	9e0c      	ldr	r6, [sp, #48]	@ 0x30
  uint32_t tickstart = HAL_GetTick();
 80027a8:	f7ff f84a 	bl	8001840 <HAL_GetTick>
 80027ac:	4605      	mov	r5, r0
  if (hi2c->State == HAL_I2C_STATE_READY)
 80027ae:	f894 003d 	ldrb.w	r0, [r4, #61]	@ 0x3d
 80027b2:	b2c0      	uxtb	r0, r0
 80027b4:	2820      	cmp	r0, #32
 80027b6:	d004      	beq.n	80027c2 <HAL_I2C_Master_Transmit+0x2a>
    return HAL_BUSY;
 80027b8:	2702      	movs	r7, #2
}
 80027ba:	4638      	mov	r0, r7
 80027bc:	b005      	add	sp, #20
 80027be:	e8bd 83f0 	ldmia.w	sp!, {r4, r5, r6, r7, r8, r9, pc}
    if (I2C_WaitOnFlagUntilTimeout(hi2c, I2C_FLAG_BUSY, SET, I2C_TIMEOUT_BUSY_FLAG, tickstart) != HAL_OK)
 80027c2:	9500      	str	r5, [sp, #0]
 80027c4:	2319      	movs	r3, #25
 80027c6:	2201      	movs	r2, #1
 80027c8:	494f      	ldr	r1, [pc, #316]	@ (8002908 <HAL_I2C_Master_Transmit+0x170>)
 80027ca:	4620      	mov	r0, r4
 80027cc:	f7ff fba9 	bl	8001f22 <I2C_WaitOnFlagUntilTimeout>
 80027d0:	2800      	cmp	r0, #0
 80027d2:	f040 8092 	bne.w	80028fa <HAL_I2C_Master_Transmit+0x162>
    __HAL_LOCK(hi2c);
 80027d6:	f894 303c 	ldrb.w	r3, [r4, #60]	@ 0x3c
 80027da:	2b01      	cmp	r3, #1
 80027dc:	f000 808f 	beq.w	80028fe <HAL_I2C_Master_Transmit+0x166>
 80027e0:	2301      	movs	r3, #1
 80027e2:	f884 303c 	strb.w	r3, [r4, #60]	@ 0x3c
    if ((hi2c->Instance->CR1 & I2C_CR1_PE) != I2C_CR1_PE)
 80027e6:	6823      	ldr	r3, [r4, #0]
 80027e8:	681a      	ldr	r2, [r3, #0]
 80027ea:	f012 0f01 	tst.w	r2, #1
 80027ee:	d103      	bne.n	80027f8 <HAL_I2C_Master_Transmit+0x60>
      __HAL_I2C_ENABLE(hi2c);
 80027f0:	681a      	ldr	r2, [r3, #0]
 80027f2:	f042 0201 	orr.w	r2, r2, #1
 80027f6:	601a      	str	r2, [r3, #0]
    CLEAR_BIT(hi2c->Instance->CR1, I2C_CR1_POS);
 80027f8:	6822      	ldr	r2, [r4, #0]
 80027fa:	6813      	ldr	r3, [r2, #0]
 80027fc:	f423 6300 	bic.w	r3, r3, #2048	@ 0x800
 8002800:	6013      	str	r3, [r2, #0]
    hi2c->State       = HAL_I2C_STATE_BUSY_TX;
 8002802:	2321      	movs	r3, #33	@ 0x21
 8002804:	f884 303d 	strb.w	r3, [r4, #61]	@ 0x3d
    hi2c->Mode        = HAL_I2C_MODE_MASTER;
 8002808:	2310      	movs	r3, #16
 800280a:	f884 303e 	strb.w	r3, [r4, #62]	@ 0x3e
    hi2c->ErrorCode   = HAL_I2C_ERROR_NONE;
 800280e:	2300      	movs	r3, #0
 8002810:	6423      	str	r3, [r4, #64]	@ 0x40
    hi2c->pBuffPtr    = pData;
 8002812:	f8c4 9024 	str.w	r9, [r4, #36]	@ 0x24
    hi2c->XferCount   = Size;
 8002816:	f8a4 802a 	strh.w	r8, [r4, #42]	@ 0x2a
    hi2c->XferSize    = hi2c->XferCount;
 800281a:	8d63      	ldrh	r3, [r4, #42]	@ 0x2a
 800281c:	8523      	strh	r3, [r4, #40]	@ 0x28
    hi2c->XferOptions = I2C_NO_OPTION_FRAME;
 800281e:	4b3b      	ldr	r3, [pc, #236]	@ (800290c <HAL_I2C_Master_Transmit+0x174>)
 8002820:	62e3      	str	r3, [r4, #44]	@ 0x2c
    if (I2C_MasterRequestWrite(hi2c, DevAddress, Timeout, tickstart) != HAL_OK)
 8002822:	462b      	mov	r3, r5
 8002824:	4632      	mov	r2, r6
 8002826:	4639      	mov	r1, r7
 8002828:	4620      	mov	r0, r4
 800282a:	f7ff fc3b 	bl	80020a4 <I2C_MasterRequestWrite>
 800282e:	4607      	mov	r7, r0
 8002830:	2800      	cmp	r0, #0
 8002832:	d166      	bne.n	8002902 <HAL_I2C_Master_Transmit+0x16a>
    __HAL_I2C_CLEAR_ADDRFLAG(hi2c);
 8002834:	2300      	movs	r3, #0
 8002836:	9303      	str	r3, [sp, #12]
 8002838:	6823      	ldr	r3, [r4, #0]
 800283a:	695a      	ldr	r2, [r3, #20]
 800283c:	9203      	str	r2, [sp, #12]
 800283e:	699b      	ldr	r3, [r3, #24]
 8002840:	9303      	str	r3, [sp, #12]
 8002842:	9b03      	ldr	r3, [sp, #12]
    while (hi2c->XferSize > 0U)
 8002844:	e011      	b.n	800286a <HAL_I2C_Master_Transmit+0xd2>
        if (hi2c->ErrorCode == HAL_I2C_ERROR_AF)
 8002846:	6c23      	ldr	r3, [r4, #64]	@ 0x40
 8002848:	2b04      	cmp	r3, #4
 800284a:	d001      	beq.n	8002850 <HAL_I2C_Master_Transmit+0xb8>
        return HAL_ERROR;
 800284c:	2701      	movs	r7, #1
 800284e:	e7b4      	b.n	80027ba <HAL_I2C_Master_Transmit+0x22>
          SET_BIT(hi2c->Instance->CR1, I2C_CR1_STOP);
 8002850:	6822      	ldr	r2, [r4, #0]
 8002852:	6813      	ldr	r3, [r2, #0]
 8002854:	f443 7300 	orr.w	r3, r3, #512	@ 0x200
 8002858:	6013      	str	r3, [r2, #0]
 800285a:	e7f7      	b.n	800284c <HAL_I2C_Master_Transmit+0xb4>
      if (I2C_WaitOnBTFFlagUntilTimeout(hi2c, Timeout, tickstart) != HAL_OK)
 800285c:	462a      	mov	r2, r5
 800285e:	4631      	mov	r1, r6
 8002860:	4620      	mov	r0, r4
 8002862:	f7ff fe4f 	bl	8002504 <I2C_WaitOnBTFFlagUntilTimeout>
 8002866:	2800      	cmp	r0, #0
 8002868:	d12e      	bne.n	80028c8 <HAL_I2C_Master_Transmit+0x130>
    while (hi2c->XferSize > 0U)
 800286a:	8d23      	ldrh	r3, [r4, #40]	@ 0x28
 800286c:	2b00      	cmp	r3, #0
 800286e:	d036      	beq.n	80028de <HAL_I2C_Master_Transmit+0x146>
      if (I2C_WaitOnTXEFlagUntilTimeout(hi2c, Timeout, tickstart) != HAL_OK)
 8002870:	462a      	mov	r2, r5
 8002872:	4631      	mov	r1, r6
 8002874:	4620      	mov	r0, r4
 8002876:	f7ff fcff 	bl	8002278 <I2C_WaitOnTXEFlagUntilTimeout>
 800287a:	2800      	cmp	r0, #0
 800287c:	d1e3      	bne.n	8002846 <HAL_I2C_Master_Transmit+0xae>
      hi2c->Instance->DR = *hi2c->pBuffPtr;
 800287e:	6a62      	ldr	r2, [r4, #36]	@ 0x24
 8002880:	6823      	ldr	r3, [r4, #0]
 8002882:	7812      	ldrb	r2, [r2, #0]
 8002884:	611a      	str	r2, [r3, #16]
      hi2c->pBuffPtr++;
 8002886:	6a60      	ldr	r0, [r4, #36]	@ 0x24
 8002888:	1c43      	adds	r3, r0, #1
 800288a:	6263      	str	r3, [r4, #36]	@ 0x24
      hi2c->XferCount--;
 800288c:	8d61      	ldrh	r1, [r4, #42]	@ 0x2a
 800288e:	b289      	uxth	r1, r1
 8002890:	3901      	subs	r1, #1
 8002892:	b289      	uxth	r1, r1
 8002894:	8561      	strh	r1, [r4, #42]	@ 0x2a
      hi2c->XferSize--;
 8002896:	8d23      	ldrh	r3, [r4, #40]	@ 0x28
 8002898:	3b01      	subs	r3, #1
 800289a:	b29b      	uxth	r3, r3
 800289c:	8523      	strh	r3, [r4, #40]	@ 0x28
      if ((__HAL_I2C_GET_FLAG(hi2c, I2C_FLAG_BTF) == SET) && (hi2c->XferSize != 0U))
 800289e:	6822      	ldr	r2, [r4, #0]
 80028a0:	6951      	ldr	r1, [r2, #20]
 80028a2:	f011 0f04 	tst.w	r1, #4
 80028a6:	d0d9      	beq.n	800285c <HAL_I2C_Master_Transmit+0xc4>
 80028a8:	2b00      	cmp	r3, #0
 80028aa:	d0d7      	beq.n	800285c <HAL_I2C_Master_Transmit+0xc4>
        hi2c->Instance->DR = *hi2c->pBuffPtr;
 80028ac:	7843      	ldrb	r3, [r0, #1]
 80028ae:	6113      	str	r3, [r2, #16]
        hi2c->pBuffPtr++;
 80028b0:	6a63      	ldr	r3, [r4, #36]	@ 0x24
 80028b2:	3301      	adds	r3, #1
 80028b4:	6263      	str	r3, [r4, #36]	@ 0x24
        hi2c->XferCount--;
 80028b6:	8d63      	ldrh	r3, [r4, #42]	@ 0x2a
 80028b8:	b29b      	uxth	r3, r3
 80028ba:	3b01      	subs	r3, #1
 80028bc:	b29b      	uxth	r3, r3
 80028be:	8563      	strh	r3, [r4, #42]	@ 0x2a
        hi2c->XferSize--;
 80028c0:	8d23      	ldrh	r3, [r4, #40]	@ 0x28
 80028c2:	3b01      	subs	r3, #1
 80028c4:	8523      	strh	r3, [r4, #40]	@ 0x28
 80028c6:	e7c9      	b.n	800285c <HAL_I2C_Master_Transmit+0xc4>
        if (hi2c->ErrorCode == HAL_I2C_ERROR_AF)
 80028c8:	6c23      	ldr	r3, [r4, #64]	@ 0x40
 80028ca:	2b04      	cmp	r3, #4
 80028cc:	d001      	beq.n	80028d2 <HAL_I2C_Master_Transmit+0x13a>
        return HAL_ERROR;
 80028ce:	2701      	movs	r7, #1
 80028d0:	e773      	b.n	80027ba <HAL_I2C_Master_Transmit+0x22>
          SET_BIT(hi2c->Instance->CR1, I2C_CR1_STOP);
 80028d2:	6822      	ldr	r2, [r4, #0]
 80028d4:	6813      	ldr	r3, [r2, #0]
 80028d6:	f443 7300 	orr.w	r3, r3, #512	@ 0x200
 80028da:	6013      	str	r3, [r2, #0]
 80028dc:	e7f7      	b.n	80028ce <HAL_I2C_Master_Transmit+0x136>
    SET_BIT(hi2c->Instance->CR1, I2C_CR1_STOP);
 80028de:	6822      	ldr	r2, [r4, #0]
 80028e0:	6813      	ldr	r3, [r2, #0]
 80028e2:	f443 7300 	orr.w	r3, r3, #512	@ 0x200
 80028e6:	6013      	str	r3, [r2, #0]
    hi2c->State = HAL_I2C_STATE_READY;
 80028e8:	2320      	movs	r3, #32
 80028ea:	f884 303d 	strb.w	r3, [r4, #61]	@ 0x3d
    hi2c->Mode = HAL_I2C_MODE_NONE;
 80028ee:	2300      	movs	r3, #0
 80028f0:	f884 303e 	strb.w	r3, [r4, #62]	@ 0x3e
    __HAL_UNLOCK(hi2c);
 80028f4:	f884 303c 	strb.w	r3, [r4, #60]	@ 0x3c
    return HAL_OK;
 80028f8:	e75f      	b.n	80027ba <HAL_I2C_Master_Transmit+0x22>
      return HAL_BUSY;
 80028fa:	2702      	movs	r7, #2
 80028fc:	e75d      	b.n	80027ba <HAL_I2C_Master_Transmit+0x22>
    __HAL_LOCK(hi2c);
 80028fe:	2702      	movs	r7, #2
 8002900:	e75b      	b.n	80027ba <HAL_I2C_Master_Transmit+0x22>
      return HAL_ERROR;
 8002902:	2701      	movs	r7, #1
 8002904:	e759      	b.n	80027ba <HAL_I2C_Master_Transmit+0x22>
 8002906:	bf00      	nop
 8002908:	00100002 	.word	0x00100002
 800290c:	ffff0000 	.word	0xffff0000

08002910 <HAL_I2C_Master_Receive>:
{
 8002910:	e92d 43f0 	stmdb	sp!, {r4, r5, r6, r7, r8, r9, lr}
 8002914:	b087      	sub	sp, #28
 8002916:	4604      	mov	r4, r0
 8002918:	460f      	mov	r7, r1
 800291a:	4691      	mov	r9, r2
 800291c:	4698      	mov	r8, r3
 800291e:	9e0e      	ldr	r6, [sp, #56]	@ 0x38
  uint32_t tickstart = HAL_GetTick();
 8002920:	f7fe ff8e 	bl	8001840 <HAL_GetTick>
 8002924:	4605      	mov	r5, r0
  if (hi2c->State == HAL_I2C_STATE_READY)
 8002926:	f894 003d 	ldrb.w	r0, [r4, #61]	@ 0x3d
 800292a:	b2c0      	uxtb	r0, r0
 800292c:	2820      	cmp	r0, #32
 800292e:	d004      	beq.n	800293a <HAL_I2C_Master_Receive+0x2a>
    return HAL_BUSY;
 8002930:	2702      	movs	r7, #2
}
 8002932:	4638      	mov	r0, r7
 8002934:	b007      	add	sp, #28
 8002936:	e8bd 83f0 	ldmia.w	sp!, {r4, r5, r6, r7, r8, r9, pc}
    if (I2C_WaitOnFlagUntilTimeout(hi2c, I2C_FLAG_BUSY, SET, I2C_TIMEOUT_BUSY_FLAG, tickstart) != HAL_OK)
 800293a:	9500      	str	r5, [sp, #0]
 800293c:	2319      	movs	r3, #25
 800293e:	2201      	movs	r2, #1
 8002940:	4989      	ldr	r1, [pc, #548]	@ (8002b68 <HAL_I2C_Master_Receive+0x258>)
 8002942:	4620      	mov	r0, r4
 8002944:	f7ff faed 	bl	8001f22 <I2C_WaitOnFlagUntilTimeout>
 8002948:	2800      	cmp	r0, #0
 800294a:	f040 814f 	bne.w	8002bec <HAL_I2C_Master_Receive+0x2dc>
    __HAL_LOCK(hi2c);
 800294e:	f894 303c 	ldrb.w	r3, [r4, #60]	@ 0x3c
 8002952:	2b01      	cmp	r3, #1
 8002954:	f000 814c 	beq.w	8002bf0 <HAL_I2C_Master_Receive+0x2e0>
 8002958:	2301      	movs	r3, #1
 800295a:	f884 303c 	strb.w	r3, [r4, #60]	@ 0x3c
    if ((hi2c->Instance->CR1 & I2C_CR1_PE) != I2C_CR1_PE)
 800295e:	6823      	ldr	r3, [r4, #0]
 8002960:	681a      	ldr	r2, [r3, #0]
 8002962:	f012 0f01 	tst.w	r2, #1
 8002966:	d103      	bne.n	8002970 <HAL_I2C_Master_Receive+0x60>
      __HAL_I2C_ENABLE(hi2c);
 8002968:	681a      	ldr	r2, [r3, #0]
 800296a:	f042 0201 	orr.w	r2, r2, #1
 800296e:	601a      	str	r2, [r3, #0]
    CLEAR_BIT(hi2c->Instance->CR1, I2C_CR1_POS);
 8002970:	6822      	ldr	r2, [r4, #0]
 8002972:	6813      	ldr	r3, [r2, #0]
 8002974:	f423 6300 	bic.w	r3, r3, #2048	@ 0x800
 8002978:	6013      	str	r3, [r2, #0]
    hi2c->State       = HAL_I2C_STATE_BUSY_RX;
 800297a:	2322      	movs	r3, #34	@ 0x22
 800297c:	f884 303d 	strb.w	r3, [r4, #61]	@ 0x3d
    hi2c->Mode        = HAL_I2C_MODE_MASTER;
 8002980:	2310      	movs	r3, #16
 8002982:	f884 303e 	strb.w	r3, [r4, #62]	@ 0x3e
    hi2c->ErrorCode   = HAL_I2C_ERROR_NONE;
 8002986:	2300      	movs	r3, #0
 8002988:	6423      	str	r3, [r4, #64]	@ 0x40
    hi2c->pBuffPtr    = pData;
 800298a:	f8c4 9024 	str.w	r9, [r4, #36]	@ 0x24
    hi2c->XferCount   = Size;
 800298e:	f8a4 802a 	strh.w	r8, [r4, #42]	@ 0x2a
    hi2c->XferSize    = hi2c->XferCount;
 8002992:	8d63      	ldrh	r3, [r4, #42]	@ 0x2a
 8002994:	8523      	strh	r3, [r4, #40]	@ 0x28
    hi2c->XferOptions = I2C_NO_OPTION_FRAME;
 8002996:	4b75      	ldr	r3, [pc, #468]	@ (8002b6c <HAL_I2C_Master_Receive+0x25c>)
 8002998:	62e3      	str	r3, [r4, #44]	@ 0x2c
    if (I2C_MasterRequestRead(hi2c, DevAddress, Timeout, tickstart) != HAL_OK)
 800299a:	462b      	mov	r3, r5
 800299c:	4632      	mov	r2, r6
 800299e:	4639      	mov	r1, r7
 80029a0:	4620      	mov	r0, r4
 80029a2:	f7ff fbd9 	bl	8002158 <I2C_MasterRequestRead>
 80029a6:	4607      	mov	r7, r0
 80029a8:	2800      	cmp	r0, #0
 80029aa:	f040 8123 	bne.w	8002bf4 <HAL_I2C_Master_Receive+0x2e4>
    if (hi2c->XferSize == 0U)
 80029ae:	8d23      	ldrh	r3, [r4, #40]	@ 0x28
 80029b0:	b95b      	cbnz	r3, 80029ca <HAL_I2C_Master_Receive+0xba>
      __HAL_I2C_CLEAR_ADDRFLAG(hi2c);
 80029b2:	9302      	str	r3, [sp, #8]
 80029b4:	6823      	ldr	r3, [r4, #0]
 80029b6:	695a      	ldr	r2, [r3, #20]
 80029b8:	9202      	str	r2, [sp, #8]
 80029ba:	699a      	ldr	r2, [r3, #24]
 80029bc:	9202      	str	r2, [sp, #8]
 80029be:	9a02      	ldr	r2, [sp, #8]
      SET_BIT(hi2c->Instance->CR1, I2C_CR1_STOP);
 80029c0:	681a      	ldr	r2, [r3, #0]
 80029c2:	f442 7200 	orr.w	r2, r2, #512	@ 0x200
 80029c6:	601a      	str	r2, [r3, #0]
 80029c8:	e07a      	b.n	8002ac0 <HAL_I2C_Master_Receive+0x1b0>
    else if (hi2c->XferSize == 1U)
 80029ca:	2b01      	cmp	r3, #1
 80029cc:	d00f      	beq.n	80029ee <HAL_I2C_Master_Receive+0xde>
    else if (hi2c->XferSize == 2U)
 80029ce:	2b02      	cmp	r3, #2
 80029d0:	d01f      	beq.n	8002a12 <HAL_I2C_Master_Receive+0x102>
      SET_BIT(hi2c->Instance->CR1, I2C_CR1_ACK);
 80029d2:	6822      	ldr	r2, [r4, #0]
 80029d4:	6813      	ldr	r3, [r2, #0]
 80029d6:	f443 6380 	orr.w	r3, r3, #1024	@ 0x400
 80029da:	6013      	str	r3, [r2, #0]
      __HAL_I2C_CLEAR_ADDRFLAG(hi2c);
 80029dc:	2300      	movs	r3, #0
 80029de:	9305      	str	r3, [sp, #20]
 80029e0:	6823      	ldr	r3, [r4, #0]
 80029e2:	695a      	ldr	r2, [r3, #20]
 80029e4:	9205      	str	r2, [sp, #20]
 80029e6:	699b      	ldr	r3, [r3, #24]
 80029e8:	9305      	str	r3, [sp, #20]
 80029ea:	9b05      	ldr	r3, [sp, #20]
 80029ec:	e068      	b.n	8002ac0 <HAL_I2C_Master_Receive+0x1b0>
      CLEAR_BIT(hi2c->Instance->CR1, I2C_CR1_ACK);
 80029ee:	6822      	ldr	r2, [r4, #0]
 80029f0:	6813      	ldr	r3, [r2, #0]
 80029f2:	f423 6380 	bic.w	r3, r3, #1024	@ 0x400
 80029f6:	6013      	str	r3, [r2, #0]
      __HAL_I2C_CLEAR_ADDRFLAG(hi2c);
 80029f8:	2300      	movs	r3, #0
 80029fa:	9303      	str	r3, [sp, #12]
 80029fc:	6823      	ldr	r3, [r4, #0]
 80029fe:	695a      	ldr	r2, [r3, #20]
 8002a00:	9203      	str	r2, [sp, #12]
 8002a02:	699a      	ldr	r2, [r3, #24]
 8002a04:	9203      	str	r2, [sp, #12]
 8002a06:	9a03      	ldr	r2, [sp, #12]
      SET_BIT(hi2c->Instance->CR1, I2C_CR1_STOP);
 8002a08:	681a      	ldr	r2, [r3, #0]
 8002a0a:	f442 7200 	orr.w	r2, r2, #512	@ 0x200
 8002a0e:	601a      	str	r2, [r3, #0]
 8002a10:	e056      	b.n	8002ac0 <HAL_I2C_Master_Receive+0x1b0>
      CLEAR_BIT(hi2c->Instance->CR1, I2C_CR1_ACK);
 8002a12:	6822      	ldr	r2, [r4, #0]
 8002a14:	6813      	ldr	r3, [r2, #0]
 8002a16:	f423 6380 	bic.w	r3, r3, #1024	@ 0x400
 8002a1a:	6013      	str	r3, [r2, #0]
      SET_BIT(hi2c->Instance->CR1, I2C_CR1_POS);
 8002a1c:	6822      	ldr	r2, [r4, #0]
 8002a1e:	6813      	ldr	r3, [r2, #0]
 8002a20:	f443 6300 	orr.w	r3, r3, #2048	@ 0x800
 8002a24:	6013      	str	r3, [r2, #0]
      __HAL_I2C_CLEAR_ADDRFLAG(hi2c);
 8002a26:	2300      	movs	r3, #0
 8002a28:	9304      	str	r3, [sp, #16]
 8002a2a:	6823      	ldr	r3, [r4, #0]
 8002a2c:	695a      	ldr	r2, [r3, #20]
 8002a2e:	9204      	str	r2, [sp, #16]
 8002a30:	699b      	ldr	r3, [r3, #24]
 8002a32:	9304      	str	r3, [sp, #16]
 8002a34:	9b04      	ldr	r3, [sp, #16]
 8002a36:	e043      	b.n	8002ac0 <HAL_I2C_Master_Receive+0x1b0>
          if (I2C_WaitOnRXNEFlagUntilTimeout(hi2c, Timeout, tickstart) != HAL_OK)
 8002a38:	462a      	mov	r2, r5
 8002a3a:	4631      	mov	r1, r6
 8002a3c:	4620      	mov	r0, r4
 8002a3e:	f7ff fd90 	bl	8002562 <I2C_WaitOnRXNEFlagUntilTimeout>
 8002a42:	2800      	cmp	r0, #0
 8002a44:	f040 80d8 	bne.w	8002bf8 <HAL_I2C_Master_Receive+0x2e8>
          *hi2c->pBuffPtr = (uint8_t)hi2c->Instance->DR;
 8002a48:	6823      	ldr	r3, [r4, #0]
 8002a4a:	691a      	ldr	r2, [r3, #16]
 8002a4c:	6a63      	ldr	r3, [r4, #36]	@ 0x24
 8002a4e:	701a      	strb	r2, [r3, #0]
          hi2c->pBuffPtr++;
 8002a50:	6a63      	ldr	r3, [r4, #36]	@ 0x24
 8002a52:	3301      	adds	r3, #1
 8002a54:	6263      	str	r3, [r4, #36]	@ 0x24
          hi2c->XferSize--;
 8002a56:	8d23      	ldrh	r3, [r4, #40]	@ 0x28
 8002a58:	3b01      	subs	r3, #1
 8002a5a:	8523      	strh	r3, [r4, #40]	@ 0x28
          hi2c->XferCount--;
 8002a5c:	8d63      	ldrh	r3, [r4, #42]	@ 0x2a
 8002a5e:	b29b      	uxth	r3, r3
 8002a60:	3b01      	subs	r3, #1
 8002a62:	b29b      	uxth	r3, r3
 8002a64:	8563      	strh	r3, [r4, #42]	@ 0x2a
 8002a66:	e02b      	b.n	8002ac0 <HAL_I2C_Master_Receive+0x1b0>
          if (I2C_WaitOnFlagUntilTimeout(hi2c, I2C_FLAG_BTF, RESET, Timeout, tickstart) != HAL_OK)
 8002a68:	9500      	str	r5, [sp, #0]
 8002a6a:	4633      	mov	r3, r6
 8002a6c:	2200      	movs	r2, #0
 8002a6e:	4940      	ldr	r1, [pc, #256]	@ (8002b70 <HAL_I2C_Master_Receive+0x260>)
 8002a70:	4620      	mov	r0, r4
 8002a72:	f7ff fa56 	bl	8001f22 <I2C_WaitOnFlagUntilTimeout>
 8002a76:	2800      	cmp	r0, #0
 8002a78:	f040 80c0 	bne.w	8002bfc <HAL_I2C_Master_Receive+0x2ec>
          SET_BIT(hi2c->Instance->CR1, I2C_CR1_STOP);
 8002a7c:	6822      	ldr	r2, [r4, #0]
 8002a7e:	6813      	ldr	r3, [r2, #0]
 8002a80:	f443 7300 	orr.w	r3, r3, #512	@ 0x200
 8002a84:	6013      	str	r3, [r2, #0]
          *hi2c->pBuffPtr = (uint8_t)hi2c->Instance->DR;
 8002a86:	6823      	ldr	r3, [r4, #0]
 8002a88:	691a      	ldr	r2, [r3, #16]
 8002a8a:	6a63      	ldr	r3, [r4, #36]	@ 0x24
 8002a8c:	701a      	strb	r2, [r3, #0]
          hi2c->pBuffPtr++;
 8002a8e:	6a62      	ldr	r2, [r4, #36]	@ 0x24
 8002a90:	1c53      	adds	r3, r2, #1
 8002a92:	6263      	str	r3, [r4, #36]	@ 0x24
          hi2c->XferSize--;
 8002a94:	8d23      	ldrh	r3, [r4, #40]	@ 0x28
 8002a96:	3b01      	subs	r3, #1
 8002a98:	8523      	strh	r3, [r4, #40]	@ 0x28
          hi2c->XferCount--;
 8002a9a:	8d63      	ldrh	r3, [r4, #42]	@ 0x2a
 8002a9c:	b29b      	uxth	r3, r3
 8002a9e:	3b01      	subs	r3, #1
 8002aa0:	b29b      	uxth	r3, r3
 8002aa2:	8563      	strh	r3, [r4, #42]	@ 0x2a
          *hi2c->pBuffPtr = (uint8_t)hi2c->Instance->DR;
 8002aa4:	6823      	ldr	r3, [r4, #0]
 8002aa6:	691b      	ldr	r3, [r3, #16]
 8002aa8:	7053      	strb	r3, [r2, #1]
          hi2c->pBuffPtr++;
 8002aaa:	6a63      	ldr	r3, [r4, #36]	@ 0x24
 8002aac:	3301      	adds	r3, #1
 8002aae:	6263      	str	r3, [r4, #36]	@ 0x24
          hi2c->XferSize--;
 8002ab0:	8d23      	ldrh	r3, [r4, #40]	@ 0x28
 8002ab2:	3b01      	subs	r3, #1
 8002ab4:	8523      	strh	r3, [r4, #40]	@ 0x28
          hi2c->XferCount--;
 8002ab6:	8d63      	ldrh	r3, [r4, #42]	@ 0x2a
 8002ab8:	b29b      	uxth	r3, r3
 8002aba:	3b01      	subs	r3, #1
 8002abc:	b29b      	uxth	r3, r3
 8002abe:	8563      	strh	r3, [r4, #42]	@ 0x2a
    while (hi2c->XferSize > 0U)
 8002ac0:	8d21      	ldrh	r1, [r4, #40]	@ 0x28
 8002ac2:	2900      	cmp	r1, #0
 8002ac4:	f000 8089 	beq.w	8002bda <HAL_I2C_Master_Receive+0x2ca>
      if (hi2c->XferSize <= 3U)
 8002ac8:	2903      	cmp	r1, #3
 8002aca:	d853      	bhi.n	8002b74 <HAL_I2C_Master_Receive+0x264>
        if (hi2c->XferSize == 1U)
 8002acc:	2901      	cmp	r1, #1
 8002ace:	d0b3      	beq.n	8002a38 <HAL_I2C_Master_Receive+0x128>
        else if (hi2c->XferSize == 2U)
 8002ad0:	2902      	cmp	r1, #2
 8002ad2:	d0c9      	beq.n	8002a68 <HAL_I2C_Master_Receive+0x158>
          if (I2C_WaitOnFlagUntilTimeout(hi2c, I2C_FLAG_BTF, RESET, Timeout, tickstart) != HAL_OK)
 8002ad4:	9500      	str	r5, [sp, #0]
 8002ad6:	4633      	mov	r3, r6
 8002ad8:	2200      	movs	r2, #0
 8002ada:	4925      	ldr	r1, [pc, #148]	@ (8002b70 <HAL_I2C_Master_Receive+0x260>)
 8002adc:	4620      	mov	r0, r4
 8002ade:	f7ff fa20 	bl	8001f22 <I2C_WaitOnFlagUntilTimeout>
 8002ae2:	2800      	cmp	r0, #0
 8002ae4:	f040 808c 	bne.w	8002c00 <HAL_I2C_Master_Receive+0x2f0>
          CLEAR_BIT(hi2c->Instance->CR1, I2C_CR1_ACK);
 8002ae8:	6822      	ldr	r2, [r4, #0]
 8002aea:	6813      	ldr	r3, [r2, #0]
 8002aec:	f423 6380 	bic.w	r3, r3, #1024	@ 0x400
 8002af0:	6013      	str	r3, [r2, #0]
          *hi2c->pBuffPtr = (uint8_t)hi2c->Instance->DR;
 8002af2:	6823      	ldr	r3, [r4, #0]
 8002af4:	691a      	ldr	r2, [r3, #16]
 8002af6:	6a63      	ldr	r3, [r4, #36]	@ 0x24
 8002af8:	701a      	strb	r2, [r3, #0]
          hi2c->pBuffPtr++;
 8002afa:	6a63      	ldr	r3, [r4, #36]	@ 0x24
 8002afc:	3301      	adds	r3, #1
 8002afe:	6263      	str	r3, [r4, #36]	@ 0x24
          hi2c->XferSize--;
 8002b00:	8d23      	ldrh	r3, [r4, #40]	@ 0x28
 8002b02:	3b01      	subs	r3, #1
 8002b04:	8523      	strh	r3, [r4, #40]	@ 0x28
          hi2c->XferCount--;
 8002b06:	8d61      	ldrh	r1, [r4, #42]	@ 0x2a
 8002b08:	b289      	uxth	r1, r1
 8002b0a:	3901      	subs	r1, #1
 8002b0c:	b289      	uxth	r1, r1
 8002b0e:	8561      	strh	r1, [r4, #42]	@ 0x2a
          if (I2C_WaitOnFlagUntilTimeout(hi2c, I2C_FLAG_BTF, RESET, Timeout, tickstart) != HAL_OK)
 8002b10:	9500      	str	r5, [sp, #0]
 8002b12:	4633      	mov	r3, r6
 8002b14:	2200      	movs	r2, #0
 8002b16:	4916      	ldr	r1, [pc, #88]	@ (8002b70 <HAL_I2C_Master_Receive+0x260>)
 8002b18:	4620      	mov	r0, r4
 8002b1a:	f7ff fa02 	bl	8001f22 <I2C_WaitOnFlagUntilTimeout>
 8002b1e:	2800      	cmp	r0, #0
 8002b20:	d170      	bne.n	8002c04 <HAL_I2C_Master_Receive+0x2f4>
          SET_BIT(hi2c->Instance->CR1, I2C_CR1_STOP);
 8002b22:	6822      	ldr	r2, [r4, #0]
 8002b24:	6813      	ldr	r3, [r2, #0]
 8002b26:	f443 7300 	orr.w	r3, r3, #512	@ 0x200
 8002b2a:	6013      	str	r3, [r2, #0]
          *hi2c->pBuffPtr = (uint8_t)hi2c->Instance->DR;
 8002b2c:	6823      	ldr	r3, [r4, #0]
 8002b2e:	691a      	ldr	r2, [r3, #16]
 8002b30:	6a63      	ldr	r3, [r4, #36]	@ 0x24
 8002b32:	701a      	strb	r2, [r3, #0]
          hi2c->pBuffPtr++;
 8002b34:	6a62      	ldr	r2, [r4, #36]	@ 0x24
 8002b36:	1c53      	adds	r3, r2, #1
 8002b38:	6263      	str	r3, [r4, #36]	@ 0x24
          hi2c->XferSize--;
 8002b3a:	8d23      	ldrh	r3, [r4, #40]	@ 0x28
 8002b3c:	3b01      	subs	r3, #1
 8002b3e:	8523      	strh	r3, [r4, #40]	@ 0x28
          hi2c->XferCount--;
 8002b40:	8d63      	ldrh	r3, [r4, #42]	@ 0x2a
 8002b42:	b29b      	uxth	r3, r3
 8002b44:	3b01      	subs	r3, #1
 8002b46:	b29b      	uxth	r3, r3
 8002b48:	8563      	strh	r3, [r4, #42]	@ 0x2a
          *hi2c->pBuffPtr = (uint8_t)hi2c->Instance->DR;
 8002b4a:	6823      	ldr	r3, [r4, #0]
 8002b4c:	691b      	ldr	r3, [r3, #16]
 8002b4e:	7053      	strb	r3, [r2, #1]
          hi2c->pBuffPtr++;
 8002b50:	6a63      	ldr	r3, [r4, #36]	@ 0x24
 8002b52:	3301      	adds	r3, #1
 8002b54:	6263      	str	r3, [r4, #36]	@ 0x24
          hi2c->XferSize--;
 8002b56:	8d23      	ldrh	r3, [r4, #40]	@ 0x28
 8002b58:	3b01      	subs	r3, #1
 8002b5a:	8523      	strh	r3, [r4, #40]	@ 0x28
          hi2c->XferCount--;
 8002b5c:	8d63      	ldrh	r3, [r4, #42]	@ 0x2a
 8002b5e:	b29b      	uxth	r3, r3
 8002b60:	3b01      	subs	r3, #1
 8002b62:	b29b      	uxth	r3, r3
 8002b64:	8563      	strh	r3, [r4, #42]	@ 0x2a
 8002b66:	e7ab      	b.n	8002ac0 <HAL_I2C_Master_Receive+0x1b0>
 8002b68:	00100002 	.word	0x00100002
 8002b6c:	ffff0000 	.word	0xffff0000
 8002b70:	00010004 	.word	0x00010004
        if (I2C_WaitOnRXNEFlagUntilTimeout(hi2c, Timeout, tickstart) != HAL_OK)
 8002b74:	462a      	mov	r2, r5
 8002b76:	4631      	mov	r1, r6
 8002b78:	4620      	mov	r0, r4
 8002b7a:	f7ff fcf2 	bl	8002562 <I2C_WaitOnRXNEFlagUntilTimeout>
 8002b7e:	2800      	cmp	r0, #0
 8002b80:	d142      	bne.n	8002c08 <HAL_I2C_Master_Receive+0x2f8>
        *hi2c->pBuffPtr = (uint8_t)hi2c->Instance->DR;
 8002b82:	6823      	ldr	r3, [r4, #0]
 8002b84:	691a      	ldr	r2, [r3, #16]
 8002b86:	6a63      	ldr	r3, [r4, #36]	@ 0x24
 8002b88:	701a      	strb	r2, [r3, #0]
        hi2c->pBuffPtr++;
 8002b8a:	6a63      	ldr	r3, [r4, #36]	@ 0x24
 8002b8c:	3301      	adds	r3, #1
 8002b8e:	6263      	str	r3, [r4, #36]	@ 0x24
        hi2c->XferSize--;
 8002b90:	8d22      	ldrh	r2, [r4, #40]	@ 0x28
 8002b92:	3a01      	subs	r2, #1
 8002b94:	b292      	uxth	r2, r2
 8002b96:	8522      	strh	r2, [r4, #40]	@ 0x28
        hi2c->XferCount--;
 8002b98:	8d63      	ldrh	r3, [r4, #42]	@ 0x2a
 8002b9a:	b29b      	uxth	r3, r3
 8002b9c:	3b01      	subs	r3, #1
 8002b9e:	b29b      	uxth	r3, r3
 8002ba0:	8563      	strh	r3, [r4, #42]	@ 0x2a
        if (__HAL_I2C_GET_FLAG(hi2c, I2C_FLAG_BTF) == SET)
 8002ba2:	6823      	ldr	r3, [r4, #0]
 8002ba4:	6959      	ldr	r1, [r3, #20]
 8002ba6:	f011 0f04 	tst.w	r1, #4
 8002baa:	d089      	beq.n	8002ac0 <HAL_I2C_Master_Receive+0x1b0>
          if (hi2c->XferSize == 3U)
 8002bac:	2a03      	cmp	r2, #3
 8002bae:	d00f      	beq.n	8002bd0 <HAL_I2C_Master_Receive+0x2c0>
          *hi2c->pBuffPtr = (uint8_t)hi2c->Instance->DR;
 8002bb0:	6823      	ldr	r3, [r4, #0]
 8002bb2:	691a      	ldr	r2, [r3, #16]
 8002bb4:	6a63      	ldr	r3, [r4, #36]	@ 0x24
 8002bb6:	701a      	strb	r2, [r3, #0]
          hi2c->pBuffPtr++;
 8002bb8:	6a63      	ldr	r3, [r4, #36]	@ 0x24
 8002bba:	3301      	adds	r3, #1
 8002bbc:	6263      	str	r3, [r4, #36]	@ 0x24
          hi2c->XferSize--;
 8002bbe:	8d23      	ldrh	r3, [r4, #40]	@ 0x28
 8002bc0:	3b01      	subs	r3, #1
 8002bc2:	8523      	strh	r3, [r4, #40]	@ 0x28
          hi2c->XferCount--;
 8002bc4:	8d63      	ldrh	r3, [r4, #42]	@ 0x2a
 8002bc6:	b29b      	uxth	r3, r3
 8002bc8:	3b01      	subs	r3, #1
 8002bca:	b29b      	uxth	r3, r3
 8002bcc:	8563      	strh	r3, [r4, #42]	@ 0x2a
 8002bce:	e777      	b.n	8002ac0 <HAL_I2C_Master_Receive+0x1b0>
            CLEAR_BIT(hi2c->Instance->CR1, I2C_CR1_ACK);
 8002bd0:	681a      	ldr	r2, [r3, #0]
 8002bd2:	f422 6280 	bic.w	r2, r2, #1024	@ 0x400
 8002bd6:	601a      	str	r2, [r3, #0]
 8002bd8:	e7ea      	b.n	8002bb0 <HAL_I2C_Master_Receive+0x2a0>
    hi2c->State = HAL_I2C_STATE_READY;
 8002bda:	2320      	movs	r3, #32
 8002bdc:	f884 303d 	strb.w	r3, [r4, #61]	@ 0x3d
    hi2c->Mode = HAL_I2C_MODE_NONE;
 8002be0:	2300      	movs	r3, #0
 8002be2:	f884 303e 	strb.w	r3, [r4, #62]	@ 0x3e
    __HAL_UNLOCK(hi2c);
 8002be6:	f884 303c 	strb.w	r3, [r4, #60]	@ 0x3c
    return HAL_OK;
 8002bea:	e6a2      	b.n	8002932 <HAL_I2C_Master_Receive+0x22>
      return HAL_BUSY;
 8002bec:	2702      	movs	r7, #2
 8002bee:	e6a0      	b.n	8002932 <HAL_I2C_Master_Receive+0x22>
    __HAL_LOCK(hi2c);
 8002bf0:	2702      	movs	r7, #2
 8002bf2:	e69e      	b.n	8002932 <HAL_I2C_Master_Receive+0x22>
      return HAL_ERROR;
 8002bf4:	2701      	movs	r7, #1
 8002bf6:	e69c      	b.n	8002932 <HAL_I2C_Master_Receive+0x22>
            return HAL_ERROR;
 8002bf8:	2701      	movs	r7, #1
 8002bfa:	e69a      	b.n	8002932 <HAL_I2C_Master_Receive+0x22>
            return HAL_ERROR;
 8002bfc:	2701      	movs	r7, #1
 8002bfe:	e698      	b.n	8002932 <HAL_I2C_Master_Receive+0x22>
            return HAL_ERROR;
 8002c00:	2701      	movs	r7, #1
 8002c02:	e696      	b.n	8002932 <HAL_I2C_Master_Receive+0x22>
            return HAL_ERROR;
 8002c04:	2701      	movs	r7, #1
 8002c06:	e694      	b.n	8002932 <HAL_I2C_Master_Receive+0x22>
          return HAL_ERROR;
 8002c08:	2701      	movs	r7, #1
 8002c0a:	e692      	b.n	8002932 <HAL_I2C_Master_Receive+0x22>

08002c0c <HAL_I2C_Mem_Write>:
{
 8002c0c:	e92d 43f0 	stmdb	sp!, {r4, r5, r6, r7, r8, r9, lr}
 8002c10:	b083      	sub	sp, #12
 8002c12:	4604      	mov	r4, r0
 8002c14:	460f      	mov	r7, r1
 8002c16:	4690      	mov	r8, r2
 8002c18:	4699      	mov	r9, r3
 8002c1a:	9e0c      	ldr	r6, [sp, #48]	@ 0x30
  uint32_t tickstart = HAL_GetTick();
 8002c1c:	f7fe fe10 	bl	8001840 <HAL_GetTick>
 8002c20:	4605      	mov	r5, r0
  if (hi2c->State == HAL_I2C_STATE_READY)
 8002c22:	f894 003d 	ldrb.w	r0, [r4, #61]	@ 0x3d
 8002c26:	b2c0      	uxtb	r0, r0
 8002c28:	2820      	cmp	r0, #32
 8002c2a:	d003      	beq.n	8002c34 <HAL_I2C_Mem_Write+0x28>
    return HAL_BUSY;
 8002c2c:	2002      	movs	r0, #2
}
 8002c2e:	b003      	add	sp, #12
 8002c30:	e8bd 83f0 	ldmia.w	sp!, {r4, r5, r6, r7, r8, r9, pc}
    if (I2C_WaitOnFlagUntilTimeout(hi2c, I2C_FLAG_BUSY, SET, I2C_TIMEOUT_BUSY_FLAG, tickstart) != HAL_OK)
 8002c34:	9500      	str	r5, [sp, #0]
 8002c36:	2319      	movs	r3, #25
 8002c38:	2201      	movs	r2, #1
 8002c3a:	494b      	ldr	r1, [pc, #300]	@ (8002d68 <HAL_I2C_Mem_Write+0x15c>)
 8002c3c:	4620      	mov	r0, r4
 8002c3e:	f7ff f970 	bl	8001f22 <I2C_WaitOnFlagUntilTimeout>
 8002c42:	2800      	cmp	r0, #0
 8002c44:	f040 8089 	bne.w	8002d5a <HAL_I2C_Mem_Write+0x14e>
    __HAL_LOCK(hi2c);
 8002c48:	f894 303c 	ldrb.w	r3, [r4, #60]	@ 0x3c
 8002c4c:	2b01      	cmp	r3, #1
 8002c4e:	f000 8086 	beq.w	8002d5e <HAL_I2C_Mem_Write+0x152>
 8002c52:	2301      	movs	r3, #1
 8002c54:	f884 303c 	strb.w	r3, [r4, #60]	@ 0x3c
    if ((hi2c->Instance->CR1 & I2C_CR1_PE) != I2C_CR1_PE)
 8002c58:	6823      	ldr	r3, [r4, #0]
 8002c5a:	681a      	ldr	r2, [r3, #0]
 8002c5c:	f012 0f01 	tst.w	r2, #1
 8002c60:	d103      	bne.n	8002c6a <HAL_I2C_Mem_Write+0x5e>
      __HAL_I2C_ENABLE(hi2c);
 8002c62:	681a      	ldr	r2, [r3, #0]
 8002c64:	f042 0201 	orr.w	r2, r2, #1
 8002c68:	601a      	str	r2, [r3, #0]
    CLEAR_BIT(hi2c->Instance->CR1, I2C_CR1_POS);
 8002c6a:	6822      	ldr	r2, [r4, #0]
 8002c6c:	6813      	ldr	r3, [r2, #0]
 8002c6e:	f423 6300 	bic.w	r3, r3, #2048	@ 0x800
 8002c72:	6013      	str	r3, [r2, #0]
    hi2c->State     = HAL_I2C_STATE_BUSY_TX;
 8002c74:	2321      	movs	r3, #33	@ 0x21
 8002c76:	f884 303d 	strb.w	r3, [r4, #61]	@ 0x3d
    hi2c->Mode      = HAL_I2C_MODE_MEM;
 8002c7a:	2340      	movs	r3, #64	@ 0x40
 8002c7c:	f884 303e 	strb.w	r3, [r4, #62]	@ 0x3e
    hi2c->ErrorCode = HAL_I2C_ERROR_NONE;
 8002c80:	2300      	movs	r3, #0
 8002c82:	6423      	str	r3, [r4, #64]	@ 0x40
    hi2c->pBuffPtr    = pData;
 8002c84:	9b0a      	ldr	r3, [sp, #40]	@ 0x28
 8002c86:	6263      	str	r3, [r4, #36]	@ 0x24
    hi2c->XferCount   = Size;
 8002c88:	f8bd 302c 	ldrh.w	r3, [sp, #44]	@ 0x2c
 8002c8c:	8563      	strh	r3, [r4, #42]	@ 0x2a
    hi2c->XferSize    = hi2c->XferCount;
 8002c8e:	8d63      	ldrh	r3, [r4, #42]	@ 0x2a
 8002c90:	8523      	strh	r3, [r4, #40]	@ 0x28
    hi2c->XferOptions = I2C_NO_OPTION_FRAME;
 8002c92:	4b36      	ldr	r3, [pc, #216]	@ (8002d6c <HAL_I2C_Mem_Write+0x160>)
 8002c94:	62e3      	str	r3, [r4, #44]	@ 0x2c
    if (I2C_RequestMemoryWrite(hi2c, DevAddress, MemAddress, MemAddSize, Timeout, tickstart) != HAL_OK)
 8002c96:	9501      	str	r5, [sp, #4]
 8002c98:	9600      	str	r6, [sp, #0]
 8002c9a:	464b      	mov	r3, r9
 8002c9c:	4642      	mov	r2, r8
 8002c9e:	4639      	mov	r1, r7
 8002ca0:	4620      	mov	r0, r4
 8002ca2:	f7ff fb19 	bl	80022d8 <I2C_RequestMemoryWrite>
 8002ca6:	2800      	cmp	r0, #0
 8002ca8:	d15b      	bne.n	8002d62 <HAL_I2C_Mem_Write+0x156>
    while (hi2c->XferSize > 0U)
 8002caa:	8d23      	ldrh	r3, [r4, #40]	@ 0x28
 8002cac:	2b00      	cmp	r3, #0
 8002cae:	d035      	beq.n	8002d1c <HAL_I2C_Mem_Write+0x110>
      if (I2C_WaitOnTXEFlagUntilTimeout(hi2c, Timeout, tickstart) != HAL_OK)
 8002cb0:	462a      	mov	r2, r5
 8002cb2:	4631      	mov	r1, r6
 8002cb4:	4620      	mov	r0, r4
 8002cb6:	f7ff fadf 	bl	8002278 <I2C_WaitOnTXEFlagUntilTimeout>
 8002cba:	bb20      	cbnz	r0, 8002d06 <HAL_I2C_Mem_Write+0xfa>
      hi2c->Instance->DR = *hi2c->pBuffPtr;
 8002cbc:	6a62      	ldr	r2, [r4, #36]	@ 0x24
 8002cbe:	6823      	ldr	r3, [r4, #0]
 8002cc0:	7812      	ldrb	r2, [r2, #0]
 8002cc2:	611a      	str	r2, [r3, #16]
      hi2c->pBuffPtr++;
 8002cc4:	6a62      	ldr	r2, [r4, #36]	@ 0x24
 8002cc6:	1c53      	adds	r3, r2, #1
 8002cc8:	6263      	str	r3, [r4, #36]	@ 0x24
      hi2c->XferSize--;
 8002cca:	8d21      	ldrh	r1, [r4, #40]	@ 0x28
 8002ccc:	3901      	subs	r1, #1
 8002cce:	b289      	uxth	r1, r1
 8002cd0:	8521      	strh	r1, [r4, #40]	@ 0x28
      hi2c->XferCount--;
 8002cd2:	8d63      	ldrh	r3, [r4, #42]	@ 0x2a
 8002cd4:	b29b      	uxth	r3, r3
 8002cd6:	3b01      	subs	r3, #1
 8002cd8:	b29b      	uxth	r3, r3
 8002cda:	8563      	strh	r3, [r4, #42]	@ 0x2a
      if ((__HAL_I2C_GET_FLAG(hi2c, I2C_FLAG_BTF) == SET) && (hi2c->XferSize != 0U))
 8002cdc:	6823      	ldr	r3, [r4, #0]
 8002cde:	6958      	ldr	r0, [r3, #20]
 8002ce0:	f010 0f04 	tst.w	r0, #4
 8002ce4:	d0e1      	beq.n	8002caa <HAL_I2C_Mem_Write+0x9e>
 8002ce6:	2900      	cmp	r1, #0
 8002ce8:	d0df      	beq.n	8002caa <HAL_I2C_Mem_Write+0x9e>
        hi2c->Instance->DR = *hi2c->pBuffPtr;
 8002cea:	7852      	ldrb	r2, [r2, #1]
 8002cec:	611a      	str	r2, [r3, #16]
        hi2c->pBuffPtr++;
 8002cee:	6a63      	ldr	r3, [r4, #36]	@ 0x24
 8002cf0:	3301      	adds	r3, #1
 8002cf2:	6263      	str	r3, [r4, #36]	@ 0x24
        hi2c->XferSize--;
 8002cf4:	8d23      	ldrh	r3, [r4, #40]	@ 0x28
 8002cf6:	3b01      	subs	r3, #1
 8002cf8:	8523      	strh	r3, [r4, #40]	@ 0x28
        hi2c->XferCount--;
 8002cfa:	8d63      	ldrh	r3, [r4, #42]	@ 0x2a
 8002cfc:	b29b      	uxth	r3, r3
 8002cfe:	3b01      	subs	r3, #1
 8002d00:	b29b      	uxth	r3, r3
 8002d02:	8563      	strh	r3, [r4, #42]	@ 0x2a
 8002d04:	e7d1      	b.n	8002caa <HAL_I2C_Mem_Write+0x9e>
        if (hi2c->ErrorCode == HAL_I2C_ERROR_AF)
 8002d06:	6c23      	ldr	r3, [r4, #64]	@ 0x40
 8002d08:	2b04      	cmp	r3, #4
 8002d0a:	d001      	beq.n	8002d10 <HAL_I2C_Mem_Write+0x104>
        return HAL_ERROR;
 8002d0c:	2001      	movs	r0, #1
 8002d0e:	e78e      	b.n	8002c2e <HAL_I2C_Mem_Write+0x22>
          SET_BIT(hi2c->Instance->CR1, I2C_CR1_STOP);
 8002d10:	6822      	ldr	r2, [r4, #0]
 8002d12:	6813      	ldr	r3, [r2, #0]
 8002d14:	f443 7300 	orr.w	r3, r3, #512	@ 0x200
 8002d18:	6013      	str	r3, [r2, #0]
 8002d1a:	e7f7      	b.n	8002d0c <HAL_I2C_Mem_Write+0x100>
    if (I2C_WaitOnBTFFlagUntilTimeout(hi2c, Timeout, tickstart) != HAL_OK)
 8002d1c:	462a      	mov	r2, r5
 8002d1e:	4631      	mov	r1, r6
 8002d20:	4620      	mov	r0, r4
 8002d22:	f7ff fbef 	bl	8002504 <I2C_WaitOnBTFFlagUntilTimeout>
 8002d26:	b150      	cbz	r0, 8002d3e <HAL_I2C_Mem_Write+0x132>
      if (hi2c->ErrorCode == HAL_I2C_ERROR_AF)
 8002d28:	6c23      	ldr	r3, [r4, #64]	@ 0x40
 8002d2a:	2b04      	cmp	r3, #4
 8002d2c:	d001      	beq.n	8002d32 <HAL_I2C_Mem_Write+0x126>
      return HAL_ERROR;
 8002d2e:	2001      	movs	r0, #1
 8002d30:	e77d      	b.n	8002c2e <HAL_I2C_Mem_Write+0x22>
        SET_BIT(hi2c->Instance->CR1, I2C_CR1_STOP);
 8002d32:	6822      	ldr	r2, [r4, #0]
 8002d34:	6813      	ldr	r3, [r2, #0]
 8002d36:	f443 7300 	orr.w	r3, r3, #512	@ 0x200
 8002d3a:	6013      	str	r3, [r2, #0]
 8002d3c:	e7f7      	b.n	8002d2e <HAL_I2C_Mem_Write+0x122>
    SET_BIT(hi2c->Instance->CR1, I2C_CR1_STOP);
 8002d3e:	6822      	ldr	r2, [r4, #0]
 8002d40:	6813      	ldr	r3, [r2, #0]
 8002d42:	f443 7300 	orr.w	r3, r3, #512	@ 0x200
 8002d46:	6013      	str	r3, [r2, #0]
    hi2c->State = HAL_I2C_STATE_READY;
 8002d48:	2320      	movs	r3, #32
 8002d4a:	f884 303d 	strb.w	r3, [r4, #61]	@ 0x3d
    hi2c->Mode = HAL_I2C_MODE_NONE;
 8002d4e:	2300      	movs	r3, #0
 8002d50:	f884 303e 	strb.w	r3, [r4, #62]	@ 0x3e
    __HAL_UNLOCK(hi2c);
 8002d54:	f884 303c 	strb.w	r3, [r4, #60]	@ 0x3c
    return HAL_OK;
 8002d58:	e769      	b.n	8002c2e <HAL_I2C_Mem_Write+0x22>
      return HAL_BUSY;
 8002d5a:	2002      	movs	r0, #2
 8002d5c:	e767      	b.n	8002c2e <HAL_I2C_Mem_Write+0x22>
    __HAL_LOCK(hi2c);
 8002d5e:	2002      	movs	r0, #2
 8002d60:	e765      	b.n	8002c2e <HAL_I2C_Mem_Write+0x22>
      return HAL_ERROR;
 8002d62:	2001      	movs	r0, #1
 8002d64:	e763      	b.n	8002c2e <HAL_I2C_Mem_Write+0x22>
 8002d66:	bf00      	nop
 8002d68:	00100002 	.word	0x00100002
 8002d6c:	ffff0000 	.word	0xffff0000

08002d70 <HAL_I2C_Mem_Read>:
{
 8002d70:	e92d 43f0 	stmdb	sp!, {r4, r5, r6, r7, r8, r9, lr}
 8002d74:	b087      	sub	sp, #28
 8002d76:	4604      	mov	r4, r0
 8002d78:	460f      	mov	r7, r1
 8002d7a:	4690      	mov	r8, r2
 8002d7c:	4699      	mov	r9, r3
 8002d7e:	9e10      	ldr	r6, [sp, #64]	@ 0x40
  uint32_t tickstart = HAL_GetTick();
 8002d80:	f7fe fd5e 	bl	8001840 <HAL_GetTick>
 8002d84:	4605      	mov	r5, r0
  if (hi2c->State == HAL_I2C_STATE_READY)
 8002d86:	f894 003d 	ldrb.w	r0, [r4, #61]	@ 0x3d
 8002d8a:	b2c0      	uxtb	r0, r0
 8002d8c:	2820      	cmp	r0, #32
 8002d8e:	d004      	beq.n	8002d9a <HAL_I2C_Mem_Read+0x2a>
    return HAL_BUSY;
 8002d90:	2702      	movs	r7, #2
}
 8002d92:	4638      	mov	r0, r7
 8002d94:	b007      	add	sp, #28
 8002d96:	e8bd 83f0 	ldmia.w	sp!, {r4, r5, r6, r7, r8, r9, pc}
    if (I2C_WaitOnFlagUntilTimeout(hi2c, I2C_FLAG_BUSY, SET, I2C_TIMEOUT_BUSY_FLAG, tickstart) != HAL_OK)
 8002d9a:	9500      	str	r5, [sp, #0]
 8002d9c:	2319      	movs	r3, #25
 8002d9e:	2201      	movs	r2, #1
 8002da0:	4988      	ldr	r1, [pc, #544]	@ (8002fc4 <HAL_I2C_Mem_Read+0x254>)
 8002da2:	4620      	mov	r0, r4
 8002da4:	f7ff f8bd 	bl	8001f22 <I2C_WaitOnFlagUntilTimeout>
 8002da8:	2800      	cmp	r0, #0
 8002daa:	f040 814d 	bne.w	8003048 <HAL_I2C_Mem_Read+0x2d8>
    __HAL_LOCK(hi2c);
 8002dae:	f894 303c 	ldrb.w	r3, [r4, #60]	@ 0x3c
 8002db2:	2b01      	cmp	r3, #1
 8002db4:	f000 814a 	beq.w	800304c <HAL_I2C_Mem_Read+0x2dc>
 8002db8:	2301      	movs	r3, #1
 8002dba:	f884 303c 	strb.w	r3, [r4, #60]	@ 0x3c
    if ((hi2c->Instance->CR1 & I2C_CR1_PE) != I2C_CR1_PE)
 8002dbe:	6823      	ldr	r3, [r4, #0]
 8002dc0:	681a      	ldr	r2, [r3, #0]
 8002dc2:	f012 0f01 	tst.w	r2, #1
 8002dc6:	d103      	bne.n	8002dd0 <HAL_I2C_Mem_Read+0x60>
      __HAL_I2C_ENABLE(hi2c);
 8002dc8:	681a      	ldr	r2, [r3, #0]
 8002dca:	f042 0201 	orr.w	r2, r2, #1
 8002dce:	601a      	str	r2, [r3, #0]
    CLEAR_BIT(hi2c->Instance->CR1, I2C_CR1_POS);
 8002dd0:	6822      	ldr	r2, [r4, #0]
 8002dd2:	6813      	ldr	r3, [r2, #0]
 8002dd4:	f423 6300 	bic.w	r3, r3, #2048	@ 0x800
 8002dd8:	6013      	str	r3, [r2, #0]
    hi2c->State     = HAL_I2C_STATE_BUSY_RX;
 8002dda:	2322      	movs	r3, #34	@ 0x22
 8002ddc:	f884 303d 	strb.w	r3, [r4, #61]	@ 0x3d
    hi2c->Mode      = HAL_I2C_MODE_MEM;
 8002de0:	2340      	movs	r3, #64	@ 0x40
 8002de2:	f884 303e 	strb.w	r3, [r4, #62]	@ 0x3e
    hi2c->ErrorCode = HAL_I2C_ERROR_NONE;
 8002de6:	2300      	movs	r3, #0
 8002de8:	6423      	str	r3, [r4, #64]	@ 0x40
    hi2c->pBuffPtr    = pData;
 8002dea:	9b0e      	ldr	r3, [sp, #56]	@ 0x38
 8002dec:	6263      	str	r3, [r4, #36]	@ 0x24
    hi2c->XferCount   = Size;
 8002dee:	f8bd 303c 	ldrh.w	r3, [sp, #60]	@ 0x3c
 8002df2:	8563      	strh	r3, [r4, #42]	@ 0x2a
    hi2c->XferSize    = hi2c->XferCount;
 8002df4:	8d63      	ldrh	r3, [r4, #42]	@ 0x2a
 8002df6:	8523      	strh	r3, [r4, #40]	@ 0x28
    hi2c->XferOptions = I2C_NO_OPTION_FRAME;
 8002df8:	4b73      	ldr	r3, [pc, #460]	@ (8002fc8 <HAL_I2C_Mem_Read+0x258>)
 8002dfa:	62e3      	str	r3, [r4, #44]	@ 0x2c
    if (I2C_RequestMemoryRead(hi2c, DevAddress, MemAddress, MemAddSize, Timeout, tickstart) != HAL_OK)
 8002dfc:	9501      	str	r5, [sp, #4]
 8002dfe:	9600      	str	r6, [sp, #0]
 8002e00:	464b      	mov	r3, r9
 8002e02:	4642      	mov	r2, r8
 8002e04:	4639      	mov	r1, r7
 8002e06:	4620      	mov	r0, r4
 8002e08:	f7ff fad2 	bl	80023b0 <I2C_RequestMemoryRead>
 8002e0c:	4607      	mov	r7, r0
 8002e0e:	2800      	cmp	r0, #0
 8002e10:	f040 811e 	bne.w	8003050 <HAL_I2C_Mem_Read+0x2e0>
    if (hi2c->XferSize == 0U)
 8002e14:	8d23      	ldrh	r3, [r4, #40]	@ 0x28
 8002e16:	b95b      	cbnz	r3, 8002e30 <HAL_I2C_Mem_Read+0xc0>
      __HAL_I2C_CLEAR_ADDRFLAG(hi2c);
 8002e18:	9302      	str	r3, [sp, #8]
 8002e1a:	6823      	ldr	r3, [r4, #0]
 8002e1c:	695a      	ldr	r2, [r3, #20]
 8002e1e:	9202      	str	r2, [sp, #8]
 8002e20:	699a      	ldr	r2, [r3, #24]
 8002e22:	9202      	str	r2, [sp, #8]
 8002e24:	9a02      	ldr	r2, [sp, #8]
      SET_BIT(hi2c->Instance->CR1, I2C_CR1_STOP);
 8002e26:	681a      	ldr	r2, [r3, #0]
 8002e28:	f442 7200 	orr.w	r2, r2, #512	@ 0x200
 8002e2c:	601a      	str	r2, [r3, #0]
 8002e2e:	e075      	b.n	8002f1c <HAL_I2C_Mem_Read+0x1ac>
    else if (hi2c->XferSize == 1U)
 8002e30:	2b01      	cmp	r3, #1
 8002e32:	d00a      	beq.n	8002e4a <HAL_I2C_Mem_Read+0xda>
    else if (hi2c->XferSize == 2U)
 8002e34:	2b02      	cmp	r3, #2
 8002e36:	d01a      	beq.n	8002e6e <HAL_I2C_Mem_Read+0xfe>
      __HAL_I2C_CLEAR_ADDRFLAG(hi2c);
 8002e38:	2300      	movs	r3, #0
 8002e3a:	9305      	str	r3, [sp, #20]
 8002e3c:	6823      	ldr	r3, [r4, #0]
 8002e3e:	695a      	ldr	r2, [r3, #20]
 8002e40:	9205      	str	r2, [sp, #20]
 8002e42:	699b      	ldr	r3, [r3, #24]
 8002e44:	9305      	str	r3, [sp, #20]
 8002e46:	9b05      	ldr	r3, [sp, #20]
 8002e48:	e068      	b.n	8002f1c <HAL_I2C_Mem_Read+0x1ac>
      CLEAR_BIT(hi2c->Instance->CR1, I2C_CR1_ACK);
 8002e4a:	6822      	ldr	r2, [r4, #0]
 8002e4c:	6813      	ldr	r3, [r2, #0]
 8002e4e:	f423 6380 	bic.w	r3, r3, #1024	@ 0x400
 8002e52:	6013      	str	r3, [r2, #0]
      __HAL_I2C_CLEAR_ADDRFLAG(hi2c);
 8002e54:	2300      	movs	r3, #0
 8002e56:	9303      	str	r3, [sp, #12]
 8002e58:	6823      	ldr	r3, [r4, #0]
 8002e5a:	695a      	ldr	r2, [r3, #20]
 8002e5c:	9203      	str	r2, [sp, #12]
 8002e5e:	699a      	ldr	r2, [r3, #24]
 8002e60:	9203      	str	r2, [sp, #12]
 8002e62:	9a03      	ldr	r2, [sp, #12]
      SET_BIT(hi2c->Instance->CR1, I2C_CR1_STOP);
 8002e64:	681a      	ldr	r2, [r3, #0]
 8002e66:	f442 7200 	orr.w	r2, r2, #512	@ 0x200
 8002e6a:	601a      	str	r2, [r3, #0]
 8002e6c:	e056      	b.n	8002f1c <HAL_I2C_Mem_Read+0x1ac>
      CLEAR_BIT(hi2c->Instance->CR1, I2C_CR1_ACK);
 8002e6e:	6822      	ldr	r2, [r4, #0]
 8002e70:	6813      	ldr	r3, [r2, #0]
 8002e72:	f423 6380 	bic.w	r3, r3, #1024	@ 0x400
 8002e76:	6013      	str	r3, [r2, #0]
      SET_BIT(hi2c->Instance->CR1, I2C_CR1_POS);
 8002e78:	6822      	ldr	r2, [r4, #0]
 8002e7a:	6813      	ldr	r3, [r2, #0]
 8002e7c:	f443 6300 	orr.w	r3, r3, #2048	@ 0x800
 8002e80:	6013      	str	r3, [r2, #0]
      __HAL_I2C_CLEAR_ADDRFLAG(hi2c);
 8002e82:	2300      	movs	r3, #0
 8002e84:	9304      	str	r3, [sp, #16]
 8002e86:	6823      	ldr	r3, [r4, #0]
 8002e88:	695a      	ldr	r2, [r3, #20]
 8002e8a:	9204      	str	r2, [sp, #16]
 8002e8c:	699b      	ldr	r3, [r3, #24]
 8002e8e:	9304      	str	r3, [sp, #16]
 8002e90:	9b04      	ldr	r3, [sp, #16]
 8002e92:	e043      	b.n	8002f1c <HAL_I2C_Mem_Read+0x1ac>
          if (I2C_WaitOnRXNEFlagUntilTimeout(hi2c, Timeout, tickstart) != HAL_OK)
 8002e94:	462a      	mov	r2, r5
 8002e96:	4631      	mov	r1, r6
 8002e98:	4620      	mov	r0, r4
 8002e9a:	f7ff fb62 	bl	8002562 <I2C_WaitOnRXNEFlagUntilTimeout>
 8002e9e:	2800      	cmp	r0, #0
 8002ea0:	f040 80d8 	bne.w	8003054 <HAL_I2C_Mem_Read+0x2e4>
          *hi2c->pBuffPtr = (uint8_t)hi2c->Instance->DR;
 8002ea4:	6823      	ldr	r3, [r4, #0]
 8002ea6:	691a      	ldr	r2, [r3, #16]
 8002ea8:	6a63      	ldr	r3, [r4, #36]	@ 0x24
 8002eaa:	701a      	strb	r2, [r3, #0]
          hi2c->pBuffPtr++;
 8002eac:	6a63      	ldr	r3, [r4, #36]	@ 0x24
 8002eae:	3301      	adds	r3, #1
 8002eb0:	6263      	str	r3, [r4, #36]	@ 0x24
          hi2c->XferSize--;
 8002eb2:	8d23      	ldrh	r3, [r4, #40]	@ 0x28
 8002eb4:	3b01      	subs	r3, #1
 8002eb6:	8523      	strh	r3, [r4, #40]	@ 0x28
          hi2c->XferCount--;
 8002eb8:	8d63      	ldrh	r3, [r4, #42]	@ 0x2a
 8002eba:	b29b      	uxth	r3, r3
 8002ebc:	3b01      	subs	r3, #1
 8002ebe:	b29b      	uxth	r3, r3
 8002ec0:	8563      	strh	r3, [r4, #42]	@ 0x2a
 8002ec2:	e02b      	b.n	8002f1c <HAL_I2C_Mem_Read+0x1ac>
          if (I2C_WaitOnFlagUntilTimeout(hi2c, I2C_FLAG_BTF, RESET, Timeout, tickstart) != HAL_OK)
 8002ec4:	9500      	str	r5, [sp, #0]
 8002ec6:	4633      	mov	r3, r6
 8002ec8:	2200      	movs	r2, #0
 8002eca:	4940      	ldr	r1, [pc, #256]	@ (8002fcc <HAL_I2C_Mem_Read+0x25c>)
 8002ecc:	4620      	mov	r0, r4
 8002ece:	f7ff f828 	bl	8001f22 <I2C_WaitOnFlagUntilTimeout>
 8002ed2:	2800      	cmp	r0, #0
 8002ed4:	f040 80c0 	bne.w	8003058 <HAL_I2C_Mem_Read+0x2e8>
          SET_BIT(hi2c->Instance->CR1, I2C_CR1_STOP);
 8002ed8:	6822      	ldr	r2, [r4, #0]
 8002eda:	6813      	ldr	r3, [r2, #0]
 8002edc:	f443 7300 	orr.w	r3, r3, #512	@ 0x200
 8002ee0:	6013      	str	r3, [r2, #0]
          *hi2c->pBuffPtr = (uint8_t)hi2c->Instance->DR;
 8002ee2:	6823      	ldr	r3, [r4, #0]
 8002ee4:	691a      	ldr	r2, [r3, #16]
 8002ee6:	6a63      	ldr	r3, [r4, #36]	@ 0x24
 8002ee8:	701a      	strb	r2, [r3, #0]
          hi2c->pBuffPtr++;
 8002eea:	6a62      	ldr	r2, [r4, #36]	@ 0x24
 8002eec:	1c53      	adds	r3, r2, #1
 8002eee:	6263      	str	r3, [r4, #36]	@ 0x24
          hi2c->XferSize--;
 8002ef0:	8d23      	ldrh	r3, [r4, #40]	@ 0x28
 8002ef2:	3b01      	subs	r3, #1
 8002ef4:	8523      	strh	r3, [r4, #40]	@ 0x28
          hi2c->XferCount--;
 8002ef6:	8d63      	ldrh	r3, [r4, #42]	@ 0x2a
 8002ef8:	b29b      	uxth	r3, r3
 8002efa:	3b01      	subs	r3, #1
 8002efc:	b29b      	uxth	r3, r3
 8002efe:	8563      	strh	r3, [r4, #42]	@ 0x2a
          *hi2c->pBuffPtr = (uint8_t)hi2c->Instance->DR;
 8002f00:	6823      	ldr	r3, [r4, #0]
 8002f02:	691b      	ldr	r3, [r3, #16]
 8002f04:	7053      	strb	r3, [r2, #1]
          hi2c->pBuffPtr++;
 8002f06:	6a63      	ldr	r3, [r4, #36]	@ 0x24
 8002f08:	3301      	adds	r3, #1
 8002f0a:	6263      	str	r3, [r4, #36]	@ 0x24
          hi2c->XferSize--;
 8002f0c:	8d23      	ldrh	r3, [r4, #40]	@ 0x28
 8002f0e:	3b01      	subs	r3, #1
 8002f10:	8523      	strh	r3, [r4, #40]	@ 0x28
          hi2c->XferCount--;
 8002f12:	8d63      	ldrh	r3, [r4, #42]	@ 0x2a
 8002f14:	b29b      	uxth	r3, r3
 8002f16:	3b01      	subs	r3, #1
 8002f18:	b29b      	uxth	r3, r3
 8002f1a:	8563      	strh	r3, [r4, #42]	@ 0x2a
    while (hi2c->XferSize > 0U)
 8002f1c:	8d23      	ldrh	r3, [r4, #40]	@ 0x28
 8002f1e:	2b00      	cmp	r3, #0
 8002f20:	f000 8089 	beq.w	8003036 <HAL_I2C_Mem_Read+0x2c6>
      if (hi2c->XferSize <= 3U)
 8002f24:	2b03      	cmp	r3, #3
 8002f26:	d853      	bhi.n	8002fd0 <HAL_I2C_Mem_Read+0x260>
        if (hi2c->XferSize == 1U)
 8002f28:	2b01      	cmp	r3, #1
 8002f2a:	d0b3      	beq.n	8002e94 <HAL_I2C_Mem_Read+0x124>
        else if (hi2c->XferSize == 2U)
 8002f2c:	2b02      	cmp	r3, #2
 8002f2e:	d0c9      	beq.n	8002ec4 <HAL_I2C_Mem_Read+0x154>
          if (I2C_WaitOnFlagUntilTimeout(hi2c, I2C_FLAG_BTF, RESET, Timeout, tickstart) != HAL_OK)
 8002f30:	9500      	str	r5, [sp, #0]
 8002f32:	4633      	mov	r3, r6
 8002f34:	2200      	movs	r2, #0
 8002f36:	4925      	ldr	r1, [pc, #148]	@ (8002fcc <HAL_I2C_Mem_Read+0x25c>)
 8002f38:	4620      	mov	r0, r4
 8002f3a:	f7fe fff2 	bl	8001f22 <I2C_WaitOnFlagUntilTimeout>
 8002f3e:	2800      	cmp	r0, #0
 8002f40:	f040 808c 	bne.w	800305c <HAL_I2C_Mem_Read+0x2ec>
          CLEAR_BIT(hi2c->Instance->CR1, I2C_CR1_ACK);
 8002f44:	6822      	ldr	r2, [r4, #0]
 8002f46:	6813      	ldr	r3, [r2, #0]
 8002f48:	f423 6380 	bic.w	r3, r3, #1024	@ 0x400
 8002f4c:	6013      	str	r3, [r2, #0]
          *hi2c->pBuffPtr = (uint8_t)hi2c->Instance->DR;
 8002f4e:	6823      	ldr	r3, [r4, #0]
 8002f50:	691a      	ldr	r2, [r3, #16]
 8002f52:	6a63      	ldr	r3, [r4, #36]	@ 0x24
 8002f54:	701a      	strb	r2, [r3, #0]
          hi2c->pBuffPtr++;
 8002f56:	6a63      	ldr	r3, [r4, #36]	@ 0x24
 8002f58:	3301      	adds	r3, #1
 8002f5a:	6263      	str	r3, [r4, #36]	@ 0x24
          hi2c->XferSize--;
 8002f5c:	8d23      	ldrh	r3, [r4, #40]	@ 0x28
 8002f5e:	3b01      	subs	r3, #1
 8002f60:	8523      	strh	r3, [r4, #40]	@ 0x28
          hi2c->XferCount--;
 8002f62:	8d63      	ldrh	r3, [r4, #42]	@ 0x2a
 8002f64:	b29b      	uxth	r3, r3
 8002f66:	3b01      	subs	r3, #1
 8002f68:	b29b      	uxth	r3, r3
 8002f6a:	8563      	strh	r3, [r4, #42]	@ 0x2a
          if (I2C_WaitOnFlagUntilTimeout(hi2c, I2C_FLAG_BTF, RESET, Timeout, tickstart) != HAL_OK)
 8002f6c:	9500      	str	r5, [sp, #0]
 8002f6e:	4633      	mov	r3, r6
 8002f70:	2200      	movs	r2, #0
 8002f72:	4916      	ldr	r1, [pc, #88]	@ (8002fcc <HAL_I2C_Mem_Read+0x25c>)
 8002f74:	4620      	mov	r0, r4
 8002f76:	f7fe ffd4 	bl	8001f22 <I2C_WaitOnFlagUntilTimeout>
 8002f7a:	2800      	cmp	r0, #0
 8002f7c:	d170      	bne.n	8003060 <HAL_I2C_Mem_Read+0x2f0>
          SET_BIT(hi2c->Instance->CR1, I2C_CR1_STOP);
 8002f7e:	6822      	ldr	r2, [r4, #0]
 8002f80:	6813      	ldr	r3, [r2, #0]
 8002f82:	f443 7300 	orr.w	r3, r3, #512	@ 0x200
 8002f86:	6013      	str	r3, [r2, #0]
          *hi2c->pBuffPtr = (uint8_t)hi2c->Instance->DR;
 8002f88:	6823      	ldr	r3, [r4, #0]
 8002f8a:	691a      	ldr	r2, [r3, #16]
 8002f8c:	6a63      	ldr	r3, [r4, #36]	@ 0x24
 8002f8e:	701a      	strb	r2, [r3, #0]
          hi2c->pBuffPtr++;
 8002f90:	6a62      	ldr	r2, [r4, #36]	@ 0x24
 8002f92:	1c53      	adds	r3, r2, #1
 8002f94:	6263      	str	r3, [r4, #36]	@ 0x24
          hi2c->XferSize--;
 8002f96:	8d23      	ldrh	r3, [r4, #40]	@ 0x28
 8002f98:	3b01      	subs	r3, #1
 8002f9a:	8523      	strh	r3, [r4, #40]	@ 0x28
          hi2c->XferCount--;
 8002f9c:	8d63      	ldrh	r3, [r4, #42]	@ 0x2a
 8002f9e:	b29b      	uxth	r3, r3
 8002fa0:	3b01      	subs	r3, #1
 8002fa2:	b29b      	uxth	r3, r3
 8002fa4:	8563      	strh	r3, [r4, #42]	@ 0x2a
          *hi2c->pBuffPtr = (uint8_t)hi2c->Instance->DR;
 8002fa6:	6823      	ldr	r3, [r4, #0]
 8002fa8:	691b      	ldr	r3, [r3, #16]
 8002faa:	7053      	strb	r3, [r2, #1]
          hi2c->pBuffPtr++;
 8002fac:	6a63      	ldr	r3, [r4, #36]	@ 0x24
 8002fae:	3301      	adds	r3, #1
 8002fb0:	6263      	str	r3, [r4, #36]	@ 0x24
          hi2c->XferSize--;
 8002fb2:	8d23      	ldrh	r3, [r4, #40]	@ 0x28
 8002fb4:	3b01      	subs	r3, #1
 8002fb6:	8523      	strh	r3, [r4, #40]	@ 0x28
          hi2c->XferCount--;
 8002fb8:	8d63      	ldrh	r3, [r4, #42]	@ 0x2a
 8002fba:	b29b      	uxth	r3, r3
 8002fbc:	3b01      	subs	r3, #1
 8002fbe:	b29b      	uxth	r3, r3
 8002fc0:	8563      	strh	r3, [r4, #42]	@ 0x2a
 8002fc2:	e7ab      	b.n	8002f1c <HAL_I2C_Mem_Read+0x1ac>
 8002fc4:	00100002 	.word	0x00100002
 8002fc8:	ffff0000 	.word	0xffff0000
 8002fcc:	00010004 	.word	0x00010004
        if (I2C_WaitOnRXNEFlagUntilTimeout(hi2c, Timeout, tickstart) != HAL_OK)
 8002fd0:	462a      	mov	r2, r5
 8002fd2:	4631      	mov	r1, r6
 8002fd4:	4620      	mov	r0, r4
 8002fd6:	f7ff fac4 	bl	8002562 <I2C_WaitOnRXNEFlagUntilTimeout>
 8002fda:	2800      	cmp	r0, #0
 8002fdc:	d142      	bne.n	8003064 <HAL_I2C_Mem_Read+0x2f4>
        *hi2c->pBuffPtr = (uint8_t)hi2c->Instance->DR;
 8002fde:	6823      	ldr	r3, [r4, #0]
 8002fe0:	691a      	ldr	r2, [r3, #16]
 8002fe2:	6a63      	ldr	r3, [r4, #36]	@ 0x24
 8002fe4:	701a      	strb	r2, [r3, #0]
        hi2c->pBuffPtr++;
 8002fe6:	6a63      	ldr	r3, [r4, #36]	@ 0x24
 8002fe8:	3301      	adds	r3, #1
 8002fea:	6263      	str	r3, [r4, #36]	@ 0x24
        hi2c->XferSize--;
 8002fec:	8d22      	ldrh	r2, [r4, #40]	@ 0x28
 8002fee:	3a01      	subs	r2, #1
 8002ff0:	b292      	uxth	r2, r2
 8002ff2:	8522      	strh	r2, [r4, #40]	@ 0x28
        hi2c->XferCount--;
 8002ff4:	8d63      	ldrh	r3, [r4, #42]	@ 0x2a
 8002ff6:	b29b      	uxth	r3, r3
 8002ff8:	3b01      	subs	r3, #1
 8002ffa:	b29b      	uxth	r3, r3
 8002ffc:	8563      	strh	r3, [r4, #42]	@ 0x2a
        if (__HAL_I2C_GET_FLAG(hi2c, I2C_FLAG_BTF) == SET)
 8002ffe:	6823      	ldr	r3, [r4, #0]
 8003000:	6959      	ldr	r1, [r3, #20]
 8003002:	f011 0f04 	tst.w	r1, #4
 8003006:	d089      	beq.n	8002f1c <HAL_I2C_Mem_Read+0x1ac>
          if (hi2c->XferSize == 3U)
 8003008:	2a03      	cmp	r2, #3
 800300a:	d00f      	beq.n	800302c <HAL_I2C_Mem_Read+0x2bc>
          *hi2c->pBuffPtr = (uint8_t)hi2c->Instance->DR;
 800300c:	6823      	ldr	r3, [r4, #0]
 800300e:	691a      	ldr	r2, [r3, #16]
 8003010:	6a63      	ldr	r3, [r4, #36]	@ 0x24
 8003012:	701a      	strb	r2, [r3, #0]
          hi2c->pBuffPtr++;
 8003014:	6a63      	ldr	r3, [r4, #36]	@ 0x24
 8003016:	3301      	adds	r3, #1
 8003018:	6263      	str	r3, [r4, #36]	@ 0x24
          hi2c->XferSize--;
 800301a:	8d23      	ldrh	r3, [r4, #40]	@ 0x28
 800301c:	3b01      	subs	r3, #1
 800301e:	8523      	strh	r3, [r4, #40]	@ 0x28
          hi2c->XferCount--;
 8003020:	8d63      	ldrh	r3, [r4, #42]	@ 0x2a
 8003022:	b29b      	uxth	r3, r3
 8003024:	3b01      	subs	r3, #1
 8003026:	b29b      	uxth	r3, r3
 8003028:	8563      	strh	r3, [r4, #42]	@ 0x2a
 800302a:	e777      	b.n	8002f1c <HAL_I2C_Mem_Read+0x1ac>
            CLEAR_BIT(hi2c->Instance->CR1, I2C_CR1_ACK);
 800302c:	681a      	ldr	r2, [r3, #0]
 800302e:	f422 6280 	bic.w	r2, r2, #1024	@ 0x400
 8003032:	601a      	str	r2, [r3, #0]
 8003034:	e7ea      	b.n	800300c <HAL_I2C_Mem_Read+0x29c>
    hi2c->State = HAL_I2C_STATE_READY;
 8003036:	2320      	movs	r3, #32
 8003038:	f884 303d 	strb.w	r3, [r4, #61]	@ 0x3d
    hi2c->Mode = HAL_I2C_MODE_NONE;
 800303c:	2300      	movs	r3, #0
 800303e:	f884 303e 	strb.w	r3, [r4, #62]	@ 0x3e
    __HAL_UNLOCK(hi2c);
 8003042:	f884 303c 	strb.w	r3, [r4, #60]	@ 0x3c
    return HAL_OK;
 8003046:	e6a4      	b.n	8002d92 <HAL_I2C_Mem_Read+0x22>
      return HAL_BUSY;
 8003048:	2702      	movs	r7, #2
 800304a:	e6a2      	b.n	8002d92 <HAL_I2C_Mem_Read+0x22>
    __HAL_LOCK(hi2c);
 800304c:	2702      	movs	r7, #2
 800304e:	e6a0      	b.n	8002d92 <HAL_I2C_Mem_Read+0x22>
      return HAL_ERROR;
 8003050:	2701      	movs	r7, #1
 8003052:	e69e      	b.n	8002d92 <HAL_I2C_Mem_Read+0x22>
            return HAL_ERROR;
 8003054:	2701      	movs	r7, #1
 8003056:	e69c      	b.n	8002d92 <HAL_I2C_Mem_Read+0x22>
            return HAL_ERROR;
 8003058:	2701      	movs	r7, #1
 800305a:	e69a      	b.n	8002d92 <HAL_I2C_Mem_Read+0x22>
            return HAL_ERROR;
 800305c:	2701      	movs	r7, #1
 800305e:	e698      	b.n	8002d92 <HAL_I2C_Mem_Read+0x22>
            return HAL_ERROR;
 8003060:	2701      	movs	r7, #1
 8003062:	e696      	b.n	8002d92 <HAL_I2C_Mem_Read+0x22>
          return HAL_ERROR;
 8003064:	2701      	movs	r7, #1
 8003066:	e694      	b.n	8002d92 <HAL_I2C_Mem_Read+0x22>

08003068 <HAL_I2C_IsDeviceReady>:
{
 8003068:	e92d 43f0 	stmdb	sp!, {r4, r5, r6, r7, r8, r9, lr}
 800306c:	b085      	sub	sp, #20
 800306e:	4604      	mov	r4, r0
 8003070:	4688      	mov	r8, r1
 8003072:	4691      	mov	r9, r2
 8003074:	461d      	mov	r5, r3
  uint32_t tickstart = HAL_GetTick();
 8003076:	f7fe fbe3 	bl	8001840 <HAL_GetTick>
  if (hi2c->State == HAL_I2C_STATE_READY)
 800307a:	f894 303d 	ldrb.w	r3, [r4, #61]	@ 0x3d
 800307e:	b2db      	uxtb	r3, r3
 8003080:	2b20      	cmp	r3, #32
 8003082:	d003      	beq.n	800308c <HAL_I2C_IsDeviceReady+0x24>
    return HAL_BUSY;
 8003084:	2002      	movs	r0, #2
}
 8003086:	b005      	add	sp, #20
 8003088:	e8bd 83f0 	ldmia.w	sp!, {r4, r5, r6, r7, r8, r9, pc}
 800308c:	4606      	mov	r6, r0
    if (I2C_WaitOnFlagUntilTimeout(hi2c, I2C_FLAG_BUSY, SET, I2C_TIMEOUT_BUSY_FLAG, tickstart) != HAL_OK)
 800308e:	9000      	str	r0, [sp, #0]
 8003090:	2319      	movs	r3, #25
 8003092:	2201      	movs	r2, #1
 8003094:	4957      	ldr	r1, [pc, #348]	@ (80031f4 <HAL_I2C_IsDeviceReady+0x18c>)
 8003096:	4620      	mov	r0, r4
 8003098:	f7fe ff43 	bl	8001f22 <I2C_WaitOnFlagUntilTimeout>
 800309c:	2800      	cmp	r0, #0
 800309e:	f040 80a0 	bne.w	80031e2 <HAL_I2C_IsDeviceReady+0x17a>
    __HAL_LOCK(hi2c);
 80030a2:	f894 303c 	ldrb.w	r3, [r4, #60]	@ 0x3c
 80030a6:	2b01      	cmp	r3, #1
 80030a8:	f000 809d 	beq.w	80031e6 <HAL_I2C_IsDeviceReady+0x17e>
 80030ac:	2301      	movs	r3, #1
 80030ae:	f884 303c 	strb.w	r3, [r4, #60]	@ 0x3c
    if ((hi2c->Instance->CR1 & I2C_CR1_PE) != I2C_CR1_PE)
 80030b2:	6823      	ldr	r3, [r4, #0]
 80030b4:	681a      	ldr	r2, [r3, #0]
 80030b6:	f012 0f01 	tst.w	r2, #1
 80030ba:	d103      	bne.n	80030c4 <HAL_I2C_IsDeviceReady+0x5c>
      __HAL_I2C_ENABLE(hi2c);
 80030bc:	681a      	ldr	r2, [r3, #0]
 80030be:	f042 0201 	orr.w	r2, r2, #1
 80030c2:	601a      	str	r2, [r3, #0]
    CLEAR_BIT(hi2c->Instance->CR1, I2C_CR1_POS);
 80030c4:	6822      	ldr	r2, [r4, #0]
 80030c6:	6813      	ldr	r3, [r2, #0]
 80030c8:	f423 6300 	bic.w	r3, r3, #2048	@ 0x800
 80030cc:	6013      	str	r3, [r2, #0]
    hi2c->State = HAL_I2C_STATE_BUSY;
 80030ce:	2324      	movs	r3, #36	@ 0x24
 80030d0:	f884 303d 	strb.w	r3, [r4, #61]	@ 0x3d
    hi2c->ErrorCode = HAL_I2C_ERROR_NONE;
 80030d4:	2700      	movs	r7, #0
 80030d6:	6427      	str	r7, [r4, #64]	@ 0x40
    hi2c->XferOptions = I2C_NO_OPTION_FRAME;
 80030d8:	4b47      	ldr	r3, [pc, #284]	@ (80031f8 <HAL_I2C_IsDeviceReady+0x190>)
 80030da:	62e3      	str	r3, [r4, #44]	@ 0x2c
 80030dc:	e040      	b.n	8003160 <HAL_I2C_IsDeviceReady+0xf8>
        if (READ_BIT(hi2c->Instance->CR1, I2C_CR1_START) == I2C_CR1_START)
 80030de:	6823      	ldr	r3, [r4, #0]
 80030e0:	681b      	ldr	r3, [r3, #0]
 80030e2:	f413 7f80 	tst.w	r3, #256	@ 0x100
 80030e6:	d002      	beq.n	80030ee <HAL_I2C_IsDeviceReady+0x86>
          hi2c->ErrorCode = HAL_I2C_WRONG_START;
 80030e8:	f44f 7300 	mov.w	r3, #512	@ 0x200
 80030ec:	6423      	str	r3, [r4, #64]	@ 0x40
        return HAL_TIMEOUT;
 80030ee:	2003      	movs	r0, #3
 80030f0:	e7c9      	b.n	8003086 <HAL_I2C_IsDeviceReady+0x1e>
          hi2c->State = HAL_I2C_STATE_TIMEOUT;
 80030f2:	23a0      	movs	r3, #160	@ 0xa0
 80030f4:	f884 303d 	strb.w	r3, [r4, #61]	@ 0x3d
        tmp1 = __HAL_I2C_GET_FLAG(hi2c, I2C_FLAG_ADDR);
 80030f8:	6822      	ldr	r2, [r4, #0]
 80030fa:	6953      	ldr	r3, [r2, #20]
 80030fc:	f3c3 0340 	ubfx	r3, r3, #1, #1
        tmp2 = __HAL_I2C_GET_FLAG(hi2c, I2C_FLAG_AF);
 8003100:	6952      	ldr	r2, [r2, #20]
 8003102:	f3c2 2280 	ubfx	r2, r2, #10, #1
      while ((hi2c->State != HAL_I2C_STATE_TIMEOUT) && (tmp1 == RESET) && (tmp2 == RESET))
 8003106:	f894 c03d 	ldrb.w	ip, [r4, #61]	@ 0x3d
 800310a:	fa5f fc8c 	uxtb.w	ip, ip
 800310e:	f1bc 0fa0 	cmp.w	ip, #160	@ 0xa0
 8003112:	d009      	beq.n	8003128 <HAL_I2C_IsDeviceReady+0xc0>
 8003114:	b943      	cbnz	r3, 8003128 <HAL_I2C_IsDeviceReady+0xc0>
 8003116:	b93a      	cbnz	r2, 8003128 <HAL_I2C_IsDeviceReady+0xc0>
        if (((HAL_GetTick() - tickstart) > Timeout) || (Timeout == 0U))
 8003118:	f7fe fb92 	bl	8001840 <HAL_GetTick>
 800311c:	1b80      	subs	r0, r0, r6
 800311e:	42a8      	cmp	r0, r5
 8003120:	d8e7      	bhi.n	80030f2 <HAL_I2C_IsDeviceReady+0x8a>
 8003122:	2d00      	cmp	r5, #0
 8003124:	d1e8      	bne.n	80030f8 <HAL_I2C_IsDeviceReady+0x90>
 8003126:	e7e4      	b.n	80030f2 <HAL_I2C_IsDeviceReady+0x8a>
      hi2c->State = HAL_I2C_STATE_READY;
 8003128:	2320      	movs	r3, #32
 800312a:	f884 303d 	strb.w	r3, [r4, #61]	@ 0x3d
      if (__HAL_I2C_GET_FLAG(hi2c, I2C_FLAG_ADDR) == SET)
 800312e:	6823      	ldr	r3, [r4, #0]
 8003130:	695a      	ldr	r2, [r3, #20]
 8003132:	f012 0f02 	tst.w	r2, #2
 8003136:	d131      	bne.n	800319c <HAL_I2C_IsDeviceReady+0x134>
        SET_BIT(hi2c->Instance->CR1, I2C_CR1_STOP);
 8003138:	681a      	ldr	r2, [r3, #0]
 800313a:	f442 7200 	orr.w	r2, r2, #512	@ 0x200
 800313e:	601a      	str	r2, [r3, #0]
        __HAL_I2C_CLEAR_FLAG(hi2c, I2C_FLAG_AF);
 8003140:	6823      	ldr	r3, [r4, #0]
 8003142:	f46f 6280 	mvn.w	r2, #1024	@ 0x400
 8003146:	615a      	str	r2, [r3, #20]
        if (I2C_WaitOnFlagUntilTimeout(hi2c, I2C_FLAG_BUSY, SET, I2C_TIMEOUT_BUSY_FLAG, tickstart) != HAL_OK)
 8003148:	9600      	str	r6, [sp, #0]
 800314a:	2319      	movs	r3, #25
 800314c:	2201      	movs	r2, #1
 800314e:	4929      	ldr	r1, [pc, #164]	@ (80031f4 <HAL_I2C_IsDeviceReady+0x18c>)
 8003150:	4620      	mov	r0, r4
 8003152:	f7fe fee6 	bl	8001f22 <I2C_WaitOnFlagUntilTimeout>
 8003156:	2800      	cmp	r0, #0
 8003158:	d149      	bne.n	80031ee <HAL_I2C_IsDeviceReady+0x186>
      I2C_Trials++;
 800315a:	3701      	adds	r7, #1
    while (I2C_Trials < Trials);
 800315c:	454f      	cmp	r7, r9
 800315e:	d238      	bcs.n	80031d2 <HAL_I2C_IsDeviceReady+0x16a>
      SET_BIT(hi2c->Instance->CR1, I2C_CR1_START);
 8003160:	6822      	ldr	r2, [r4, #0]
 8003162:	6813      	ldr	r3, [r2, #0]
 8003164:	f443 7380 	orr.w	r3, r3, #256	@ 0x100
 8003168:	6013      	str	r3, [r2, #0]
      if (I2C_WaitOnFlagUntilTimeout(hi2c, I2C_FLAG_SB, RESET, Timeout, tickstart) != HAL_OK)
 800316a:	9600      	str	r6, [sp, #0]
 800316c:	462b      	mov	r3, r5
 800316e:	2200      	movs	r2, #0
 8003170:	f04f 1101 	mov.w	r1, #65537	@ 0x10001
 8003174:	4620      	mov	r0, r4
 8003176:	f7fe fed4 	bl	8001f22 <I2C_WaitOnFlagUntilTimeout>
 800317a:	2800      	cmp	r0, #0
 800317c:	d1af      	bne.n	80030de <HAL_I2C_IsDeviceReady+0x76>
      hi2c->Instance->DR = I2C_7BIT_ADD_WRITE(DevAddress);
 800317e:	6823      	ldr	r3, [r4, #0]
 8003180:	f008 02fe 	and.w	r2, r8, #254	@ 0xfe
 8003184:	611a      	str	r2, [r3, #16]
      tickstart = HAL_GetTick();
 8003186:	f7fe fb5b 	bl	8001840 <HAL_GetTick>
 800318a:	4606      	mov	r6, r0
      tmp1 = __HAL_I2C_GET_FLAG(hi2c, I2C_FLAG_ADDR);
 800318c:	6822      	ldr	r2, [r4, #0]
 800318e:	6953      	ldr	r3, [r2, #20]
 8003190:	f3c3 0340 	ubfx	r3, r3, #1, #1
      tmp2 = __HAL_I2C_GET_FLAG(hi2c, I2C_FLAG_AF);
 8003194:	6952      	ldr	r2, [r2, #20]
 8003196:	f3c2 2280 	ubfx	r2, r2, #10, #1
      while ((hi2c->State != HAL_I2C_STATE_TIMEOUT) && (tmp1 == RESET) && (tmp2 == RESET))
 800319a:	e7b4      	b.n	8003106 <HAL_I2C_IsDeviceReady+0x9e>
        SET_BIT(hi2c->Instance->CR1, I2C_CR1_STOP);
 800319c:	681a      	ldr	r2, [r3, #0]
 800319e:	f442 7200 	orr.w	r2, r2, #512	@ 0x200
 80031a2:	601a      	str	r2, [r3, #0]
        __HAL_I2C_CLEAR_ADDRFLAG(hi2c);
 80031a4:	2300      	movs	r3, #0
 80031a6:	9303      	str	r3, [sp, #12]
 80031a8:	6823      	ldr	r3, [r4, #0]
 80031aa:	695a      	ldr	r2, [r3, #20]
 80031ac:	9203      	str	r2, [sp, #12]
 80031ae:	699b      	ldr	r3, [r3, #24]
 80031b0:	9303      	str	r3, [sp, #12]
 80031b2:	9b03      	ldr	r3, [sp, #12]
        if (I2C_WaitOnFlagUntilTimeout(hi2c, I2C_FLAG_BUSY, SET, I2C_TIMEOUT_BUSY_FLAG, tickstart) != HAL_OK)
 80031b4:	9600      	str	r6, [sp, #0]
 80031b6:	2319      	movs	r3, #25
 80031b8:	2201      	movs	r2, #1
 80031ba:	490e      	ldr	r1, [pc, #56]	@ (80031f4 <HAL_I2C_IsDeviceReady+0x18c>)
 80031bc:	4620      	mov	r0, r4
 80031be:	f7fe feb0 	bl	8001f22 <I2C_WaitOnFlagUntilTimeout>
 80031c2:	b990      	cbnz	r0, 80031ea <HAL_I2C_IsDeviceReady+0x182>
        hi2c->State = HAL_I2C_STATE_READY;
 80031c4:	2320      	movs	r3, #32
 80031c6:	f884 303d 	strb.w	r3, [r4, #61]	@ 0x3d
        __HAL_UNLOCK(hi2c);
 80031ca:	2300      	movs	r3, #0
 80031cc:	f884 303c 	strb.w	r3, [r4, #60]	@ 0x3c
        return HAL_OK;
 80031d0:	e759      	b.n	8003086 <HAL_I2C_IsDeviceReady+0x1e>
    hi2c->State = HAL_I2C_STATE_READY;
 80031d2:	2320      	movs	r3, #32
 80031d4:	f884 303d 	strb.w	r3, [r4, #61]	@ 0x3d
    __HAL_UNLOCK(hi2c);
 80031d8:	2300      	movs	r3, #0
 80031da:	f884 303c 	strb.w	r3, [r4, #60]	@ 0x3c
    return HAL_ERROR;
 80031de:	2001      	movs	r0, #1
 80031e0:	e751      	b.n	8003086 <HAL_I2C_IsDeviceReady+0x1e>
      return HAL_BUSY;
 80031e2:	2002      	movs	r0, #2
 80031e4:	e74f      	b.n	8003086 <HAL_I2C_IsDeviceReady+0x1e>
    __HAL_LOCK(hi2c);
 80031e6:	2002      	movs	r0, #2
 80031e8:	e74d      	b.n	8003086 <HAL_I2C_IsDeviceReady+0x1e>
          return HAL_ERROR;
 80031ea:	2001      	movs	r0, #1
 80031ec:	e74b      	b.n	8003086 <HAL_I2C_IsDeviceReady+0x1e>
          return HAL_ERROR;
 80031ee:	2001      	movs	r0, #1
 80031f0:	e749      	b.n	8003086 <HAL_I2C_IsDeviceReady+0x1e>
 80031f2:	bf00      	nop
 80031f4:	00100002 	.word	0x00100002
 80031f8:	ffff0000 	.word	0xffff0000

080031fc <HAL_MspInit>:
/* USER CODE END 0 */
/**
  * Initializes the Global MSP.
  */
void HAL_MspInit(void)
{
 80031fc:	b082      	sub	sp, #8

  /* USER CODE BEGIN MspInit 0 */

  /* USER CODE END MspInit 0 */

  __HAL_RCC_SYSCFG_CLK_ENABLE();
 80031fe:	2100      	movs	r1, #0
 8003200:	9100      	str	r1, [sp, #0]
 8003202:	4b0b      	ldr	r3, [pc, #44]	@ (8003230 <HAL_MspInit+0x34>)
 8003204:	6c5a      	ldr	r2, [r3, #68]	@ 0x44
 8003206:	f442 4280 	orr.w	r2, r2, #16384	@ 0x4000
 800320a:	645a      	str	r2, [r3, #68]	@ 0x44
 800320c:	6c5a      	ldr	r2, [r3, #68]	@ 0x44
 800320e:	f402 4280 	and.w	r2, r2, #16384	@ 0x4000
 8003212:	9200      	str	r2, [sp, #0]
 8003214:	9a00      	ldr	r2, [sp, #0]
  __HAL_RCC_PWR_CLK_ENABLE();
 8003216:	9101      	str	r1, [sp, #4]
 8003218:	6c1a      	ldr	r2, [r3, #64]	@ 0x40
 800321a:	f042 5280 	orr.w	r2, r2, #268435456	@ 0x10000000
 800321e:	641a      	str	r2, [r3, #64]	@ 0x40
 8003220:	6c1b      	ldr	r3, [r3, #64]	@ 0x40
 8003222:	f003 5380 	and.w	r3, r3, #268435456	@ 0x10000000
 8003226:	9301      	str	r3, [sp, #4]
 8003228:	9b01      	ldr	r3, [sp, #4]
  /* System interrupt init*/

  /* USER CODE BEGIN MspInit 1 */

  /* USER CODE END MspInit 1 */
}
 800322a:	b002      	add	sp, #8
 800322c:	4770      	bx	lr
 800322e:	bf00      	nop
 8003230:	40023800 	.word	0x40023800

08003234 <HAL_I2C_MspInit>:
  * This function configures the hardware resources used in this example
  * @param hi2c: I2C handle pointer
  * @retval None
  */
void HAL_I2C_MspInit(I2C_HandleTypeDef* hi2c)
{
 8003234:	e92d 41f0 	stmdb	sp!, {r4, r5, r6, r7, r8, lr}
 8003238:	b08c      	sub	sp, #48	@ 0x30
  GPIO_InitTypeDef GPIO_InitStruct = {0};
 800323a:	2300      	movs	r3, #0
 800323c:	9307      	str	r3, [sp, #28]
 800323e:	9308      	str	r3, [sp, #32]
 8003240:	9309      	str	r3, [sp, #36]	@ 0x24
 8003242:	930a      	str	r3, [sp, #40]	@ 0x28
 8003244:	930b      	str	r3, [sp, #44]	@ 0x2c
  if(hi2c->Instance==I2C1)
 8003246:	6803      	ldr	r3, [r0, #0]
 8003248:	4a4d      	ldr	r2, [pc, #308]	@ (8003380 <HAL_I2C_MspInit+0x14c>)
 800324a:	4293      	cmp	r3, r2
 800324c:	d008      	beq.n	8003260 <HAL_I2C_MspInit+0x2c>
    __HAL_RCC_I2C1_CLK_ENABLE();
    /* USER CODE BEGIN I2C1_MspInit 1 */

    /* USER CODE END I2C1_MspInit 1 */
  }
  else if(hi2c->Instance==I2C2)
 800324e:	4a4d      	ldr	r2, [pc, #308]	@ (8003384 <HAL_I2C_MspInit+0x150>)
 8003250:	4293      	cmp	r3, r2
 8003252:	d028      	beq.n	80032a6 <HAL_I2C_MspInit+0x72>
    __HAL_RCC_I2C2_CLK_ENABLE();
    /* USER CODE BEGIN I2C2_MspInit 1 */

    /* USER CODE END I2C2_MspInit 1 */
  }
  else if(hi2c->Instance==I2C3)
 8003254:	4a4c      	ldr	r2, [pc, #304]	@ (8003388 <HAL_I2C_MspInit+0x154>)
 8003256:	4293      	cmp	r3, r2
 8003258:	d058      	beq.n	800330c <HAL_I2C_MspInit+0xd8>
    /* USER CODE BEGIN I2C3_MspInit 1 */

    /* USER CODE END I2C3_MspInit 1 */
  }

}
 800325a:	b00c      	add	sp, #48	@ 0x30
 800325c:	e8bd 81f0 	ldmia.w	sp!, {r4, r5, r6, r7, r8, pc}
    __HAL_RCC_GPIOB_CLK_ENABLE();
 8003260:	2500      	movs	r5, #0
 8003262:	9500      	str	r5, [sp, #0]
 8003264:	4c49      	ldr	r4, [pc, #292]	@ (800338c <HAL_I2C_MspInit+0x158>)
 8003266:	6b23      	ldr	r3, [r4, #48]	@ 0x30
 8003268:	f043 0302 	orr.w	r3, r3, #2
 800326c:	6323      	str	r3, [r4, #48]	@ 0x30
 800326e:	6b23      	ldr	r3, [r4, #48]	@ 0x30
 8003270:	f003 0302 	and.w	r3, r3, #2
 8003274:	9300      	str	r3, [sp, #0]
 8003276:	9b00      	ldr	r3, [sp, #0]
    GPIO_InitStruct.Pin = GPIO_PIN_6|GPIO_PIN_7;
 8003278:	23c0      	movs	r3, #192	@ 0xc0
 800327a:	9307      	str	r3, [sp, #28]
    GPIO_InitStruct.Mode = GPIO_MODE_AF_OD;
 800327c:	2312      	movs	r3, #18
 800327e:	9308      	str	r3, [sp, #32]
    GPIO_InitStruct.Speed = GPIO_SPEED_FREQ_VERY_HIGH;
 8003280:	2303      	movs	r3, #3
 8003282:	930a      	str	r3, [sp, #40]	@ 0x28
    GPIO_InitStruct.Alternate = GPIO_AF4_I2C1;
 8003284:	2304      	movs	r3, #4
 8003286:	930b      	str	r3, [sp, #44]	@ 0x2c
    HAL_GPIO_Init(GPIOB, &GPIO_InitStruct);
 8003288:	a907      	add	r1, sp, #28
 800328a:	4841      	ldr	r0, [pc, #260]	@ (8003390 <HAL_I2C_MspInit+0x15c>)
 800328c:	f7fe fd28 	bl	8001ce0 <HAL_GPIO_Init>
    __HAL_RCC_I2C1_CLK_ENABLE();
 8003290:	9501      	str	r5, [sp, #4]
 8003292:	6c23      	ldr	r3, [r4, #64]	@ 0x40
 8003294:	f443 1300 	orr.w	r3, r3, #2097152	@ 0x200000
 8003298:	6423      	str	r3, [r4, #64]	@ 0x40
 800329a:	6c23      	ldr	r3, [r4, #64]	@ 0x40
 800329c:	f403 1300 	and.w	r3, r3, #2097152	@ 0x200000
 80032a0:	9301      	str	r3, [sp, #4]
 80032a2:	9b01      	ldr	r3, [sp, #4]
 80032a4:	e7d9      	b.n	800325a <HAL_I2C_MspInit+0x26>
    __HAL_RCC_GPIOB_CLK_ENABLE();
 80032a6:	2500      	movs	r5, #0
 80032a8:	9502      	str	r5, [sp, #8]
 80032aa:	4c38      	ldr	r4, [pc, #224]	@ (800338c <HAL_I2C_MspInit+0x158>)
 80032ac:	6b23      	ldr	r3, [r4, #48]	@ 0x30
 80032ae:	f043 0302 	orr.w	r3, r3, #2
 80032b2:	6323      	str	r3, [r4, #48]	@ 0x30
 80032b4:	6b23      	ldr	r3, [r4, #48]	@ 0x30
 80032b6:	f003 0302 	and.w	r3, r3, #2
 80032ba:	9302      	str	r3, [sp, #8]
 80032bc:	9b02      	ldr	r3, [sp, #8]
    GPIO_InitStruct.Pin = GPIO_PIN_10;
 80032be:	f44f 6380 	mov.w	r3, #1024	@ 0x400
 80032c2:	9307      	str	r3, [sp, #28]
    GPIO_InitStruct.Mode = GPIO_MODE_AF_OD;
 80032c4:	f04f 0812 	mov.w	r8, #18
 80032c8:	f8cd 8020 	str.w	r8, [sp, #32]
    GPIO_InitStruct.Speed = GPIO_SPEED_FREQ_VERY_HIGH;
 80032cc:	2703      	movs	r7, #3
 80032ce:	970a      	str	r7, [sp, #40]	@ 0x28
    GPIO_InitStruct.Alternate = GPIO_AF4_I2C2;
 80032d0:	2304      	movs	r3, #4
 80032d2:	930b      	str	r3, [sp, #44]	@ 0x2c
    HAL_GPIO_Init(GPIOB, &GPIO_InitStruct);
 80032d4:	4e2e      	ldr	r6, [pc, #184]	@ (8003390 <HAL_I2C_MspInit+0x15c>)
 80032d6:	a907      	add	r1, sp, #28
 80032d8:	4630      	mov	r0, r6
 80032da:	f7fe fd01 	bl	8001ce0 <HAL_GPIO_Init>
    GPIO_InitStruct.Pin = GPIO_PIN_3;
 80032de:	2308      	movs	r3, #8
 80032e0:	9307      	str	r3, [sp, #28]
    GPIO_InitStruct.Mode = GPIO_MODE_AF_OD;
 80032e2:	f8cd 8020 	str.w	r8, [sp, #32]
    GPIO_InitStruct.Pull = GPIO_NOPULL;
 80032e6:	9509      	str	r5, [sp, #36]	@ 0x24
    GPIO_InitStruct.Speed = GPIO_SPEED_FREQ_VERY_HIGH;
 80032e8:	970a      	str	r7, [sp, #40]	@ 0x28
    GPIO_InitStruct.Alternate = GPIO_AF9_I2C2;
 80032ea:	2309      	movs	r3, #9
 80032ec:	930b      	str	r3, [sp, #44]	@ 0x2c
    HAL_GPIO_Init(GPIOB, &GPIO_InitStruct);
 80032ee:	a907      	add	r1, sp, #28
 80032f0:	4630      	mov	r0, r6
 80032f2:	f7fe fcf5 	bl	8001ce0 <HAL_GPIO_Init>
    __HAL_RCC_I2C2_CLK_ENABLE();
 80032f6:	9503      	str	r5, [sp, #12]
 80032f8:	6c23      	ldr	r3, [r4, #64]	@ 0x40
 80032fa:	f443 0380 	orr.w	r3, r3, #4194304	@ 0x400000
 80032fe:	6423      	str	r3, [r4, #64]	@ 0x40
 8003300:	6c23      	ldr	r3, [r4, #64]	@ 0x40
 8003302:	f403 0380 	and.w	r3, r3, #4194304	@ 0x400000
 8003306:	9303      	str	r3, [sp, #12]
 8003308:	9b03      	ldr	r3, [sp, #12]
 800330a:	e7a6      	b.n	800325a <HAL_I2C_MspInit+0x26>
    __HAL_RCC_GPIOA_CLK_ENABLE();
 800330c:	2500      	movs	r5, #0
 800330e:	9504      	str	r5, [sp, #16]
 8003310:	4c1e      	ldr	r4, [pc, #120]	@ (800338c <HAL_I2C_MspInit+0x158>)
 8003312:	6b23      	ldr	r3, [r4, #48]	@ 0x30
 8003314:	f043 0301 	orr.w	r3, r3, #1
 8003318:	6323      	str	r3, [r4, #48]	@ 0x30
 800331a:	6b23      	ldr	r3, [r4, #48]	@ 0x30
 800331c:	f003 0301 	and.w	r3, r3, #1
 8003320:	9304      	str	r3, [sp, #16]
 8003322:	9b04      	ldr	r3, [sp, #16]
    __HAL_RCC_GPIOB_CLK_ENABLE();
 8003324:	9505      	str	r5, [sp, #20]
 8003326:	6b23      	ldr	r3, [r4, #48]	@ 0x30
 8003328:	f043 0302 	orr.w	r3, r3, #2
 800332c:	6323      	str	r3, [r4, #48]	@ 0x30
 800332e:	6b23      	ldr	r3, [r4, #48]	@ 0x30
 8003330:	f003 0302 	and.w	r3, r3, #2
 8003334:	9305      	str	r3, [sp, #20]
 8003336:	9b05      	ldr	r3, [sp, #20]
    GPIO_InitStruct.Pin = GPIO_PIN_8;
 8003338:	f44f 7380 	mov.w	r3, #256	@ 0x100
 800333c:	9307      	str	r3, [sp, #28]
    GPIO_InitStruct.Mode = GPIO_MODE_AF_OD;
 800333e:	2712      	movs	r7, #18
 8003340:	9708      	str	r7, [sp, #32]
    GPIO_InitStruct.Speed = GPIO_SPEED_FREQ_VERY_HIGH;
 8003342:	2603      	movs	r6, #3
 8003344:	960a      	str	r6, [sp, #40]	@ 0x28
    GPIO_InitStruct.Alternate = GPIO_AF4_I2C3;
 8003346:	2304      	movs	r3, #4
 8003348:	930b      	str	r3, [sp, #44]	@ 0x2c
    HAL_GPIO_Init(GPIOA, &GPIO_InitStruct);
 800334a:	a907      	add	r1, sp, #28
 800334c:	4811      	ldr	r0, [pc, #68]	@ (8003394 <HAL_I2C_MspInit+0x160>)
 800334e:	f7fe fcc7 	bl	8001ce0 <HAL_GPIO_Init>
    GPIO_InitStruct.Pin = GPIO_PIN_4;
 8003352:	2310      	movs	r3, #16
 8003354:	9307      	str	r3, [sp, #28]
    GPIO_InitStruct.Mode = GPIO_MODE_AF_OD;
 8003356:	9708      	str	r7, [sp, #32]
    GPIO_InitStruct.Pull = GPIO_NOPULL;
 8003358:	9509      	str	r5, [sp, #36]	@ 0x24
    GPIO_InitStruct.Speed = GPIO_SPEED_FREQ_VERY_HIGH;
 800335a:	960a      	str	r6, [sp, #40]	@ 0x28
    GPIO_InitStruct.Alternate = GPIO_AF9_I2C3;
 800335c:	2309      	movs	r3, #9
 800335e:	930b      	str	r3, [sp, #44]	@ 0x2c
    HAL_GPIO_Init(GPIOB, &GPIO_InitStruct);
 8003360:	a907      	add	r1, sp, #28
 8003362:	480b      	ldr	r0, [pc, #44]	@ (8003390 <HAL_I2C_MspInit+0x15c>)
 8003364:	f7fe fcbc 	bl	8001ce0 <HAL_GPIO_Init>
    __HAL_RCC_I2C3_CLK_ENABLE();
 8003368:	9506      	str	r5, [sp, #24]
 800336a:	6c23      	ldr	r3, [r4, #64]	@ 0x40
 800336c:	f443 0300 	orr.w	r3, r3, #8388608	@ 0x800000
 8003370:	6423      	str	r3, [r4, #64]	@ 0x40
 8003372:	6c23      	ldr	r3, [r4, #64]	@ 0x40
 8003374:	f403 0300 	and.w	r3, r3, #8388608	@ 0x800000
 8003378:	9306      	str	r3, [sp, #24]
 800337a:	9b06      	ldr	r3, [sp, #24]
}
 800337c:	e76d      	b.n	800325a <HAL_I2C_MspInit+0x26>
 800337e:	bf00      	nop
 8003380:	40005400 	.word	0x40005400
 8003384:	40005800 	.word	0x40005800
 8003388:	40005c00 	.word	0x40005c00
 800338c:	40023800 	.word	0x40023800
 8003390:	40020400 	.word	0x40020400
 8003394:	40020000 	.word	0x40020000

08003398 <HAL_SPI_MspInit>:
  * This function configures the hardware resources used in this example
  * @param hspi: SPI handle pointer
  * @retval None
  */
void HAL_SPI_MspInit(SPI_HandleTypeDef* hspi)
{
 8003398:	b530      	push	{r4, r5, lr}
 800339a:	b08b      	sub	sp, #44	@ 0x2c
  GPIO_InitTypeDef GPIO_InitStruct = {0};
 800339c:	2300      	movs	r3, #0
 800339e:	9305      	str	r3, [sp, #20]
 80033a0:	9306      	str	r3, [sp, #24]
 80033a2:	9307      	str	r3, [sp, #28]
 80033a4:	9308      	str	r3, [sp, #32]
 80033a6:	9309      	str	r3, [sp, #36]	@ 0x24
  if(hspi->Instance==SPI1)
 80033a8:	6803      	ldr	r3, [r0, #0]
 80033aa:	4a34      	ldr	r2, [pc, #208]	@ (800347c <HAL_SPI_MspInit+0xe4>)
 80033ac:	4293      	cmp	r3, r2
 80033ae:	d004      	beq.n	80033ba <HAL_SPI_MspInit+0x22>

    /* USER CODE BEGIN SPI1_MspInit 1 */

    /* USER CODE END SPI1_MspInit 1 */
  }
  else if(hspi->Instance==SPI2)
 80033b0:	4a33      	ldr	r2, [pc, #204]	@ (8003480 <HAL_SPI_MspInit+0xe8>)
 80033b2:	4293      	cmp	r3, r2
 80033b4:	d03e      	beq.n	8003434 <HAL_SPI_MspInit+0x9c>
    /* USER CODE BEGIN SPI2_MspInit 1 */

    /* USER CODE END SPI2_MspInit 1 */
  }

}
 80033b6:	b00b      	add	sp, #44	@ 0x2c
 80033b8:	bd30      	pop	{r4, r5, pc}
 80033ba:	4604      	mov	r4, r0
    __HAL_RCC_SPI1_CLK_ENABLE();
 80033bc:	2500      	movs	r5, #0
 80033be:	9501      	str	r5, [sp, #4]
 80033c0:	4b30      	ldr	r3, [pc, #192]	@ (8003484 <HAL_SPI_MspInit+0xec>)
 80033c2:	6c5a      	ldr	r2, [r3, #68]	@ 0x44
 80033c4:	f442 5280 	orr.w	r2, r2, #4096	@ 0x1000
 80033c8:	645a      	str	r2, [r3, #68]	@ 0x44
 80033ca:	6c5a      	ldr	r2, [r3, #68]	@ 0x44
 80033cc:	f402 5280 	and.w	r2, r2, #4096	@ 0x1000
 80033d0:	9201      	str	r2, [sp, #4]
 80033d2:	9a01      	ldr	r2, [sp, #4]
    __HAL_RCC_GPIOA_CLK_ENABLE();
 80033d4:	9502      	str	r5, [sp, #8]
 80033d6:	6b1a      	ldr	r2, [r3, #48]	@ 0x30
 80033d8:	f042 0201 	orr.w	r2, r2, #1
 80033dc:	631a      	str	r2, [r3, #48]	@ 0x30
 80033de:	6b1b      	ldr	r3, [r3, #48]	@ 0x30
 80033e0:	f003 0301 	and.w	r3, r3, #1
 80033e4:	9302      	str	r3, [sp, #8]
 80033e6:	9b02      	ldr	r3, [sp, #8]
    GPIO_InitStruct.Pin = GPIO_PIN_5|GPIO_PIN_6|GPIO_PIN_7;
 80033e8:	23e0      	movs	r3, #224	@ 0xe0
 80033ea:	9305      	str	r3, [sp, #20]
    GPIO_InitStruct.Mode = GPIO_MODE_AF_PP;
 80033ec:	2302      	movs	r3, #2
 80033ee:	9306      	str	r3, [sp, #24]
    GPIO_InitStruct.Speed = GPIO_SPEED_FREQ_VERY_HIGH;
 80033f0:	2303      	movs	r3, #3
 80033f2:	9308      	str	r3, [sp, #32]
    GPIO_InitStruct.Alternate = GPIO_AF5_SPI1;
 80033f4:	2305      	movs	r3, #5
 80033f6:	9309      	str	r3, [sp, #36]	@ 0x24
    HAL_GPIO_Init(GPIOA, &GPIO_InitStruct);
 80033f8:	a905      	add	r1, sp, #20
 80033fa:	4823      	ldr	r0, [pc, #140]	@ (8003488 <HAL_SPI_MspInit+0xf0>)
 80033fc:	f7fe fc70 	bl	8001ce0 <HAL_GPIO_Init>
    hdma_spi1_rx.Instance = DMA2_Stream0;
 8003400:	4822      	ldr	r0, [pc, #136]	@ (800348c <HAL_SPI_MspInit+0xf4>)
 8003402:	4b23      	ldr	r3, [pc, #140]	@ (8003490 <HAL_SPI_MspInit+0xf8>)
 8003404:	6003      	str	r3, [r0, #0]
    hdma_spi1_rx.Init.Channel = DMA_CHANNEL_3;
 8003406:	f04f 63c0 	mov.w	r3, #100663296	@ 0x6000000
 800340a:	6043      	str	r3, [r0, #4]
    hdma_spi1_rx.Init.Direction = DMA_PERIPH_TO_MEMORY;
 800340c:	6085      	str	r5, [r0, #8]
    hdma_spi1_rx.Init.PeriphInc = DMA_PINC_DISABLE;
 800340e:	60c5      	str	r5, [r0, #12]
    hdma_spi1_rx.Init.MemInc = DMA_MINC_ENABLE;
 8003410:	f44f 6380 	mov.w	r3, #1024	@ 0x400
 8003414:	6103      	str	r3, [r0, #16]
    hdma_spi1_rx.Init.PeriphDataAlignment = DMA_PDATAALIGN_BYTE;
 8003416:	6145      	str	r5, [r0, #20]
    hdma_spi1_rx.Init.MemDataAlignment = DMA_MDATAALIGN_BYTE;
 8003418:	6185      	str	r5, [r0, #24]
    hdma_spi1_rx.Init.Mode = DMA_NORMAL;
 800341a:	61c5      	str	r5, [r0, #28]
    hdma_spi1_rx.Init.Priority = DMA_PRIORITY_LOW;
 800341c:	6205      	str	r5, [r0, #32]
    hdma_spi1_rx.Init.FIFOMode = DMA_FIFOMODE_DISABLE;
 800341e:	6245      	str	r5, [r0, #36]	@ 0x24
    if (HAL_DMA_Init(&hdma_spi1_rx) != HAL_OK)
 8003420:	f7fe fb0a 	bl	8001a38 <HAL_DMA_Init>
 8003424:	b918      	cbnz	r0, 800342e <HAL_SPI_MspInit+0x96>
    __HAL_LINKDMA(hspi,hdmarx,hdma_spi1_rx);
 8003426:	4b19      	ldr	r3, [pc, #100]	@ (800348c <HAL_SPI_MspInit+0xf4>)
 8003428:	64e3      	str	r3, [r4, #76]	@ 0x4c
 800342a:	639c      	str	r4, [r3, #56]	@ 0x38
 800342c:	e7c3      	b.n	80033b6 <HAL_SPI_MspInit+0x1e>
      Error_Handler();
 800342e:	f7fd fdeb 	bl	8001008 <Error_Handler>
 8003432:	e7f8      	b.n	8003426 <HAL_SPI_MspInit+0x8e>
    __HAL_RCC_SPI2_CLK_ENABLE();
 8003434:	2100      	movs	r1, #0
 8003436:	9103      	str	r1, [sp, #12]
 8003438:	4b12      	ldr	r3, [pc, #72]	@ (8003484 <HAL_SPI_MspInit+0xec>)
 800343a:	6c1a      	ldr	r2, [r3, #64]	@ 0x40
 800343c:	f442 4280 	orr.w	r2, r2, #16384	@ 0x4000
 8003440:	641a      	str	r2, [r3, #64]	@ 0x40
 8003442:	6c1a      	ldr	r2, [r3, #64]	@ 0x40
 8003444:	f402 4280 	and.w	r2, r2, #16384	@ 0x4000
 8003448:	9203      	str	r2, [sp, #12]
 800344a:	9a03      	ldr	r2, [sp, #12]
    __HAL_RCC_GPIOB_CLK_ENABLE();
 800344c:	9104      	str	r1, [sp, #16]
 800344e:	6b1a      	ldr	r2, [r3, #48]	@ 0x30
 8003450:	f042 0202 	orr.w	r2, r2, #2
 8003454:	631a      	str	r2, [r3, #48]	@ 0x30
 8003456:	6b1b      	ldr	r3, [r3, #48]	@ 0x30
 8003458:	f003 0302 	and.w	r3, r3, #2
 800345c:	9304      	str	r3, [sp, #16]
 800345e:	9b04      	ldr	r3, [sp, #16]
    GPIO_InitStruct.Pin = GPIO_PIN_13|GPIO_PIN_14|GPIO_PIN_15;
 8003460:	f44f 4360 	mov.w	r3, #57344	@ 0xe000
 8003464:	9305      	str	r3, [sp, #20]
    GPIO_InitStruct.Mode = GPIO_MODE_AF_PP;
 8003466:	2302      	movs	r3, #2
 8003468:	9306      	str	r3, [sp, #24]
    GPIO_InitStruct.Speed = GPIO_SPEED_FREQ_VERY_HIGH;
 800346a:	2303      	movs	r3, #3
 800346c:	9308      	str	r3, [sp, #32]
    GPIO_InitStruct.Alternate = GPIO_AF5_SPI2;
 800346e:	2305      	movs	r3, #5
 8003470:	9309      	str	r3, [sp, #36]	@ 0x24
    HAL_GPIO_Init(GPIOB, &GPIO_InitStruct);
 8003472:	a905      	add	r1, sp, #20
 8003474:	4807      	ldr	r0, [pc, #28]	@ (8003494 <HAL_SPI_MspInit+0xfc>)
 8003476:	f7fe fc33 	bl	8001ce0 <HAL_GPIO_Init>
}
 800347a:	e79c      	b.n	80033b6 <HAL_SPI_MspInit+0x1e>
 800347c:	40013000 	.word	0x40013000
 8003480:	40003800 	.word	0x40003800
 8003484:	40023800 	.word	0x40023800
 8003488:	40020000 	.word	0x40020000
 800348c:	200003d4 	.word	0x200003d4
 8003490:	40026410 	.word	0x40026410
 8003494:	40020400 	.word	0x40020400

08003498 <HAL_TIM_Base_MspInit>:
  * This function configures the hardware resources used in this example
  * @param htim_base: TIM_Base handle pointer
  * @retval None
  */
void HAL_TIM_Base_MspInit(TIM_HandleTypeDef* htim_base)
{
 8003498:	b500      	push	{lr}
 800349a:	b083      	sub	sp, #12
  if(htim_base->Instance==TIM10)
 800349c:	6803      	ldr	r3, [r0, #0]
 800349e:	4a18      	ldr	r2, [pc, #96]	@ (8003500 <HAL_TIM_Base_MspInit+0x68>)
 80034a0:	4293      	cmp	r3, r2
 80034a2:	d005      	beq.n	80034b0 <HAL_TIM_Base_MspInit+0x18>
    HAL_NVIC_EnableIRQ(TIM1_UP_TIM10_IRQn);
    /* USER CODE BEGIN TIM10_MspInit 1 */

    /* USER CODE END TIM10_MspInit 1 */
  }
  else if(htim_base->Instance==TIM11)
 80034a4:	4a17      	ldr	r2, [pc, #92]	@ (8003504 <HAL_TIM_Base_MspInit+0x6c>)
 80034a6:	4293      	cmp	r3, r2
 80034a8:	d016      	beq.n	80034d8 <HAL_TIM_Base_MspInit+0x40>
    /* USER CODE BEGIN TIM11_MspInit 1 */

    /* USER CODE END TIM11_MspInit 1 */
  }

}
 80034aa:	b003      	add	sp, #12
 80034ac:	f85d fb04 	ldr.w	pc, [sp], #4
    __HAL_RCC_TIM10_CLK_ENABLE();
 80034b0:	2100      	movs	r1, #0
 80034b2:	9100      	str	r1, [sp, #0]
 80034b4:	4b14      	ldr	r3, [pc, #80]	@ (8003508 <HAL_TIM_Base_MspInit+0x70>)
 80034b6:	6c5a      	ldr	r2, [r3, #68]	@ 0x44
 80034b8:	f442 3200 	orr.w	r2, r2, #131072	@ 0x20000
 80034bc:	645a      	str	r2, [r3, #68]	@ 0x44
 80034be:	6c5b      	ldr	r3, [r3, #68]	@ 0x44
 80034c0:	f403 3300 	and.w	r3, r3, #131072	@ 0x20000
 80034c4:	9300      	str	r3, [sp, #0]
 80034c6:	9b00      	ldr	r3, [sp, #0]
    HAL_NVIC_SetPriority(TIM1_UP_TIM10_IRQn, 0, 0);
 80034c8:	460a      	mov	r2, r1
 80034ca:	2019      	movs	r0, #25
 80034cc:	f7fe fa26 	bl	800191c <HAL_NVIC_SetPriority>
    HAL_NVIC_EnableIRQ(TIM1_UP_TIM10_IRQn);
 80034d0:	2019      	movs	r0, #25
 80034d2:	f7fe fa33 	bl	800193c <HAL_NVIC_EnableIRQ>
 80034d6:	e7e8      	b.n	80034aa <HAL_TIM_Base_MspInit+0x12>
    __HAL_RCC_TIM11_CLK_ENABLE();
 80034d8:	2100      	movs	r1, #0
 80034da:	9101      	str	r1, [sp, #4]
 80034dc:	4b0a      	ldr	r3, [pc, #40]	@ (8003508 <HAL_TIM_Base_MspInit+0x70>)
 80034de:	6c5a      	ldr	r2, [r3, #68]	@ 0x44
 80034e0:	f442 2280 	orr.w	r2, r2, #262144	@ 0x40000
 80034e4:	645a      	str	r2, [r3, #68]	@ 0x44
 80034e6:	6c5b      	ldr	r3, [r3, #68]	@ 0x44
 80034e8:	f403 2380 	and.w	r3, r3, #262144	@ 0x40000
 80034ec:	9301      	str	r3, [sp, #4]
 80034ee:	9b01      	ldr	r3, [sp, #4]
    HAL_NVIC_SetPriority(TIM1_TRG_COM_TIM11_IRQn, 0, 0);
 80034f0:	460a      	mov	r2, r1
 80034f2:	201a      	movs	r0, #26
 80034f4:	f7fe fa12 	bl	800191c <HAL_NVIC_SetPriority>
    HAL_NVIC_EnableIRQ(TIM1_TRG_COM_TIM11_IRQn);
 80034f8:	201a      	movs	r0, #26
 80034fa:	f7fe fa1f 	bl	800193c <HAL_NVIC_EnableIRQ>
}
 80034fe:	e7d4      	b.n	80034aa <HAL_TIM_Base_MspInit+0x12>
 8003500:	40014400 	.word	0x40014400
 8003504:	40014800 	.word	0x40014800
 8003508:	40023800 	.word	0x40023800

0800350c <HAL_RCC_OscConfig>:
__weak HAL_StatusTypeDef HAL_RCC_OscConfig(const RCC_OscInitTypeDef  *RCC_OscInitStruct)
{
  uint32_t tickstart;
  uint32_t pll_config;
  /* Check Null pointer */
  if (RCC_OscInitStruct == NULL)
 800350c:	2800      	cmp	r0, #0
 800350e:	f000 81e0 	beq.w	80038d2 <HAL_RCC_OscConfig+0x3c6>
{
 8003512:	b570      	push	{r4, r5, r6, lr}
 8003514:	b082      	sub	sp, #8
 8003516:	4604      	mov	r4, r0
  }

  /* Check the parameters */
  assert_param(IS_RCC_OSCILLATORTYPE(RCC_OscInitStruct->OscillatorType));
  /*------------------------------- HSE Configuration ------------------------*/
  if (((RCC_OscInitStruct->OscillatorType) & RCC_OSCILLATORTYPE_HSE) == RCC_OSCILLATORTYPE_HSE)
 8003518:	6803      	ldr	r3, [r0, #0]
 800351a:	f013 0f01 	tst.w	r3, #1
 800351e:	d03b      	beq.n	8003598 <HAL_RCC_OscConfig+0x8c>
  {
    /* Check the parameters */
    assert_param(IS_RCC_HSE(RCC_OscInitStruct->HSEState));
    /* When the HSE is used as system clock or clock source for PLL in these cases HSE will not disabled */
    if ((__HAL_RCC_GET_SYSCLK_SOURCE() == RCC_CFGR_SWS_HSE) || \
 8003520:	4b9f      	ldr	r3, [pc, #636]	@ (80037a0 <HAL_RCC_OscConfig+0x294>)
 8003522:	689b      	ldr	r3, [r3, #8]
 8003524:	f003 030c 	and.w	r3, r3, #12
 8003528:	2b04      	cmp	r3, #4
 800352a:	d02c      	beq.n	8003586 <HAL_RCC_OscConfig+0x7a>
        ((__HAL_RCC_GET_SYSCLK_SOURCE() == RCC_CFGR_SWS_PLL) && ((RCC->PLLCFGR & RCC_PLLCFGR_PLLSRC) == RCC_PLLCFGR_PLLSRC_HSE)))
 800352c:	4b9c      	ldr	r3, [pc, #624]	@ (80037a0 <HAL_RCC_OscConfig+0x294>)
 800352e:	689b      	ldr	r3, [r3, #8]
 8003530:	f003 030c 	and.w	r3, r3, #12
    if ((__HAL_RCC_GET_SYSCLK_SOURCE() == RCC_CFGR_SWS_HSE) || \
 8003534:	2b08      	cmp	r3, #8
 8003536:	d021      	beq.n	800357c <HAL_RCC_OscConfig+0x70>
      }
    }
    else
    {
      /* Set the new HSE configuration ---------------------------------------*/
      __HAL_RCC_HSE_CONFIG(RCC_OscInitStruct->HSEState);
 8003538:	6863      	ldr	r3, [r4, #4]
 800353a:	f5b3 3f80 	cmp.w	r3, #65536	@ 0x10000
 800353e:	d04f      	beq.n	80035e0 <HAL_RCC_OscConfig+0xd4>
 8003540:	f5b3 2fa0 	cmp.w	r3, #327680	@ 0x50000
 8003544:	d052      	beq.n	80035ec <HAL_RCC_OscConfig+0xe0>
 8003546:	4b96      	ldr	r3, [pc, #600]	@ (80037a0 <HAL_RCC_OscConfig+0x294>)
 8003548:	681a      	ldr	r2, [r3, #0]
 800354a:	f422 3280 	bic.w	r2, r2, #65536	@ 0x10000
 800354e:	601a      	str	r2, [r3, #0]
 8003550:	681a      	ldr	r2, [r3, #0]
 8003552:	f422 2280 	bic.w	r2, r2, #262144	@ 0x40000
 8003556:	601a      	str	r2, [r3, #0]

      /* Check the HSE State */
      if ((RCC_OscInitStruct->HSEState) != RCC_HSE_OFF)
 8003558:	6863      	ldr	r3, [r4, #4]
 800355a:	2b00      	cmp	r3, #0
 800355c:	d050      	beq.n	8003600 <HAL_RCC_OscConfig+0xf4>
      {
        /* Get Start Tick */
        tickstart = HAL_GetTick();
 800355e:	f7fe f96f 	bl	8001840 <HAL_GetTick>
 8003562:	4605      	mov	r5, r0

        /* Wait till HSE is ready */
        while (__HAL_RCC_GET_FLAG(RCC_FLAG_HSERDY) == RESET)
 8003564:	4b8e      	ldr	r3, [pc, #568]	@ (80037a0 <HAL_RCC_OscConfig+0x294>)
 8003566:	681b      	ldr	r3, [r3, #0]
 8003568:	f413 3f00 	tst.w	r3, #131072	@ 0x20000
 800356c:	d114      	bne.n	8003598 <HAL_RCC_OscConfig+0x8c>
        {
          if ((HAL_GetTick() - tickstart) > HSE_TIMEOUT_VALUE)
 800356e:	f7fe f967 	bl	8001840 <HAL_GetTick>
 8003572:	1b40      	subs	r0, r0, r5
 8003574:	2864      	cmp	r0, #100	@ 0x64
 8003576:	d9f5      	bls.n	8003564 <HAL_RCC_OscConfig+0x58>
          {
            return HAL_TIMEOUT;
 8003578:	2003      	movs	r0, #3
 800357a:	e1b1      	b.n	80038e0 <HAL_RCC_OscConfig+0x3d4>
        ((__HAL_RCC_GET_SYSCLK_SOURCE() == RCC_CFGR_SWS_PLL) && ((RCC->PLLCFGR & RCC_PLLCFGR_PLLSRC) == RCC_PLLCFGR_PLLSRC_HSE)))
 800357c:	4b88      	ldr	r3, [pc, #544]	@ (80037a0 <HAL_RCC_OscConfig+0x294>)
 800357e:	685b      	ldr	r3, [r3, #4]
 8003580:	f413 0f80 	tst.w	r3, #4194304	@ 0x400000
 8003584:	d0d8      	beq.n	8003538 <HAL_RCC_OscConfig+0x2c>
      if ((__HAL_RCC_GET_FLAG(RCC_FLAG_HSERDY) != RESET) && (RCC_OscInitStruct->HSEState == RCC_HSE_OFF))
 8003586:	4b86      	ldr	r3, [pc, #536]	@ (80037a0 <HAL_RCC_OscConfig+0x294>)
 8003588:	681b      	ldr	r3, [r3, #0]
 800358a:	f413 3f00 	tst.w	r3, #131072	@ 0x20000
 800358e:	d003      	beq.n	8003598 <HAL_RCC_OscConfig+0x8c>
 8003590:	6863      	ldr	r3, [r4, #4]
 8003592:	2b00      	cmp	r3, #0
 8003594:	f000 819f 	beq.w	80038d6 <HAL_RCC_OscConfig+0x3ca>
        }
      }
    }
  }
  /*----------------------------- HSI Configuration --------------------------*/
  if (((RCC_OscInitStruct->OscillatorType) & RCC_OSCILLATORTYPE_HSI) == RCC_OSCILLATORTYPE_HSI)
 8003598:	6823      	ldr	r3, [r4, #0]
 800359a:	f013 0f02 	tst.w	r3, #2
 800359e:	d054      	beq.n	800364a <HAL_RCC_OscConfig+0x13e>
    /* Check the parameters */
    assert_param(IS_RCC_HSI(RCC_OscInitStruct->HSIState));
    assert_param(IS_RCC_CALIBRATION_VALUE(RCC_OscInitStruct->HSICalibrationValue));

    /* Check if HSI is used as system clock or as PLL source when PLL is selected as system clock */
    if ((__HAL_RCC_GET_SYSCLK_SOURCE() == RCC_CFGR_SWS_HSI) || \
 80035a0:	4b7f      	ldr	r3, [pc, #508]	@ (80037a0 <HAL_RCC_OscConfig+0x294>)
 80035a2:	689b      	ldr	r3, [r3, #8]
 80035a4:	f013 0f0c 	tst.w	r3, #12
 80035a8:	d03e      	beq.n	8003628 <HAL_RCC_OscConfig+0x11c>
        ((__HAL_RCC_GET_SYSCLK_SOURCE() == RCC_CFGR_SWS_PLL) && ((RCC->PLLCFGR & RCC_PLLCFGR_PLLSRC) == RCC_PLLCFGR_PLLSRC_HSI)))
 80035aa:	4b7d      	ldr	r3, [pc, #500]	@ (80037a0 <HAL_RCC_OscConfig+0x294>)
 80035ac:	689b      	ldr	r3, [r3, #8]
 80035ae:	f003 030c 	and.w	r3, r3, #12
    if ((__HAL_RCC_GET_SYSCLK_SOURCE() == RCC_CFGR_SWS_HSI) || \
 80035b2:	2b08      	cmp	r3, #8
 80035b4:	d033      	beq.n	800361e <HAL_RCC_OscConfig+0x112>
      }
    }
    else
    {
      /* Check the HSI State */
      if ((RCC_OscInitStruct->HSIState) != RCC_HSI_OFF)
 80035b6:	68e3      	ldr	r3, [r4, #12]
 80035b8:	2b00      	cmp	r3, #0
 80035ba:	d068      	beq.n	800368e <HAL_RCC_OscConfig+0x182>
      {
        /* Enable the Internal High Speed oscillator (HSI). */
        __HAL_RCC_HSI_ENABLE();
 80035bc:	4b79      	ldr	r3, [pc, #484]	@ (80037a4 <HAL_RCC_OscConfig+0x298>)
 80035be:	2201      	movs	r2, #1
 80035c0:	601a      	str	r2, [r3, #0]

        /* Get Start Tick*/
        tickstart = HAL_GetTick();
 80035c2:	f7fe f93d 	bl	8001840 <HAL_GetTick>
 80035c6:	4605      	mov	r5, r0

        /* Wait till HSI is ready */
        while (__HAL_RCC_GET_FLAG(RCC_FLAG_HSIRDY) == RESET)
 80035c8:	4b75      	ldr	r3, [pc, #468]	@ (80037a0 <HAL_RCC_OscConfig+0x294>)
 80035ca:	681b      	ldr	r3, [r3, #0]
 80035cc:	f013 0f02 	tst.w	r3, #2
 80035d0:	d154      	bne.n	800367c <HAL_RCC_OscConfig+0x170>
        {
          if ((HAL_GetTick() - tickstart) > HSI_TIMEOUT_VALUE)
 80035d2:	f7fe f935 	bl	8001840 <HAL_GetTick>
 80035d6:	1b40      	subs	r0, r0, r5
 80035d8:	2802      	cmp	r0, #2
 80035da:	d9f5      	bls.n	80035c8 <HAL_RCC_OscConfig+0xbc>
          {
            return HAL_TIMEOUT;
 80035dc:	2003      	movs	r0, #3
 80035de:	e17f      	b.n	80038e0 <HAL_RCC_OscConfig+0x3d4>
      __HAL_RCC_HSE_CONFIG(RCC_OscInitStruct->HSEState);
 80035e0:	4a6f      	ldr	r2, [pc, #444]	@ (80037a0 <HAL_RCC_OscConfig+0x294>)
 80035e2:	6813      	ldr	r3, [r2, #0]
 80035e4:	f443 3380 	orr.w	r3, r3, #65536	@ 0x10000
 80035e8:	6013      	str	r3, [r2, #0]
 80035ea:	e7b5      	b.n	8003558 <HAL_RCC_OscConfig+0x4c>
 80035ec:	4b6c      	ldr	r3, [pc, #432]	@ (80037a0 <HAL_RCC_OscConfig+0x294>)
 80035ee:	681a      	ldr	r2, [r3, #0]
 80035f0:	f442 2280 	orr.w	r2, r2, #262144	@ 0x40000
 80035f4:	601a      	str	r2, [r3, #0]
 80035f6:	681a      	ldr	r2, [r3, #0]
 80035f8:	f442 3280 	orr.w	r2, r2, #65536	@ 0x10000
 80035fc:	601a      	str	r2, [r3, #0]
 80035fe:	e7ab      	b.n	8003558 <HAL_RCC_OscConfig+0x4c>
        tickstart = HAL_GetTick();
 8003600:	f7fe f91e 	bl	8001840 <HAL_GetTick>
 8003604:	4605      	mov	r5, r0
        while (__HAL_RCC_GET_FLAG(RCC_FLAG_HSERDY) != RESET)
 8003606:	4b66      	ldr	r3, [pc, #408]	@ (80037a0 <HAL_RCC_OscConfig+0x294>)
 8003608:	681b      	ldr	r3, [r3, #0]
 800360a:	f413 3f00 	tst.w	r3, #131072	@ 0x20000
 800360e:	d0c3      	beq.n	8003598 <HAL_RCC_OscConfig+0x8c>
          if ((HAL_GetTick() - tickstart) > HSE_TIMEOUT_VALUE)
 8003610:	f7fe f916 	bl	8001840 <HAL_GetTick>
 8003614:	1b40      	subs	r0, r0, r5
 8003616:	2864      	cmp	r0, #100	@ 0x64
 8003618:	d9f5      	bls.n	8003606 <HAL_RCC_OscConfig+0xfa>
            return HAL_TIMEOUT;
 800361a:	2003      	movs	r0, #3
 800361c:	e160      	b.n	80038e0 <HAL_RCC_OscConfig+0x3d4>
        ((__HAL_RCC_GET_SYSCLK_SOURCE() == RCC_CFGR_SWS_PLL) && ((RCC->PLLCFGR & RCC_PLLCFGR_PLLSRC) == RCC_PLLCFGR_PLLSRC_HSI)))
 800361e:	4b60      	ldr	r3, [pc, #384]	@ (80037a0 <HAL_RCC_OscConfig+0x294>)
 8003620:	685b      	ldr	r3, [r3, #4]
 8003622:	f413 0f80 	tst.w	r3, #4194304	@ 0x400000
 8003626:	d1c6      	bne.n	80035b6 <HAL_RCC_OscConfig+0xaa>
      if ((__HAL_RCC_GET_FLAG(RCC_FLAG_HSIRDY) != RESET) && (RCC_OscInitStruct->HSIState != RCC_HSI_ON))
 8003628:	4b5d      	ldr	r3, [pc, #372]	@ (80037a0 <HAL_RCC_OscConfig+0x294>)
 800362a:	681b      	ldr	r3, [r3, #0]
 800362c:	f013 0f02 	tst.w	r3, #2
 8003630:	d003      	beq.n	800363a <HAL_RCC_OscConfig+0x12e>
 8003632:	68e3      	ldr	r3, [r4, #12]
 8003634:	2b01      	cmp	r3, #1
 8003636:	f040 8150 	bne.w	80038da <HAL_RCC_OscConfig+0x3ce>
        __HAL_RCC_HSI_CALIBRATIONVALUE_ADJUST(RCC_OscInitStruct->HSICalibrationValue);
 800363a:	4a59      	ldr	r2, [pc, #356]	@ (80037a0 <HAL_RCC_OscConfig+0x294>)
 800363c:	6813      	ldr	r3, [r2, #0]
 800363e:	f023 03f8 	bic.w	r3, r3, #248	@ 0xf8
 8003642:	6921      	ldr	r1, [r4, #16]
 8003644:	ea43 03c1 	orr.w	r3, r3, r1, lsl #3
 8003648:	6013      	str	r3, [r2, #0]
        }
      }
    }
  }
  /*------------------------------ LSI Configuration -------------------------*/
  if (((RCC_OscInitStruct->OscillatorType) & RCC_OSCILLATORTYPE_LSI) == RCC_OSCILLATORTYPE_LSI)
 800364a:	6823      	ldr	r3, [r4, #0]
 800364c:	f013 0f08 	tst.w	r3, #8
 8003650:	d042      	beq.n	80036d8 <HAL_RCC_OscConfig+0x1cc>
  {
    /* Check the parameters */
    assert_param(IS_RCC_LSI(RCC_OscInitStruct->LSIState));

    /* Check the LSI State */
    if ((RCC_OscInitStruct->LSIState) != RCC_LSI_OFF)
 8003652:	6963      	ldr	r3, [r4, #20]
 8003654:	b36b      	cbz	r3, 80036b2 <HAL_RCC_OscConfig+0x1a6>
    {
      /* Enable the Internal Low Speed oscillator (LSI). */
      __HAL_RCC_LSI_ENABLE();
 8003656:	4b53      	ldr	r3, [pc, #332]	@ (80037a4 <HAL_RCC_OscConfig+0x298>)
 8003658:	2201      	movs	r2, #1
 800365a:	f8c3 2e80 	str.w	r2, [r3, #3712]	@ 0xe80

      /* Get Start Tick*/
      tickstart = HAL_GetTick();
 800365e:	f7fe f8ef 	bl	8001840 <HAL_GetTick>
 8003662:	4605      	mov	r5, r0

      /* Wait till LSI is ready */
      while (__HAL_RCC_GET_FLAG(RCC_FLAG_LSIRDY) == RESET)
 8003664:	4b4e      	ldr	r3, [pc, #312]	@ (80037a0 <HAL_RCC_OscConfig+0x294>)
 8003666:	6f5b      	ldr	r3, [r3, #116]	@ 0x74
 8003668:	f013 0f02 	tst.w	r3, #2
 800366c:	d134      	bne.n	80036d8 <HAL_RCC_OscConfig+0x1cc>
      {
        if ((HAL_GetTick() - tickstart) > LSI_TIMEOUT_VALUE)
 800366e:	f7fe f8e7 	bl	8001840 <HAL_GetTick>
 8003672:	1b40      	subs	r0, r0, r5
 8003674:	2802      	cmp	r0, #2
 8003676:	d9f5      	bls.n	8003664 <HAL_RCC_OscConfig+0x158>
        {
          return HAL_TIMEOUT;
 8003678:	2003      	movs	r0, #3
 800367a:	e131      	b.n	80038e0 <HAL_RCC_OscConfig+0x3d4>
        __HAL_RCC_HSI_CALIBRATIONVALUE_ADJUST(RCC_OscInitStruct->HSICalibrationValue);
 800367c:	4a48      	ldr	r2, [pc, #288]	@ (80037a0 <HAL_RCC_OscConfig+0x294>)
 800367e:	6813      	ldr	r3, [r2, #0]
 8003680:	f023 03f8 	bic.w	r3, r3, #248	@ 0xf8
 8003684:	6921      	ldr	r1, [r4, #16]
 8003686:	ea43 03c1 	orr.w	r3, r3, r1, lsl #3
 800368a:	6013      	str	r3, [r2, #0]
 800368c:	e7dd      	b.n	800364a <HAL_RCC_OscConfig+0x13e>
        __HAL_RCC_HSI_DISABLE();
 800368e:	4b45      	ldr	r3, [pc, #276]	@ (80037a4 <HAL_RCC_OscConfig+0x298>)
 8003690:	2200      	movs	r2, #0
 8003692:	601a      	str	r2, [r3, #0]
        tickstart = HAL_GetTick();
 8003694:	f7fe f8d4 	bl	8001840 <HAL_GetTick>
 8003698:	4605      	mov	r5, r0
        while (__HAL_RCC_GET_FLAG(RCC_FLAG_HSIRDY) != RESET)
 800369a:	4b41      	ldr	r3, [pc, #260]	@ (80037a0 <HAL_RCC_OscConfig+0x294>)
 800369c:	681b      	ldr	r3, [r3, #0]
 800369e:	f013 0f02 	tst.w	r3, #2
 80036a2:	d0d2      	beq.n	800364a <HAL_RCC_OscConfig+0x13e>
          if ((HAL_GetTick() - tickstart) > HSI_TIMEOUT_VALUE)
 80036a4:	f7fe f8cc 	bl	8001840 <HAL_GetTick>
 80036a8:	1b40      	subs	r0, r0, r5
 80036aa:	2802      	cmp	r0, #2
 80036ac:	d9f5      	bls.n	800369a <HAL_RCC_OscConfig+0x18e>
            return HAL_TIMEOUT;
 80036ae:	2003      	movs	r0, #3
 80036b0:	e116      	b.n	80038e0 <HAL_RCC_OscConfig+0x3d4>
      }
    }
    else
    {
      /* Disable the Internal Low Speed oscillator (LSI). */
      __HAL_RCC_LSI_DISABLE();
 80036b2:	4b3c      	ldr	r3, [pc, #240]	@ (80037a4 <HAL_RCC_OscConfig+0x298>)
 80036b4:	2200      	movs	r2, #0
 80036b6:	f8c3 2e80 	str.w	r2, [r3, #3712]	@ 0xe80

      /* Get Start Tick */
      tickstart = HAL_GetTick();
 80036ba:	f7fe f8c1 	bl	8001840 <HAL_GetTick>
 80036be:	4605      	mov	r5, r0

      /* Wait till LSI is ready */
      while (__HAL_RCC_GET_FLAG(RCC_FLAG_LSIRDY) != RESET)
 80036c0:	4b37      	ldr	r3, [pc, #220]	@ (80037a0 <HAL_RCC_OscConfig+0x294>)
 80036c2:	6f5b      	ldr	r3, [r3, #116]	@ 0x74
 80036c4:	f013 0f02 	tst.w	r3, #2
 80036c8:	d006      	beq.n	80036d8 <HAL_RCC_OscConfig+0x1cc>
      {
        if ((HAL_GetTick() - tickstart) > LSI_TIMEOUT_VALUE)
 80036ca:	f7fe f8b9 	bl	8001840 <HAL_GetTick>
 80036ce:	1b40      	subs	r0, r0, r5
 80036d0:	2802      	cmp	r0, #2
 80036d2:	d9f5      	bls.n	80036c0 <HAL_RCC_OscConfig+0x1b4>
        {
          return HAL_TIMEOUT;
 80036d4:	2003      	movs	r0, #3
 80036d6:	e103      	b.n	80038e0 <HAL_RCC_OscConfig+0x3d4>
        }
      }
    }
  }
  /*------------------------------ LSE Configuration -------------------------*/
  if (((RCC_OscInitStruct->OscillatorType) & RCC_OSCILLATORTYPE_LSE) == RCC_OSCILLATORTYPE_LSE)
 80036d8:	6823      	ldr	r3, [r4, #0]
 80036da:	f013 0f04 	tst.w	r3, #4
 80036de:	d077      	beq.n	80037d0 <HAL_RCC_OscConfig+0x2c4>
    /* Check the parameters */
    assert_param(IS_RCC_LSE(RCC_OscInitStruct->LSEState));

    /* Update LSE configuration in Backup Domain control register    */
    /* Requires to enable write access to Backup Domain of necessary */
    if (__HAL_RCC_PWR_IS_CLK_DISABLED())
 80036e0:	4b2f      	ldr	r3, [pc, #188]	@ (80037a0 <HAL_RCC_OscConfig+0x294>)
 80036e2:	6c1b      	ldr	r3, [r3, #64]	@ 0x40
 80036e4:	f013 5f80 	tst.w	r3, #268435456	@ 0x10000000
 80036e8:	d133      	bne.n	8003752 <HAL_RCC_OscConfig+0x246>
    {
      __HAL_RCC_PWR_CLK_ENABLE();
 80036ea:	2300      	movs	r3, #0
 80036ec:	9301      	str	r3, [sp, #4]
 80036ee:	4b2c      	ldr	r3, [pc, #176]	@ (80037a0 <HAL_RCC_OscConfig+0x294>)
 80036f0:	6c1a      	ldr	r2, [r3, #64]	@ 0x40
 80036f2:	f042 5280 	orr.w	r2, r2, #268435456	@ 0x10000000
 80036f6:	641a      	str	r2, [r3, #64]	@ 0x40
 80036f8:	6c1b      	ldr	r3, [r3, #64]	@ 0x40
 80036fa:	f003 5380 	and.w	r3, r3, #268435456	@ 0x10000000
 80036fe:	9301      	str	r3, [sp, #4]
 8003700:	9b01      	ldr	r3, [sp, #4]
      pwrclkchanged = SET;
 8003702:	2501      	movs	r5, #1
    }

    if (HAL_IS_BIT_CLR(PWR->CR, PWR_CR_DBP))
 8003704:	4b28      	ldr	r3, [pc, #160]	@ (80037a8 <HAL_RCC_OscConfig+0x29c>)
 8003706:	681b      	ldr	r3, [r3, #0]
 8003708:	f413 7f80 	tst.w	r3, #256	@ 0x100
 800370c:	d023      	beq.n	8003756 <HAL_RCC_OscConfig+0x24a>
        }
      }
    }

    /* Set the new LSE configuration -----------------------------------------*/
    __HAL_RCC_LSE_CONFIG(RCC_OscInitStruct->LSEState);
 800370e:	68a3      	ldr	r3, [r4, #8]
 8003710:	2b01      	cmp	r3, #1
 8003712:	d034      	beq.n	800377e <HAL_RCC_OscConfig+0x272>
 8003714:	2b05      	cmp	r3, #5
 8003716:	d038      	beq.n	800378a <HAL_RCC_OscConfig+0x27e>
 8003718:	4b21      	ldr	r3, [pc, #132]	@ (80037a0 <HAL_RCC_OscConfig+0x294>)
 800371a:	6f1a      	ldr	r2, [r3, #112]	@ 0x70
 800371c:	f022 0201 	bic.w	r2, r2, #1
 8003720:	671a      	str	r2, [r3, #112]	@ 0x70
 8003722:	6f1a      	ldr	r2, [r3, #112]	@ 0x70
 8003724:	f022 0204 	bic.w	r2, r2, #4
 8003728:	671a      	str	r2, [r3, #112]	@ 0x70
    /* Check the LSE State */
    if ((RCC_OscInitStruct->LSEState) != RCC_LSE_OFF)
 800372a:	68a3      	ldr	r3, [r4, #8]
 800372c:	2b00      	cmp	r3, #0
 800372e:	d03d      	beq.n	80037ac <HAL_RCC_OscConfig+0x2a0>
    {
      /* Get Start Tick*/
      tickstart = HAL_GetTick();
 8003730:	f7fe f886 	bl	8001840 <HAL_GetTick>
 8003734:	4606      	mov	r6, r0

      /* Wait till LSE is ready */
      while (__HAL_RCC_GET_FLAG(RCC_FLAG_LSERDY) == RESET)
 8003736:	4b1a      	ldr	r3, [pc, #104]	@ (80037a0 <HAL_RCC_OscConfig+0x294>)
 8003738:	6f1b      	ldr	r3, [r3, #112]	@ 0x70
 800373a:	f013 0f02 	tst.w	r3, #2
 800373e:	d146      	bne.n	80037ce <HAL_RCC_OscConfig+0x2c2>
      {
        if ((HAL_GetTick() - tickstart) > RCC_LSE_TIMEOUT_VALUE)
 8003740:	f7fe f87e 	bl	8001840 <HAL_GetTick>
 8003744:	1b80      	subs	r0, r0, r6
 8003746:	f241 3388 	movw	r3, #5000	@ 0x1388
 800374a:	4298      	cmp	r0, r3
 800374c:	d9f3      	bls.n	8003736 <HAL_RCC_OscConfig+0x22a>
        {
          return HAL_TIMEOUT;
 800374e:	2003      	movs	r0, #3
 8003750:	e0c6      	b.n	80038e0 <HAL_RCC_OscConfig+0x3d4>
    FlagStatus       pwrclkchanged = RESET;
 8003752:	2500      	movs	r5, #0
 8003754:	e7d6      	b.n	8003704 <HAL_RCC_OscConfig+0x1f8>
      SET_BIT(PWR->CR, PWR_CR_DBP);
 8003756:	4a14      	ldr	r2, [pc, #80]	@ (80037a8 <HAL_RCC_OscConfig+0x29c>)
 8003758:	6813      	ldr	r3, [r2, #0]
 800375a:	f443 7380 	orr.w	r3, r3, #256	@ 0x100
 800375e:	6013      	str	r3, [r2, #0]
      tickstart = HAL_GetTick();
 8003760:	f7fe f86e 	bl	8001840 <HAL_GetTick>
 8003764:	4606      	mov	r6, r0
      while (HAL_IS_BIT_CLR(PWR->CR, PWR_CR_DBP))
 8003766:	4b10      	ldr	r3, [pc, #64]	@ (80037a8 <HAL_RCC_OscConfig+0x29c>)
 8003768:	681b      	ldr	r3, [r3, #0]
 800376a:	f413 7f80 	tst.w	r3, #256	@ 0x100
 800376e:	d1ce      	bne.n	800370e <HAL_RCC_OscConfig+0x202>
        if ((HAL_GetTick() - tickstart) > RCC_DBP_TIMEOUT_VALUE)
 8003770:	f7fe f866 	bl	8001840 <HAL_GetTick>
 8003774:	1b80      	subs	r0, r0, r6
 8003776:	2802      	cmp	r0, #2
 8003778:	d9f5      	bls.n	8003766 <HAL_RCC_OscConfig+0x25a>
          return HAL_TIMEOUT;
 800377a:	2003      	movs	r0, #3
 800377c:	e0b0      	b.n	80038e0 <HAL_RCC_OscConfig+0x3d4>
    __HAL_RCC_LSE_CONFIG(RCC_OscInitStruct->LSEState);
 800377e:	4a08      	ldr	r2, [pc, #32]	@ (80037a0 <HAL_RCC_OscConfig+0x294>)
 8003780:	6f13      	ldr	r3, [r2, #112]	@ 0x70
 8003782:	f043 0301 	orr.w	r3, r3, #1
 8003786:	6713      	str	r3, [r2, #112]	@ 0x70
 8003788:	e7cf      	b.n	800372a <HAL_RCC_OscConfig+0x21e>
 800378a:	4b05      	ldr	r3, [pc, #20]	@ (80037a0 <HAL_RCC_OscConfig+0x294>)
 800378c:	6f1a      	ldr	r2, [r3, #112]	@ 0x70
 800378e:	f042 0204 	orr.w	r2, r2, #4
 8003792:	671a      	str	r2, [r3, #112]	@ 0x70
 8003794:	6f1a      	ldr	r2, [r3, #112]	@ 0x70
 8003796:	f042 0201 	orr.w	r2, r2, #1
 800379a:	671a      	str	r2, [r3, #112]	@ 0x70
 800379c:	e7c5      	b.n	800372a <HAL_RCC_OscConfig+0x21e>
 800379e:	bf00      	nop
 80037a0:	40023800 	.word	0x40023800
 80037a4:	42470000 	.word	0x42470000
 80037a8:	40007000 	.word	0x40007000
      }
    }
    else
    {
      /* Get Start Tick */
      tickstart = HAL_GetTick();
 80037ac:	f7fe f848 	bl	8001840 <HAL_GetTick>
 80037b0:	4606      	mov	r6, r0

      /* Wait till LSE is ready */
      while (__HAL_RCC_GET_FLAG(RCC_FLAG_LSERDY) != RESET)
 80037b2:	4b52      	ldr	r3, [pc, #328]	@ (80038fc <HAL_RCC_OscConfig+0x3f0>)
 80037b4:	6f1b      	ldr	r3, [r3, #112]	@ 0x70
 80037b6:	f013 0f02 	tst.w	r3, #2
 80037ba:	d008      	beq.n	80037ce <HAL_RCC_OscConfig+0x2c2>
      {
        if ((HAL_GetTick() - tickstart) > RCC_LSE_TIMEOUT_VALUE)
 80037bc:	f7fe f840 	bl	8001840 <HAL_GetTick>
 80037c0:	1b80      	subs	r0, r0, r6
 80037c2:	f241 3388 	movw	r3, #5000	@ 0x1388
 80037c6:	4298      	cmp	r0, r3
 80037c8:	d9f3      	bls.n	80037b2 <HAL_RCC_OscConfig+0x2a6>
        {
          return HAL_TIMEOUT;
 80037ca:	2003      	movs	r0, #3
 80037cc:	e088      	b.n	80038e0 <HAL_RCC_OscConfig+0x3d4>
        }
      }
    }

    /* Restore clock configuration if changed */
    if (pwrclkchanged == SET)
 80037ce:	b9ed      	cbnz	r5, 800380c <HAL_RCC_OscConfig+0x300>
    }
  }
  /*-------------------------------- PLL Configuration -----------------------*/
  /* Check the parameters */
  assert_param(IS_RCC_PLL(RCC_OscInitStruct->PLL.PLLState));
  if ((RCC_OscInitStruct->PLL.PLLState) != RCC_PLL_NONE)
 80037d0:	69a3      	ldr	r3, [r4, #24]
 80037d2:	2b00      	cmp	r3, #0
 80037d4:	f000 8083 	beq.w	80038de <HAL_RCC_OscConfig+0x3d2>
  {
    /* Check if the PLL is used as system clock or not */
    if (__HAL_RCC_GET_SYSCLK_SOURCE() != RCC_CFGR_SWS_PLL)
 80037d8:	4a48      	ldr	r2, [pc, #288]	@ (80038fc <HAL_RCC_OscConfig+0x3f0>)
 80037da:	6892      	ldr	r2, [r2, #8]
 80037dc:	f002 020c 	and.w	r2, r2, #12
 80037e0:	2a08      	cmp	r2, #8
 80037e2:	d051      	beq.n	8003888 <HAL_RCC_OscConfig+0x37c>
    {
      if ((RCC_OscInitStruct->PLL.PLLState) == RCC_PLL_ON)
 80037e4:	2b02      	cmp	r3, #2
 80037e6:	d017      	beq.n	8003818 <HAL_RCC_OscConfig+0x30c>
        }
      }
      else
      {
        /* Disable the main PLL. */
        __HAL_RCC_PLL_DISABLE();
 80037e8:	4b45      	ldr	r3, [pc, #276]	@ (8003900 <HAL_RCC_OscConfig+0x3f4>)
 80037ea:	2200      	movs	r2, #0
 80037ec:	661a      	str	r2, [r3, #96]	@ 0x60

        /* Get Start Tick */
        tickstart = HAL_GetTick();
 80037ee:	f7fe f827 	bl	8001840 <HAL_GetTick>
 80037f2:	4604      	mov	r4, r0

        /* Wait till PLL is disabled */
        while (__HAL_RCC_GET_FLAG(RCC_FLAG_PLLRDY) != RESET)
 80037f4:	4b41      	ldr	r3, [pc, #260]	@ (80038fc <HAL_RCC_OscConfig+0x3f0>)
 80037f6:	681b      	ldr	r3, [r3, #0]
 80037f8:	f013 7f00 	tst.w	r3, #33554432	@ 0x2000000
 80037fc:	d042      	beq.n	8003884 <HAL_RCC_OscConfig+0x378>
        {
          if ((HAL_GetTick() - tickstart) > PLL_TIMEOUT_VALUE)
 80037fe:	f7fe f81f 	bl	8001840 <HAL_GetTick>
 8003802:	1b00      	subs	r0, r0, r4
 8003804:	2802      	cmp	r0, #2
 8003806:	d9f5      	bls.n	80037f4 <HAL_RCC_OscConfig+0x2e8>
          {
            return HAL_TIMEOUT;
 8003808:	2003      	movs	r0, #3
 800380a:	e069      	b.n	80038e0 <HAL_RCC_OscConfig+0x3d4>
      __HAL_RCC_PWR_CLK_DISABLE();
 800380c:	4a3b      	ldr	r2, [pc, #236]	@ (80038fc <HAL_RCC_OscConfig+0x3f0>)
 800380e:	6c13      	ldr	r3, [r2, #64]	@ 0x40
 8003810:	f023 5380 	bic.w	r3, r3, #268435456	@ 0x10000000
 8003814:	6413      	str	r3, [r2, #64]	@ 0x40
 8003816:	e7db      	b.n	80037d0 <HAL_RCC_OscConfig+0x2c4>
        __HAL_RCC_PLL_DISABLE();
 8003818:	4b39      	ldr	r3, [pc, #228]	@ (8003900 <HAL_RCC_OscConfig+0x3f4>)
 800381a:	2200      	movs	r2, #0
 800381c:	661a      	str	r2, [r3, #96]	@ 0x60
        tickstart = HAL_GetTick();
 800381e:	f7fe f80f 	bl	8001840 <HAL_GetTick>
 8003822:	4605      	mov	r5, r0
        while (__HAL_RCC_GET_FLAG(RCC_FLAG_PLLRDY) != RESET)
 8003824:	4b35      	ldr	r3, [pc, #212]	@ (80038fc <HAL_RCC_OscConfig+0x3f0>)
 8003826:	681b      	ldr	r3, [r3, #0]
 8003828:	f013 7f00 	tst.w	r3, #33554432	@ 0x2000000
 800382c:	d006      	beq.n	800383c <HAL_RCC_OscConfig+0x330>
          if ((HAL_GetTick() - tickstart) > PLL_TIMEOUT_VALUE)
 800382e:	f7fe f807 	bl	8001840 <HAL_GetTick>
 8003832:	1b40      	subs	r0, r0, r5
 8003834:	2802      	cmp	r0, #2
 8003836:	d9f5      	bls.n	8003824 <HAL_RCC_OscConfig+0x318>
            return HAL_TIMEOUT;
 8003838:	2003      	movs	r0, #3
 800383a:	e051      	b.n	80038e0 <HAL_RCC_OscConfig+0x3d4>
        WRITE_REG(RCC->PLLCFGR, (RCC_OscInitStruct->PLL.PLLSource                                            | \
 800383c:	69e3      	ldr	r3, [r4, #28]
 800383e:	6a22      	ldr	r2, [r4, #32]
 8003840:	4313      	orrs	r3, r2
 8003842:	6a62      	ldr	r2, [r4, #36]	@ 0x24
 8003844:	ea43 1382 	orr.w	r3, r3, r2, lsl #6
 8003848:	6aa2      	ldr	r2, [r4, #40]	@ 0x28
 800384a:	0852      	lsrs	r2, r2, #1
 800384c:	3a01      	subs	r2, #1
 800384e:	ea43 4302 	orr.w	r3, r3, r2, lsl #16
 8003852:	6ae2      	ldr	r2, [r4, #44]	@ 0x2c
 8003854:	ea43 6302 	orr.w	r3, r3, r2, lsl #24
 8003858:	4a28      	ldr	r2, [pc, #160]	@ (80038fc <HAL_RCC_OscConfig+0x3f0>)
 800385a:	6053      	str	r3, [r2, #4]
        __HAL_RCC_PLL_ENABLE();
 800385c:	4b28      	ldr	r3, [pc, #160]	@ (8003900 <HAL_RCC_OscConfig+0x3f4>)
 800385e:	2201      	movs	r2, #1
 8003860:	661a      	str	r2, [r3, #96]	@ 0x60
        tickstart = HAL_GetTick();
 8003862:	f7fd ffed 	bl	8001840 <HAL_GetTick>
 8003866:	4604      	mov	r4, r0
        while (__HAL_RCC_GET_FLAG(RCC_FLAG_PLLRDY) == RESET)
 8003868:	4b24      	ldr	r3, [pc, #144]	@ (80038fc <HAL_RCC_OscConfig+0x3f0>)
 800386a:	681b      	ldr	r3, [r3, #0]
 800386c:	f013 7f00 	tst.w	r3, #33554432	@ 0x2000000
 8003870:	d106      	bne.n	8003880 <HAL_RCC_OscConfig+0x374>
          if ((HAL_GetTick() - tickstart) > PLL_TIMEOUT_VALUE)
 8003872:	f7fd ffe5 	bl	8001840 <HAL_GetTick>
 8003876:	1b00      	subs	r0, r0, r4
 8003878:	2802      	cmp	r0, #2
 800387a:	d9f5      	bls.n	8003868 <HAL_RCC_OscConfig+0x35c>
            return HAL_TIMEOUT;
 800387c:	2003      	movs	r0, #3
 800387e:	e02f      	b.n	80038e0 <HAL_RCC_OscConfig+0x3d4>
          return HAL_ERROR;
        }
      }
    }
  }
  return HAL_OK;
 8003880:	2000      	movs	r0, #0
 8003882:	e02d      	b.n	80038e0 <HAL_RCC_OscConfig+0x3d4>
 8003884:	2000      	movs	r0, #0
 8003886:	e02b      	b.n	80038e0 <HAL_RCC_OscConfig+0x3d4>
      if ((RCC_OscInitStruct->PLL.PLLState) == RCC_PLL_OFF)
 8003888:	2b01      	cmp	r3, #1
 800388a:	d02b      	beq.n	80038e4 <HAL_RCC_OscConfig+0x3d8>
        pll_config = RCC->PLLCFGR;
 800388c:	4b1b      	ldr	r3, [pc, #108]	@ (80038fc <HAL_RCC_OscConfig+0x3f0>)
 800388e:	685b      	ldr	r3, [r3, #4]
            (READ_BIT(pll_config, RCC_PLLCFGR_PLLSRC) != RCC_OscInitStruct->PLL.PLLSource) ||
 8003890:	f403 0180 	and.w	r1, r3, #4194304	@ 0x400000
 8003894:	69e2      	ldr	r2, [r4, #28]
        if (((RCC_OscInitStruct->PLL.PLLState) == RCC_PLL_OFF) ||
 8003896:	4291      	cmp	r1, r2
 8003898:	d126      	bne.n	80038e8 <HAL_RCC_OscConfig+0x3dc>
            (READ_BIT(pll_config, RCC_PLLCFGR_PLLM) != (RCC_OscInitStruct->PLL.PLLM) << RCC_PLLCFGR_PLLM_Pos) ||
 800389a:	f003 023f 	and.w	r2, r3, #63	@ 0x3f
 800389e:	6a21      	ldr	r1, [r4, #32]
            (READ_BIT(pll_config, RCC_PLLCFGR_PLLSRC) != RCC_OscInitStruct->PLL.PLLSource) ||
 80038a0:	428a      	cmp	r2, r1
 80038a2:	d123      	bne.n	80038ec <HAL_RCC_OscConfig+0x3e0>
            (READ_BIT(pll_config, RCC_PLLCFGR_PLLN) != (RCC_OscInitStruct->PLL.PLLN) << RCC_PLLCFGR_PLLN_Pos) ||
 80038a4:	6a61      	ldr	r1, [r4, #36]	@ 0x24
            (READ_BIT(pll_config, RCC_PLLCFGR_PLLM) != (RCC_OscInitStruct->PLL.PLLM) << RCC_PLLCFGR_PLLM_Pos) ||
 80038a6:	f647 72c0 	movw	r2, #32704	@ 0x7fc0
 80038aa:	401a      	ands	r2, r3
 80038ac:	ebb2 1f81 	cmp.w	r2, r1, lsl #6
 80038b0:	d11e      	bne.n	80038f0 <HAL_RCC_OscConfig+0x3e4>
            (READ_BIT(pll_config, RCC_PLLCFGR_PLLP) != (((RCC_OscInitStruct->PLL.PLLP >> 1U) - 1U)) << RCC_PLLCFGR_PLLP_Pos) ||
 80038b2:	f403 3140 	and.w	r1, r3, #196608	@ 0x30000
 80038b6:	6aa2      	ldr	r2, [r4, #40]	@ 0x28
 80038b8:	0852      	lsrs	r2, r2, #1
 80038ba:	3a01      	subs	r2, #1
            (READ_BIT(pll_config, RCC_PLLCFGR_PLLN) != (RCC_OscInitStruct->PLL.PLLN) << RCC_PLLCFGR_PLLN_Pos) ||
 80038bc:	ebb1 4f02 	cmp.w	r1, r2, lsl #16
 80038c0:	d118      	bne.n	80038f4 <HAL_RCC_OscConfig+0x3e8>
            (READ_BIT(pll_config, RCC_PLLCFGR_PLLQ) != (RCC_OscInitStruct->PLL.PLLQ << RCC_PLLCFGR_PLLQ_Pos)))
 80038c2:	f003 6370 	and.w	r3, r3, #251658240	@ 0xf000000
 80038c6:	6ae2      	ldr	r2, [r4, #44]	@ 0x2c
            (READ_BIT(pll_config, RCC_PLLCFGR_PLLP) != (((RCC_OscInitStruct->PLL.PLLP >> 1U) - 1U)) << RCC_PLLCFGR_PLLP_Pos) ||
 80038c8:	ebb3 6f02 	cmp.w	r3, r2, lsl #24
 80038cc:	d114      	bne.n	80038f8 <HAL_RCC_OscConfig+0x3ec>
  return HAL_OK;
 80038ce:	2000      	movs	r0, #0
 80038d0:	e006      	b.n	80038e0 <HAL_RCC_OscConfig+0x3d4>
    return HAL_ERROR;
 80038d2:	2001      	movs	r0, #1
}
 80038d4:	4770      	bx	lr
        return HAL_ERROR;
 80038d6:	2001      	movs	r0, #1
 80038d8:	e002      	b.n	80038e0 <HAL_RCC_OscConfig+0x3d4>
        return HAL_ERROR;
 80038da:	2001      	movs	r0, #1
 80038dc:	e000      	b.n	80038e0 <HAL_RCC_OscConfig+0x3d4>
  return HAL_OK;
 80038de:	2000      	movs	r0, #0
}
 80038e0:	b002      	add	sp, #8
 80038e2:	bd70      	pop	{r4, r5, r6, pc}
        return HAL_ERROR;
 80038e4:	2001      	movs	r0, #1
 80038e6:	e7fb      	b.n	80038e0 <HAL_RCC_OscConfig+0x3d4>
          return HAL_ERROR;
 80038e8:	2001      	movs	r0, #1
 80038ea:	e7f9      	b.n	80038e0 <HAL_RCC_OscConfig+0x3d4>
 80038ec:	2001      	movs	r0, #1
 80038ee:	e7f7      	b.n	80038e0 <HAL_RCC_OscConfig+0x3d4>
 80038f0:	2001      	movs	r0, #1
 80038f2:	e7f5      	b.n	80038e0 <HAL_RCC_OscConfig+0x3d4>
 80038f4:	2001      	movs	r0, #1
 80038f6:	e7f3      	b.n	80038e0 <HAL_RCC_OscConfig+0x3d4>
 80038f8:	2001      	movs	r0, #1
 80038fa:	e7f1      	b.n	80038e0 <HAL_RCC_OscConfig+0x3d4>
 80038fc:	40023800 	.word	0x40023800
 8003900:	42470000 	.word	0x42470000

08003904 <HAL_RCC_EnableCSS>:
  *         the Cortex-M4 NMI (Non-Maskable Interrupt) exception vector.
  * @retval None
  */
void HAL_RCC_EnableCSS(void)
{
  *(__IO uint32_t *) RCC_CR_CSSON_BB = (uint32_t)ENABLE;
 8003904:	4b01      	ldr	r3, [pc, #4]	@ (800390c <HAL_RCC_EnableCSS+0x8>)
 8003906:	2201      	movs	r2, #1
 8003908:	64da      	str	r2, [r3, #76]	@ 0x4c
}
 800390a:	4770      	bx	lr
 800390c:	42470000 	.word	0x42470000

08003910 <HAL_RCC_GetSysClockFreq>:
  *
  *
  * @retval SYSCLK frequency
  */
__weak uint32_t HAL_RCC_GetSysClockFreq(void)
{
 8003910:	b508      	push	{r3, lr}
  uint32_t pllvco = 0U;
  uint32_t pllp = 0U;
  uint32_t sysclockfreq = 0U;

  /* Get SYSCLK source -------------------------------------------------------*/
  switch (RCC->CFGR & RCC_CFGR_SWS)
 8003912:	4b26      	ldr	r3, [pc, #152]	@ (80039ac <HAL_RCC_GetSysClockFreq+0x9c>)
 8003914:	689b      	ldr	r3, [r3, #8]
 8003916:	f003 030c 	and.w	r3, r3, #12
 800391a:	2b04      	cmp	r3, #4
 800391c:	d041      	beq.n	80039a2 <HAL_RCC_GetSysClockFreq+0x92>
 800391e:	2b08      	cmp	r3, #8
 8003920:	d141      	bne.n	80039a6 <HAL_RCC_GetSysClockFreq+0x96>
    }
    case RCC_CFGR_SWS_PLL:  /* PLL used as system clock  source */
    {
      /* PLL_VCO = (HSE_VALUE or HSI_VALUE / PLLM) * PLLN
      SYSCLK = PLL_VCO / PLLP */
      pllm = RCC->PLLCFGR & RCC_PLLCFGR_PLLM;
 8003922:	4b22      	ldr	r3, [pc, #136]	@ (80039ac <HAL_RCC_GetSysClockFreq+0x9c>)
 8003924:	685a      	ldr	r2, [r3, #4]
 8003926:	f002 023f 	and.w	r2, r2, #63	@ 0x3f
      if (__HAL_RCC_GET_PLL_OSCSOURCE() != RCC_PLLSOURCE_HSI)
 800392a:	685b      	ldr	r3, [r3, #4]
 800392c:	f413 0f80 	tst.w	r3, #4194304	@ 0x400000
 8003930:	d012      	beq.n	8003958 <HAL_RCC_GetSysClockFreq+0x48>
      {
        /* HSE used as PLL clock source */
        pllvco = (uint32_t)((((uint64_t) HSE_VALUE * ((uint64_t)((RCC->PLLCFGR & RCC_PLLCFGR_PLLN) >> RCC_PLLCFGR_PLLN_Pos)))) / (uint64_t)pllm);
 8003932:	4b1e      	ldr	r3, [pc, #120]	@ (80039ac <HAL_RCC_GetSysClockFreq+0x9c>)
 8003934:	6859      	ldr	r1, [r3, #4]
 8003936:	f3c1 1188 	ubfx	r1, r1, #6, #9
 800393a:	481d      	ldr	r0, [pc, #116]	@ (80039b0 <HAL_RCC_GetSysClockFreq+0xa0>)
 800393c:	2300      	movs	r3, #0
 800393e:	fba1 0100 	umull	r0, r1, r1, r0
 8003942:	f7fc fce5 	bl	8000310 <__aeabi_uldivmod>
      else
      {
        /* HSI used as PLL clock source */
        pllvco = (uint32_t)((((uint64_t) HSI_VALUE * ((uint64_t)((RCC->PLLCFGR & RCC_PLLCFGR_PLLN) >> RCC_PLLCFGR_PLLN_Pos)))) / (uint64_t)pllm);
      }
      pllp = ((((RCC->PLLCFGR & RCC_PLLCFGR_PLLP) >> RCC_PLLCFGR_PLLP_Pos) + 1U) * 2U);
 8003946:	4b19      	ldr	r3, [pc, #100]	@ (80039ac <HAL_RCC_GetSysClockFreq+0x9c>)
 8003948:	685b      	ldr	r3, [r3, #4]
 800394a:	f3c3 4301 	ubfx	r3, r3, #16, #2
 800394e:	3301      	adds	r3, #1
 8003950:	005b      	lsls	r3, r3, #1

      sysclockfreq = pllvco / pllp;
 8003952:	fbb0 f0f3 	udiv	r0, r0, r3
      sysclockfreq = HSI_VALUE;
      break;
    }
  }
  return sysclockfreq;
}
 8003956:	bd08      	pop	{r3, pc}
        pllvco = (uint32_t)((((uint64_t) HSI_VALUE * ((uint64_t)((RCC->PLLCFGR & RCC_PLLCFGR_PLLN) >> RCC_PLLCFGR_PLLN_Pos)))) / (uint64_t)pllm);
 8003958:	4b14      	ldr	r3, [pc, #80]	@ (80039ac <HAL_RCC_GetSysClockFreq+0x9c>)
 800395a:	6858      	ldr	r0, [r3, #4]
 800395c:	f3c0 1088 	ubfx	r0, r0, #6, #9
 8003960:	ea4f 1c40 	mov.w	ip, r0, lsl #5
 8003964:	ebbc 0c00 	subs.w	ip, ip, r0
 8003968:	eb6e 0e0e 	sbc.w	lr, lr, lr
 800396c:	ea4f 138e 	mov.w	r3, lr, lsl #6
 8003970:	ea43 639c 	orr.w	r3, r3, ip, lsr #26
 8003974:	ea4f 118c 	mov.w	r1, ip, lsl #6
 8003978:	ebb1 010c 	subs.w	r1, r1, ip
 800397c:	eb63 030e 	sbc.w	r3, r3, lr
 8003980:	00db      	lsls	r3, r3, #3
 8003982:	ea43 7351 	orr.w	r3, r3, r1, lsr #29
 8003986:	00c9      	lsls	r1, r1, #3
 8003988:	eb11 0c00 	adds.w	ip, r1, r0
 800398c:	f143 0300 	adc.w	r3, r3, #0
 8003990:	0299      	lsls	r1, r3, #10
 8003992:	2300      	movs	r3, #0
 8003994:	ea4f 208c 	mov.w	r0, ip, lsl #10
 8003998:	ea41 519c 	orr.w	r1, r1, ip, lsr #22
 800399c:	f7fc fcb8 	bl	8000310 <__aeabi_uldivmod>
 80039a0:	e7d1      	b.n	8003946 <HAL_RCC_GetSysClockFreq+0x36>
      sysclockfreq = HSE_VALUE;
 80039a2:	4803      	ldr	r0, [pc, #12]	@ (80039b0 <HAL_RCC_GetSysClockFreq+0xa0>)
 80039a4:	e7d7      	b.n	8003956 <HAL_RCC_GetSysClockFreq+0x46>
  switch (RCC->CFGR & RCC_CFGR_SWS)
 80039a6:	4803      	ldr	r0, [pc, #12]	@ (80039b4 <HAL_RCC_GetSysClockFreq+0xa4>)
  return sysclockfreq;
 80039a8:	e7d5      	b.n	8003956 <HAL_RCC_GetSysClockFreq+0x46>
 80039aa:	bf00      	nop
 80039ac:	40023800 	.word	0x40023800
 80039b0:	017d7840 	.word	0x017d7840
 80039b4:	00f42400 	.word	0x00f42400

080039b8 <HAL_RCC_ClockConfig>:
  if (RCC_ClkInitStruct == NULL)
 80039b8:	2800      	cmp	r0, #0
 80039ba:	f000 809b 	beq.w	8003af4 <HAL_RCC_ClockConfig+0x13c>
{
 80039be:	b570      	push	{r4, r5, r6, lr}
 80039c0:	460d      	mov	r5, r1
 80039c2:	4604      	mov	r4, r0
  if (FLatency > __HAL_FLASH_GET_LATENCY())
 80039c4:	4b4f      	ldr	r3, [pc, #316]	@ (8003b04 <HAL_RCC_ClockConfig+0x14c>)
 80039c6:	681b      	ldr	r3, [r3, #0]
 80039c8:	f003 0307 	and.w	r3, r3, #7
 80039cc:	428b      	cmp	r3, r1
 80039ce:	d208      	bcs.n	80039e2 <HAL_RCC_ClockConfig+0x2a>
    __HAL_FLASH_SET_LATENCY(FLatency);
 80039d0:	b2cb      	uxtb	r3, r1
 80039d2:	4a4c      	ldr	r2, [pc, #304]	@ (8003b04 <HAL_RCC_ClockConfig+0x14c>)
 80039d4:	7013      	strb	r3, [r2, #0]
    if (__HAL_FLASH_GET_LATENCY() != FLatency)
 80039d6:	6813      	ldr	r3, [r2, #0]
 80039d8:	f003 0307 	and.w	r3, r3, #7
 80039dc:	428b      	cmp	r3, r1
 80039de:	f040 808b 	bne.w	8003af8 <HAL_RCC_ClockConfig+0x140>
  if (((RCC_ClkInitStruct->ClockType) & RCC_CLOCKTYPE_HCLK) == RCC_CLOCKTYPE_HCLK)
 80039e2:	6823      	ldr	r3, [r4, #0]
 80039e4:	f013 0f02 	tst.w	r3, #2
 80039e8:	d017      	beq.n	8003a1a <HAL_RCC_ClockConfig+0x62>
    if (((RCC_ClkInitStruct->ClockType) & RCC_CLOCKTYPE_PCLK1) == RCC_CLOCKTYPE_PCLK1)
 80039ea:	f013 0f04 	tst.w	r3, #4
 80039ee:	d004      	beq.n	80039fa <HAL_RCC_ClockConfig+0x42>
      MODIFY_REG(RCC->CFGR, RCC_CFGR_PPRE1, RCC_HCLK_DIV16);
 80039f0:	4a45      	ldr	r2, [pc, #276]	@ (8003b08 <HAL_RCC_ClockConfig+0x150>)
 80039f2:	6893      	ldr	r3, [r2, #8]
 80039f4:	f443 53e0 	orr.w	r3, r3, #7168	@ 0x1c00
 80039f8:	6093      	str	r3, [r2, #8]
    if (((RCC_ClkInitStruct->ClockType) & RCC_CLOCKTYPE_PCLK2) == RCC_CLOCKTYPE_PCLK2)
 80039fa:	6823      	ldr	r3, [r4, #0]
 80039fc:	f013 0f08 	tst.w	r3, #8
 8003a00:	d004      	beq.n	8003a0c <HAL_RCC_ClockConfig+0x54>
      MODIFY_REG(RCC->CFGR, RCC_CFGR_PPRE2, (RCC_HCLK_DIV16 << 3));
 8003a02:	4a41      	ldr	r2, [pc, #260]	@ (8003b08 <HAL_RCC_ClockConfig+0x150>)
 8003a04:	6893      	ldr	r3, [r2, #8]
 8003a06:	f443 4360 	orr.w	r3, r3, #57344	@ 0xe000
 8003a0a:	6093      	str	r3, [r2, #8]
    MODIFY_REG(RCC->CFGR, RCC_CFGR_HPRE, RCC_ClkInitStruct->AHBCLKDivider);
 8003a0c:	4a3e      	ldr	r2, [pc, #248]	@ (8003b08 <HAL_RCC_ClockConfig+0x150>)
 8003a0e:	6893      	ldr	r3, [r2, #8]
 8003a10:	f023 03f0 	bic.w	r3, r3, #240	@ 0xf0
 8003a14:	68a1      	ldr	r1, [r4, #8]
 8003a16:	430b      	orrs	r3, r1
 8003a18:	6093      	str	r3, [r2, #8]
  if (((RCC_ClkInitStruct->ClockType) & RCC_CLOCKTYPE_SYSCLK) == RCC_CLOCKTYPE_SYSCLK)
 8003a1a:	6823      	ldr	r3, [r4, #0]
 8003a1c:	f013 0f01 	tst.w	r3, #1
 8003a20:	d032      	beq.n	8003a88 <HAL_RCC_ClockConfig+0xd0>
    if (RCC_ClkInitStruct->SYSCLKSource == RCC_SYSCLKSOURCE_HSE)
 8003a22:	6863      	ldr	r3, [r4, #4]
 8003a24:	2b01      	cmp	r3, #1
 8003a26:	d021      	beq.n	8003a6c <HAL_RCC_ClockConfig+0xb4>
    else if ((RCC_ClkInitStruct->SYSCLKSource == RCC_SYSCLKSOURCE_PLLCLK)   ||
 8003a28:	1e9a      	subs	r2, r3, #2
 8003a2a:	2a01      	cmp	r2, #1
 8003a2c:	d925      	bls.n	8003a7a <HAL_RCC_ClockConfig+0xc2>
      if (__HAL_RCC_GET_FLAG(RCC_FLAG_HSIRDY) == RESET)
 8003a2e:	4a36      	ldr	r2, [pc, #216]	@ (8003b08 <HAL_RCC_ClockConfig+0x150>)
 8003a30:	6812      	ldr	r2, [r2, #0]
 8003a32:	f012 0f02 	tst.w	r2, #2
 8003a36:	d061      	beq.n	8003afc <HAL_RCC_ClockConfig+0x144>
    __HAL_RCC_SYSCLK_CONFIG(RCC_ClkInitStruct->SYSCLKSource);
 8003a38:	4933      	ldr	r1, [pc, #204]	@ (8003b08 <HAL_RCC_ClockConfig+0x150>)
 8003a3a:	688a      	ldr	r2, [r1, #8]
 8003a3c:	f022 0203 	bic.w	r2, r2, #3
 8003a40:	4313      	orrs	r3, r2
 8003a42:	608b      	str	r3, [r1, #8]
    tickstart = HAL_GetTick();
 8003a44:	f7fd fefc 	bl	8001840 <HAL_GetTick>
 8003a48:	4606      	mov	r6, r0
    while (__HAL_RCC_GET_SYSCLK_SOURCE() != (RCC_ClkInitStruct->SYSCLKSource << RCC_CFGR_SWS_Pos))
 8003a4a:	4b2f      	ldr	r3, [pc, #188]	@ (8003b08 <HAL_RCC_ClockConfig+0x150>)
 8003a4c:	689b      	ldr	r3, [r3, #8]
 8003a4e:	f003 030c 	and.w	r3, r3, #12
 8003a52:	6862      	ldr	r2, [r4, #4]
 8003a54:	ebb3 0f82 	cmp.w	r3, r2, lsl #2
 8003a58:	d016      	beq.n	8003a88 <HAL_RCC_ClockConfig+0xd0>
      if ((HAL_GetTick() - tickstart) > CLOCKSWITCH_TIMEOUT_VALUE)
 8003a5a:	f7fd fef1 	bl	8001840 <HAL_GetTick>
 8003a5e:	1b80      	subs	r0, r0, r6
 8003a60:	f241 3388 	movw	r3, #5000	@ 0x1388
 8003a64:	4298      	cmp	r0, r3
 8003a66:	d9f0      	bls.n	8003a4a <HAL_RCC_ClockConfig+0x92>
        return HAL_TIMEOUT;
 8003a68:	2003      	movs	r0, #3
 8003a6a:	e042      	b.n	8003af2 <HAL_RCC_ClockConfig+0x13a>
      if (__HAL_RCC_GET_FLAG(RCC_FLAG_HSERDY) == RESET)
 8003a6c:	4a26      	ldr	r2, [pc, #152]	@ (8003b08 <HAL_RCC_ClockConfig+0x150>)
 8003a6e:	6812      	ldr	r2, [r2, #0]
 8003a70:	f412 3f00 	tst.w	r2, #131072	@ 0x20000
 8003a74:	d1e0      	bne.n	8003a38 <HAL_RCC_ClockConfig+0x80>
        return HAL_ERROR;
 8003a76:	2001      	movs	r0, #1
 8003a78:	e03b      	b.n	8003af2 <HAL_RCC_ClockConfig+0x13a>
      if (__HAL_RCC_GET_FLAG(RCC_FLAG_PLLRDY) == RESET)
 8003a7a:	4a23      	ldr	r2, [pc, #140]	@ (8003b08 <HAL_RCC_ClockConfig+0x150>)
 8003a7c:	6812      	ldr	r2, [r2, #0]
 8003a7e:	f012 7f00 	tst.w	r2, #33554432	@ 0x2000000
 8003a82:	d1d9      	bne.n	8003a38 <HAL_RCC_ClockConfig+0x80>
        return HAL_ERROR;
 8003a84:	2001      	movs	r0, #1
 8003a86:	e034      	b.n	8003af2 <HAL_RCC_ClockConfig+0x13a>
  if (FLatency < __HAL_FLASH_GET_LATENCY())
 8003a88:	4b1e      	ldr	r3, [pc, #120]	@ (8003b04 <HAL_RCC_ClockConfig+0x14c>)
 8003a8a:	681b      	ldr	r3, [r3, #0]
 8003a8c:	f003 0307 	and.w	r3, r3, #7
 8003a90:	42ab      	cmp	r3, r5
 8003a92:	d907      	bls.n	8003aa4 <HAL_RCC_ClockConfig+0xec>
    __HAL_FLASH_SET_LATENCY(FLatency);
 8003a94:	b2ea      	uxtb	r2, r5
 8003a96:	4b1b      	ldr	r3, [pc, #108]	@ (8003b04 <HAL_RCC_ClockConfig+0x14c>)
 8003a98:	701a      	strb	r2, [r3, #0]
    if (__HAL_FLASH_GET_LATENCY() != FLatency)
 8003a9a:	681b      	ldr	r3, [r3, #0]
 8003a9c:	f003 0307 	and.w	r3, r3, #7
 8003aa0:	42ab      	cmp	r3, r5
 8003aa2:	d12d      	bne.n	8003b00 <HAL_RCC_ClockConfig+0x148>
  if (((RCC_ClkInitStruct->ClockType) & RCC_CLOCKTYPE_PCLK1) == RCC_CLOCKTYPE_PCLK1)
 8003aa4:	6823      	ldr	r3, [r4, #0]
 8003aa6:	f013 0f04 	tst.w	r3, #4
 8003aaa:	d006      	beq.n	8003aba <HAL_RCC_ClockConfig+0x102>
    MODIFY_REG(RCC->CFGR, RCC_CFGR_PPRE1, RCC_ClkInitStruct->APB1CLKDivider);
 8003aac:	4a16      	ldr	r2, [pc, #88]	@ (8003b08 <HAL_RCC_ClockConfig+0x150>)
 8003aae:	6893      	ldr	r3, [r2, #8]
 8003ab0:	f423 53e0 	bic.w	r3, r3, #7168	@ 0x1c00
 8003ab4:	68e1      	ldr	r1, [r4, #12]
 8003ab6:	430b      	orrs	r3, r1
 8003ab8:	6093      	str	r3, [r2, #8]
  if (((RCC_ClkInitStruct->ClockType) & RCC_CLOCKTYPE_PCLK2) == RCC_CLOCKTYPE_PCLK2)
 8003aba:	6823      	ldr	r3, [r4, #0]
 8003abc:	f013 0f08 	tst.w	r3, #8
 8003ac0:	d007      	beq.n	8003ad2 <HAL_RCC_ClockConfig+0x11a>
    MODIFY_REG(RCC->CFGR, RCC_CFGR_PPRE2, ((RCC_ClkInitStruct->APB2CLKDivider) << 3U));
 8003ac2:	4a11      	ldr	r2, [pc, #68]	@ (8003b08 <HAL_RCC_ClockConfig+0x150>)
 8003ac4:	6893      	ldr	r3, [r2, #8]
 8003ac6:	f423 4360 	bic.w	r3, r3, #57344	@ 0xe000
 8003aca:	6921      	ldr	r1, [r4, #16]
 8003acc:	ea43 03c1 	orr.w	r3, r3, r1, lsl #3
 8003ad0:	6093      	str	r3, [r2, #8]
  SystemCoreClock = HAL_RCC_GetSysClockFreq() >> AHBPrescTable[(RCC->CFGR & RCC_CFGR_HPRE) >> RCC_CFGR_HPRE_Pos];
 8003ad2:	f7ff ff1d 	bl	8003910 <HAL_RCC_GetSysClockFreq>
 8003ad6:	4b0c      	ldr	r3, [pc, #48]	@ (8003b08 <HAL_RCC_ClockConfig+0x150>)
 8003ad8:	689b      	ldr	r3, [r3, #8]
 8003ada:	f3c3 1303 	ubfx	r3, r3, #4, #4
 8003ade:	4a0b      	ldr	r2, [pc, #44]	@ (8003b0c <HAL_RCC_ClockConfig+0x154>)
 8003ae0:	5cd3      	ldrb	r3, [r2, r3]
 8003ae2:	40d8      	lsrs	r0, r3
 8003ae4:	4b0a      	ldr	r3, [pc, #40]	@ (8003b10 <HAL_RCC_ClockConfig+0x158>)
 8003ae6:	6018      	str	r0, [r3, #0]
  HAL_InitTick(uwTickPrio);
 8003ae8:	4b0a      	ldr	r3, [pc, #40]	@ (8003b14 <HAL_RCC_ClockConfig+0x15c>)
 8003aea:	6818      	ldr	r0, [r3, #0]
 8003aec:	f7fd fe5c 	bl	80017a8 <HAL_InitTick>
  return HAL_OK;
 8003af0:	2000      	movs	r0, #0
}
 8003af2:	bd70      	pop	{r4, r5, r6, pc}
    return HAL_ERROR;
 8003af4:	2001      	movs	r0, #1
}
 8003af6:	4770      	bx	lr
      return HAL_ERROR;
 8003af8:	2001      	movs	r0, #1
 8003afa:	e7fa      	b.n	8003af2 <HAL_RCC_ClockConfig+0x13a>
        return HAL_ERROR;
 8003afc:	2001      	movs	r0, #1
 8003afe:	e7f8      	b.n	8003af2 <HAL_RCC_ClockConfig+0x13a>
      return HAL_ERROR;
 8003b00:	2001      	movs	r0, #1
 8003b02:	e7f6      	b.n	8003af2 <HAL_RCC_ClockConfig+0x13a>
 8003b04:	40023c00 	.word	0x40023c00
 8003b08:	40023800 	.word	0x40023800
 8003b0c:	08008e98 	.word	0x08008e98
 8003b10:	2000002c 	.word	0x2000002c
 8003b14:	20000024 	.word	0x20000024

08003b18 <HAL_RCC_GetHCLKFreq>:
  * @retval HCLK frequency
  */
uint32_t HAL_RCC_GetHCLKFreq(void)
{
  return SystemCoreClock;
}
 8003b18:	4b01      	ldr	r3, [pc, #4]	@ (8003b20 <HAL_RCC_GetHCLKFreq+0x8>)
 8003b1a:	6818      	ldr	r0, [r3, #0]
 8003b1c:	4770      	bx	lr
 8003b1e:	bf00      	nop
 8003b20:	2000002c 	.word	0x2000002c

08003b24 <HAL_RCC_GetPCLK1Freq>:
  * @note   Each time PCLK1 changes, this function must be called to update the
  *         right PCLK1 value. Otherwise, any configuration based on this function will be incorrect.
  * @retval PCLK1 frequency
  */
uint32_t HAL_RCC_GetPCLK1Freq(void)
{
 8003b24:	b508      	push	{r3, lr}
  /* Get HCLK source and Compute PCLK1 frequency ---------------------------*/
  return (HAL_RCC_GetHCLKFreq() >> APBPrescTable[(RCC->CFGR & RCC_CFGR_PPRE1) >> RCC_CFGR_PPRE1_Pos]);
 8003b26:	f7ff fff7 	bl	8003b18 <HAL_RCC_GetHCLKFreq>
 8003b2a:	4b04      	ldr	r3, [pc, #16]	@ (8003b3c <HAL_RCC_GetPCLK1Freq+0x18>)
 8003b2c:	689b      	ldr	r3, [r3, #8]
 8003b2e:	f3c3 2382 	ubfx	r3, r3, #10, #3
 8003b32:	4a03      	ldr	r2, [pc, #12]	@ (8003b40 <HAL_RCC_GetPCLK1Freq+0x1c>)
 8003b34:	5cd3      	ldrb	r3, [r2, r3]
}
 8003b36:	40d8      	lsrs	r0, r3
 8003b38:	bd08      	pop	{r3, pc}
 8003b3a:	bf00      	nop
 8003b3c:	40023800 	.word	0x40023800
 8003b40:	08008e90 	.word	0x08008e90

08003b44 <HAL_RCC_CSSCallback>:
__weak void HAL_RCC_CSSCallback(void)
{
  /* NOTE : This function Should not be modified, when the callback is needed,
            the HAL_RCC_CSSCallback could be implemented in the user file
   */
}
 8003b44:	4770      	bx	lr
	...

08003b48 <HAL_RCC_NMI_IRQHandler>:
{
 8003b48:	b508      	push	{r3, lr}
  if (__HAL_RCC_GET_IT(RCC_IT_CSS))
 8003b4a:	4b06      	ldr	r3, [pc, #24]	@ (8003b64 <HAL_RCC_NMI_IRQHandler+0x1c>)
 8003b4c:	68db      	ldr	r3, [r3, #12]
 8003b4e:	f013 0f80 	tst.w	r3, #128	@ 0x80
 8003b52:	d100      	bne.n	8003b56 <HAL_RCC_NMI_IRQHandler+0xe>
}
 8003b54:	bd08      	pop	{r3, pc}
    HAL_RCC_CSSCallback();
 8003b56:	f7ff fff5 	bl	8003b44 <HAL_RCC_CSSCallback>
    __HAL_RCC_CLEAR_IT(RCC_IT_CSS);
 8003b5a:	4b02      	ldr	r3, [pc, #8]	@ (8003b64 <HAL_RCC_NMI_IRQHandler+0x1c>)
 8003b5c:	2280      	movs	r2, #128	@ 0x80
 8003b5e:	739a      	strb	r2, [r3, #14]
}
 8003b60:	e7f8      	b.n	8003b54 <HAL_RCC_NMI_IRQHandler+0xc>
 8003b62:	bf00      	nop
 8003b64:	40023800 	.word	0x40023800

08003b68 <SPI_WaitFlagStateUntilTimeout>:
  * @param  Tickstart tick start value
  * @retval HAL status
  */
static HAL_StatusTypeDef SPI_WaitFlagStateUntilTimeout(SPI_HandleTypeDef *hspi, uint32_t Flag, FlagStatus State,
                                                       uint32_t Timeout, uint32_t Tickstart)
{
 8003b68:	e92d 47f0 	stmdb	sp!, {r4, r5, r6, r7, r8, r9, sl, lr}
 8003b6c:	b082      	sub	sp, #8
 8003b6e:	4605      	mov	r5, r0
 8003b70:	4688      	mov	r8, r1
 8003b72:	4617      	mov	r7, r2
 8003b74:	461e      	mov	r6, r3
  __IO uint32_t count;
  uint32_t tmp_timeout;
  uint32_t tmp_tickstart;

  /* Adjust Timeout value  in case of end of transfer */
  tmp_timeout   = Timeout - (HAL_GetTick() - Tickstart);
 8003b76:	f7fd fe63 	bl	8001840 <HAL_GetTick>
 8003b7a:	9b0a      	ldr	r3, [sp, #40]	@ 0x28
 8003b7c:	1a1b      	subs	r3, r3, r0
 8003b7e:	eb03 0906 	add.w	r9, r3, r6
  tmp_tickstart = HAL_GetTick();
 8003b82:	f7fd fe5d 	bl	8001840 <HAL_GetTick>
 8003b86:	4682      	mov	sl, r0

  /* Calculate Timeout based on a software loop to avoid blocking issue if Systick is disabled */
  count = tmp_timeout * ((SystemCoreClock * 32U) >> 20U);
 8003b88:	4b28      	ldr	r3, [pc, #160]	@ (8003c2c <SPI_WaitFlagStateUntilTimeout+0xc4>)
 8003b8a:	681b      	ldr	r3, [r3, #0]
 8003b8c:	f3c3 33cb 	ubfx	r3, r3, #15, #12
 8003b90:	fb09 f303 	mul.w	r3, r9, r3
 8003b94:	9301      	str	r3, [sp, #4]

  while ((__HAL_SPI_GET_FLAG(hspi, Flag) ? SET : RESET) != State)
 8003b96:	682b      	ldr	r3, [r5, #0]
 8003b98:	689c      	ldr	r4, [r3, #8]
 8003b9a:	ea38 0404 	bics.w	r4, r8, r4
 8003b9e:	bf0c      	ite	eq
 8003ba0:	2301      	moveq	r3, #1
 8003ba2:	2300      	movne	r3, #0
 8003ba4:	42bb      	cmp	r3, r7
 8003ba6:	d03d      	beq.n	8003c24 <SPI_WaitFlagStateUntilTimeout+0xbc>
  {
    if (Timeout != HAL_MAX_DELAY)
 8003ba8:	f1b6 3fff 	cmp.w	r6, #4294967295
 8003bac:	d0f3      	beq.n	8003b96 <SPI_WaitFlagStateUntilTimeout+0x2e>
    {
      if (((HAL_GetTick() - tmp_tickstart) >= tmp_timeout) || (tmp_timeout == 0U))
 8003bae:	f7fd fe47 	bl	8001840 <HAL_GetTick>
 8003bb2:	eba0 000a 	sub.w	r0, r0, sl
 8003bb6:	4548      	cmp	r0, r9
 8003bb8:	d203      	bcs.n	8003bc2 <SPI_WaitFlagStateUntilTimeout+0x5a>
        __HAL_UNLOCK(hspi);

        return HAL_TIMEOUT;
      }
      /* If Systick is disabled or not incremented, deactivate timeout to go in disable loop procedure */
      if (count == 0U)
 8003bba:	9b01      	ldr	r3, [sp, #4]
 8003bbc:	bb73      	cbnz	r3, 8003c1c <SPI_WaitFlagStateUntilTimeout+0xb4>
      {
        tmp_timeout = 0U;
 8003bbe:	4699      	mov	r9, r3
 8003bc0:	e7e9      	b.n	8003b96 <SPI_WaitFlagStateUntilTimeout+0x2e>
        __HAL_SPI_DISABLE_IT(hspi, (SPI_IT_TXE | SPI_IT_RXNE | SPI_IT_ERR));
 8003bc2:	682a      	ldr	r2, [r5, #0]
 8003bc4:	6853      	ldr	r3, [r2, #4]
 8003bc6:	f023 03e0 	bic.w	r3, r3, #224	@ 0xe0
 8003bca:	6053      	str	r3, [r2, #4]
        if ((hspi->Init.Mode == SPI_MODE_MASTER) && ((hspi->Init.Direction == SPI_DIRECTION_1LINE)
 8003bcc:	686b      	ldr	r3, [r5, #4]
 8003bce:	f5b3 7f82 	cmp.w	r3, #260	@ 0x104
 8003bd2:	d00b      	beq.n	8003bec <SPI_WaitFlagStateUntilTimeout+0x84>
        if (hspi->Init.CRCCalculation == SPI_CRCCALCULATION_ENABLE)
 8003bd4:	6aab      	ldr	r3, [r5, #40]	@ 0x28
 8003bd6:	f5b3 5f00 	cmp.w	r3, #8192	@ 0x2000
 8003bda:	d014      	beq.n	8003c06 <SPI_WaitFlagStateUntilTimeout+0x9e>
        hspi->State = HAL_SPI_STATE_READY;
 8003bdc:	2301      	movs	r3, #1
 8003bde:	f885 3051 	strb.w	r3, [r5, #81]	@ 0x51
        __HAL_UNLOCK(hspi);
 8003be2:	2300      	movs	r3, #0
 8003be4:	f885 3050 	strb.w	r3, [r5, #80]	@ 0x50
        return HAL_TIMEOUT;
 8003be8:	2003      	movs	r0, #3
 8003bea:	e01c      	b.n	8003c26 <SPI_WaitFlagStateUntilTimeout+0xbe>
        if ((hspi->Init.Mode == SPI_MODE_MASTER) && ((hspi->Init.Direction == SPI_DIRECTION_1LINE)
 8003bec:	68ab      	ldr	r3, [r5, #8]
 8003bee:	f5b3 4f00 	cmp.w	r3, #32768	@ 0x8000
 8003bf2:	d002      	beq.n	8003bfa <SPI_WaitFlagStateUntilTimeout+0x92>
                                                     || (hspi->Init.Direction == SPI_DIRECTION_2LINES_RXONLY)))
 8003bf4:	f5b3 6f80 	cmp.w	r3, #1024	@ 0x400
 8003bf8:	d1ec      	bne.n	8003bd4 <SPI_WaitFlagStateUntilTimeout+0x6c>
          __HAL_SPI_DISABLE(hspi);
 8003bfa:	682a      	ldr	r2, [r5, #0]
 8003bfc:	6813      	ldr	r3, [r2, #0]
 8003bfe:	f023 0340 	bic.w	r3, r3, #64	@ 0x40
 8003c02:	6013      	str	r3, [r2, #0]
 8003c04:	e7e6      	b.n	8003bd4 <SPI_WaitFlagStateUntilTimeout+0x6c>
          SPI_RESET_CRC(hspi);
 8003c06:	682a      	ldr	r2, [r5, #0]
 8003c08:	6813      	ldr	r3, [r2, #0]
 8003c0a:	f423 5300 	bic.w	r3, r3, #8192	@ 0x2000
 8003c0e:	6013      	str	r3, [r2, #0]
 8003c10:	682a      	ldr	r2, [r5, #0]
 8003c12:	6813      	ldr	r3, [r2, #0]
 8003c14:	f443 5300 	orr.w	r3, r3, #8192	@ 0x2000
 8003c18:	6013      	str	r3, [r2, #0]
 8003c1a:	e7df      	b.n	8003bdc <SPI_WaitFlagStateUntilTimeout+0x74>
      }
      else
      {
        count--;
 8003c1c:	9b01      	ldr	r3, [sp, #4]
 8003c1e:	3b01      	subs	r3, #1
 8003c20:	9301      	str	r3, [sp, #4]
 8003c22:	e7b8      	b.n	8003b96 <SPI_WaitFlagStateUntilTimeout+0x2e>
      }
    }
  }

  return HAL_OK;
 8003c24:	2000      	movs	r0, #0
}
 8003c26:	b002      	add	sp, #8
 8003c28:	e8bd 87f0 	ldmia.w	sp!, {r4, r5, r6, r7, r8, r9, sl, pc}
 8003c2c:	2000002c 	.word	0x2000002c

08003c30 <SPI_EndRxTxTransaction>:
  * @param  Timeout Timeout duration
  * @param  Tickstart tick start value
  * @retval HAL status
  */
static HAL_StatusTypeDef SPI_EndRxTxTransaction(SPI_HandleTypeDef *hspi, uint32_t Timeout, uint32_t Tickstart)
{
 8003c30:	b570      	push	{r4, r5, r6, lr}
 8003c32:	b084      	sub	sp, #16
 8003c34:	4604      	mov	r4, r0
 8003c36:	460d      	mov	r5, r1
 8003c38:	4616      	mov	r6, r2
  __IO uint32_t count;

  /* Wait until TXE flag */
  if (SPI_WaitFlagStateUntilTimeout(hspi, SPI_FLAG_TXE, SET, Timeout, Tickstart) != HAL_OK)
 8003c3a:	9200      	str	r2, [sp, #0]
 8003c3c:	460b      	mov	r3, r1
 8003c3e:	2201      	movs	r2, #1
 8003c40:	2102      	movs	r1, #2
 8003c42:	f7ff ff91 	bl	8003b68 <SPI_WaitFlagStateUntilTimeout>
 8003c46:	b9d0      	cbnz	r0, 8003c7e <SPI_EndRxTxTransaction+0x4e>
    SET_BIT(hspi->ErrorCode, HAL_SPI_ERROR_FLAG);
    return HAL_TIMEOUT;
  }

  /* Timeout in us */
  count = SPI_BSY_FLAG_WORKAROUND_TIMEOUT * (SystemCoreClock / 24U / 1000000U);
 8003c48:	4b17      	ldr	r3, [pc, #92]	@ (8003ca8 <SPI_EndRxTxTransaction+0x78>)
 8003c4a:	681b      	ldr	r3, [r3, #0]
 8003c4c:	4a17      	ldr	r2, [pc, #92]	@ (8003cac <SPI_EndRxTxTransaction+0x7c>)
 8003c4e:	fba2 2303 	umull	r2, r3, r2, r3
 8003c52:	0d5b      	lsrs	r3, r3, #21
 8003c54:	f44f 727a 	mov.w	r2, #1000	@ 0x3e8
 8003c58:	fb02 f303 	mul.w	r3, r2, r3
 8003c5c:	9303      	str	r3, [sp, #12]
  /* Erratasheet: BSY bit may stay high at the end of a data transfer in Slave mode */
  if (hspi->Init.Mode == SPI_MODE_MASTER)
 8003c5e:	6863      	ldr	r3, [r4, #4]
 8003c60:	f5b3 7f82 	cmp.w	r3, #260	@ 0x104
 8003c64:	d011      	beq.n	8003c8a <SPI_EndRxTxTransaction+0x5a>
    * User have to calculate the timeout value to fit with the time of 1 byte transfer.
    * This time is directly link with the SPI clock from Master device.
    */
    do
    {
      if (count == 0U)
 8003c66:	9b03      	ldr	r3, [sp, #12]
 8003c68:	b13b      	cbz	r3, 8003c7a <SPI_EndRxTxTransaction+0x4a>
      {
        break;
      }
      count--;
 8003c6a:	9b03      	ldr	r3, [sp, #12]
 8003c6c:	3b01      	subs	r3, #1
 8003c6e:	9303      	str	r3, [sp, #12]
    } while (__HAL_SPI_GET_FLAG(hspi, SPI_FLAG_BSY) != RESET);
 8003c70:	6823      	ldr	r3, [r4, #0]
 8003c72:	689b      	ldr	r3, [r3, #8]
 8003c74:	f013 0f80 	tst.w	r3, #128	@ 0x80
 8003c78:	d1f5      	bne.n	8003c66 <SPI_EndRxTxTransaction+0x36>
  }

  return HAL_OK;
}
 8003c7a:	b004      	add	sp, #16
 8003c7c:	bd70      	pop	{r4, r5, r6, pc}
    SET_BIT(hspi->ErrorCode, HAL_SPI_ERROR_FLAG);
 8003c7e:	6d63      	ldr	r3, [r4, #84]	@ 0x54
 8003c80:	f043 0320 	orr.w	r3, r3, #32
 8003c84:	6563      	str	r3, [r4, #84]	@ 0x54
    return HAL_TIMEOUT;
 8003c86:	2003      	movs	r0, #3
 8003c88:	e7f7      	b.n	8003c7a <SPI_EndRxTxTransaction+0x4a>
    if (SPI_WaitFlagStateUntilTimeout(hspi, SPI_FLAG_BSY, RESET, Timeout, Tickstart) != HAL_OK)
 8003c8a:	9600      	str	r6, [sp, #0]
 8003c8c:	462b      	mov	r3, r5
 8003c8e:	2200      	movs	r2, #0
 8003c90:	2180      	movs	r1, #128	@ 0x80
 8003c92:	4620      	mov	r0, r4
 8003c94:	f7ff ff68 	bl	8003b68 <SPI_WaitFlagStateUntilTimeout>
 8003c98:	2800      	cmp	r0, #0
 8003c9a:	d0ee      	beq.n	8003c7a <SPI_EndRxTxTransaction+0x4a>
      SET_BIT(hspi->ErrorCode, HAL_SPI_ERROR_FLAG);
 8003c9c:	6d63      	ldr	r3, [r4, #84]	@ 0x54
 8003c9e:	f043 0320 	orr.w	r3, r3, #32
 8003ca2:	6563      	str	r3, [r4, #84]	@ 0x54
      return HAL_TIMEOUT;
 8003ca4:	2003      	movs	r0, #3
 8003ca6:	e7e8      	b.n	8003c7a <SPI_EndRxTxTransaction+0x4a>
 8003ca8:	2000002c 	.word	0x2000002c
 8003cac:	165e9f81 	.word	0x165e9f81

08003cb0 <HAL_SPI_Init>:
  if (hspi == NULL)
 8003cb0:	2800      	cmp	r0, #0
 8003cb2:	d05a      	beq.n	8003d6a <HAL_SPI_Init+0xba>
{
 8003cb4:	b510      	push	{r4, lr}
 8003cb6:	4604      	mov	r4, r0
  if (hspi->Init.TIMode == SPI_TIMODE_DISABLE)
 8003cb8:	6a43      	ldr	r3, [r0, #36]	@ 0x24
 8003cba:	b933      	cbnz	r3, 8003cca <HAL_SPI_Init+0x1a>
    if (hspi->Init.Mode == SPI_MODE_MASTER)
 8003cbc:	6843      	ldr	r3, [r0, #4]
 8003cbe:	f5b3 7f82 	cmp.w	r3, #260	@ 0x104
 8003cc2:	d005      	beq.n	8003cd0 <HAL_SPI_Init+0x20>
      hspi->Init.BaudRatePrescaler = SPI_BAUDRATEPRESCALER_2;
 8003cc4:	2300      	movs	r3, #0
 8003cc6:	61c3      	str	r3, [r0, #28]
 8003cc8:	e002      	b.n	8003cd0 <HAL_SPI_Init+0x20>
    hspi->Init.CLKPolarity = SPI_POLARITY_LOW;
 8003cca:	2300      	movs	r3, #0
 8003ccc:	6103      	str	r3, [r0, #16]
    hspi->Init.CLKPhase    = SPI_PHASE_1EDGE;
 8003cce:	6143      	str	r3, [r0, #20]
  hspi->Init.CRCCalculation = SPI_CRCCALCULATION_DISABLE;
 8003cd0:	2300      	movs	r3, #0
 8003cd2:	62a3      	str	r3, [r4, #40]	@ 0x28
  if (hspi->State == HAL_SPI_STATE_RESET)
 8003cd4:	f894 3051 	ldrb.w	r3, [r4, #81]	@ 0x51
 8003cd8:	2b00      	cmp	r3, #0
 8003cda:	d040      	beq.n	8003d5e <HAL_SPI_Init+0xae>
  hspi->State = HAL_SPI_STATE_BUSY;
 8003cdc:	2302      	movs	r3, #2
 8003cde:	f884 3051 	strb.w	r3, [r4, #81]	@ 0x51
  __HAL_SPI_DISABLE(hspi);
 8003ce2:	6822      	ldr	r2, [r4, #0]
 8003ce4:	6813      	ldr	r3, [r2, #0]
 8003ce6:	f023 0340 	bic.w	r3, r3, #64	@ 0x40
 8003cea:	6013      	str	r3, [r2, #0]
  WRITE_REG(hspi->Instance->CR1, ((hspi->Init.Mode & (SPI_CR1_MSTR | SPI_CR1_SSI)) |
 8003cec:	6863      	ldr	r3, [r4, #4]
 8003cee:	f403 7382 	and.w	r3, r3, #260	@ 0x104
 8003cf2:	68a2      	ldr	r2, [r4, #8]
 8003cf4:	f402 4204 	and.w	r2, r2, #33792	@ 0x8400
 8003cf8:	4313      	orrs	r3, r2
 8003cfa:	68e2      	ldr	r2, [r4, #12]
 8003cfc:	f402 6200 	and.w	r2, r2, #2048	@ 0x800
 8003d00:	4313      	orrs	r3, r2
 8003d02:	6922      	ldr	r2, [r4, #16]
 8003d04:	f002 0202 	and.w	r2, r2, #2
 8003d08:	4313      	orrs	r3, r2
 8003d0a:	6962      	ldr	r2, [r4, #20]
 8003d0c:	f002 0201 	and.w	r2, r2, #1
 8003d10:	4313      	orrs	r3, r2
 8003d12:	69a2      	ldr	r2, [r4, #24]
 8003d14:	f402 7200 	and.w	r2, r2, #512	@ 0x200
 8003d18:	4313      	orrs	r3, r2
 8003d1a:	69e2      	ldr	r2, [r4, #28]
 8003d1c:	f002 0238 	and.w	r2, r2, #56	@ 0x38
 8003d20:	4313      	orrs	r3, r2
 8003d22:	6a22      	ldr	r2, [r4, #32]
 8003d24:	f002 0280 	and.w	r2, r2, #128	@ 0x80
 8003d28:	4313      	orrs	r3, r2
 8003d2a:	6aa2      	ldr	r2, [r4, #40]	@ 0x28
 8003d2c:	f402 5200 	and.w	r2, r2, #8192	@ 0x2000
 8003d30:	6821      	ldr	r1, [r4, #0]
 8003d32:	4313      	orrs	r3, r2
 8003d34:	600b      	str	r3, [r1, #0]
  WRITE_REG(hspi->Instance->CR2, (((hspi->Init.NSS >> 16U) & SPI_CR2_SSOE) | (hspi->Init.TIMode & SPI_CR2_FRF)));
 8003d36:	8b63      	ldrh	r3, [r4, #26]
 8003d38:	f003 0304 	and.w	r3, r3, #4
 8003d3c:	6a62      	ldr	r2, [r4, #36]	@ 0x24
 8003d3e:	f002 0210 	and.w	r2, r2, #16
 8003d42:	6821      	ldr	r1, [r4, #0]
 8003d44:	4313      	orrs	r3, r2
 8003d46:	604b      	str	r3, [r1, #4]
  CLEAR_BIT(hspi->Instance->I2SCFGR, SPI_I2SCFGR_I2SMOD);
 8003d48:	6822      	ldr	r2, [r4, #0]
 8003d4a:	69d3      	ldr	r3, [r2, #28]
 8003d4c:	f423 6300 	bic.w	r3, r3, #2048	@ 0x800
 8003d50:	61d3      	str	r3, [r2, #28]
  hspi->ErrorCode = HAL_SPI_ERROR_NONE;
 8003d52:	2000      	movs	r0, #0
 8003d54:	6560      	str	r0, [r4, #84]	@ 0x54
  hspi->State     = HAL_SPI_STATE_READY;
 8003d56:	2301      	movs	r3, #1
 8003d58:	f884 3051 	strb.w	r3, [r4, #81]	@ 0x51
}
 8003d5c:	bd10      	pop	{r4, pc}
    hspi->Lock = HAL_UNLOCKED;
 8003d5e:	f884 3050 	strb.w	r3, [r4, #80]	@ 0x50
    HAL_SPI_MspInit(hspi);
 8003d62:	4620      	mov	r0, r4
 8003d64:	f7ff fb18 	bl	8003398 <HAL_SPI_MspInit>
 8003d68:	e7b8      	b.n	8003cdc <HAL_SPI_Init+0x2c>
    return HAL_ERROR;
 8003d6a:	2001      	movs	r0, #1
}
 8003d6c:	4770      	bx	lr

08003d6e <HAL_SPI_Transmit>:
{
 8003d6e:	e92d 43f0 	stmdb	sp!, {r4, r5, r6, r7, r8, r9, lr}
 8003d72:	b083      	sub	sp, #12
 8003d74:	4604      	mov	r4, r0
 8003d76:	4689      	mov	r9, r1
 8003d78:	4690      	mov	r8, r2
 8003d7a:	461d      	mov	r5, r3
  tickstart = HAL_GetTick();
 8003d7c:	f7fd fd60 	bl	8001840 <HAL_GetTick>
  if (hspi->State != HAL_SPI_STATE_READY)
 8003d80:	f894 6051 	ldrb.w	r6, [r4, #81]	@ 0x51
 8003d84:	b2f6      	uxtb	r6, r6
 8003d86:	2e01      	cmp	r6, #1
 8003d88:	f040 80cc 	bne.w	8003f24 <HAL_SPI_Transmit+0x1b6>
 8003d8c:	4607      	mov	r7, r0
  if ((pData == NULL) || (Size == 0U))
 8003d8e:	f1b9 0f00 	cmp.w	r9, #0
 8003d92:	f000 80c8 	beq.w	8003f26 <HAL_SPI_Transmit+0x1b8>
 8003d96:	f1b8 0f00 	cmp.w	r8, #0
 8003d9a:	f000 80c4 	beq.w	8003f26 <HAL_SPI_Transmit+0x1b8>
  __HAL_LOCK(hspi);
 8003d9e:	f894 3050 	ldrb.w	r3, [r4, #80]	@ 0x50
 8003da2:	2b01      	cmp	r3, #1
 8003da4:	f000 80c3 	beq.w	8003f2e <HAL_SPI_Transmit+0x1c0>
 8003da8:	2301      	movs	r3, #1
 8003daa:	f884 3050 	strb.w	r3, [r4, #80]	@ 0x50
  hspi->State       = HAL_SPI_STATE_BUSY_TX;
 8003dae:	2303      	movs	r3, #3
 8003db0:	f884 3051 	strb.w	r3, [r4, #81]	@ 0x51
  hspi->ErrorCode   = HAL_SPI_ERROR_NONE;
 8003db4:	2300      	movs	r3, #0
 8003db6:	6563      	str	r3, [r4, #84]	@ 0x54
  hspi->pTxBuffPtr  = (const uint8_t *)pData;
 8003db8:	f8c4 9030 	str.w	r9, [r4, #48]	@ 0x30
  hspi->TxXferSize  = Size;
 8003dbc:	f8a4 8034 	strh.w	r8, [r4, #52]	@ 0x34
  hspi->TxXferCount = Size;
 8003dc0:	f8a4 8036 	strh.w	r8, [r4, #54]	@ 0x36
  hspi->pRxBuffPtr  = (uint8_t *)NULL;
 8003dc4:	63a3      	str	r3, [r4, #56]	@ 0x38
  hspi->RxXferSize  = 0U;
 8003dc6:	87a3      	strh	r3, [r4, #60]	@ 0x3c
  hspi->RxXferCount = 0U;
 8003dc8:	87e3      	strh	r3, [r4, #62]	@ 0x3e
  hspi->TxISR       = NULL;
 8003dca:	6463      	str	r3, [r4, #68]	@ 0x44
  hspi->RxISR       = NULL;
 8003dcc:	6423      	str	r3, [r4, #64]	@ 0x40
  if (hspi->Init.Direction == SPI_DIRECTION_1LINE)
 8003dce:	68a3      	ldr	r3, [r4, #8]
 8003dd0:	f5b3 4f00 	cmp.w	r3, #32768	@ 0x8000
 8003dd4:	d01e      	beq.n	8003e14 <HAL_SPI_Transmit+0xa6>
  if ((hspi->Instance->CR1 & SPI_CR1_SPE) != SPI_CR1_SPE)
 8003dd6:	6823      	ldr	r3, [r4, #0]
 8003dd8:	681a      	ldr	r2, [r3, #0]
 8003dda:	f012 0f40 	tst.w	r2, #64	@ 0x40
 8003dde:	d103      	bne.n	8003de8 <HAL_SPI_Transmit+0x7a>
    __HAL_SPI_ENABLE(hspi);
 8003de0:	681a      	ldr	r2, [r3, #0]
 8003de2:	f042 0240 	orr.w	r2, r2, #64	@ 0x40
 8003de6:	601a      	str	r2, [r3, #0]
  if (hspi->Init.DataSize == SPI_DATASIZE_16BIT)
 8003de8:	68e3      	ldr	r3, [r4, #12]
 8003dea:	f5b3 6f00 	cmp.w	r3, #2048	@ 0x800
 8003dee:	d01c      	beq.n	8003e2a <HAL_SPI_Transmit+0xbc>
    if ((hspi->Init.Mode == SPI_MODE_SLAVE) || (initial_TxXferCount == 0x01U))
 8003df0:	6863      	ldr	r3, [r4, #4]
 8003df2:	b113      	cbz	r3, 8003dfa <HAL_SPI_Transmit+0x8c>
 8003df4:	f1b8 0f01 	cmp.w	r8, #1
 8003df8:	d15f      	bne.n	8003eba <HAL_SPI_Transmit+0x14c>
      *((__IO uint8_t *)&hspi->Instance->DR) = *((const uint8_t *)hspi->pTxBuffPtr);
 8003dfa:	6b22      	ldr	r2, [r4, #48]	@ 0x30
 8003dfc:	6823      	ldr	r3, [r4, #0]
 8003dfe:	7812      	ldrb	r2, [r2, #0]
 8003e00:	731a      	strb	r2, [r3, #12]
      hspi->pTxBuffPtr += sizeof(uint8_t);
 8003e02:	6b23      	ldr	r3, [r4, #48]	@ 0x30
 8003e04:	3301      	adds	r3, #1
 8003e06:	6323      	str	r3, [r4, #48]	@ 0x30
      hspi->TxXferCount--;
 8003e08:	8ee3      	ldrh	r3, [r4, #54]	@ 0x36
 8003e0a:	b29b      	uxth	r3, r3
 8003e0c:	3b01      	subs	r3, #1
 8003e0e:	b29b      	uxth	r3, r3
 8003e10:	86e3      	strh	r3, [r4, #54]	@ 0x36
 8003e12:	e052      	b.n	8003eba <HAL_SPI_Transmit+0x14c>
    __HAL_SPI_DISABLE(hspi);
 8003e14:	6822      	ldr	r2, [r4, #0]
 8003e16:	6813      	ldr	r3, [r2, #0]
 8003e18:	f023 0340 	bic.w	r3, r3, #64	@ 0x40
 8003e1c:	6013      	str	r3, [r2, #0]
    SPI_1LINE_TX(hspi);
 8003e1e:	6822      	ldr	r2, [r4, #0]
 8003e20:	6813      	ldr	r3, [r2, #0]
 8003e22:	f443 4380 	orr.w	r3, r3, #16384	@ 0x4000
 8003e26:	6013      	str	r3, [r2, #0]
 8003e28:	e7d5      	b.n	8003dd6 <HAL_SPI_Transmit+0x68>
    if ((hspi->Init.Mode == SPI_MODE_SLAVE) || (initial_TxXferCount == 0x01U))
 8003e2a:	6863      	ldr	r3, [r4, #4]
 8003e2c:	b113      	cbz	r3, 8003e34 <HAL_SPI_Transmit+0xc6>
 8003e2e:	f1b8 0f01 	cmp.w	r8, #1
 8003e32:	d115      	bne.n	8003e60 <HAL_SPI_Transmit+0xf2>
      hspi->Instance->DR = *((const uint16_t *)hspi->pTxBuffPtr);
 8003e34:	6b22      	ldr	r2, [r4, #48]	@ 0x30
 8003e36:	6823      	ldr	r3, [r4, #0]
 8003e38:	8812      	ldrh	r2, [r2, #0]
 8003e3a:	60da      	str	r2, [r3, #12]
      hspi->pTxBuffPtr += sizeof(uint16_t);
 8003e3c:	6b23      	ldr	r3, [r4, #48]	@ 0x30
 8003e3e:	3302      	adds	r3, #2
 8003e40:	6323      	str	r3, [r4, #48]	@ 0x30
      hspi->TxXferCount--;
 8003e42:	8ee3      	ldrh	r3, [r4, #54]	@ 0x36
 8003e44:	b29b      	uxth	r3, r3
 8003e46:	3b01      	subs	r3, #1
 8003e48:	b29b      	uxth	r3, r3
 8003e4a:	86e3      	strh	r3, [r4, #54]	@ 0x36
 8003e4c:	e008      	b.n	8003e60 <HAL_SPI_Transmit+0xf2>
        if ((((HAL_GetTick() - tickstart) >=  Timeout) && (Timeout != HAL_MAX_DELAY)) || (Timeout == 0U))
 8003e4e:	f7fd fcf7 	bl	8001840 <HAL_GetTick>
 8003e52:	1bc0      	subs	r0, r0, r7
 8003e54:	42a8      	cmp	r0, r5
 8003e56:	d302      	bcc.n	8003e5e <HAL_SPI_Transmit+0xf0>
 8003e58:	f1b5 3fff 	cmp.w	r5, #4294967295
 8003e5c:	d115      	bne.n	8003e8a <HAL_SPI_Transmit+0x11c>
 8003e5e:	b1a5      	cbz	r5, 8003e8a <HAL_SPI_Transmit+0x11c>
    while (hspi->TxXferCount > 0U)
 8003e60:	8ee3      	ldrh	r3, [r4, #54]	@ 0x36
 8003e62:	b29b      	uxth	r3, r3
 8003e64:	2b00      	cmp	r3, #0
 8003e66:	d042      	beq.n	8003eee <HAL_SPI_Transmit+0x180>
      if (__HAL_SPI_GET_FLAG(hspi, SPI_FLAG_TXE))
 8003e68:	6823      	ldr	r3, [r4, #0]
 8003e6a:	689a      	ldr	r2, [r3, #8]
 8003e6c:	f012 0f02 	tst.w	r2, #2
 8003e70:	d0ed      	beq.n	8003e4e <HAL_SPI_Transmit+0xe0>
        hspi->Instance->DR = *((const uint16_t *)hspi->pTxBuffPtr);
 8003e72:	6b22      	ldr	r2, [r4, #48]	@ 0x30
 8003e74:	8812      	ldrh	r2, [r2, #0]
 8003e76:	60da      	str	r2, [r3, #12]
        hspi->pTxBuffPtr += sizeof(uint16_t);
 8003e78:	6b23      	ldr	r3, [r4, #48]	@ 0x30
 8003e7a:	3302      	adds	r3, #2
 8003e7c:	6323      	str	r3, [r4, #48]	@ 0x30
        hspi->TxXferCount--;
 8003e7e:	8ee3      	ldrh	r3, [r4, #54]	@ 0x36
 8003e80:	b29b      	uxth	r3, r3
 8003e82:	3b01      	subs	r3, #1
 8003e84:	b29b      	uxth	r3, r3
 8003e86:	86e3      	strh	r3, [r4, #54]	@ 0x36
 8003e88:	e7ea      	b.n	8003e60 <HAL_SPI_Transmit+0xf2>
          hspi->State = HAL_SPI_STATE_READY;
 8003e8a:	2301      	movs	r3, #1
 8003e8c:	f884 3051 	strb.w	r3, [r4, #81]	@ 0x51
          __HAL_UNLOCK(hspi);
 8003e90:	2300      	movs	r3, #0
 8003e92:	f884 3050 	strb.w	r3, [r4, #80]	@ 0x50
          return HAL_TIMEOUT;
 8003e96:	2603      	movs	r6, #3
 8003e98:	e045      	b.n	8003f26 <HAL_SPI_Transmit+0x1b8>
        *((__IO uint8_t *)&hspi->Instance->DR) = *((const uint8_t *)hspi->pTxBuffPtr);
 8003e9a:	6b22      	ldr	r2, [r4, #48]	@ 0x30
 8003e9c:	7812      	ldrb	r2, [r2, #0]
 8003e9e:	731a      	strb	r2, [r3, #12]
        hspi->pTxBuffPtr += sizeof(uint8_t);
 8003ea0:	6b23      	ldr	r3, [r4, #48]	@ 0x30
 8003ea2:	3301      	adds	r3, #1
 8003ea4:	6323      	str	r3, [r4, #48]	@ 0x30
        hspi->TxXferCount--;
 8003ea6:	f8b4 c036 	ldrh.w	ip, [r4, #54]	@ 0x36
 8003eaa:	fa1f fc8c 	uxth.w	ip, ip
 8003eae:	f10c 3cff 	add.w	ip, ip, #4294967295
 8003eb2:	fa1f fc8c 	uxth.w	ip, ip
 8003eb6:	f8a4 c036 	strh.w	ip, [r4, #54]	@ 0x36
    while (hspi->TxXferCount > 0U)
 8003eba:	8ee3      	ldrh	r3, [r4, #54]	@ 0x36
 8003ebc:	b29b      	uxth	r3, r3
 8003ebe:	b1b3      	cbz	r3, 8003eee <HAL_SPI_Transmit+0x180>
      if (__HAL_SPI_GET_FLAG(hspi, SPI_FLAG_TXE))
 8003ec0:	6823      	ldr	r3, [r4, #0]
 8003ec2:	689a      	ldr	r2, [r3, #8]
 8003ec4:	f012 0f02 	tst.w	r2, #2
 8003ec8:	d1e7      	bne.n	8003e9a <HAL_SPI_Transmit+0x12c>
        if ((((HAL_GetTick() - tickstart) >=  Timeout) && (Timeout != HAL_MAX_DELAY)) || (Timeout == 0U))
 8003eca:	f7fd fcb9 	bl	8001840 <HAL_GetTick>
 8003ece:	1bc0      	subs	r0, r0, r7
 8003ed0:	42a8      	cmp	r0, r5
 8003ed2:	d302      	bcc.n	8003eda <HAL_SPI_Transmit+0x16c>
 8003ed4:	f1b5 3fff 	cmp.w	r5, #4294967295
 8003ed8:	d101      	bne.n	8003ede <HAL_SPI_Transmit+0x170>
 8003eda:	2d00      	cmp	r5, #0
 8003edc:	d1ed      	bne.n	8003eba <HAL_SPI_Transmit+0x14c>
          hspi->State = HAL_SPI_STATE_READY;
 8003ede:	2301      	movs	r3, #1
 8003ee0:	f884 3051 	strb.w	r3, [r4, #81]	@ 0x51
          __HAL_UNLOCK(hspi);
 8003ee4:	2300      	movs	r3, #0
 8003ee6:	f884 3050 	strb.w	r3, [r4, #80]	@ 0x50
          return HAL_TIMEOUT;
 8003eea:	2603      	movs	r6, #3
 8003eec:	e01b      	b.n	8003f26 <HAL_SPI_Transmit+0x1b8>
  if (SPI_EndRxTxTransaction(hspi, Timeout, tickstart) != HAL_OK)
 8003eee:	463a      	mov	r2, r7
 8003ef0:	4629      	mov	r1, r5
 8003ef2:	4620      	mov	r0, r4
 8003ef4:	f7ff fe9c 	bl	8003c30 <SPI_EndRxTxTransaction>
 8003ef8:	b108      	cbz	r0, 8003efe <HAL_SPI_Transmit+0x190>
    hspi->ErrorCode = HAL_SPI_ERROR_FLAG;
 8003efa:	2320      	movs	r3, #32
 8003efc:	6563      	str	r3, [r4, #84]	@ 0x54
  if (hspi->Init.Direction == SPI_DIRECTION_2LINES)
 8003efe:	68a3      	ldr	r3, [r4, #8]
 8003f00:	b933      	cbnz	r3, 8003f10 <HAL_SPI_Transmit+0x1a2>
    __HAL_SPI_CLEAR_OVRFLAG(hspi);
 8003f02:	9301      	str	r3, [sp, #4]
 8003f04:	6823      	ldr	r3, [r4, #0]
 8003f06:	68da      	ldr	r2, [r3, #12]
 8003f08:	9201      	str	r2, [sp, #4]
 8003f0a:	689b      	ldr	r3, [r3, #8]
 8003f0c:	9301      	str	r3, [sp, #4]
 8003f0e:	9b01      	ldr	r3, [sp, #4]
  hspi->State = HAL_SPI_STATE_READY;
 8003f10:	2301      	movs	r3, #1
 8003f12:	f884 3051 	strb.w	r3, [r4, #81]	@ 0x51
  __HAL_UNLOCK(hspi);
 8003f16:	2300      	movs	r3, #0
 8003f18:	f884 3050 	strb.w	r3, [r4, #80]	@ 0x50
  if (hspi->ErrorCode != HAL_SPI_ERROR_NONE)
 8003f1c:	6d63      	ldr	r3, [r4, #84]	@ 0x54
 8003f1e:	b913      	cbnz	r3, 8003f26 <HAL_SPI_Transmit+0x1b8>
    return HAL_OK;
 8003f20:	2600      	movs	r6, #0
 8003f22:	e000      	b.n	8003f26 <HAL_SPI_Transmit+0x1b8>
    return HAL_BUSY;
 8003f24:	2602      	movs	r6, #2
}
 8003f26:	4630      	mov	r0, r6
 8003f28:	b003      	add	sp, #12
 8003f2a:	e8bd 83f0 	ldmia.w	sp!, {r4, r5, r6, r7, r8, r9, pc}
  __HAL_LOCK(hspi);
 8003f2e:	2602      	movs	r6, #2
 8003f30:	e7f9      	b.n	8003f26 <HAL_SPI_Transmit+0x1b8>

08003f32 <HAL_SPI_TransmitReceive>:
{
 8003f32:	e92d 43f0 	stmdb	sp!, {r4, r5, r6, r7, r8, r9, lr}
 8003f36:	b083      	sub	sp, #12
 8003f38:	4604      	mov	r4, r0
 8003f3a:	4688      	mov	r8, r1
 8003f3c:	4691      	mov	r9, r2
 8003f3e:	461f      	mov	r7, r3
 8003f40:	9d0a      	ldr	r5, [sp, #40]	@ 0x28
  tickstart = HAL_GetTick();
 8003f42:	f7fd fc7d 	bl	8001840 <HAL_GetTick>
 8003f46:	4606      	mov	r6, r0
  tmp_state           = hspi->State;
 8003f48:	f894 3051 	ldrb.w	r3, [r4, #81]	@ 0x51
 8003f4c:	b2db      	uxtb	r3, r3
  tmp_mode            = hspi->Init.Mode;
 8003f4e:	6862      	ldr	r2, [r4, #4]
  if (!((tmp_state == HAL_SPI_STATE_READY) || \
 8003f50:	2b01      	cmp	r3, #1
 8003f52:	d00a      	beq.n	8003f6a <HAL_SPI_TransmitReceive+0x38>
 8003f54:	f5b2 7f82 	cmp.w	r2, #260	@ 0x104
 8003f58:	f040 8105 	bne.w	8004166 <HAL_SPI_TransmitReceive+0x234>
        ((tmp_mode == SPI_MODE_MASTER) && (hspi->Init.Direction == SPI_DIRECTION_2LINES) &&
 8003f5c:	68a2      	ldr	r2, [r4, #8]
 8003f5e:	2a00      	cmp	r2, #0
 8003f60:	f040 8105 	bne.w	800416e <HAL_SPI_TransmitReceive+0x23c>
 8003f64:	2b04      	cmp	r3, #4
 8003f66:	f040 8104 	bne.w	8004172 <HAL_SPI_TransmitReceive+0x240>
  if ((pTxData == NULL) || (pRxData == NULL) || (Size == 0U))
 8003f6a:	f1b8 0f00 	cmp.w	r8, #0
 8003f6e:	f000 8102 	beq.w	8004176 <HAL_SPI_TransmitReceive+0x244>
 8003f72:	f1b9 0f00 	cmp.w	r9, #0
 8003f76:	f000 8100 	beq.w	800417a <HAL_SPI_TransmitReceive+0x248>
 8003f7a:	2f00      	cmp	r7, #0
 8003f7c:	f000 80ff 	beq.w	800417e <HAL_SPI_TransmitReceive+0x24c>
  __HAL_LOCK(hspi);
 8003f80:	f894 3050 	ldrb.w	r3, [r4, #80]	@ 0x50
 8003f84:	2b01      	cmp	r3, #1
 8003f86:	f000 80fc 	beq.w	8004182 <HAL_SPI_TransmitReceive+0x250>
 8003f8a:	2301      	movs	r3, #1
 8003f8c:	f884 3050 	strb.w	r3, [r4, #80]	@ 0x50
  if (hspi->State != HAL_SPI_STATE_BUSY_RX)
 8003f90:	f894 3051 	ldrb.w	r3, [r4, #81]	@ 0x51
 8003f94:	b2db      	uxtb	r3, r3
 8003f96:	2b04      	cmp	r3, #4
 8003f98:	d002      	beq.n	8003fa0 <HAL_SPI_TransmitReceive+0x6e>
    hspi->State = HAL_SPI_STATE_BUSY_TX_RX;
 8003f9a:	2305      	movs	r3, #5
 8003f9c:	f884 3051 	strb.w	r3, [r4, #81]	@ 0x51
  hspi->ErrorCode   = HAL_SPI_ERROR_NONE;
 8003fa0:	2300      	movs	r3, #0
 8003fa2:	6563      	str	r3, [r4, #84]	@ 0x54
  hspi->pRxBuffPtr  = (uint8_t *)pRxData;
 8003fa4:	f8c4 9038 	str.w	r9, [r4, #56]	@ 0x38
  hspi->RxXferCount = Size;
 8003fa8:	87e7      	strh	r7, [r4, #62]	@ 0x3e
  hspi->RxXferSize  = Size;
 8003faa:	87a7      	strh	r7, [r4, #60]	@ 0x3c
  hspi->pTxBuffPtr  = (const uint8_t *)pTxData;
 8003fac:	f8c4 8030 	str.w	r8, [r4, #48]	@ 0x30
  hspi->TxXferCount = Size;
 8003fb0:	86e7      	strh	r7, [r4, #54]	@ 0x36
  hspi->TxXferSize  = Size;
 8003fb2:	86a7      	strh	r7, [r4, #52]	@ 0x34
  hspi->RxISR       = NULL;
 8003fb4:	6423      	str	r3, [r4, #64]	@ 0x40
  hspi->TxISR       = NULL;
 8003fb6:	6463      	str	r3, [r4, #68]	@ 0x44
  if ((hspi->Instance->CR1 & SPI_CR1_SPE) != SPI_CR1_SPE)
 8003fb8:	6823      	ldr	r3, [r4, #0]
 8003fba:	681a      	ldr	r2, [r3, #0]
 8003fbc:	f012 0f40 	tst.w	r2, #64	@ 0x40
 8003fc0:	d103      	bne.n	8003fca <HAL_SPI_TransmitReceive+0x98>
    __HAL_SPI_ENABLE(hspi);
 8003fc2:	681a      	ldr	r2, [r3, #0]
 8003fc4:	f042 0240 	orr.w	r2, r2, #64	@ 0x40
 8003fc8:	601a      	str	r2, [r3, #0]
  if (hspi->Init.DataSize == SPI_DATASIZE_16BIT)
 8003fca:	68e3      	ldr	r3, [r4, #12]
 8003fcc:	f5b3 6f00 	cmp.w	r3, #2048	@ 0x800
 8003fd0:	d011      	beq.n	8003ff6 <HAL_SPI_TransmitReceive+0xc4>
    if ((hspi->Init.Mode == SPI_MODE_SLAVE) || (initial_TxXferCount == 0x01U))
 8003fd2:	6863      	ldr	r3, [r4, #4]
 8003fd4:	b10b      	cbz	r3, 8003fda <HAL_SPI_TransmitReceive+0xa8>
 8003fd6:	2f01      	cmp	r7, #1
 8003fd8:	d10b      	bne.n	8003ff2 <HAL_SPI_TransmitReceive+0xc0>
      *((__IO uint8_t *)&hspi->Instance->DR) = *((const uint8_t *)hspi->pTxBuffPtr);
 8003fda:	6b22      	ldr	r2, [r4, #48]	@ 0x30
 8003fdc:	6823      	ldr	r3, [r4, #0]
 8003fde:	7812      	ldrb	r2, [r2, #0]
 8003fe0:	731a      	strb	r2, [r3, #12]
      hspi->pTxBuffPtr += sizeof(uint8_t);
 8003fe2:	6b23      	ldr	r3, [r4, #48]	@ 0x30
 8003fe4:	3301      	adds	r3, #1
 8003fe6:	6323      	str	r3, [r4, #48]	@ 0x30
      hspi->TxXferCount--;
 8003fe8:	8ee3      	ldrh	r3, [r4, #54]	@ 0x36
 8003fea:	b29b      	uxth	r3, r3
 8003fec:	3b01      	subs	r3, #1
 8003fee:	b29b      	uxth	r3, r3
 8003ff0:	86e3      	strh	r3, [r4, #54]	@ 0x36
        txallowed = 1U;
 8003ff2:	2701      	movs	r7, #1
 8003ff4:	e071      	b.n	80040da <HAL_SPI_TransmitReceive+0x1a8>
    if ((hspi->Init.Mode == SPI_MODE_SLAVE) || (initial_TxXferCount == 0x01U))
 8003ff6:	6863      	ldr	r3, [r4, #4]
 8003ff8:	b10b      	cbz	r3, 8003ffe <HAL_SPI_TransmitReceive+0xcc>
 8003ffa:	2f01      	cmp	r7, #1
 8003ffc:	d10b      	bne.n	8004016 <HAL_SPI_TransmitReceive+0xe4>
      hspi->Instance->DR = *((const uint16_t *)hspi->pTxBuffPtr);
 8003ffe:	6b22      	ldr	r2, [r4, #48]	@ 0x30
 8004000:	6823      	ldr	r3, [r4, #0]
 8004002:	8812      	ldrh	r2, [r2, #0]
 8004004:	60da      	str	r2, [r3, #12]
      hspi->pTxBuffPtr += sizeof(uint16_t);
 8004006:	6b23      	ldr	r3, [r4, #48]	@ 0x30
 8004008:	3302      	adds	r3, #2
 800400a:	6323      	str	r3, [r4, #48]	@ 0x30
      hspi->TxXferCount--;
 800400c:	8ee3      	ldrh	r3, [r4, #54]	@ 0x36
 800400e:	b29b      	uxth	r3, r3
 8004010:	3b01      	subs	r3, #1
 8004012:	b29b      	uxth	r3, r3
 8004014:	86e3      	strh	r3, [r4, #54]	@ 0x36
        txallowed = 1U;
 8004016:	2701      	movs	r7, #1
 8004018:	e01b      	b.n	8004052 <HAL_SPI_TransmitReceive+0x120>
      if ((__HAL_SPI_GET_FLAG(hspi, SPI_FLAG_RXNE)) && (hspi->RxXferCount > 0U))
 800401a:	6823      	ldr	r3, [r4, #0]
 800401c:	689a      	ldr	r2, [r3, #8]
 800401e:	f012 0f01 	tst.w	r2, #1
 8004022:	d00e      	beq.n	8004042 <HAL_SPI_TransmitReceive+0x110>
 8004024:	8fe2      	ldrh	r2, [r4, #62]	@ 0x3e
 8004026:	b292      	uxth	r2, r2
 8004028:	b15a      	cbz	r2, 8004042 <HAL_SPI_TransmitReceive+0x110>
        *((uint16_t *)hspi->pRxBuffPtr) = (uint16_t)hspi->Instance->DR;
 800402a:	68da      	ldr	r2, [r3, #12]
 800402c:	6ba3      	ldr	r3, [r4, #56]	@ 0x38
 800402e:	801a      	strh	r2, [r3, #0]
        hspi->pRxBuffPtr += sizeof(uint16_t);
 8004030:	6ba3      	ldr	r3, [r4, #56]	@ 0x38
 8004032:	3302      	adds	r3, #2
 8004034:	63a3      	str	r3, [r4, #56]	@ 0x38
        hspi->RxXferCount--;
 8004036:	8fe3      	ldrh	r3, [r4, #62]	@ 0x3e
 8004038:	b29b      	uxth	r3, r3
 800403a:	3b01      	subs	r3, #1
 800403c:	b29b      	uxth	r3, r3
 800403e:	87e3      	strh	r3, [r4, #62]	@ 0x3e
        txallowed = 1U;
 8004040:	2701      	movs	r7, #1
      if (((HAL_GetTick() - tickstart) >=  Timeout) && (Timeout != HAL_MAX_DELAY))
 8004042:	f7fd fbfd 	bl	8001840 <HAL_GetTick>
 8004046:	1b80      	subs	r0, r0, r6
 8004048:	42a8      	cmp	r0, r5
 800404a:	d302      	bcc.n	8004052 <HAL_SPI_TransmitReceive+0x120>
 800404c:	f1b5 3fff 	cmp.w	r5, #4294967295
 8004050:	d11e      	bne.n	8004090 <HAL_SPI_TransmitReceive+0x15e>
    while ((hspi->TxXferCount > 0U) || (hspi->RxXferCount > 0U))
 8004052:	8ee3      	ldrh	r3, [r4, #54]	@ 0x36
 8004054:	b29b      	uxth	r3, r3
 8004056:	b91b      	cbnz	r3, 8004060 <HAL_SPI_TransmitReceive+0x12e>
 8004058:	8fe3      	ldrh	r3, [r4, #62]	@ 0x3e
 800405a:	b29b      	uxth	r3, r3
 800405c:	2b00      	cmp	r3, #0
 800405e:	d062      	beq.n	8004126 <HAL_SPI_TransmitReceive+0x1f4>
      if ((__HAL_SPI_GET_FLAG(hspi, SPI_FLAG_TXE)) && (hspi->TxXferCount > 0U) && (txallowed == 1U))
 8004060:	6823      	ldr	r3, [r4, #0]
 8004062:	689a      	ldr	r2, [r3, #8]
 8004064:	f012 0f02 	tst.w	r2, #2
 8004068:	d0d7      	beq.n	800401a <HAL_SPI_TransmitReceive+0xe8>
 800406a:	8ee2      	ldrh	r2, [r4, #54]	@ 0x36
 800406c:	b292      	uxth	r2, r2
 800406e:	2a00      	cmp	r2, #0
 8004070:	d0d3      	beq.n	800401a <HAL_SPI_TransmitReceive+0xe8>
 8004072:	2f00      	cmp	r7, #0
 8004074:	d0d1      	beq.n	800401a <HAL_SPI_TransmitReceive+0xe8>
        hspi->Instance->DR = *((const uint16_t *)hspi->pTxBuffPtr);
 8004076:	6b22      	ldr	r2, [r4, #48]	@ 0x30
 8004078:	8812      	ldrh	r2, [r2, #0]
 800407a:	60da      	str	r2, [r3, #12]
        hspi->pTxBuffPtr += sizeof(uint16_t);
 800407c:	6b23      	ldr	r3, [r4, #48]	@ 0x30
 800407e:	3302      	adds	r3, #2
 8004080:	6323      	str	r3, [r4, #48]	@ 0x30
        hspi->TxXferCount--;
 8004082:	8ee3      	ldrh	r3, [r4, #54]	@ 0x36
 8004084:	b29b      	uxth	r3, r3
 8004086:	3b01      	subs	r3, #1
 8004088:	b29b      	uxth	r3, r3
 800408a:	86e3      	strh	r3, [r4, #54]	@ 0x36
        txallowed = 0U;
 800408c:	2700      	movs	r7, #0
 800408e:	e7c4      	b.n	800401a <HAL_SPI_TransmitReceive+0xe8>
        hspi->State = HAL_SPI_STATE_READY;
 8004090:	2301      	movs	r3, #1
 8004092:	f884 3051 	strb.w	r3, [r4, #81]	@ 0x51
        __HAL_UNLOCK(hspi);
 8004096:	2300      	movs	r3, #0
 8004098:	f884 3050 	strb.w	r3, [r4, #80]	@ 0x50
        return HAL_TIMEOUT;
 800409c:	2003      	movs	r0, #3
 800409e:	e063      	b.n	8004168 <HAL_SPI_TransmitReceive+0x236>
      if ((__HAL_SPI_GET_FLAG(hspi, SPI_FLAG_RXNE)) && (hspi->RxXferCount > 0U))
 80040a0:	6823      	ldr	r3, [r4, #0]
 80040a2:	689a      	ldr	r2, [r3, #8]
 80040a4:	f012 0f01 	tst.w	r2, #1
 80040a8:	d00e      	beq.n	80040c8 <HAL_SPI_TransmitReceive+0x196>
 80040aa:	8fe2      	ldrh	r2, [r4, #62]	@ 0x3e
 80040ac:	b292      	uxth	r2, r2
 80040ae:	b15a      	cbz	r2, 80040c8 <HAL_SPI_TransmitReceive+0x196>
        (*(uint8_t *)hspi->pRxBuffPtr) = hspi->Instance->DR;
 80040b0:	68da      	ldr	r2, [r3, #12]
 80040b2:	6ba3      	ldr	r3, [r4, #56]	@ 0x38
 80040b4:	701a      	strb	r2, [r3, #0]
        hspi->pRxBuffPtr++;
 80040b6:	6ba3      	ldr	r3, [r4, #56]	@ 0x38
 80040b8:	3301      	adds	r3, #1
 80040ba:	63a3      	str	r3, [r4, #56]	@ 0x38
        hspi->RxXferCount--;
 80040bc:	8fe3      	ldrh	r3, [r4, #62]	@ 0x3e
 80040be:	b29b      	uxth	r3, r3
 80040c0:	3b01      	subs	r3, #1
 80040c2:	b29b      	uxth	r3, r3
 80040c4:	87e3      	strh	r3, [r4, #62]	@ 0x3e
        txallowed = 1U;
 80040c6:	2701      	movs	r7, #1
      if ((((HAL_GetTick() - tickstart) >=  Timeout) && ((Timeout != HAL_MAX_DELAY))) || (Timeout == 0U))
 80040c8:	f7fd fbba 	bl	8001840 <HAL_GetTick>
 80040cc:	1b83      	subs	r3, r0, r6
 80040ce:	42ab      	cmp	r3, r5
 80040d0:	d302      	bcc.n	80040d8 <HAL_SPI_TransmitReceive+0x1a6>
 80040d2:	f1b5 3fff 	cmp.w	r5, #4294967295
 80040d6:	d11e      	bne.n	8004116 <HAL_SPI_TransmitReceive+0x1e4>
 80040d8:	b1ed      	cbz	r5, 8004116 <HAL_SPI_TransmitReceive+0x1e4>
    while ((hspi->TxXferCount > 0U) || (hspi->RxXferCount > 0U))
 80040da:	8ee3      	ldrh	r3, [r4, #54]	@ 0x36
 80040dc:	b29b      	uxth	r3, r3
 80040de:	b913      	cbnz	r3, 80040e6 <HAL_SPI_TransmitReceive+0x1b4>
 80040e0:	8fe3      	ldrh	r3, [r4, #62]	@ 0x3e
 80040e2:	b29b      	uxth	r3, r3
 80040e4:	b1fb      	cbz	r3, 8004126 <HAL_SPI_TransmitReceive+0x1f4>
      if ((__HAL_SPI_GET_FLAG(hspi, SPI_FLAG_TXE)) && (hspi->TxXferCount > 0U) && (txallowed == 1U))
 80040e6:	6823      	ldr	r3, [r4, #0]
 80040e8:	689a      	ldr	r2, [r3, #8]
 80040ea:	f012 0f02 	tst.w	r2, #2
 80040ee:	d0d7      	beq.n	80040a0 <HAL_SPI_TransmitReceive+0x16e>
 80040f0:	8ee2      	ldrh	r2, [r4, #54]	@ 0x36
 80040f2:	b292      	uxth	r2, r2
 80040f4:	2a00      	cmp	r2, #0
 80040f6:	d0d3      	beq.n	80040a0 <HAL_SPI_TransmitReceive+0x16e>
 80040f8:	2f00      	cmp	r7, #0
 80040fa:	d0d1      	beq.n	80040a0 <HAL_SPI_TransmitReceive+0x16e>
        *(__IO uint8_t *)&hspi->Instance->DR = *((const uint8_t *)hspi->pTxBuffPtr);
 80040fc:	6b22      	ldr	r2, [r4, #48]	@ 0x30
 80040fe:	7812      	ldrb	r2, [r2, #0]
 8004100:	731a      	strb	r2, [r3, #12]
        hspi->pTxBuffPtr++;
 8004102:	6b23      	ldr	r3, [r4, #48]	@ 0x30
 8004104:	3301      	adds	r3, #1
 8004106:	6323      	str	r3, [r4, #48]	@ 0x30
        hspi->TxXferCount--;
 8004108:	8ee3      	ldrh	r3, [r4, #54]	@ 0x36
 800410a:	b29b      	uxth	r3, r3
 800410c:	3b01      	subs	r3, #1
 800410e:	b29b      	uxth	r3, r3
 8004110:	86e3      	strh	r3, [r4, #54]	@ 0x36
        txallowed = 0U;
 8004112:	2700      	movs	r7, #0
 8004114:	e7c4      	b.n	80040a0 <HAL_SPI_TransmitReceive+0x16e>
        hspi->State = HAL_SPI_STATE_READY;
 8004116:	2301      	movs	r3, #1
 8004118:	f884 3051 	strb.w	r3, [r4, #81]	@ 0x51
        __HAL_UNLOCK(hspi);
 800411c:	2300      	movs	r3, #0
 800411e:	f884 3050 	strb.w	r3, [r4, #80]	@ 0x50
        return HAL_TIMEOUT;
 8004122:	2003      	movs	r0, #3
 8004124:	e020      	b.n	8004168 <HAL_SPI_TransmitReceive+0x236>
  if (SPI_EndRxTxTransaction(hspi, Timeout, tickstart) != HAL_OK)
 8004126:	4632      	mov	r2, r6
 8004128:	4629      	mov	r1, r5
 800412a:	4620      	mov	r0, r4
 800412c:	f7ff fd80 	bl	8003c30 <SPI_EndRxTxTransaction>
 8004130:	b990      	cbnz	r0, 8004158 <HAL_SPI_TransmitReceive+0x226>
  if (hspi->Init.Direction == SPI_DIRECTION_2LINES)
 8004132:	68a3      	ldr	r3, [r4, #8]
 8004134:	b933      	cbnz	r3, 8004144 <HAL_SPI_TransmitReceive+0x212>
    __HAL_SPI_CLEAR_OVRFLAG(hspi);
 8004136:	9301      	str	r3, [sp, #4]
 8004138:	6823      	ldr	r3, [r4, #0]
 800413a:	68da      	ldr	r2, [r3, #12]
 800413c:	9201      	str	r2, [sp, #4]
 800413e:	689b      	ldr	r3, [r3, #8]
 8004140:	9301      	str	r3, [sp, #4]
 8004142:	9b01      	ldr	r3, [sp, #4]
  hspi->State = HAL_SPI_STATE_READY;
 8004144:	2301      	movs	r3, #1
 8004146:	f884 3051 	strb.w	r3, [r4, #81]	@ 0x51
  __HAL_UNLOCK(hspi);
 800414a:	2300      	movs	r3, #0
 800414c:	f884 3050 	strb.w	r3, [r4, #80]	@ 0x50
  if (hspi->ErrorCode != HAL_SPI_ERROR_NONE)
 8004150:	6d63      	ldr	r3, [r4, #84]	@ 0x54
 8004152:	b14b      	cbz	r3, 8004168 <HAL_SPI_TransmitReceive+0x236>
    return HAL_ERROR;
 8004154:	2001      	movs	r0, #1
 8004156:	e007      	b.n	8004168 <HAL_SPI_TransmitReceive+0x236>
    hspi->ErrorCode = HAL_SPI_ERROR_FLAG;
 8004158:	2320      	movs	r3, #32
 800415a:	6563      	str	r3, [r4, #84]	@ 0x54
    __HAL_UNLOCK(hspi);
 800415c:	2300      	movs	r3, #0
 800415e:	f884 3050 	strb.w	r3, [r4, #80]	@ 0x50
    return HAL_ERROR;
 8004162:	2001      	movs	r0, #1
 8004164:	e000      	b.n	8004168 <HAL_SPI_TransmitReceive+0x236>
    return HAL_BUSY;
 8004166:	2002      	movs	r0, #2
}
 8004168:	b003      	add	sp, #12
 800416a:	e8bd 83f0 	ldmia.w	sp!, {r4, r5, r6, r7, r8, r9, pc}
    return HAL_BUSY;
 800416e:	2002      	movs	r0, #2
 8004170:	e7fa      	b.n	8004168 <HAL_SPI_TransmitReceive+0x236>
 8004172:	2002      	movs	r0, #2
 8004174:	e7f8      	b.n	8004168 <HAL_SPI_TransmitReceive+0x236>
    return HAL_ERROR;
 8004176:	2001      	movs	r0, #1
 8004178:	e7f6      	b.n	8004168 <HAL_SPI_TransmitReceive+0x236>
 800417a:	2001      	movs	r0, #1
 800417c:	e7f4      	b.n	8004168 <HAL_SPI_TransmitReceive+0x236>
 800417e:	2001      	movs	r0, #1
 8004180:	e7f2      	b.n	8004168 <HAL_SPI_TransmitReceive+0x236>
  __HAL_LOCK(hspi);
 8004182:	2002      	movs	r0, #2
 8004184:	e7f0      	b.n	8004168 <HAL_SPI_TransmitReceive+0x236>

08004186 <HAL_SPI_GetState>:
  return hspi->State;
 8004186:	f890 0051 	ldrb.w	r0, [r0, #81]	@ 0x51
}
 800418a:	4770      	bx	lr

0800418c <HAL_TIM_Base_Start_IT>:

  /* Check the parameters */
  assert_param(IS_TIM_INSTANCE(htim->Instance));

  /* Check the TIM state */
  if (htim->State != HAL_TIM_STATE_READY)
 800418c:	f890 303d 	ldrb.w	r3, [r0, #61]	@ 0x3d
 8004190:	b2db      	uxtb	r3, r3
 8004192:	2b01      	cmp	r3, #1
 8004194:	d12f      	bne.n	80041f6 <HAL_TIM_Base_Start_IT+0x6a>
  {
    return HAL_ERROR;
  }

  /* Set the TIM state */
  htim->State = HAL_TIM_STATE_BUSY;
 8004196:	2302      	movs	r3, #2
 8004198:	f880 303d 	strb.w	r3, [r0, #61]	@ 0x3d

  /* Enable the TIM Update interrupt */
  __HAL_TIM_ENABLE_IT(htim, TIM_IT_UPDATE);
 800419c:	6802      	ldr	r2, [r0, #0]
 800419e:	68d3      	ldr	r3, [r2, #12]
 80041a0:	f043 0301 	orr.w	r3, r3, #1
 80041a4:	60d3      	str	r3, [r2, #12]

  /* Enable the Peripheral, except in trigger mode where enable is automatically done with trigger */
  if (IS_TIM_SLAVE_INSTANCE(htim->Instance))
 80041a6:	6803      	ldr	r3, [r0, #0]
 80041a8:	4a15      	ldr	r2, [pc, #84]	@ (8004200 <HAL_TIM_Base_Start_IT+0x74>)
 80041aa:	4293      	cmp	r3, r2
 80041ac:	d018      	beq.n	80041e0 <HAL_TIM_Base_Start_IT+0x54>
 80041ae:	f1b3 4f80 	cmp.w	r3, #1073741824	@ 0x40000000
 80041b2:	d015      	beq.n	80041e0 <HAL_TIM_Base_Start_IT+0x54>
 80041b4:	f5a2 427c 	sub.w	r2, r2, #64512	@ 0xfc00
 80041b8:	4293      	cmp	r3, r2
 80041ba:	d011      	beq.n	80041e0 <HAL_TIM_Base_Start_IT+0x54>
 80041bc:	f502 6280 	add.w	r2, r2, #1024	@ 0x400
 80041c0:	4293      	cmp	r3, r2
 80041c2:	d00d      	beq.n	80041e0 <HAL_TIM_Base_Start_IT+0x54>
 80041c4:	f502 6280 	add.w	r2, r2, #1024	@ 0x400
 80041c8:	4293      	cmp	r3, r2
 80041ca:	d009      	beq.n	80041e0 <HAL_TIM_Base_Start_IT+0x54>
 80041cc:	f502 329a 	add.w	r2, r2, #78848	@ 0x13400
 80041d0:	4293      	cmp	r3, r2
 80041d2:	d005      	beq.n	80041e0 <HAL_TIM_Base_Start_IT+0x54>
      __HAL_TIM_ENABLE(htim);
    }
  }
  else
  {
    __HAL_TIM_ENABLE(htim);
 80041d4:	681a      	ldr	r2, [r3, #0]
 80041d6:	f042 0201 	orr.w	r2, r2, #1
 80041da:	601a      	str	r2, [r3, #0]
  }

  /* Return function status */
  return HAL_OK;
 80041dc:	2000      	movs	r0, #0
 80041de:	4770      	bx	lr
    tmpsmcr = htim->Instance->SMCR & TIM_SMCR_SMS;
 80041e0:	689a      	ldr	r2, [r3, #8]
 80041e2:	f002 0207 	and.w	r2, r2, #7
    if (!IS_TIM_SLAVEMODE_TRIGGER_ENABLED(tmpsmcr))
 80041e6:	2a06      	cmp	r2, #6
 80041e8:	d007      	beq.n	80041fa <HAL_TIM_Base_Start_IT+0x6e>
      __HAL_TIM_ENABLE(htim);
 80041ea:	681a      	ldr	r2, [r3, #0]
 80041ec:	f042 0201 	orr.w	r2, r2, #1
 80041f0:	601a      	str	r2, [r3, #0]
  return HAL_OK;
 80041f2:	2000      	movs	r0, #0
 80041f4:	4770      	bx	lr
    return HAL_ERROR;
 80041f6:	2001      	movs	r0, #1
 80041f8:	4770      	bx	lr
  return HAL_OK;
 80041fa:	2000      	movs	r0, #0
}
 80041fc:	4770      	bx	lr
 80041fe:	bf00      	nop
 8004200:	40010000 	.word	0x40010000

08004204 <HAL_TIM_OC_DelayElapsedCallback>:
  UNUSED(htim);

  /* NOTE : This function should not be modified, when the callback is needed,
            the HAL_TIM_OC_DelayElapsedCallback could be implemented in the user file
   */
}
 8004204:	4770      	bx	lr

08004206 <HAL_TIM_IC_CaptureCallback>:
  UNUSED(htim);

  /* NOTE : This function should not be modified, when the callback is needed,
            the HAL_TIM_IC_CaptureCallback could be implemented in the user file
   */
}
 8004206:	4770      	bx	lr

08004208 <HAL_TIM_PWM_PulseFinishedCallback>:
  UNUSED(htim);

  /* NOTE : This function should not be modified, when the callback is needed,
            the HAL_TIM_PWM_PulseFinishedCallback could be implemented in the user file
   */
}
 8004208:	4770      	bx	lr

0800420a <HAL_TIM_TriggerCallback>:
  UNUSED(htim);

  /* NOTE : This function should not be modified, when the callback is needed,
            the HAL_TIM_TriggerCallback could be implemented in the user file
   */
}
 800420a:	4770      	bx	lr

0800420c <HAL_TIM_IRQHandler>:
{
 800420c:	b570      	push	{r4, r5, r6, lr}
 800420e:	4604      	mov	r4, r0
  uint32_t itsource = htim->Instance->DIER;
 8004210:	6803      	ldr	r3, [r0, #0]
 8004212:	68de      	ldr	r6, [r3, #12]
  uint32_t itflag   = htim->Instance->SR;
 8004214:	691d      	ldr	r5, [r3, #16]
  if ((itflag & (TIM_FLAG_CC1)) == (TIM_FLAG_CC1))
 8004216:	f015 0f02 	tst.w	r5, #2
 800421a:	d010      	beq.n	800423e <HAL_TIM_IRQHandler+0x32>
    if ((itsource & (TIM_IT_CC1)) == (TIM_IT_CC1))
 800421c:	f016 0f02 	tst.w	r6, #2
 8004220:	d00d      	beq.n	800423e <HAL_TIM_IRQHandler+0x32>
        __HAL_TIM_CLEAR_FLAG(htim, TIM_FLAG_CC1);
 8004222:	f06f 0202 	mvn.w	r2, #2
 8004226:	611a      	str	r2, [r3, #16]
        htim->Channel = HAL_TIM_ACTIVE_CHANNEL_1;
 8004228:	2301      	movs	r3, #1
 800422a:	7703      	strb	r3, [r0, #28]
        if ((htim->Instance->CCMR1 & TIM_CCMR1_CC1S) != 0x00U)
 800422c:	6803      	ldr	r3, [r0, #0]
 800422e:	699b      	ldr	r3, [r3, #24]
 8004230:	f013 0f03 	tst.w	r3, #3
 8004234:	d05e      	beq.n	80042f4 <HAL_TIM_IRQHandler+0xe8>
          HAL_TIM_IC_CaptureCallback(htim);
 8004236:	f7ff ffe6 	bl	8004206 <HAL_TIM_IC_CaptureCallback>
        htim->Channel = HAL_TIM_ACTIVE_CHANNEL_CLEARED;
 800423a:	2300      	movs	r3, #0
 800423c:	7723      	strb	r3, [r4, #28]
  if ((itflag & (TIM_FLAG_CC2)) == (TIM_FLAG_CC2))
 800423e:	f015 0f04 	tst.w	r5, #4
 8004242:	d012      	beq.n	800426a <HAL_TIM_IRQHandler+0x5e>
    if ((itsource & (TIM_IT_CC2)) == (TIM_IT_CC2))
 8004244:	f016 0f04 	tst.w	r6, #4
 8004248:	d00f      	beq.n	800426a <HAL_TIM_IRQHandler+0x5e>
      __HAL_TIM_CLEAR_FLAG(htim, TIM_FLAG_CC2);
 800424a:	6823      	ldr	r3, [r4, #0]
 800424c:	f06f 0204 	mvn.w	r2, #4
 8004250:	611a      	str	r2, [r3, #16]
      htim->Channel = HAL_TIM_ACTIVE_CHANNEL_2;
 8004252:	2302      	movs	r3, #2
 8004254:	7723      	strb	r3, [r4, #28]
      if ((htim->Instance->CCMR1 & TIM_CCMR1_CC2S) != 0x00U)
 8004256:	6823      	ldr	r3, [r4, #0]
 8004258:	699b      	ldr	r3, [r3, #24]
 800425a:	f413 7f40 	tst.w	r3, #768	@ 0x300
 800425e:	d04f      	beq.n	8004300 <HAL_TIM_IRQHandler+0xf4>
        HAL_TIM_IC_CaptureCallback(htim);
 8004260:	4620      	mov	r0, r4
 8004262:	f7ff ffd0 	bl	8004206 <HAL_TIM_IC_CaptureCallback>
      htim->Channel = HAL_TIM_ACTIVE_CHANNEL_CLEARED;
 8004266:	2300      	movs	r3, #0
 8004268:	7723      	strb	r3, [r4, #28]
  if ((itflag & (TIM_FLAG_CC3)) == (TIM_FLAG_CC3))
 800426a:	f015 0f08 	tst.w	r5, #8
 800426e:	d012      	beq.n	8004296 <HAL_TIM_IRQHandler+0x8a>
    if ((itsource & (TIM_IT_CC3)) == (TIM_IT_CC3))
 8004270:	f016 0f08 	tst.w	r6, #8
 8004274:	d00f      	beq.n	8004296 <HAL_TIM_IRQHandler+0x8a>
      __HAL_TIM_CLEAR_FLAG(htim, TIM_FLAG_CC3);
 8004276:	6823      	ldr	r3, [r4, #0]
 8004278:	f06f 0208 	mvn.w	r2, #8
 800427c:	611a      	str	r2, [r3, #16]
      htim->Channel = HAL_TIM_ACTIVE_CHANNEL_3;
 800427e:	2304      	movs	r3, #4
 8004280:	7723      	strb	r3, [r4, #28]
      if ((htim->Instance->CCMR2 & TIM_CCMR2_CC3S) != 0x00U)
 8004282:	6823      	ldr	r3, [r4, #0]
 8004284:	69db      	ldr	r3, [r3, #28]
 8004286:	f013 0f03 	tst.w	r3, #3
 800428a:	d040      	beq.n	800430e <HAL_TIM_IRQHandler+0x102>
        HAL_TIM_IC_CaptureCallback(htim);
 800428c:	4620      	mov	r0, r4
 800428e:	f7ff ffba 	bl	8004206 <HAL_TIM_IC_CaptureCallback>
      htim->Channel = HAL_TIM_ACTIVE_CHANNEL_CLEARED;
 8004292:	2300      	movs	r3, #0
 8004294:	7723      	strb	r3, [r4, #28]
  if ((itflag & (TIM_FLAG_CC4)) == (TIM_FLAG_CC4))
 8004296:	f015 0f10 	tst.w	r5, #16
 800429a:	d012      	beq.n	80042c2 <HAL_TIM_IRQHandler+0xb6>
    if ((itsource & (TIM_IT_CC4)) == (TIM_IT_CC4))
 800429c:	f016 0f10 	tst.w	r6, #16
 80042a0:	d00f      	beq.n	80042c2 <HAL_TIM_IRQHandler+0xb6>
      __HAL_TIM_CLEAR_FLAG(htim, TIM_FLAG_CC4);
 80042a2:	6823      	ldr	r3, [r4, #0]
 80042a4:	f06f 0210 	mvn.w	r2, #16
 80042a8:	611a      	str	r2, [r3, #16]
      htim->Channel = HAL_TIM_ACTIVE_CHANNEL_4;
 80042aa:	2308      	movs	r3, #8
 80042ac:	7723      	strb	r3, [r4, #28]
      if ((htim->Instance->CCMR2 & TIM_CCMR2_CC4S) != 0x00U)
 80042ae:	6823      	ldr	r3, [r4, #0]
 80042b0:	69db      	ldr	r3, [r3, #28]
 80042b2:	f413 7f40 	tst.w	r3, #768	@ 0x300
 80042b6:	d031      	beq.n	800431c <HAL_TIM_IRQHandler+0x110>
        HAL_TIM_IC_CaptureCallback(htim);
 80042b8:	4620      	mov	r0, r4
 80042ba:	f7ff ffa4 	bl	8004206 <HAL_TIM_IC_CaptureCallback>
      htim->Channel = HAL_TIM_ACTIVE_CHANNEL_CLEARED;
 80042be:	2300      	movs	r3, #0
 80042c0:	7723      	strb	r3, [r4, #28]
  if ((itflag & (TIM_FLAG_UPDATE)) == (TIM_FLAG_UPDATE))
 80042c2:	f015 0f01 	tst.w	r5, #1
 80042c6:	d002      	beq.n	80042ce <HAL_TIM_IRQHandler+0xc2>
    if ((itsource & (TIM_IT_UPDATE)) == (TIM_IT_UPDATE))
 80042c8:	f016 0f01 	tst.w	r6, #1
 80042cc:	d12d      	bne.n	800432a <HAL_TIM_IRQHandler+0x11e>
  if ((itflag & (TIM_FLAG_BREAK)) == (TIM_FLAG_BREAK))
 80042ce:	f015 0f80 	tst.w	r5, #128	@ 0x80
 80042d2:	d002      	beq.n	80042da <HAL_TIM_IRQHandler+0xce>
    if ((itsource & (TIM_IT_BREAK)) == (TIM_IT_BREAK))
 80042d4:	f016 0f80 	tst.w	r6, #128	@ 0x80
 80042d8:	d12f      	bne.n	800433a <HAL_TIM_IRQHandler+0x12e>
  if ((itflag & (TIM_FLAG_TRIGGER)) == (TIM_FLAG_TRIGGER))
 80042da:	f015 0f40 	tst.w	r5, #64	@ 0x40
 80042de:	d002      	beq.n	80042e6 <HAL_TIM_IRQHandler+0xda>
    if ((itsource & (TIM_IT_TRIGGER)) == (TIM_IT_TRIGGER))
 80042e0:	f016 0f40 	tst.w	r6, #64	@ 0x40
 80042e4:	d131      	bne.n	800434a <HAL_TIM_IRQHandler+0x13e>
  if ((itflag & (TIM_FLAG_COM)) == (TIM_FLAG_COM))
 80042e6:	f015 0f20 	tst.w	r5, #32
 80042ea:	d002      	beq.n	80042f2 <HAL_TIM_IRQHandler+0xe6>
    if ((itsource & (TIM_IT_COM)) == (TIM_IT_COM))
 80042ec:	f016 0f20 	tst.w	r6, #32
 80042f0:	d133      	bne.n	800435a <HAL_TIM_IRQHandler+0x14e>
}
 80042f2:	bd70      	pop	{r4, r5, r6, pc}
          HAL_TIM_OC_DelayElapsedCallback(htim);
 80042f4:	f7ff ff86 	bl	8004204 <HAL_TIM_OC_DelayElapsedCallback>
          HAL_TIM_PWM_PulseFinishedCallback(htim);
 80042f8:	4620      	mov	r0, r4
 80042fa:	f7ff ff85 	bl	8004208 <HAL_TIM_PWM_PulseFinishedCallback>
 80042fe:	e79c      	b.n	800423a <HAL_TIM_IRQHandler+0x2e>
        HAL_TIM_OC_DelayElapsedCallback(htim);
 8004300:	4620      	mov	r0, r4
 8004302:	f7ff ff7f 	bl	8004204 <HAL_TIM_OC_DelayElapsedCallback>
        HAL_TIM_PWM_PulseFinishedCallback(htim);
 8004306:	4620      	mov	r0, r4
 8004308:	f7ff ff7e 	bl	8004208 <HAL_TIM_PWM_PulseFinishedCallback>
 800430c:	e7ab      	b.n	8004266 <HAL_TIM_IRQHandler+0x5a>
        HAL_TIM_OC_DelayElapsedCallback(htim);
 800430e:	4620      	mov	r0, r4
 8004310:	f7ff ff78 	bl	8004204 <HAL_TIM_OC_DelayElapsedCallback>
        HAL_TIM_PWM_PulseFinishedCallback(htim);
 8004314:	4620      	mov	r0, r4
 8004316:	f7ff ff77 	bl	8004208 <HAL_TIM_PWM_PulseFinishedCallback>
 800431a:	e7ba      	b.n	8004292 <HAL_TIM_IRQHandler+0x86>
        HAL_TIM_OC_DelayElapsedCallback(htim);
 800431c:	4620      	mov	r0, r4
 800431e:	f7ff ff71 	bl	8004204 <HAL_TIM_OC_DelayElapsedCallback>
        HAL_TIM_PWM_PulseFinishedCallback(htim);
 8004322:	4620      	mov	r0, r4
 8004324:	f7ff ff70 	bl	8004208 <HAL_TIM_PWM_PulseFinishedCallback>
 8004328:	e7c9      	b.n	80042be <HAL_TIM_IRQHandler+0xb2>
      __HAL_TIM_CLEAR_FLAG(htim, TIM_FLAG_UPDATE);
 800432a:	6823      	ldr	r3, [r4, #0]
 800432c:	f06f 0201 	mvn.w	r2, #1
 8004330:	611a      	str	r2, [r3, #16]
      HAL_TIM_PeriodElapsedCallback(htim);
 8004332:	4620      	mov	r0, r4
 8004334:	f7fc fdbc 	bl	8000eb0 <HAL_TIM_PeriodElapsedCallback>
 8004338:	e7c9      	b.n	80042ce <HAL_TIM_IRQHandler+0xc2>
      __HAL_TIM_CLEAR_FLAG(htim, TIM_FLAG_BREAK);
 800433a:	6823      	ldr	r3, [r4, #0]
 800433c:	f06f 0280 	mvn.w	r2, #128	@ 0x80
 8004340:	611a      	str	r2, [r3, #16]
      HAL_TIMEx_BreakCallback(htim);
 8004342:	4620      	mov	r0, r4
 8004344:	f000 f891 	bl	800446a <HAL_TIMEx_BreakCallback>
 8004348:	e7c7      	b.n	80042da <HAL_TIM_IRQHandler+0xce>
      __HAL_TIM_CLEAR_FLAG(htim, TIM_FLAG_TRIGGER);
 800434a:	6823      	ldr	r3, [r4, #0]
 800434c:	f06f 0240 	mvn.w	r2, #64	@ 0x40
 8004350:	611a      	str	r2, [r3, #16]
      HAL_TIM_TriggerCallback(htim);
 8004352:	4620      	mov	r0, r4
 8004354:	f7ff ff59 	bl	800420a <HAL_TIM_TriggerCallback>
 8004358:	e7c5      	b.n	80042e6 <HAL_TIM_IRQHandler+0xda>
      __HAL_TIM_CLEAR_FLAG(htim, TIM_FLAG_COM);
 800435a:	6823      	ldr	r3, [r4, #0]
 800435c:	f06f 0220 	mvn.w	r2, #32
 8004360:	611a      	str	r2, [r3, #16]
      HAL_TIMEx_CommutCallback(htim);
 8004362:	4620      	mov	r0, r4
 8004364:	f000 f880 	bl	8004468 <HAL_TIMEx_CommutCallback>
}
 8004368:	e7c3      	b.n	80042f2 <HAL_TIM_IRQHandler+0xe6>
	...

0800436c <TIM_Base_SetConfig>:
  * @retval None
  */
void TIM_Base_SetConfig(TIM_TypeDef *TIMx, const TIM_Base_InitTypeDef *Structure)
{
  uint32_t tmpcr1;
  tmpcr1 = TIMx->CR1;
 800436c:	6803      	ldr	r3, [r0, #0]

  /* Set TIM Time Base Unit parameters ---------------------------------------*/
  if (IS_TIM_COUNTER_MODE_SELECT_INSTANCE(TIMx))
 800436e:	4a27      	ldr	r2, [pc, #156]	@ (800440c <TIM_Base_SetConfig+0xa0>)
 8004370:	4290      	cmp	r0, r2
 8004372:	d00e      	beq.n	8004392 <TIM_Base_SetConfig+0x26>
 8004374:	f1b0 4f80 	cmp.w	r0, #1073741824	@ 0x40000000
 8004378:	d00b      	beq.n	8004392 <TIM_Base_SetConfig+0x26>
 800437a:	f5a2 427c 	sub.w	r2, r2, #64512	@ 0xfc00
 800437e:	4290      	cmp	r0, r2
 8004380:	d007      	beq.n	8004392 <TIM_Base_SetConfig+0x26>
 8004382:	f502 6280 	add.w	r2, r2, #1024	@ 0x400
 8004386:	4290      	cmp	r0, r2
 8004388:	d003      	beq.n	8004392 <TIM_Base_SetConfig+0x26>
 800438a:	f502 6280 	add.w	r2, r2, #1024	@ 0x400
 800438e:	4290      	cmp	r0, r2
 8004390:	d103      	bne.n	800439a <TIM_Base_SetConfig+0x2e>
  {
    /* Select the Counter Mode */
    tmpcr1 &= ~(TIM_CR1_DIR | TIM_CR1_CMS);
 8004392:	f023 0370 	bic.w	r3, r3, #112	@ 0x70
    tmpcr1 |= Structure->CounterMode;
 8004396:	684a      	ldr	r2, [r1, #4]
 8004398:	4313      	orrs	r3, r2
  }

  if (IS_TIM_CLOCK_DIVISION_INSTANCE(TIMx))
 800439a:	4a1c      	ldr	r2, [pc, #112]	@ (800440c <TIM_Base_SetConfig+0xa0>)
 800439c:	4290      	cmp	r0, r2
 800439e:	d01a      	beq.n	80043d6 <TIM_Base_SetConfig+0x6a>
 80043a0:	f1b0 4f80 	cmp.w	r0, #1073741824	@ 0x40000000
 80043a4:	d017      	beq.n	80043d6 <TIM_Base_SetConfig+0x6a>
 80043a6:	f5a2 427c 	sub.w	r2, r2, #64512	@ 0xfc00
 80043aa:	4290      	cmp	r0, r2
 80043ac:	d013      	beq.n	80043d6 <TIM_Base_SetConfig+0x6a>
 80043ae:	f502 6280 	add.w	r2, r2, #1024	@ 0x400
 80043b2:	4290      	cmp	r0, r2
 80043b4:	d00f      	beq.n	80043d6 <TIM_Base_SetConfig+0x6a>
 80043b6:	f502 6280 	add.w	r2, r2, #1024	@ 0x400
 80043ba:	4290      	cmp	r0, r2
 80043bc:	d00b      	beq.n	80043d6 <TIM_Base_SetConfig+0x6a>
 80043be:	f502 329a 	add.w	r2, r2, #78848	@ 0x13400
 80043c2:	4290      	cmp	r0, r2
 80043c4:	d007      	beq.n	80043d6 <TIM_Base_SetConfig+0x6a>
 80043c6:	f502 6280 	add.w	r2, r2, #1024	@ 0x400
 80043ca:	4290      	cmp	r0, r2
 80043cc:	d003      	beq.n	80043d6 <TIM_Base_SetConfig+0x6a>
 80043ce:	f502 6280 	add.w	r2, r2, #1024	@ 0x400
 80043d2:	4290      	cmp	r0, r2
 80043d4:	d103      	bne.n	80043de <TIM_Base_SetConfig+0x72>
  {
    /* Set the clock division */
    tmpcr1 &= ~TIM_CR1_CKD;
 80043d6:	f423 7340 	bic.w	r3, r3, #768	@ 0x300
    tmpcr1 |= (uint32_t)Structure->ClockDivision;
 80043da:	68ca      	ldr	r2, [r1, #12]
 80043dc:	4313      	orrs	r3, r2
  }

  /* Set the auto-reload preload */
  MODIFY_REG(tmpcr1, TIM_CR1_ARPE, Structure->AutoReloadPreload);
 80043de:	f023 0380 	bic.w	r3, r3, #128	@ 0x80
 80043e2:	694a      	ldr	r2, [r1, #20]
 80043e4:	4313      	orrs	r3, r2

  /* Set the Autoreload value */
  TIMx->ARR = (uint32_t)Structure->Period ;
 80043e6:	688a      	ldr	r2, [r1, #8]
 80043e8:	62c2      	str	r2, [r0, #44]	@ 0x2c

  /* Set the Prescaler value */
  TIMx->PSC = Structure->Prescaler;
 80043ea:	680a      	ldr	r2, [r1, #0]
 80043ec:	6282      	str	r2, [r0, #40]	@ 0x28

  if (IS_TIM_REPETITION_COUNTER_INSTANCE(TIMx))
 80043ee:	4a07      	ldr	r2, [pc, #28]	@ (800440c <TIM_Base_SetConfig+0xa0>)
 80043f0:	4290      	cmp	r0, r2
 80043f2:	d007      	beq.n	8004404 <TIM_Base_SetConfig+0x98>
    TIMx->RCR = Structure->RepetitionCounter;
  }

  /* Disable Update Event (UEV) with Update Generation (UG)
     by changing Update Request Source (URS) to avoid Update flag (UIF) */
  SET_BIT(TIMx->CR1, TIM_CR1_URS);
 80043f4:	6802      	ldr	r2, [r0, #0]
 80043f6:	f042 0204 	orr.w	r2, r2, #4
 80043fa:	6002      	str	r2, [r0, #0]

  /* Generate an update event to reload the Prescaler
     and the repetition counter (only for advanced timer) value immediately */
  TIMx->EGR = TIM_EGR_UG;
 80043fc:	2201      	movs	r2, #1
 80043fe:	6142      	str	r2, [r0, #20]

  TIMx->CR1 = tmpcr1;
 8004400:	6003      	str	r3, [r0, #0]
}
 8004402:	4770      	bx	lr
    TIMx->RCR = Structure->RepetitionCounter;
 8004404:	690a      	ldr	r2, [r1, #16]
 8004406:	6302      	str	r2, [r0, #48]	@ 0x30
 8004408:	e7f4      	b.n	80043f4 <TIM_Base_SetConfig+0x88>
 800440a:	bf00      	nop
 800440c:	40010000 	.word	0x40010000

08004410 <HAL_TIM_Base_Init>:
  if (htim == NULL)
 8004410:	b340      	cbz	r0, 8004464 <HAL_TIM_Base_Init+0x54>
{
 8004412:	b510      	push	{r4, lr}
 8004414:	4604      	mov	r4, r0
  if (htim->State == HAL_TIM_STATE_RESET)
 8004416:	f890 303d 	ldrb.w	r3, [r0, #61]	@ 0x3d
 800441a:	b1f3      	cbz	r3, 800445a <HAL_TIM_Base_Init+0x4a>
  htim->State = HAL_TIM_STATE_BUSY;
 800441c:	2302      	movs	r3, #2
 800441e:	f884 303d 	strb.w	r3, [r4, #61]	@ 0x3d
  TIM_Base_SetConfig(htim->Instance, &htim->Init);
 8004422:	4621      	mov	r1, r4
 8004424:	f851 0b04 	ldr.w	r0, [r1], #4
 8004428:	f7ff ffa0 	bl	800436c <TIM_Base_SetConfig>
  htim->DMABurstState = HAL_DMA_BURST_STATE_READY;
 800442c:	2301      	movs	r3, #1
 800442e:	f884 3046 	strb.w	r3, [r4, #70]	@ 0x46
  TIM_CHANNEL_STATE_SET_ALL(htim, HAL_TIM_CHANNEL_STATE_READY);
 8004432:	f884 303e 	strb.w	r3, [r4, #62]	@ 0x3e
 8004436:	f884 303f 	strb.w	r3, [r4, #63]	@ 0x3f
 800443a:	f884 3040 	strb.w	r3, [r4, #64]	@ 0x40
 800443e:	f884 3041 	strb.w	r3, [r4, #65]	@ 0x41
  TIM_CHANNEL_N_STATE_SET_ALL(htim, HAL_TIM_CHANNEL_STATE_READY);
 8004442:	f884 3042 	strb.w	r3, [r4, #66]	@ 0x42
 8004446:	f884 3043 	strb.w	r3, [r4, #67]	@ 0x43
 800444a:	f884 3044 	strb.w	r3, [r4, #68]	@ 0x44
 800444e:	f884 3045 	strb.w	r3, [r4, #69]	@ 0x45
  htim->State = HAL_TIM_STATE_READY;
 8004452:	f884 303d 	strb.w	r3, [r4, #61]	@ 0x3d
  return HAL_OK;
 8004456:	2000      	movs	r0, #0
}
 8004458:	bd10      	pop	{r4, pc}
    htim->Lock = HAL_UNLOCKED;
 800445a:	f880 303c 	strb.w	r3, [r0, #60]	@ 0x3c
    HAL_TIM_Base_MspInit(htim);
 800445e:	f7ff f81b 	bl	8003498 <HAL_TIM_Base_MspInit>
 8004462:	e7db      	b.n	800441c <HAL_TIM_Base_Init+0xc>
    return HAL_ERROR;
 8004464:	2001      	movs	r0, #1
}
 8004466:	4770      	bx	lr

08004468 <HAL_TIMEx_CommutCallback>:
  UNUSED(htim);

  /* NOTE : This function should not be modified, when the callback is needed,
            the HAL_TIMEx_CommutCallback could be implemented in the user file
   */
}
 8004468:	4770      	bx	lr

0800446a <HAL_TIMEx_BreakCallback>:
  UNUSED(htim);

  /* NOTE : This function should not be modified, when the callback is needed,
            the HAL_TIMEx_BreakCallback could be implemented in the user file
   */
}
 800446a:	4770      	bx	lr

0800446c <NMI_Handler>:
/******************************************************************************/
/**
  * @brief This function handles Non maskable interrupt.
  */
void NMI_Handler(void)
{
 800446c:	b508      	push	{r3, lr}
  /* USER CODE BEGIN NonMaskableInt_IRQn 0 */

  /* USER CODE END NonMaskableInt_IRQn 0 */
  HAL_RCC_NMI_IRQHandler();
 800446e:	f7ff fb6b 	bl	8003b48 <HAL_RCC_NMI_IRQHandler>
  /* USER CODE BEGIN NonMaskableInt_IRQn 1 */
   while (1)
 8004472:	e7fe      	b.n	8004472 <NMI_Handler+0x6>

08004474 <HardFault_Handler>:
void HardFault_Handler(void)
{
  /* USER CODE BEGIN HardFault_IRQn 0 */

  /* USER CODE END HardFault_IRQn 0 */
  while (1)
 8004474:	e7fe      	b.n	8004474 <HardFault_Handler>

08004476 <MemManage_Handler>:
void MemManage_Handler(void)
{
  /* USER CODE BEGIN MemoryManagement_IRQn 0 */

  /* USER CODE END MemoryManagement_IRQn 0 */
  while (1)
 8004476:	e7fe      	b.n	8004476 <MemManage_Handler>

08004478 <BusFault_Handler>:
void BusFault_Handler(void)
{
  /* USER CODE BEGIN BusFault_IRQn 0 */

  /* USER CODE END BusFault_IRQn 0 */
  while (1)
 8004478:	e7fe      	b.n	8004478 <BusFault_Handler>

0800447a <UsageFault_Handler>:
void UsageFault_Handler(void)
{
  /* USER CODE BEGIN UsageFault_IRQn 0 */

  /* USER CODE END UsageFault_IRQn 0 */
  while (1)
 800447a:	e7fe      	b.n	800447a <UsageFault_Handler>

0800447c <SVC_Handler>:

  /* USER CODE END SVCall_IRQn 0 */
  /* USER CODE BEGIN SVCall_IRQn 1 */

  /* USER CODE END SVCall_IRQn 1 */
}
 800447c:	4770      	bx	lr

0800447e <DebugMon_Handler>:

  /* USER CODE END DebugMonitor_IRQn 0 */
  /* USER CODE BEGIN DebugMonitor_IRQn 1 */

  /* USER CODE END DebugMonitor_IRQn 1 */
}
 800447e:	4770      	bx	lr

08004480 <PendSV_Handler>:

  /* USER CODE END PendSV_IRQn 0 */
  /* USER CODE BEGIN PendSV_IRQn 1 */

  /* USER CODE END PendSV_IRQn 1 */
}
 8004480:	4770      	bx	lr

08004482 <SysTick_Handler>:

/**
  * @brief This function handles System tick timer.
  */
void SysTick_Handler(void)
{
 8004482:	b508      	push	{r3, lr}
  /* USER CODE BEGIN SysTick_IRQn 0 */

  /* USER CODE END SysTick_IRQn 0 */
  HAL_IncTick();
 8004484:	f7fd f9d0 	bl	8001828 <HAL_IncTick>
  /* USER CODE BEGIN SysTick_IRQn 1 */

  /* USER CODE END SysTick_IRQn 1 */
}
 8004488:	bd08      	pop	{r3, pc}

0800448a <EXTI9_5_IRQHandler>:

/**
  * @brief This function handles EXTI line[9:5] interrupts.
  */
void EXTI9_5_IRQHandler(void)
{
 800448a:	b508      	push	{r3, lr}
  /* USER CODE BEGIN EXTI9_5_IRQn 0 */

  /* USER CODE END EXTI9_5_IRQn 0 */
  HAL_GPIO_EXTI_IRQHandler(Lora_IRQ_Pin);
 800448c:	f44f 7000 	mov.w	r0, #512	@ 0x200
 8004490:	f7fd fd20 	bl	8001ed4 <HAL_GPIO_EXTI_IRQHandler>
  /* USER CODE BEGIN EXTI9_5_IRQn 1 */

  /* USER CODE END EXTI9_5_IRQn 1 */
}
 8004494:	bd08      	pop	{r3, pc}
	...

08004498 <TIM1_UP_TIM10_IRQHandler>:

/**
  * @brief This function handles TIM1 update interrupt and TIM10 global interrupt.
  */
void TIM1_UP_TIM10_IRQHandler(void)
{
 8004498:	b508      	push	{r3, lr}
  /* USER CODE BEGIN TIM1_UP_TIM10_IRQn 0 */

  /* USER CODE END TIM1_UP_TIM10_IRQn 0 */
  HAL_TIM_IRQHandler(&htim10);
 800449a:	4802      	ldr	r0, [pc, #8]	@ (80044a4 <TIM1_UP_TIM10_IRQHandler+0xc>)
 800449c:	f7ff feb6 	bl	800420c <HAL_TIM_IRQHandler>
  /* USER CODE BEGIN TIM1_UP_TIM10_IRQn 1 */

  /* USER CODE END TIM1_UP_TIM10_IRQn 1 */
}
 80044a0:	bd08      	pop	{r3, pc}
 80044a2:	bf00      	nop
 80044a4:	2000038c 	.word	0x2000038c

080044a8 <TIM1_TRG_COM_TIM11_IRQHandler>:

/**
  * @brief This function handles TIM1 trigger and commutation interrupts and TIM11 global interrupt.
  */
void TIM1_TRG_COM_TIM11_IRQHandler(void)
{
 80044a8:	b508      	push	{r3, lr}
  /* USER CODE BEGIN TIM1_TRG_COM_TIM11_IRQn 0 */

  /* USER CODE END TIM1_TRG_COM_TIM11_IRQn 0 */
  HAL_TIM_IRQHandler(&htim11);
 80044aa:	4802      	ldr	r0, [pc, #8]	@ (80044b4 <TIM1_TRG_COM_TIM11_IRQHandler+0xc>)
 80044ac:	f7ff feae 	bl	800420c <HAL_TIM_IRQHandler>
  /* USER CODE BEGIN TIM1_TRG_COM_TIM11_IRQn 1 */

  /* USER CODE END TIM1_TRG_COM_TIM11_IRQn 1 */
}
 80044b0:	bd08      	pop	{r3, pc}
 80044b2:	bf00      	nop
 80044b4:	20000344 	.word	0x20000344

080044b8 <DMA2_Stream0_IRQHandler>:

/**
  * @brief This function handles DMA2 stream0 global interrupt.
  */
void DMA2_Stream0_IRQHandler(void)
{
 80044b8:	b508      	push	{r3, lr}
  /* USER CODE BEGIN DMA2_Stream0_IRQn 0 */

  /* USER CODE END DMA2_Stream0_IRQn 0 */
  HAL_DMA_IRQHandler(&hdma_spi1_rx);
 80044ba:	4802      	ldr	r0, [pc, #8]	@ (80044c4 <DMA2_Stream0_IRQHandler+0xc>)
 80044bc:	f7fd fb22 	bl	8001b04 <HAL_DMA_IRQHandler>
  /* USER CODE BEGIN DMA2_Stream0_IRQn 1 */

  /* USER CODE END DMA2_Stream0_IRQn 1 */
}
 80044c0:	bd08      	pop	{r3, pc}
 80044c2:	bf00      	nop
 80044c4:	200003d4 	.word	0x200003d4

080044c8 <_getpid>:
}

int _getpid(void)
{
  return 1;
}
 80044c8:	2001      	movs	r0, #1
 80044ca:	4770      	bx	lr

080044cc <_kill>:

int _kill(int pid, int sig)
{
 80044cc:	b508      	push	{r3, lr}
  (void)pid;
  (void)sig;
  errno = EINVAL;
 80044ce:	f002 f961 	bl	8006794 <__errno>
 80044d2:	2316      	movs	r3, #22
 80044d4:	6003      	str	r3, [r0, #0]
  return -1;
}
 80044d6:	f04f 30ff 	mov.w	r0, #4294967295
 80044da:	bd08      	pop	{r3, pc}

080044dc <_exit>:

void _exit (int status)
{
 80044dc:	b508      	push	{r3, lr}
  _kill(status, -1);
 80044de:	f04f 31ff 	mov.w	r1, #4294967295
 80044e2:	f7ff fff3 	bl	80044cc <_kill>
  while (1) {}    /* Make sure we hang here */
 80044e6:	e7fe      	b.n	80044e6 <_exit+0xa>

080044e8 <_read>:
}

__attribute__((weak)) int _read(int file, char *ptr, int len)
{
 80044e8:	b570      	push	{r4, r5, r6, lr}
 80044ea:	460c      	mov	r4, r1
 80044ec:	4616      	mov	r6, r2
  (void)file;
  int DataIdx;

  for (DataIdx = 0; DataIdx < len; DataIdx++)
 80044ee:	2500      	movs	r5, #0
 80044f0:	e006      	b.n	8004500 <_read+0x18>
  {
    *ptr++ = __io_getchar();
 80044f2:	f3af 8000 	nop.w
 80044f6:	4621      	mov	r1, r4
 80044f8:	f801 0b01 	strb.w	r0, [r1], #1
  for (DataIdx = 0; DataIdx < len; DataIdx++)
 80044fc:	3501      	adds	r5, #1
    *ptr++ = __io_getchar();
 80044fe:	460c      	mov	r4, r1
  for (DataIdx = 0; DataIdx < len; DataIdx++)
 8004500:	42b5      	cmp	r5, r6
 8004502:	dbf6      	blt.n	80044f2 <_read+0xa>
  }

  return len;
}
 8004504:	4630      	mov	r0, r6
 8004506:	bd70      	pop	{r4, r5, r6, pc}

08004508 <_write>:

__attribute__((weak)) int _write(int file, char *ptr, int len)
{
 8004508:	b570      	push	{r4, r5, r6, lr}
 800450a:	460c      	mov	r4, r1
 800450c:	4616      	mov	r6, r2
  (void)file;
  int DataIdx;

  for (DataIdx = 0; DataIdx < len; DataIdx++)
 800450e:	2500      	movs	r5, #0
 8004510:	e004      	b.n	800451c <_write+0x14>
  {
    __io_putchar(*ptr++);
 8004512:	f814 0b01 	ldrb.w	r0, [r4], #1
 8004516:	f3af 8000 	nop.w
  for (DataIdx = 0; DataIdx < len; DataIdx++)
 800451a:	3501      	adds	r5, #1
 800451c:	42b5      	cmp	r5, r6
 800451e:	dbf8      	blt.n	8004512 <_write+0xa>
  }
  return len;
}
 8004520:	4630      	mov	r0, r6
 8004522:	bd70      	pop	{r4, r5, r6, pc}

08004524 <_close>:

int _close(int file)
{
  (void)file;
  return -1;
}
 8004524:	f04f 30ff 	mov.w	r0, #4294967295
 8004528:	4770      	bx	lr

0800452a <_fstat>:


int _fstat(int file, struct stat *st)
{
  (void)file;
  st->st_mode = S_IFCHR;
 800452a:	f44f 5300 	mov.w	r3, #8192	@ 0x2000
 800452e:	604b      	str	r3, [r1, #4]
  return 0;
}
 8004530:	2000      	movs	r0, #0
 8004532:	4770      	bx	lr

08004534 <_isatty>:

int _isatty(int file)
{
  (void)file;
  return 1;
}
 8004534:	2001      	movs	r0, #1
 8004536:	4770      	bx	lr

08004538 <_lseek>:
{
  (void)file;
  (void)ptr;
  (void)dir;
  return 0;
}
 8004538:	2000      	movs	r0, #0
 800453a:	4770      	bx	lr

0800453c <_sbrk>:
 *
 * @param incr Memory size
 * @return Pointer to allocated memory
 */
void *_sbrk(ptrdiff_t incr)
{
 800453c:	b510      	push	{r4, lr}
 800453e:	4603      	mov	r3, r0
  extern uint8_t _end; /* Symbol defined in the linker script */
  extern uint8_t _estack; /* Symbol defined in the linker script */
  extern uint32_t _Min_Stack_Size; /* Symbol defined in the linker script */
  const uint32_t stack_limit = (uint32_t)&_estack - (uint32_t)&_Min_Stack_Size;
 8004540:	4a0c      	ldr	r2, [pc, #48]	@ (8004574 <_sbrk+0x38>)
 8004542:	490d      	ldr	r1, [pc, #52]	@ (8004578 <_sbrk+0x3c>)
  const uint8_t *max_heap = (uint8_t *)stack_limit;
  uint8_t *prev_heap_end;

  /* Initialize heap end at first call */
  if (NULL == __sbrk_heap_end)
 8004544:	480d      	ldr	r0, [pc, #52]	@ (800457c <_sbrk+0x40>)
 8004546:	6800      	ldr	r0, [r0, #0]
 8004548:	b140      	cbz	r0, 800455c <_sbrk+0x20>
  {
    __sbrk_heap_end = &_end;
  }

  /* Protect heap from growing into the reserved MSP stack */
  if (__sbrk_heap_end + incr > max_heap)
 800454a:	480c      	ldr	r0, [pc, #48]	@ (800457c <_sbrk+0x40>)
 800454c:	6800      	ldr	r0, [r0, #0]
 800454e:	4403      	add	r3, r0
 8004550:	1a52      	subs	r2, r2, r1
 8004552:	4293      	cmp	r3, r2
 8004554:	d806      	bhi.n	8004564 <_sbrk+0x28>
    errno = ENOMEM;
    return (void *)-1;
  }

  prev_heap_end = __sbrk_heap_end;
  __sbrk_heap_end += incr;
 8004556:	4a09      	ldr	r2, [pc, #36]	@ (800457c <_sbrk+0x40>)
 8004558:	6013      	str	r3, [r2, #0]

  return (void *)prev_heap_end;
}
 800455a:	bd10      	pop	{r4, pc}
    __sbrk_heap_end = &_end;
 800455c:	4807      	ldr	r0, [pc, #28]	@ (800457c <_sbrk+0x40>)
 800455e:	4c08      	ldr	r4, [pc, #32]	@ (8004580 <_sbrk+0x44>)
 8004560:	6004      	str	r4, [r0, #0]
 8004562:	e7f2      	b.n	800454a <_sbrk+0xe>
    errno = ENOMEM;
 8004564:	f002 f916 	bl	8006794 <__errno>
 8004568:	230c      	movs	r3, #12
 800456a:	6003      	str	r3, [r0, #0]
    return (void *)-1;
 800456c:	f04f 30ff 	mov.w	r0, #4294967295
 8004570:	e7f3      	b.n	800455a <_sbrk+0x1e>
 8004572:	bf00      	nop
 8004574:	20018000 	.word	0x20018000
 8004578:	00000400 	.word	0x00000400
 800457c:	200009f0 	.word	0x200009f0
 8004580:	20000b70 	.word	0x20000b70

08004584 <SystemInit>:
  */
void SystemInit(void)
{
  /* FPU settings ------------------------------------------------------------*/
  #if (__FPU_PRESENT == 1) && (__FPU_USED == 1)
    SCB->CPACR |= ((3UL << 10*2)|(3UL << 11*2));  /* set CP10 and CP11 Full Access */
 8004584:	4a03      	ldr	r2, [pc, #12]	@ (8004594 <SystemInit+0x10>)
 8004586:	f8d2 3088 	ldr.w	r3, [r2, #136]	@ 0x88
 800458a:	f443 0370 	orr.w	r3, r3, #15728640	@ 0xf00000
 800458e:	f8c2 3088 	str.w	r3, [r2, #136]	@ 0x88

  /* Configure the Vector Table location -------------------------------------*/
#if defined(USER_VECT_TAB_ADDRESS)
  SCB->VTOR = VECT_TAB_BASE_ADDRESS | VECT_TAB_OFFSET; /* Vector Table Relocation in Internal SRAM */
#endif /* USER_VECT_TAB_ADDRESS */
}
 8004592:	4770      	bx	lr
 8004594:	e000ed00 	.word	0xe000ed00

08004598 <USER_initialize>:
  * @retval DSTATUS: Operation status
  */
DSTATUS USER_initialize (
	BYTE pdrv           /* Physical drive nmuber to identify the drive */
)
{
 8004598:	b508      	push	{r3, lr}
  /* USER CODE BEGIN INIT */
    //Stat = STA_NOINIT;
    //return Stat;
    return USER_SPI_initialize(pdrv);
 800459a:	f000 f925 	bl	80047e8 <USER_SPI_initialize>
  /* USER CODE END INIT */
}
 800459e:	bd08      	pop	{r3, pc}

080045a0 <USER_status>:
  * @retval DSTATUS: Operation status
  */
DSTATUS USER_status (
	BYTE pdrv       /* Physical drive number to identify the drive */
)
{
 80045a0:	b508      	push	{r3, lr}
  /* USER CODE BEGIN STATUS */
    //Stat = STA_NOINIT;
    //return Stat;
    return USER_SPI_status(pdrv);
 80045a2:	f000 f9d7 	bl	8004954 <USER_SPI_status>
  /* USER CODE END STATUS */
}
 80045a6:	bd08      	pop	{r3, pc}

080045a8 <USER_read>:
	BYTE pdrv,      /* Physical drive nmuber to identify the drive */
	BYTE *buff,     /* Data buffer to store read data */
	DWORD sector,   /* Sector address in LBA */
	UINT count      /* Number of sectors to read */
)
{
 80045a8:	b508      	push	{r3, lr}
  /* USER CODE BEGIN READ */
    //return RES_OK;
    return USER_SPI_read(pdrv,buff,sector,count);
 80045aa:	f000 f9dd 	bl	8004968 <USER_SPI_read>
  /* USER CODE END READ */
}
 80045ae:	bd08      	pop	{r3, pc}

080045b0 <USER_write>:
	BYTE pdrv,          /* Physical drive nmuber to identify the drive */
	const BYTE *buff,   /* Data to be written */
	DWORD sector,       /* Sector address in LBA */
	UINT count          /* Number of sectors to write */
)
{
 80045b0:	b508      	push	{r3, lr}
  /* USER CODE BEGIN WRITE */
  /* USER CODE HERE */
    //return RES_OK;
    return USER_SPI_write(pdrv,buff,sector,count);
 80045b2:	f000 fa1f 	bl	80049f4 <USER_SPI_write>
  /* USER CODE END WRITE */
}
 80045b6:	bd08      	pop	{r3, pc}

080045b8 <USER_ioctl>:
DRESULT USER_ioctl (
	BYTE pdrv,      /* Physical drive nmuber (0..) */
	BYTE cmd,       /* Control code */
	void *buff      /* Buffer to send/receive control data */
)
{
 80045b8:	b508      	push	{r3, lr}
  /* USER CODE BEGIN IOCTL */
    //DRESULT res = RES_ERROR;
    //return res;
    return USER_SPI_ioctl(pdrv,cmd,buff);
 80045ba:	f000 fa73 	bl	8004aa4 <USER_SPI_ioctl>
  /* USER CODE END IOCTL */
}
 80045be:	bd08      	pop	{r3, pc}

080045c0 <xchg_spi>:
/* Exchange a byte */
static
BYTE xchg_spi (
	BYTE dat	/* Data to send */
)
{
 80045c0:	b500      	push	{lr}
 80045c2:	b087      	sub	sp, #28
 80045c4:	f88d 000f 	strb.w	r0, [sp, #15]
	BYTE rxDat;
    HAL_SPI_TransmitReceive(&SD_SPI_HANDLE, &dat, &rxDat, 1, 50);
 80045c8:	2332      	movs	r3, #50	@ 0x32
 80045ca:	9300      	str	r3, [sp, #0]
 80045cc:	2301      	movs	r3, #1
 80045ce:	f10d 0217 	add.w	r2, sp, #23
 80045d2:	f10d 010f 	add.w	r1, sp, #15
 80045d6:	4804      	ldr	r0, [pc, #16]	@ (80045e8 <xchg_spi+0x28>)
 80045d8:	f7ff fcab 	bl	8003f32 <HAL_SPI_TransmitReceive>
    return rxDat;
}
 80045dc:	f89d 0017 	ldrb.w	r0, [sp, #23]
 80045e0:	b007      	add	sp, #28
 80045e2:	f85d fb04 	ldr.w	pc, [sp], #4
 80045e6:	bf00      	nop
 80045e8:	2000048c 	.word	0x2000048c

080045ec <wait_ready>:

static
int wait_ready (	/* 1:Ready, 0:Timeout */
	UINT wt			/* Timeout [ms] */
)
{
 80045ec:	b570      	push	{r4, r5, r6, lr}
 80045ee:	4606      	mov	r6, r0
	//wait_ready needs its own timer, unfortunately, so it can't use the
	//spi_timer functions
	uint32_t waitSpiTimerTickStart;
	uint32_t waitSpiTimerTickDelay;

	waitSpiTimerTickStart = HAL_GetTick();
 80045f0:	f7fd f926 	bl	8001840 <HAL_GetTick>
 80045f4:	4605      	mov	r5, r0
	waitSpiTimerTickDelay = (uint32_t)wt;
	do {
		d = xchg_spi(0xFF);
 80045f6:	20ff      	movs	r0, #255	@ 0xff
 80045f8:	f7ff ffe2 	bl	80045c0 <xchg_spi>
 80045fc:	4604      	mov	r4, r0
		/* This loop takes a time. Insert rot_rdq() here for multitask envilonment. */
	} while (d != 0xFF && ((HAL_GetTick() - waitSpiTimerTickStart) < waitSpiTimerTickDelay));	/* Wait for card goes ready or timeout */
 80045fe:	28ff      	cmp	r0, #255	@ 0xff
 8004600:	d004      	beq.n	800460c <wait_ready+0x20>
 8004602:	f7fd f91d 	bl	8001840 <HAL_GetTick>
 8004606:	1b40      	subs	r0, r0, r5
 8004608:	42b0      	cmp	r0, r6
 800460a:	d3f4      	bcc.n	80045f6 <wait_ready+0xa>

	return (d == 0xFF) ? 1 : 0;
}
 800460c:	2cff      	cmp	r4, #255	@ 0xff
 800460e:	bf14      	ite	ne
 8004610:	2000      	movne	r0, #0
 8004612:	2001      	moveq	r0, #1
 8004614:	bd70      	pop	{r4, r5, r6, pc}

08004616 <rcvr_spi_multi>:
{
 8004616:	b570      	push	{r4, r5, r6, lr}
 8004618:	4606      	mov	r6, r0
 800461a:	460d      	mov	r5, r1
	for(UINT i=0; i<btr; i++) {
 800461c:	2400      	movs	r4, #0
 800461e:	e004      	b.n	800462a <rcvr_spi_multi+0x14>
		*(buff+i) = xchg_spi(0xFF);
 8004620:	20ff      	movs	r0, #255	@ 0xff
 8004622:	f7ff ffcd 	bl	80045c0 <xchg_spi>
 8004626:	5530      	strb	r0, [r6, r4]
	for(UINT i=0; i<btr; i++) {
 8004628:	3401      	adds	r4, #1
 800462a:	42ac      	cmp	r4, r5
 800462c:	d3f8      	bcc.n	8004620 <rcvr_spi_multi+0xa>
}
 800462e:	bd70      	pop	{r4, r5, r6, pc}

08004630 <despiselect>:
/* Despiselect card and release SPI                                         */
/*-----------------------------------------------------------------------*/

static
void despiselect (void)
{
 8004630:	b508      	push	{r3, lr}
	CS_HIGH();		/* Set CS# high */
 8004632:	2201      	movs	r2, #1
 8004634:	2110      	movs	r1, #16
 8004636:	4803      	ldr	r0, [pc, #12]	@ (8004644 <despiselect+0x14>)
 8004638:	f7fd fc3d 	bl	8001eb6 <HAL_GPIO_WritePin>
	xchg_spi(0xFF);	/* Dummy clock (force DO hi-z for multiple slave SPI) */
 800463c:	20ff      	movs	r0, #255	@ 0xff
 800463e:	f7ff ffbf 	bl	80045c0 <xchg_spi>

}
 8004642:	bd08      	pop	{r3, pc}
 8004644:	40020000 	.word	0x40020000

08004648 <spiselect>:
/* Select card and wait for ready                                        */
/*-----------------------------------------------------------------------*/

static
int spiselect (void)	/* 1:OK, 0:Timeout */
{
 8004648:	b510      	push	{r4, lr}
	CS_LOW();		/* Set CS# low */
 800464a:	2200      	movs	r2, #0
 800464c:	2110      	movs	r1, #16
 800464e:	4809      	ldr	r0, [pc, #36]	@ (8004674 <spiselect+0x2c>)
 8004650:	f7fd fc31 	bl	8001eb6 <HAL_GPIO_WritePin>
	xchg_spi(0xFF);	/* Dummy clock (force DO enabled) */
 8004654:	20ff      	movs	r0, #255	@ 0xff
 8004656:	f7ff ffb3 	bl	80045c0 <xchg_spi>
	if (wait_ready(500)) return 1;	/* Wait for card ready */
 800465a:	f44f 70fa 	mov.w	r0, #500	@ 0x1f4
 800465e:	f7ff ffc5 	bl	80045ec <wait_ready>
 8004662:	b110      	cbz	r0, 800466a <spiselect+0x22>
 8004664:	2401      	movs	r4, #1

	despiselect();
	return 0;	/* Timeout */
}
 8004666:	4620      	mov	r0, r4
 8004668:	bd10      	pop	{r4, pc}
 800466a:	4604      	mov	r4, r0
	despiselect();
 800466c:	f7ff ffe0 	bl	8004630 <despiselect>
	return 0;	/* Timeout */
 8004670:	e7f9      	b.n	8004666 <spiselect+0x1e>
 8004672:	bf00      	nop
 8004674:	40020000 	.word	0x40020000

08004678 <send_cmd>:
static
BYTE send_cmd (		/* Return value: R1 resp (bit7==1:Failed to send) */
	BYTE cmd,		/* Command index */
	DWORD arg		/* Argument */
)
{
 8004678:	b538      	push	{r3, r4, r5, lr}
 800467a:	4604      	mov	r4, r0
 800467c:	460d      	mov	r5, r1
	BYTE n, res;


	if (cmd & 0x80) {	/* Send a CMD55 prior to ACMD<n> */
 800467e:	f010 0f80 	tst.w	r0, #128	@ 0x80
 8004682:	d11d      	bne.n	80046c0 <send_cmd+0x48>
		res = send_cmd(CMD55, 0);
		if (res > 1) return res;
	}

	/* Select the card and wait for ready except to stop multiple block read */
	if (cmd != CMD12) {
 8004684:	2c0c      	cmp	r4, #12
 8004686:	d004      	beq.n	8004692 <send_cmd+0x1a>
		despiselect();
 8004688:	f7ff ffd2 	bl	8004630 <despiselect>
		if (!spiselect()) return 0xFF;
 800468c:	f7ff ffdc 	bl	8004648 <spiselect>
 8004690:	b3b0      	cbz	r0, 8004700 <send_cmd+0x88>
	}

	/* Send command packet */
	xchg_spi(0x40 | cmd);				/* Start + command index */
 8004692:	f044 0040 	orr.w	r0, r4, #64	@ 0x40
 8004696:	f7ff ff93 	bl	80045c0 <xchg_spi>
	xchg_spi((BYTE)(arg >> 24));		/* Argument[31..24] */
 800469a:	0e28      	lsrs	r0, r5, #24
 800469c:	f7ff ff90 	bl	80045c0 <xchg_spi>
	xchg_spi((BYTE)(arg >> 16));		/* Argument[23..16] */
 80046a0:	f3c5 4007 	ubfx	r0, r5, #16, #8
 80046a4:	f7ff ff8c 	bl	80045c0 <xchg_spi>
	xchg_spi((BYTE)(arg >> 8));			/* Argument[15..8] */
 80046a8:	f3c5 2007 	ubfx	r0, r5, #8, #8
 80046ac:	f7ff ff88 	bl	80045c0 <xchg_spi>
	xchg_spi((BYTE)arg);				/* Argument[7..0] */
 80046b0:	b2e8      	uxtb	r0, r5
 80046b2:	f7ff ff85 	bl	80045c0 <xchg_spi>
	n = 0x01;							/* Dummy CRC + Stop */
	if (cmd == CMD0) n = 0x95;			/* Valid CRC for CMD0(0) */
 80046b6:	b164      	cbz	r4, 80046d2 <send_cmd+0x5a>
	if (cmd == CMD8) n = 0x87;			/* Valid CRC for CMD8(0x1AA) */
 80046b8:	2c08      	cmp	r4, #8
 80046ba:	d01b      	beq.n	80046f4 <send_cmd+0x7c>
 80046bc:	2001      	movs	r0, #1
 80046be:	e009      	b.n	80046d4 <send_cmd+0x5c>
		cmd &= 0x7F;
 80046c0:	f000 047f 	and.w	r4, r0, #127	@ 0x7f
		res = send_cmd(CMD55, 0);
 80046c4:	2100      	movs	r1, #0
 80046c6:	2037      	movs	r0, #55	@ 0x37
 80046c8:	f7ff ffd6 	bl	8004678 <send_cmd>
		if (res > 1) return res;
 80046cc:	2801      	cmp	r0, #1
 80046ce:	d9d9      	bls.n	8004684 <send_cmd+0xc>
 80046d0:	e00f      	b.n	80046f2 <send_cmd+0x7a>
	if (cmd == CMD0) n = 0x95;			/* Valid CRC for CMD0(0) */
 80046d2:	2095      	movs	r0, #149	@ 0x95
	xchg_spi(n);
 80046d4:	f7ff ff74 	bl	80045c0 <xchg_spi>

	/* Receive command resp */
	if (cmd == CMD12) xchg_spi(0xFF);	/* Diacard following one byte when CMD12 */
 80046d8:	2c0c      	cmp	r4, #12
 80046da:	d00d      	beq.n	80046f8 <send_cmd+0x80>
	if (cmd == CMD0) n = 0x95;			/* Valid CRC for CMD0(0) */
 80046dc:	240a      	movs	r4, #10
	n = 10;								/* Wait for response (10 bytes max) */
	do {
		res = xchg_spi(0xFF);
 80046de:	20ff      	movs	r0, #255	@ 0xff
 80046e0:	f7ff ff6e 	bl	80045c0 <xchg_spi>
	} while ((res & 0x80) && --n);
 80046e4:	f010 0f80 	tst.w	r0, #128	@ 0x80
 80046e8:	d003      	beq.n	80046f2 <send_cmd+0x7a>
 80046ea:	1e63      	subs	r3, r4, #1
 80046ec:	f013 04ff 	ands.w	r4, r3, #255	@ 0xff
 80046f0:	d1f5      	bne.n	80046de <send_cmd+0x66>

	return res;							/* Return received response */
}
 80046f2:	bd38      	pop	{r3, r4, r5, pc}
	if (cmd == CMD8) n = 0x87;			/* Valid CRC for CMD8(0x1AA) */
 80046f4:	2087      	movs	r0, #135	@ 0x87
 80046f6:	e7ed      	b.n	80046d4 <send_cmd+0x5c>
	if (cmd == CMD12) xchg_spi(0xFF);	/* Diacard following one byte when CMD12 */
 80046f8:	20ff      	movs	r0, #255	@ 0xff
 80046fa:	f7ff ff61 	bl	80045c0 <xchg_spi>
 80046fe:	e7ed      	b.n	80046dc <send_cmd+0x64>
		if (!spiselect()) return 0xFF;
 8004700:	20ff      	movs	r0, #255	@ 0xff
 8004702:	e7f6      	b.n	80046f2 <send_cmd+0x7a>

08004704 <xmit_spi_multi>:
{
 8004704:	b508      	push	{r3, lr}
	HAL_SPI_Transmit(&SD_SPI_HANDLE, buff, btx, HAL_MAX_DELAY);
 8004706:	f04f 33ff 	mov.w	r3, #4294967295
 800470a:	b28a      	uxth	r2, r1
 800470c:	4601      	mov	r1, r0
 800470e:	4802      	ldr	r0, [pc, #8]	@ (8004718 <xmit_spi_multi+0x14>)
 8004710:	f7ff fb2d 	bl	8003d6e <HAL_SPI_Transmit>
}
 8004714:	bd08      	pop	{r3, pc}
 8004716:	bf00      	nop
 8004718:	2000048c 	.word	0x2000048c

0800471c <xmit_datablock>:
{
 800471c:	b538      	push	{r3, r4, r5, lr}
 800471e:	4605      	mov	r5, r0
 8004720:	460c      	mov	r4, r1
	if (!wait_ready(500)) return 0;		/* Wait for card ready */
 8004722:	f44f 70fa 	mov.w	r0, #500	@ 0x1f4
 8004726:	f7ff ff61 	bl	80045ec <wait_ready>
 800472a:	b900      	cbnz	r0, 800472e <xmit_datablock+0x12>
}
 800472c:	bd38      	pop	{r3, r4, r5, pc}
	xchg_spi(token);					/* Send token */
 800472e:	4620      	mov	r0, r4
 8004730:	f7ff ff46 	bl	80045c0 <xchg_spi>
	if (token != 0xFD) {				/* Send data if token is other than StopTran */
 8004734:	2cfd      	cmp	r4, #253	@ 0xfd
 8004736:	d101      	bne.n	800473c <xmit_datablock+0x20>
	return 1;
 8004738:	2001      	movs	r0, #1
 800473a:	e7f7      	b.n	800472c <xmit_datablock+0x10>
		xmit_spi_multi(buff, 512);		/* Data */
 800473c:	f44f 7100 	mov.w	r1, #512	@ 0x200
 8004740:	4628      	mov	r0, r5
 8004742:	f7ff ffdf 	bl	8004704 <xmit_spi_multi>
		xchg_spi(0xFF); xchg_spi(0xFF);	/* Dummy CRC */
 8004746:	20ff      	movs	r0, #255	@ 0xff
 8004748:	f7ff ff3a 	bl	80045c0 <xchg_spi>
 800474c:	20ff      	movs	r0, #255	@ 0xff
 800474e:	f7ff ff37 	bl	80045c0 <xchg_spi>
		resp = xchg_spi(0xFF);				/* Receive data resp */
 8004752:	20ff      	movs	r0, #255	@ 0xff
 8004754:	f7ff ff34 	bl	80045c0 <xchg_spi>
		if ((resp & 0x1F) != 0x05) return 0;	/* Function fails if the data packet was not accepted */
 8004758:	f000 001f 	and.w	r0, r0, #31
 800475c:	2805      	cmp	r0, #5
 800475e:	d101      	bne.n	8004764 <xmit_datablock+0x48>
	return 1;
 8004760:	2001      	movs	r0, #1
 8004762:	e7e3      	b.n	800472c <xmit_datablock+0x10>
		if ((resp & 0x1F) != 0x05) return 0;	/* Function fails if the data packet was not accepted */
 8004764:	2000      	movs	r0, #0
 8004766:	e7e1      	b.n	800472c <xmit_datablock+0x10>

08004768 <SPI_Timer_On>:
void SPI_Timer_On(uint32_t waitTicks) {
 8004768:	b510      	push	{r4, lr}
 800476a:	4604      	mov	r4, r0
    spiTimerTickStart = HAL_GetTick();
 800476c:	f7fd f868 	bl	8001840 <HAL_GetTick>
 8004770:	4b02      	ldr	r3, [pc, #8]	@ (800477c <SPI_Timer_On+0x14>)
 8004772:	6018      	str	r0, [r3, #0]
    spiTimerTickDelay = waitTicks;
 8004774:	4b02      	ldr	r3, [pc, #8]	@ (8004780 <SPI_Timer_On+0x18>)
 8004776:	601c      	str	r4, [r3, #0]
}
 8004778:	bd10      	pop	{r4, pc}
 800477a:	bf00      	nop
 800477c:	200009f8 	.word	0x200009f8
 8004780:	200009f4 	.word	0x200009f4

08004784 <SPI_Timer_Status>:
uint8_t SPI_Timer_Status() {
 8004784:	b508      	push	{r3, lr}
    return ((HAL_GetTick() - spiTimerTickStart) < spiTimerTickDelay);
 8004786:	f7fd f85b 	bl	8001840 <HAL_GetTick>
 800478a:	4b05      	ldr	r3, [pc, #20]	@ (80047a0 <SPI_Timer_Status+0x1c>)
 800478c:	681b      	ldr	r3, [r3, #0]
 800478e:	1ac0      	subs	r0, r0, r3
 8004790:	4b04      	ldr	r3, [pc, #16]	@ (80047a4 <SPI_Timer_Status+0x20>)
 8004792:	681b      	ldr	r3, [r3, #0]
}
 8004794:	4298      	cmp	r0, r3
 8004796:	bf2c      	ite	cs
 8004798:	2000      	movcs	r0, #0
 800479a:	2001      	movcc	r0, #1
 800479c:	bd08      	pop	{r3, pc}
 800479e:	bf00      	nop
 80047a0:	200009f8 	.word	0x200009f8
 80047a4:	200009f4 	.word	0x200009f4

080047a8 <rcvr_datablock>:
{
 80047a8:	b570      	push	{r4, r5, r6, lr}
 80047aa:	4605      	mov	r5, r0
 80047ac:	460e      	mov	r6, r1
	SPI_Timer_On(200);
 80047ae:	20c8      	movs	r0, #200	@ 0xc8
 80047b0:	f7ff ffda 	bl	8004768 <SPI_Timer_On>
		token = xchg_spi(0xFF);
 80047b4:	20ff      	movs	r0, #255	@ 0xff
 80047b6:	f7ff ff03 	bl	80045c0 <xchg_spi>
 80047ba:	4604      	mov	r4, r0
	} while ((token == 0xFF) && SPI_Timer_Status());
 80047bc:	28ff      	cmp	r0, #255	@ 0xff
 80047be:	d103      	bne.n	80047c8 <rcvr_datablock+0x20>
 80047c0:	f7ff ffe0 	bl	8004784 <SPI_Timer_Status>
 80047c4:	2800      	cmp	r0, #0
 80047c6:	d1f5      	bne.n	80047b4 <rcvr_datablock+0xc>
	if(token != 0xFE) return 0;		/* Function fails if invalid DataStart token or timeout */
 80047c8:	2cfe      	cmp	r4, #254	@ 0xfe
 80047ca:	d001      	beq.n	80047d0 <rcvr_datablock+0x28>
 80047cc:	2000      	movs	r0, #0
}
 80047ce:	bd70      	pop	{r4, r5, r6, pc}
	rcvr_spi_multi(buff, btr);		/* Store trailing data to the buffer */
 80047d0:	4631      	mov	r1, r6
 80047d2:	4628      	mov	r0, r5
 80047d4:	f7ff ff1f 	bl	8004616 <rcvr_spi_multi>
	xchg_spi(0xFF); xchg_spi(0xFF);			/* Discard CRC */
 80047d8:	20ff      	movs	r0, #255	@ 0xff
 80047da:	f7ff fef1 	bl	80045c0 <xchg_spi>
 80047de:	20ff      	movs	r0, #255	@ 0xff
 80047e0:	f7ff feee 	bl	80045c0 <xchg_spi>
	return 1;						/* Function succeeded */
 80047e4:	2001      	movs	r0, #1
 80047e6:	e7f2      	b.n	80047ce <rcvr_datablock+0x26>

080047e8 <USER_SPI_initialize>:
	BYTE drv		/* Physical drive number (0) */
)
{
	BYTE n, cmd, ty, ocr[4];

	if (drv != 0) return STA_NOINIT;		/* Supports only drive 0 */
 80047e8:	2800      	cmp	r0, #0
 80047ea:	f040 80ab 	bne.w	8004944 <USER_SPI_initialize+0x15c>
	//assume SPI already init init_spi();	/* Initialize SPI */

	if (Stat & STA_NODISK) return Stat;	/* Is card existing in the soket? */
 80047ee:	4b56      	ldr	r3, [pc, #344]	@ (8004948 <USER_SPI_initialize+0x160>)
 80047f0:	781b      	ldrb	r3, [r3, #0]
 80047f2:	f013 0f02 	tst.w	r3, #2
 80047f6:	d109      	bne.n	800480c <USER_SPI_initialize+0x24>
{
 80047f8:	b570      	push	{r4, r5, r6, lr}
 80047fa:	b082      	sub	sp, #8

	FCLK_SLOW();
 80047fc:	4b53      	ldr	r3, [pc, #332]	@ (800494c <USER_SPI_initialize+0x164>)
 80047fe:	681a      	ldr	r2, [r3, #0]
 8004800:	6813      	ldr	r3, [r2, #0]
 8004802:	f043 0338 	orr.w	r3, r3, #56	@ 0x38
 8004806:	6013      	str	r3, [r2, #0]
	for (n = 10; n; n--) xchg_spi(0xFF);	/* Send 80 dummy clocks */
 8004808:	240a      	movs	r4, #10
 800480a:	e008      	b.n	800481e <USER_SPI_initialize+0x36>
	if (Stat & STA_NODISK) return Stat;	/* Is card existing in the soket? */
 800480c:	4b4e      	ldr	r3, [pc, #312]	@ (8004948 <USER_SPI_initialize+0x160>)
 800480e:	7818      	ldrb	r0, [r3, #0]
 8004810:	b2c0      	uxtb	r0, r0
 8004812:	4770      	bx	lr
	for (n = 10; n; n--) xchg_spi(0xFF);	/* Send 80 dummy clocks */
 8004814:	20ff      	movs	r0, #255	@ 0xff
 8004816:	f7ff fed3 	bl	80045c0 <xchg_spi>
 800481a:	3c01      	subs	r4, #1
 800481c:	b2e4      	uxtb	r4, r4
 800481e:	2c00      	cmp	r4, #0
 8004820:	d1f8      	bne.n	8004814 <USER_SPI_initialize+0x2c>

	ty = 0;
	if (send_cmd(CMD0, 0) == 1) {			/* Put the card SPI/Idle state */
 8004822:	2100      	movs	r1, #0
 8004824:	4608      	mov	r0, r1
 8004826:	f7ff ff27 	bl	8004678 <send_cmd>
 800482a:	4605      	mov	r5, r0
 800482c:	2801      	cmp	r0, #1
 800482e:	d017      	beq.n	8004860 <USER_SPI_initialize+0x78>
			while (SPI_Timer_Status() && send_cmd(cmd, 0)) ;		/* Wait for end of initialization */
			if (!SPI_Timer_Status() || send_cmd(CMD16, 512) != 0)	/* Set block length: 512 */
				ty = 0;
		}
	}
	CardType = ty;	/* Card type */
 8004830:	4b47      	ldr	r3, [pc, #284]	@ (8004950 <USER_SPI_initialize+0x168>)
 8004832:	701c      	strb	r4, [r3, #0]
	despiselect();
 8004834:	f7ff fefc 	bl	8004630 <despiselect>

	if (ty) {			/* OK */
 8004838:	2c00      	cmp	r4, #0
 800483a:	d07f      	beq.n	800493c <USER_SPI_initialize+0x154>
		FCLK_FAST();			/* Set fast clock */
 800483c:	4b43      	ldr	r3, [pc, #268]	@ (800494c <USER_SPI_initialize+0x164>)
 800483e:	681a      	ldr	r2, [r3, #0]
 8004840:	6813      	ldr	r3, [r2, #0]
 8004842:	f023 0338 	bic.w	r3, r3, #56	@ 0x38
 8004846:	f043 0310 	orr.w	r3, r3, #16
 800484a:	6013      	str	r3, [r2, #0]
		Stat &= ~STA_NOINIT;	/* Clear STA_NOINIT flag */
 800484c:	4a3e      	ldr	r2, [pc, #248]	@ (8004948 <USER_SPI_initialize+0x160>)
 800484e:	7813      	ldrb	r3, [r2, #0]
 8004850:	f003 03fe 	and.w	r3, r3, #254	@ 0xfe
 8004854:	7013      	strb	r3, [r2, #0]
	} else {			/* Failed */
		Stat = STA_NOINIT;
	}

	return Stat;
 8004856:	4b3c      	ldr	r3, [pc, #240]	@ (8004948 <USER_SPI_initialize+0x160>)
 8004858:	7818      	ldrb	r0, [r3, #0]
 800485a:	b2c0      	uxtb	r0, r0
}
 800485c:	b002      	add	sp, #8
 800485e:	bd70      	pop	{r4, r5, r6, pc}
		SPI_Timer_On(1000);					/* Initialization timeout = 1 sec */
 8004860:	f44f 707a 	mov.w	r0, #1000	@ 0x3e8
 8004864:	f7ff ff80 	bl	8004768 <SPI_Timer_On>
		if (send_cmd(CMD8, 0x1AA) == 1) {	/* SDv2? */
 8004868:	f44f 71d5 	mov.w	r1, #426	@ 0x1aa
 800486c:	2008      	movs	r0, #8
 800486e:	f7ff ff03 	bl	8004678 <send_cmd>
 8004872:	2801      	cmp	r0, #1
 8004874:	d13e      	bne.n	80048f4 <USER_SPI_initialize+0x10c>
			for (n = 0; n < 4; n++) ocr[n] = xchg_spi(0xFF);	/* Get 32 bit return value of R7 resp */
 8004876:	4625      	mov	r5, r4
 8004878:	e009      	b.n	800488e <USER_SPI_initialize+0xa6>
 800487a:	20ff      	movs	r0, #255	@ 0xff
 800487c:	f7ff fea0 	bl	80045c0 <xchg_spi>
 8004880:	f105 0308 	add.w	r3, r5, #8
 8004884:	446b      	add	r3, sp
 8004886:	f803 0c04 	strb.w	r0, [r3, #-4]
 800488a:	3501      	adds	r5, #1
 800488c:	b2ed      	uxtb	r5, r5
 800488e:	2d03      	cmp	r5, #3
 8004890:	d9f3      	bls.n	800487a <USER_SPI_initialize+0x92>
			if (ocr[2] == 0x01 && ocr[3] == 0xAA) {				/* Is the card supports vcc of 2.7-3.6V? */
 8004892:	f89d 3006 	ldrb.w	r3, [sp, #6]
 8004896:	2b01      	cmp	r3, #1
 8004898:	d1ca      	bne.n	8004830 <USER_SPI_initialize+0x48>
 800489a:	f89d 3007 	ldrb.w	r3, [sp, #7]
 800489e:	2baa      	cmp	r3, #170	@ 0xaa
 80048a0:	d1c6      	bne.n	8004830 <USER_SPI_initialize+0x48>
				while (SPI_Timer_Status() && send_cmd(ACMD41, 1UL << 30)) ;	/* Wait for end of initialization with ACMD41(HCS) */
 80048a2:	f7ff ff6f 	bl	8004784 <SPI_Timer_Status>
 80048a6:	b130      	cbz	r0, 80048b6 <USER_SPI_initialize+0xce>
 80048a8:	f04f 4180 	mov.w	r1, #1073741824	@ 0x40000000
 80048ac:	20a9      	movs	r0, #169	@ 0xa9
 80048ae:	f7ff fee3 	bl	8004678 <send_cmd>
 80048b2:	2800      	cmp	r0, #0
 80048b4:	d1f5      	bne.n	80048a2 <USER_SPI_initialize+0xba>
				if (SPI_Timer_Status() && send_cmd(CMD58, 0) == 0) {		/* Check CCS bit in the OCR */
 80048b6:	f7ff ff65 	bl	8004784 <SPI_Timer_Status>
 80048ba:	b908      	cbnz	r0, 80048c0 <USER_SPI_initialize+0xd8>
	ty = 0;
 80048bc:	4604      	mov	r4, r0
 80048be:	e7b7      	b.n	8004830 <USER_SPI_initialize+0x48>
				if (SPI_Timer_Status() && send_cmd(CMD58, 0) == 0) {		/* Check CCS bit in the OCR */
 80048c0:	2100      	movs	r1, #0
 80048c2:	203a      	movs	r0, #58	@ 0x3a
 80048c4:	f7ff fed8 	bl	8004678 <send_cmd>
 80048c8:	4605      	mov	r5, r0
 80048ca:	b150      	cbz	r0, 80048e2 <USER_SPI_initialize+0xfa>
 80048cc:	e7b0      	b.n	8004830 <USER_SPI_initialize+0x48>
					for (n = 0; n < 4; n++) ocr[n] = xchg_spi(0xFF);
 80048ce:	20ff      	movs	r0, #255	@ 0xff
 80048d0:	f7ff fe76 	bl	80045c0 <xchg_spi>
 80048d4:	f105 0308 	add.w	r3, r5, #8
 80048d8:	446b      	add	r3, sp
 80048da:	f803 0c04 	strb.w	r0, [r3, #-4]
 80048de:	3501      	adds	r5, #1
 80048e0:	b2ed      	uxtb	r5, r5
 80048e2:	2d03      	cmp	r5, #3
 80048e4:	d9f3      	bls.n	80048ce <USER_SPI_initialize+0xe6>
					ty = (ocr[0] & 0x40) ? CT_SD2 | CT_BLOCK : CT_SD2;	/* Card id SDv2 */
 80048e6:	f89d 3004 	ldrb.w	r3, [sp, #4]
 80048ea:	f013 0f40 	tst.w	r3, #64	@ 0x40
 80048ee:	d023      	beq.n	8004938 <USER_SPI_initialize+0x150>
 80048f0:	240c      	movs	r4, #12
 80048f2:	e79d      	b.n	8004830 <USER_SPI_initialize+0x48>
			if (send_cmd(ACMD41, 0) <= 1) 	{	/* SDv1 or MMC? */
 80048f4:	2100      	movs	r1, #0
 80048f6:	20a9      	movs	r0, #169	@ 0xa9
 80048f8:	f7ff febe 	bl	8004678 <send_cmd>
 80048fc:	2801      	cmp	r0, #1
 80048fe:	d90e      	bls.n	800491e <USER_SPI_initialize+0x136>
				ty = CT_MMC; cmd = CMD1;	/* MMCv3 (CMD1(0)) */
 8004900:	462e      	mov	r6, r5
			while (SPI_Timer_Status() && send_cmd(cmd, 0)) ;		/* Wait for end of initialization */
 8004902:	f7ff ff3f 	bl	8004784 <SPI_Timer_Status>
 8004906:	b128      	cbz	r0, 8004914 <USER_SPI_initialize+0x12c>
 8004908:	2100      	movs	r1, #0
 800490a:	4628      	mov	r0, r5
 800490c:	f7ff feb4 	bl	8004678 <send_cmd>
 8004910:	2800      	cmp	r0, #0
 8004912:	d1f6      	bne.n	8004902 <USER_SPI_initialize+0x11a>
			if (!SPI_Timer_Status() || send_cmd(CMD16, 512) != 0)	/* Set block length: 512 */
 8004914:	f7ff ff36 	bl	8004784 <SPI_Timer_Status>
 8004918:	b920      	cbnz	r0, 8004924 <USER_SPI_initialize+0x13c>
				ty = 0;
 800491a:	4604      	mov	r4, r0
 800491c:	e788      	b.n	8004830 <USER_SPI_initialize+0x48>
				ty = CT_SD1; cmd = ACMD41;	/* SDv1 (ACMD41(0)) */
 800491e:	2602      	movs	r6, #2
 8004920:	25a9      	movs	r5, #169	@ 0xa9
 8004922:	e7ee      	b.n	8004902 <USER_SPI_initialize+0x11a>
			if (!SPI_Timer_Status() || send_cmd(CMD16, 512) != 0)	/* Set block length: 512 */
 8004924:	f44f 7100 	mov.w	r1, #512	@ 0x200
 8004928:	2010      	movs	r0, #16
 800492a:	f7ff fea5 	bl	8004678 <send_cmd>
 800492e:	2800      	cmp	r0, #0
 8004930:	f47f af7e 	bne.w	8004830 <USER_SPI_initialize+0x48>
 8004934:	4634      	mov	r4, r6
 8004936:	e77b      	b.n	8004830 <USER_SPI_initialize+0x48>
					ty = (ocr[0] & 0x40) ? CT_SD2 | CT_BLOCK : CT_SD2;	/* Card id SDv2 */
 8004938:	2404      	movs	r4, #4
 800493a:	e779      	b.n	8004830 <USER_SPI_initialize+0x48>
		Stat = STA_NOINIT;
 800493c:	4b02      	ldr	r3, [pc, #8]	@ (8004948 <USER_SPI_initialize+0x160>)
 800493e:	2201      	movs	r2, #1
 8004940:	701a      	strb	r2, [r3, #0]
 8004942:	e788      	b.n	8004856 <USER_SPI_initialize+0x6e>
	if (drv != 0) return STA_NOINIT;		/* Supports only drive 0 */
 8004944:	2001      	movs	r0, #1
}
 8004946:	4770      	bx	lr
 8004948:	20000044 	.word	0x20000044
 800494c:	2000048c 	.word	0x2000048c
 8004950:	200009fc 	.word	0x200009fc

08004954 <USER_SPI_status>:

inline DSTATUS USER_SPI_status (
	BYTE drv		/* Physical drive number (0) */
)
{
	if (drv) return STA_NOINIT;		/* Supports only drive 0 */
 8004954:	b918      	cbnz	r0, 800495e <USER_SPI_status+0xa>

	return Stat;	/* Return disk status */
 8004956:	4b03      	ldr	r3, [pc, #12]	@ (8004964 <USER_SPI_status+0x10>)
 8004958:	7818      	ldrb	r0, [r3, #0]
 800495a:	b2c0      	uxtb	r0, r0
 800495c:	4770      	bx	lr
	if (drv) return STA_NOINIT;		/* Supports only drive 0 */
 800495e:	2001      	movs	r0, #1
}
 8004960:	4770      	bx	lr
 8004962:	bf00      	nop
 8004964:	20000044 	.word	0x20000044

08004968 <USER_SPI_read>:
	BYTE *buff,		/* Pointer to the data buffer to store read data */
	DWORD sector,	/* Start sector number (LBA) */
	UINT count		/* Number of sectors to read (1..128) */
)
{
	if (drv || !count) return RES_PARERR;		/* Check parameter */
 8004968:	2800      	cmp	r0, #0
 800496a:	d139      	bne.n	80049e0 <USER_SPI_read+0x78>
{
 800496c:	b538      	push	{r3, r4, r5, lr}
 800496e:	460d      	mov	r5, r1
 8004970:	461c      	mov	r4, r3
	if (drv || !count) return RES_PARERR;		/* Check parameter */
 8004972:	2b00      	cmp	r3, #0
 8004974:	d036      	beq.n	80049e4 <USER_SPI_read+0x7c>
	if (Stat & STA_NOINIT) return RES_NOTRDY;	/* Check if drive is ready */
 8004976:	4b1d      	ldr	r3, [pc, #116]	@ (80049ec <USER_SPI_read+0x84>)
 8004978:	781b      	ldrb	r3, [r3, #0]
 800497a:	f013 0f01 	tst.w	r3, #1
 800497e:	d133      	bne.n	80049e8 <USER_SPI_read+0x80>

	if (!(CardType & CT_BLOCK)) sector *= 512;	/* LBA ot BA conversion (byte addressing cards) */
 8004980:	4b1b      	ldr	r3, [pc, #108]	@ (80049f0 <USER_SPI_read+0x88>)
 8004982:	781b      	ldrb	r3, [r3, #0]
 8004984:	f013 0f08 	tst.w	r3, #8
 8004988:	d100      	bne.n	800498c <USER_SPI_read+0x24>
 800498a:	0252      	lsls	r2, r2, #9

	if (count == 1) {	/* Single sector read */
 800498c:	2c01      	cmp	r4, #1
 800498e:	d018      	beq.n	80049c2 <USER_SPI_read+0x5a>
			&& rcvr_datablock(buff, 512)) {
			count = 0;
		}
	}
	else {				/* Multiple sector read */
		if (send_cmd(CMD18, sector) == 0) {	/* READ_MULTIPLE_BLOCK */
 8004990:	4611      	mov	r1, r2
 8004992:	2012      	movs	r0, #18
 8004994:	f7ff fe70 	bl	8004678 <send_cmd>
 8004998:	b968      	cbnz	r0, 80049b6 <USER_SPI_read+0x4e>
			do {
				if (!rcvr_datablock(buff, 512)) break;
 800499a:	f44f 7100 	mov.w	r1, #512	@ 0x200
 800499e:	4628      	mov	r0, r5
 80049a0:	f7ff ff02 	bl	80047a8 <rcvr_datablock>
 80049a4:	b118      	cbz	r0, 80049ae <USER_SPI_read+0x46>
				buff += 512;
 80049a6:	f505 7500 	add.w	r5, r5, #512	@ 0x200
			} while (--count);
 80049aa:	3c01      	subs	r4, #1
 80049ac:	d1f5      	bne.n	800499a <USER_SPI_read+0x32>
			send_cmd(CMD12, 0);				/* STOP_TRANSMISSION */
 80049ae:	2100      	movs	r1, #0
 80049b0:	200c      	movs	r0, #12
 80049b2:	f7ff fe61 	bl	8004678 <send_cmd>
		}
	}
	despiselect();
 80049b6:	f7ff fe3b 	bl	8004630 <despiselect>

	return count ? RES_ERROR : RES_OK;	/* Return result */
 80049ba:	1e20      	subs	r0, r4, #0
 80049bc:	bf18      	it	ne
 80049be:	2001      	movne	r0, #1
}
 80049c0:	bd38      	pop	{r3, r4, r5, pc}
		if ((send_cmd(CMD17, sector) == 0)	/* READ_SINGLE_BLOCK */
 80049c2:	4611      	mov	r1, r2
 80049c4:	2011      	movs	r0, #17
 80049c6:	f7ff fe57 	bl	8004678 <send_cmd>
 80049ca:	2800      	cmp	r0, #0
 80049cc:	d1f3      	bne.n	80049b6 <USER_SPI_read+0x4e>
			&& rcvr_datablock(buff, 512)) {
 80049ce:	f44f 7100 	mov.w	r1, #512	@ 0x200
 80049d2:	4628      	mov	r0, r5
 80049d4:	f7ff fee8 	bl	80047a8 <rcvr_datablock>
 80049d8:	2800      	cmp	r0, #0
 80049da:	d0ec      	beq.n	80049b6 <USER_SPI_read+0x4e>
			count = 0;
 80049dc:	2400      	movs	r4, #0
 80049de:	e7ea      	b.n	80049b6 <USER_SPI_read+0x4e>
	if (drv || !count) return RES_PARERR;		/* Check parameter */
 80049e0:	2004      	movs	r0, #4
}
 80049e2:	4770      	bx	lr
	if (drv || !count) return RES_PARERR;		/* Check parameter */
 80049e4:	2004      	movs	r0, #4
 80049e6:	e7eb      	b.n	80049c0 <USER_SPI_read+0x58>
	if (Stat & STA_NOINIT) return RES_NOTRDY;	/* Check if drive is ready */
 80049e8:	2003      	movs	r0, #3
 80049ea:	e7e9      	b.n	80049c0 <USER_SPI_read+0x58>
 80049ec:	20000044 	.word	0x20000044
 80049f0:	200009fc 	.word	0x200009fc

080049f4 <USER_SPI_write>:
	const BYTE *buff,	/* Ponter to the data to write */
	DWORD sector,		/* Start sector number (LBA) */
	UINT count			/* Number of sectors to write (1..128) */
)
{
	if (drv || !count) return RES_PARERR;		/* Check parameter */
 80049f4:	2800      	cmp	r0, #0
 80049f6:	d148      	bne.n	8004a8a <USER_SPI_write+0x96>
{
 80049f8:	b570      	push	{r4, r5, r6, lr}
 80049fa:	460d      	mov	r5, r1
 80049fc:	4616      	mov	r6, r2
 80049fe:	461c      	mov	r4, r3
	if (drv || !count) return RES_PARERR;		/* Check parameter */
 8004a00:	2b00      	cmp	r3, #0
 8004a02:	d044      	beq.n	8004a8e <USER_SPI_write+0x9a>
	if (Stat & STA_NOINIT) return RES_NOTRDY;	/* Check drive status */
 8004a04:	4b25      	ldr	r3, [pc, #148]	@ (8004a9c <USER_SPI_write+0xa8>)
 8004a06:	781b      	ldrb	r3, [r3, #0]
 8004a08:	f013 0f01 	tst.w	r3, #1
 8004a0c:	d141      	bne.n	8004a92 <USER_SPI_write+0x9e>
	if (Stat & STA_PROTECT) return RES_WRPRT;	/* Check write protect */
 8004a0e:	4b23      	ldr	r3, [pc, #140]	@ (8004a9c <USER_SPI_write+0xa8>)
 8004a10:	781b      	ldrb	r3, [r3, #0]
 8004a12:	f013 0f04 	tst.w	r3, #4
 8004a16:	d13e      	bne.n	8004a96 <USER_SPI_write+0xa2>

	if (!(CardType & CT_BLOCK)) sector *= 512;	/* LBA ==> BA conversion (byte addressing cards) */
 8004a18:	4b21      	ldr	r3, [pc, #132]	@ (8004aa0 <USER_SPI_write+0xac>)
 8004a1a:	781b      	ldrb	r3, [r3, #0]
 8004a1c:	f013 0f08 	tst.w	r3, #8
 8004a20:	d100      	bne.n	8004a24 <USER_SPI_write+0x30>
 8004a22:	0256      	lsls	r6, r2, #9

	if (count == 1) {	/* Single sector write */
 8004a24:	2c01      	cmp	r4, #1
 8004a26:	d01b      	beq.n	8004a60 <USER_SPI_write+0x6c>
			&& xmit_datablock(buff, 0xFE)) {
			count = 0;
		}
	}
	else {				/* Multiple sector write */
		if (CardType & CT_SDC) send_cmd(ACMD23, count);	/* Predefine number of sectors */
 8004a28:	f013 0f06 	tst.w	r3, #6
 8004a2c:	d126      	bne.n	8004a7c <USER_SPI_write+0x88>
		if (send_cmd(CMD25, sector) == 0) {	/* WRITE_MULTIPLE_BLOCK */
 8004a2e:	4631      	mov	r1, r6
 8004a30:	2019      	movs	r0, #25
 8004a32:	f7ff fe21 	bl	8004678 <send_cmd>
 8004a36:	b968      	cbnz	r0, 8004a54 <USER_SPI_write+0x60>
			do {
				if (!xmit_datablock(buff, 0xFC)) break;
 8004a38:	21fc      	movs	r1, #252	@ 0xfc
 8004a3a:	4628      	mov	r0, r5
 8004a3c:	f7ff fe6e 	bl	800471c <xmit_datablock>
 8004a40:	b118      	cbz	r0, 8004a4a <USER_SPI_write+0x56>
				buff += 512;
 8004a42:	f505 7500 	add.w	r5, r5, #512	@ 0x200
			} while (--count);
 8004a46:	3c01      	subs	r4, #1
 8004a48:	d1f6      	bne.n	8004a38 <USER_SPI_write+0x44>
			if (!xmit_datablock(0, 0xFD)) count = 1;	/* STOP_TRAN token */
 8004a4a:	21fd      	movs	r1, #253	@ 0xfd
 8004a4c:	2000      	movs	r0, #0
 8004a4e:	f7ff fe65 	bl	800471c <xmit_datablock>
 8004a52:	b1c0      	cbz	r0, 8004a86 <USER_SPI_write+0x92>
		}
	}
	despiselect();
 8004a54:	f7ff fdec 	bl	8004630 <despiselect>

	return count ? RES_ERROR : RES_OK;	/* Return result */
 8004a58:	1e20      	subs	r0, r4, #0
 8004a5a:	bf18      	it	ne
 8004a5c:	2001      	movne	r0, #1
}
 8004a5e:	bd70      	pop	{r4, r5, r6, pc}
		if ((send_cmd(CMD24, sector) == 0)	/* WRITE_BLOCK */
 8004a60:	4631      	mov	r1, r6
 8004a62:	2018      	movs	r0, #24
 8004a64:	f7ff fe08 	bl	8004678 <send_cmd>
 8004a68:	2800      	cmp	r0, #0
 8004a6a:	d1f3      	bne.n	8004a54 <USER_SPI_write+0x60>
			&& xmit_datablock(buff, 0xFE)) {
 8004a6c:	21fe      	movs	r1, #254	@ 0xfe
 8004a6e:	4628      	mov	r0, r5
 8004a70:	f7ff fe54 	bl	800471c <xmit_datablock>
 8004a74:	2800      	cmp	r0, #0
 8004a76:	d0ed      	beq.n	8004a54 <USER_SPI_write+0x60>
			count = 0;
 8004a78:	2400      	movs	r4, #0
 8004a7a:	e7eb      	b.n	8004a54 <USER_SPI_write+0x60>
		if (CardType & CT_SDC) send_cmd(ACMD23, count);	/* Predefine number of sectors */
 8004a7c:	4621      	mov	r1, r4
 8004a7e:	2097      	movs	r0, #151	@ 0x97
 8004a80:	f7ff fdfa 	bl	8004678 <send_cmd>
 8004a84:	e7d3      	b.n	8004a2e <USER_SPI_write+0x3a>
			if (!xmit_datablock(0, 0xFD)) count = 1;	/* STOP_TRAN token */
 8004a86:	2401      	movs	r4, #1
 8004a88:	e7e4      	b.n	8004a54 <USER_SPI_write+0x60>
	if (drv || !count) return RES_PARERR;		/* Check parameter */
 8004a8a:	2004      	movs	r0, #4
}
 8004a8c:	4770      	bx	lr
	if (drv || !count) return RES_PARERR;		/* Check parameter */
 8004a8e:	2004      	movs	r0, #4
 8004a90:	e7e5      	b.n	8004a5e <USER_SPI_write+0x6a>
	if (Stat & STA_NOINIT) return RES_NOTRDY;	/* Check drive status */
 8004a92:	2003      	movs	r0, #3
 8004a94:	e7e3      	b.n	8004a5e <USER_SPI_write+0x6a>
	if (Stat & STA_PROTECT) return RES_WRPRT;	/* Check write protect */
 8004a96:	2002      	movs	r0, #2
 8004a98:	e7e1      	b.n	8004a5e <USER_SPI_write+0x6a>
 8004a9a:	bf00      	nop
 8004a9c:	20000044 	.word	0x20000044
 8004aa0:	200009fc 	.word	0x200009fc

08004aa4 <USER_SPI_ioctl>:
inline DRESULT USER_SPI_ioctl (
	BYTE drv,		/* Physical drive number (0) */
	BYTE cmd,		/* Control command code */
	void *buff		/* Pointer to the conrtol data */
)
{
 8004aa4:	b570      	push	{r4, r5, r6, lr}
 8004aa6:	b084      	sub	sp, #16
	DRESULT res;
	BYTE n, csd[16];
	DWORD *dp, st, ed, csize;


	if (drv) return RES_PARERR;					/* Check parameter */
 8004aa8:	2800      	cmp	r0, #0
 8004aaa:	f040 8104 	bne.w	8004cb6 <USER_SPI_ioctl+0x212>
 8004aae:	460d      	mov	r5, r1
 8004ab0:	4616      	mov	r6, r2
	if (Stat & STA_NOINIT) return RES_NOTRDY;	/* Check if drive is ready */
 8004ab2:	4b83      	ldr	r3, [pc, #524]	@ (8004cc0 <USER_SPI_ioctl+0x21c>)
 8004ab4:	781b      	ldrb	r3, [r3, #0]
 8004ab6:	f013 0f01 	tst.w	r3, #1
 8004aba:	f040 80fe 	bne.w	8004cba <USER_SPI_ioctl+0x216>

	res = RES_ERROR;

	switch (cmd) {
 8004abe:	2904      	cmp	r1, #4
 8004ac0:	f200 80ed 	bhi.w	8004c9e <USER_SPI_ioctl+0x1fa>
 8004ac4:	e8df f011 	tbh	[pc, r1, lsl #1]
 8004ac8:	000c0005 	.word	0x000c0005
 8004acc:	005400eb 	.word	0x005400eb
 8004ad0:	00af      	.short	0x00af
	case CTRL_SYNC :		/* Wait for end of internal write process of the drive */
		if (spiselect()) res = RES_OK;
 8004ad2:	f7ff fdb9 	bl	8004648 <spiselect>
 8004ad6:	2800      	cmp	r0, #0
 8004ad8:	f040 80e3 	bne.w	8004ca2 <USER_SPI_ioctl+0x1fe>
	res = RES_ERROR;
 8004adc:	2401      	movs	r4, #1
 8004ade:	e006      	b.n	8004aee <USER_SPI_ioctl+0x4a>
		break;

	case GET_SECTOR_COUNT :	/* Get drive capacity in unit of sector (DWORD) */
		if ((send_cmd(CMD9, 0) == 0) && rcvr_datablock(csd, 16)) {
 8004ae0:	2100      	movs	r1, #0
 8004ae2:	2009      	movs	r0, #9
 8004ae4:	f7ff fdc8 	bl	8004678 <send_cmd>
 8004ae8:	4604      	mov	r4, r0
 8004aea:	b128      	cbz	r0, 8004af8 <USER_SPI_ioctl+0x54>
	res = RES_ERROR;
 8004aec:	462c      	mov	r4, r5

	default:
		res = RES_PARERR;
	}

	despiselect();
 8004aee:	f7ff fd9f 	bl	8004630 <despiselect>

	return res;
}
 8004af2:	4620      	mov	r0, r4
 8004af4:	b004      	add	sp, #16
 8004af6:	bd70      	pop	{r4, r5, r6, pc}
		if ((send_cmd(CMD9, 0) == 0) && rcvr_datablock(csd, 16)) {
 8004af8:	2110      	movs	r1, #16
 8004afa:	4668      	mov	r0, sp
 8004afc:	f7ff fe54 	bl	80047a8 <rcvr_datablock>
 8004b00:	2800      	cmp	r0, #0
 8004b02:	f000 80d0 	beq.w	8004ca6 <USER_SPI_ioctl+0x202>
			if ((csd[0] >> 6) == 1) {	/* SDC ver 2.00 */
 8004b06:	f89d 3000 	ldrb.w	r3, [sp]
 8004b0a:	099b      	lsrs	r3, r3, #6
 8004b0c:	2b01      	cmp	r3, #1
 8004b0e:	d01f      	beq.n	8004b50 <USER_SPI_ioctl+0xac>
				n = (csd[5] & 15) + ((csd[10] & 128) >> 7) + ((csd[9] & 3) << 1) + 2;
 8004b10:	f89d 2005 	ldrb.w	r2, [sp, #5]
 8004b14:	f002 020f 	and.w	r2, r2, #15
 8004b18:	f89d 300a 	ldrb.w	r3, [sp, #10]
 8004b1c:	eb02 12d3 	add.w	r2, r2, r3, lsr #7
 8004b20:	f89d 3009 	ldrb.w	r3, [sp, #9]
 8004b24:	005b      	lsls	r3, r3, #1
 8004b26:	f003 0306 	and.w	r3, r3, #6
 8004b2a:	441a      	add	r2, r3
				csize = (csd[8] >> 6) + ((WORD)csd[7] << 2) + ((WORD)(csd[6] & 3) << 10) + 1;
 8004b2c:	f89d 1008 	ldrb.w	r1, [sp, #8]
 8004b30:	f89d 3007 	ldrb.w	r3, [sp, #7]
 8004b34:	009b      	lsls	r3, r3, #2
 8004b36:	eb03 1391 	add.w	r3, r3, r1, lsr #6
 8004b3a:	f89d 1006 	ldrb.w	r1, [sp, #6]
 8004b3e:	0289      	lsls	r1, r1, #10
 8004b40:	f401 6140 	and.w	r1, r1, #3072	@ 0xc00
 8004b44:	440b      	add	r3, r1
 8004b46:	3301      	adds	r3, #1
				*(DWORD*)buff = csize << (n - 9);
 8004b48:	3a07      	subs	r2, #7
 8004b4a:	4093      	lsls	r3, r2
 8004b4c:	6033      	str	r3, [r6, #0]
 8004b4e:	e7ce      	b.n	8004aee <USER_SPI_ioctl+0x4a>
				csize = csd[9] + ((WORD)csd[8] << 8) + ((DWORD)(csd[7] & 63) << 16) + 1;
 8004b50:	f89d 3009 	ldrb.w	r3, [sp, #9]
 8004b54:	f89d 2008 	ldrb.w	r2, [sp, #8]
 8004b58:	eb03 2302 	add.w	r3, r3, r2, lsl #8
 8004b5c:	f89d 2007 	ldrb.w	r2, [sp, #7]
 8004b60:	0412      	lsls	r2, r2, #16
 8004b62:	f402 127c 	and.w	r2, r2, #4128768	@ 0x3f0000
 8004b66:	4413      	add	r3, r2
 8004b68:	3301      	adds	r3, #1
				*(DWORD*)buff = csize << 10;
 8004b6a:	029b      	lsls	r3, r3, #10
 8004b6c:	6033      	str	r3, [r6, #0]
 8004b6e:	e7be      	b.n	8004aee <USER_SPI_ioctl+0x4a>
		if (CardType & CT_SD2) {	/* SDC ver 2.00 */
 8004b70:	4b54      	ldr	r3, [pc, #336]	@ (8004cc4 <USER_SPI_ioctl+0x220>)
 8004b72:	781b      	ldrb	r3, [r3, #0]
 8004b74:	f013 0f04 	tst.w	r3, #4
 8004b78:	d020      	beq.n	8004bbc <USER_SPI_ioctl+0x118>
			if (send_cmd(ACMD13, 0) == 0) {	/* Read SD status */
 8004b7a:	2100      	movs	r1, #0
 8004b7c:	208d      	movs	r0, #141	@ 0x8d
 8004b7e:	f7ff fd7b 	bl	8004678 <send_cmd>
 8004b82:	b108      	cbz	r0, 8004b88 <USER_SPI_ioctl+0xe4>
	res = RES_ERROR;
 8004b84:	2401      	movs	r4, #1
 8004b86:	e7b2      	b.n	8004aee <USER_SPI_ioctl+0x4a>
				xchg_spi(0xFF);
 8004b88:	20ff      	movs	r0, #255	@ 0xff
 8004b8a:	f7ff fd19 	bl	80045c0 <xchg_spi>
				if (rcvr_datablock(csd, 16)) {				/* Read partial block */
 8004b8e:	2110      	movs	r1, #16
 8004b90:	4668      	mov	r0, sp
 8004b92:	f7ff fe09 	bl	80047a8 <rcvr_datablock>
 8004b96:	b978      	cbnz	r0, 8004bb8 <USER_SPI_ioctl+0x114>
	res = RES_ERROR;
 8004b98:	2401      	movs	r4, #1
 8004b9a:	e7a8      	b.n	8004aee <USER_SPI_ioctl+0x4a>
					for (n = 64 - 16; n; n--) xchg_spi(0xFF);	/* Purge trailing data */
 8004b9c:	20ff      	movs	r0, #255	@ 0xff
 8004b9e:	f7ff fd0f 	bl	80045c0 <xchg_spi>
 8004ba2:	3c01      	subs	r4, #1
 8004ba4:	b2e4      	uxtb	r4, r4
 8004ba6:	2c00      	cmp	r4, #0
 8004ba8:	d1f8      	bne.n	8004b9c <USER_SPI_ioctl+0xf8>
					*(DWORD*)buff = 16UL << (csd[10] >> 4);
 8004baa:	f89d 200a 	ldrb.w	r2, [sp, #10]
 8004bae:	0912      	lsrs	r2, r2, #4
 8004bb0:	2310      	movs	r3, #16
 8004bb2:	4093      	lsls	r3, r2
 8004bb4:	6033      	str	r3, [r6, #0]
					res = RES_OK;
 8004bb6:	e79a      	b.n	8004aee <USER_SPI_ioctl+0x4a>
					for (n = 64 - 16; n; n--) xchg_spi(0xFF);	/* Purge trailing data */
 8004bb8:	2430      	movs	r4, #48	@ 0x30
 8004bba:	e7f4      	b.n	8004ba6 <USER_SPI_ioctl+0x102>
			if ((send_cmd(CMD9, 0) == 0) && rcvr_datablock(csd, 16)) {	/* Read CSD */
 8004bbc:	2100      	movs	r1, #0
 8004bbe:	2009      	movs	r0, #9
 8004bc0:	f7ff fd5a 	bl	8004678 <send_cmd>
 8004bc4:	4605      	mov	r5, r0
 8004bc6:	b108      	cbz	r0, 8004bcc <USER_SPI_ioctl+0x128>
	res = RES_ERROR;
 8004bc8:	2401      	movs	r4, #1
 8004bca:	e790      	b.n	8004aee <USER_SPI_ioctl+0x4a>
			if ((send_cmd(CMD9, 0) == 0) && rcvr_datablock(csd, 16)) {	/* Read CSD */
 8004bcc:	2110      	movs	r1, #16
 8004bce:	4668      	mov	r0, sp
 8004bd0:	f7ff fdea 	bl	80047a8 <rcvr_datablock>
 8004bd4:	2800      	cmp	r0, #0
 8004bd6:	d068      	beq.n	8004caa <USER_SPI_ioctl+0x206>
				if (CardType & CT_SD1) {	/* SDC ver 1.XX */
 8004bd8:	4b3a      	ldr	r3, [pc, #232]	@ (8004cc4 <USER_SPI_ioctl+0x220>)
 8004bda:	781c      	ldrb	r4, [r3, #0]
 8004bdc:	f014 0402 	ands.w	r4, r4, #2
 8004be0:	d011      	beq.n	8004c06 <USER_SPI_ioctl+0x162>
					*(DWORD*)buff = (((csd[10] & 63) << 1) + ((WORD)(csd[11] & 128) >> 7) + 1) << ((csd[13] >> 6) - 1);
 8004be2:	f89d 300a 	ldrb.w	r3, [sp, #10]
 8004be6:	005b      	lsls	r3, r3, #1
 8004be8:	f003 037e 	and.w	r3, r3, #126	@ 0x7e
 8004bec:	f89d 200b 	ldrb.w	r2, [sp, #11]
 8004bf0:	eb03 13d2 	add.w	r3, r3, r2, lsr #7
 8004bf4:	3301      	adds	r3, #1
 8004bf6:	f89d 200d 	ldrb.w	r2, [sp, #13]
 8004bfa:	0992      	lsrs	r2, r2, #6
 8004bfc:	3a01      	subs	r2, #1
 8004bfe:	4093      	lsls	r3, r2
 8004c00:	6033      	str	r3, [r6, #0]
				res = RES_OK;
 8004c02:	462c      	mov	r4, r5
 8004c04:	e773      	b.n	8004aee <USER_SPI_ioctl+0x4a>
					*(DWORD*)buff = ((WORD)((csd[10] & 124) >> 2) + 1) * (((csd[11] & 3) << 3) + ((csd[11] & 224) >> 5) + 1);
 8004c06:	f89d 200a 	ldrb.w	r2, [sp, #10]
 8004c0a:	f3c2 0284 	ubfx	r2, r2, #2, #5
 8004c0e:	f89d 100b 	ldrb.w	r1, [sp, #11]
 8004c12:	00cb      	lsls	r3, r1, #3
 8004c14:	f003 0318 	and.w	r3, r3, #24
 8004c18:	eb03 1351 	add.w	r3, r3, r1, lsr #5
 8004c1c:	3301      	adds	r3, #1
 8004c1e:	fb02 3303 	mla	r3, r2, r3, r3
 8004c22:	6033      	str	r3, [r6, #0]
 8004c24:	e763      	b.n	8004aee <USER_SPI_ioctl+0x4a>
		if (!(CardType & CT_SDC)) break;				/* Check if the card is SDC */
 8004c26:	4b27      	ldr	r3, [pc, #156]	@ (8004cc4 <USER_SPI_ioctl+0x220>)
 8004c28:	781b      	ldrb	r3, [r3, #0]
 8004c2a:	f013 0f06 	tst.w	r3, #6
 8004c2e:	d101      	bne.n	8004c34 <USER_SPI_ioctl+0x190>
	res = RES_ERROR;
 8004c30:	2401      	movs	r4, #1
 8004c32:	e75c      	b.n	8004aee <USER_SPI_ioctl+0x4a>
		if (USER_SPI_ioctl(drv, MMC_GET_CSD, csd)) break;	/* Get CSD */
 8004c34:	466a      	mov	r2, sp
 8004c36:	210b      	movs	r1, #11
 8004c38:	f7ff ff34 	bl	8004aa4 <USER_SPI_ioctl>
 8004c3c:	bbb8      	cbnz	r0, 8004cae <USER_SPI_ioctl+0x20a>
		if (!(csd[0] >> 6) && !(csd[10] & 0x40)) break;	/* Check if sector erase can be applied to the card */
 8004c3e:	f89d 3000 	ldrb.w	r3, [sp]
 8004c42:	099b      	lsrs	r3, r3, #6
 8004c44:	d104      	bne.n	8004c50 <USER_SPI_ioctl+0x1ac>
 8004c46:	f89d 300a 	ldrb.w	r3, [sp, #10]
 8004c4a:	f013 0f40 	tst.w	r3, #64	@ 0x40
 8004c4e:	d030      	beq.n	8004cb2 <USER_SPI_ioctl+0x20e>
		dp = buff; st = dp[0]; ed = dp[1];				/* Load sector block */
 8004c50:	6831      	ldr	r1, [r6, #0]
 8004c52:	6874      	ldr	r4, [r6, #4]
		if (!(CardType & CT_BLOCK)) {
 8004c54:	4b1b      	ldr	r3, [pc, #108]	@ (8004cc4 <USER_SPI_ioctl+0x220>)
 8004c56:	781b      	ldrb	r3, [r3, #0]
 8004c58:	f013 0f08 	tst.w	r3, #8
 8004c5c:	d101      	bne.n	8004c62 <USER_SPI_ioctl+0x1be>
			st *= 512; ed *= 512;
 8004c5e:	0249      	lsls	r1, r1, #9
 8004c60:	0264      	lsls	r4, r4, #9
		if (send_cmd(CMD32, st) == 0 && send_cmd(CMD33, ed) == 0 && send_cmd(CMD38, 0) == 0 && wait_ready(30000)) {	/* Erase sector block */
 8004c62:	2020      	movs	r0, #32
 8004c64:	f7ff fd08 	bl	8004678 <send_cmd>
 8004c68:	b108      	cbz	r0, 8004c6e <USER_SPI_ioctl+0x1ca>
	res = RES_ERROR;
 8004c6a:	2401      	movs	r4, #1
 8004c6c:	e73f      	b.n	8004aee <USER_SPI_ioctl+0x4a>
		if (send_cmd(CMD32, st) == 0 && send_cmd(CMD33, ed) == 0 && send_cmd(CMD38, 0) == 0 && wait_ready(30000)) {	/* Erase sector block */
 8004c6e:	4621      	mov	r1, r4
 8004c70:	2021      	movs	r0, #33	@ 0x21
 8004c72:	f7ff fd01 	bl	8004678 <send_cmd>
 8004c76:	b108      	cbz	r0, 8004c7c <USER_SPI_ioctl+0x1d8>
	res = RES_ERROR;
 8004c78:	2401      	movs	r4, #1
 8004c7a:	e738      	b.n	8004aee <USER_SPI_ioctl+0x4a>
		if (send_cmd(CMD32, st) == 0 && send_cmd(CMD33, ed) == 0 && send_cmd(CMD38, 0) == 0 && wait_ready(30000)) {	/* Erase sector block */
 8004c7c:	2100      	movs	r1, #0
 8004c7e:	2026      	movs	r0, #38	@ 0x26
 8004c80:	f7ff fcfa 	bl	8004678 <send_cmd>
 8004c84:	4604      	mov	r4, r0
 8004c86:	b108      	cbz	r0, 8004c8c <USER_SPI_ioctl+0x1e8>
	res = RES_ERROR;
 8004c88:	2401      	movs	r4, #1
 8004c8a:	e730      	b.n	8004aee <USER_SPI_ioctl+0x4a>
		if (send_cmd(CMD32, st) == 0 && send_cmd(CMD33, ed) == 0 && send_cmd(CMD38, 0) == 0 && wait_ready(30000)) {	/* Erase sector block */
 8004c8c:	f247 5030 	movw	r0, #30000	@ 0x7530
 8004c90:	f7ff fcac 	bl	80045ec <wait_ready>
 8004c94:	2800      	cmp	r0, #0
 8004c96:	f47f af2a 	bne.w	8004aee <USER_SPI_ioctl+0x4a>
	res = RES_ERROR;
 8004c9a:	2401      	movs	r4, #1
 8004c9c:	e727      	b.n	8004aee <USER_SPI_ioctl+0x4a>
	switch (cmd) {
 8004c9e:	2404      	movs	r4, #4
 8004ca0:	e725      	b.n	8004aee <USER_SPI_ioctl+0x4a>
		if (spiselect()) res = RES_OK;
 8004ca2:	462c      	mov	r4, r5
 8004ca4:	e723      	b.n	8004aee <USER_SPI_ioctl+0x4a>
	res = RES_ERROR;
 8004ca6:	462c      	mov	r4, r5
 8004ca8:	e721      	b.n	8004aee <USER_SPI_ioctl+0x4a>
 8004caa:	2401      	movs	r4, #1
 8004cac:	e71f      	b.n	8004aee <USER_SPI_ioctl+0x4a>
 8004cae:	2401      	movs	r4, #1
 8004cb0:	e71d      	b.n	8004aee <USER_SPI_ioctl+0x4a>
 8004cb2:	2401      	movs	r4, #1
 8004cb4:	e71b      	b.n	8004aee <USER_SPI_ioctl+0x4a>
	if (drv) return RES_PARERR;					/* Check parameter */
 8004cb6:	2404      	movs	r4, #4
 8004cb8:	e71b      	b.n	8004af2 <USER_SPI_ioctl+0x4e>
	if (Stat & STA_NOINIT) return RES_NOTRDY;	/* Check if drive is ready */
 8004cba:	2403      	movs	r4, #3
 8004cbc:	e719      	b.n	8004af2 <USER_SPI_ioctl+0x4e>
 8004cbe:	bf00      	nop
 8004cc0:	20000044 	.word	0x20000044
 8004cc4:	200009fc 	.word	0x200009fc

08004cc8 <Reset_Handler>:

    .section  .text.Reset_Handler
  .weak  Reset_Handler
  .type  Reset_Handler, %function
Reset_Handler:  
  ldr   sp, =_estack    		 /* set stack pointer */
 8004cc8:	f8df d034 	ldr.w	sp, [pc, #52]	@ 8004d00 <LoopFillZerobss+0xe>

/* Call the clock system initialization function.*/
  bl  SystemInit  
 8004ccc:	f7ff fc5a 	bl	8004584 <SystemInit>

/* Copy the data segment initializers from flash to SRAM */  
  ldr r0, =_sdata
 8004cd0:	480c      	ldr	r0, [pc, #48]	@ (8004d04 <LoopFillZerobss+0x12>)
  ldr r1, =_edata
 8004cd2:	490d      	ldr	r1, [pc, #52]	@ (8004d08 <LoopFillZerobss+0x16>)
  ldr r2, =_sidata
 8004cd4:	4a0d      	ldr	r2, [pc, #52]	@ (8004d0c <LoopFillZerobss+0x1a>)
  movs r3, #0
 8004cd6:	2300      	movs	r3, #0
  b LoopCopyDataInit
 8004cd8:	e002      	b.n	8004ce0 <LoopCopyDataInit>

08004cda <CopyDataInit>:

CopyDataInit:
  ldr r4, [r2, r3]
 8004cda:	58d4      	ldr	r4, [r2, r3]
  str r4, [r0, r3]
 8004cdc:	50c4      	str	r4, [r0, r3]
  adds r3, r3, #4
 8004cde:	3304      	adds	r3, #4

08004ce0 <LoopCopyDataInit>:

LoopCopyDataInit:
  adds r4, r0, r3
 8004ce0:	18c4      	adds	r4, r0, r3
  cmp r4, r1
 8004ce2:	428c      	cmp	r4, r1
  bcc CopyDataInit
 8004ce4:	d3f9      	bcc.n	8004cda <CopyDataInit>
  
/* Zero fill the bss segment. */
  ldr r2, =_sbss
 8004ce6:	4a0a      	ldr	r2, [pc, #40]	@ (8004d10 <LoopFillZerobss+0x1e>)
  ldr r4, =_ebss
 8004ce8:	4c0a      	ldr	r4, [pc, #40]	@ (8004d14 <LoopFillZerobss+0x22>)
  movs r3, #0
 8004cea:	2300      	movs	r3, #0
  b LoopFillZerobss
 8004cec:	e001      	b.n	8004cf2 <LoopFillZerobss>

08004cee <FillZerobss>:

FillZerobss:
  str  r3, [r2]
 8004cee:	6013      	str	r3, [r2, #0]
  adds r2, r2, #4
 8004cf0:	3204      	adds	r2, #4

08004cf2 <LoopFillZerobss>:

LoopFillZerobss:
  cmp r2, r4
 8004cf2:	42a2      	cmp	r2, r4
  bcc FillZerobss
 8004cf4:	d3fb      	bcc.n	8004cee <FillZerobss>
 
/* Call static constructors */
    bl __libc_init_array
 8004cf6:	f001 fd53 	bl	80067a0 <__libc_init_array>
/* Call the application's entry point.*/
  bl  main
 8004cfa:	f7fc fa93 	bl	8001224 <main>
  bx  lr    
 8004cfe:	4770      	bx	lr
  ldr   sp, =_estack    		 /* set stack pointer */
 8004d00:	20018000 	.word	0x20018000
  ldr r0, =_sdata
 8004d04:	20000000 	.word	0x20000000
  ldr r1, =_edata
 8004d08:	20000108 	.word	0x20000108
  ldr r2, =_sidata
 8004d0c:	0800947c 	.word	0x0800947c
  ldr r2, =_sbss
 8004d10:	20000108 	.word	0x20000108
  ldr r4, =_ebss
 8004d14:	20000b70 	.word	0x20000b70

08004d18 <ADC_IRQHandler>:
 * @retval None       
*/
    .section  .text.Default_Handler,"ax",%progbits
Default_Handler:
Infinite_Loop:
  b  Infinite_Loop
 8004d18:	e7fe      	b.n	8004d18 <ADC_IRQHandler>
	...

08004d1c <std>:
 8004d1c:	2300      	movs	r3, #0
 8004d1e:	b510      	push	{r4, lr}
 8004d20:	4604      	mov	r4, r0
 8004d22:	e9c0 3300 	strd	r3, r3, [r0]
 8004d26:	e9c0 3304 	strd	r3, r3, [r0, #16]
 8004d2a:	6083      	str	r3, [r0, #8]
 8004d2c:	8181      	strh	r1, [r0, #12]
 8004d2e:	6643      	str	r3, [r0, #100]	@ 0x64
 8004d30:	81c2      	strh	r2, [r0, #14]
 8004d32:	6183      	str	r3, [r0, #24]
 8004d34:	4619      	mov	r1, r3
 8004d36:	2208      	movs	r2, #8
 8004d38:	305c      	adds	r0, #92	@ 0x5c
 8004d3a:	f000 f92c 	bl	8004f96 <memset>
 8004d3e:	4b0d      	ldr	r3, [pc, #52]	@ (8004d74 <std+0x58>)
 8004d40:	6263      	str	r3, [r4, #36]	@ 0x24
 8004d42:	4b0d      	ldr	r3, [pc, #52]	@ (8004d78 <std+0x5c>)
 8004d44:	62a3      	str	r3, [r4, #40]	@ 0x28
 8004d46:	4b0d      	ldr	r3, [pc, #52]	@ (8004d7c <std+0x60>)
 8004d48:	62e3      	str	r3, [r4, #44]	@ 0x2c
 8004d4a:	4b0d      	ldr	r3, [pc, #52]	@ (8004d80 <std+0x64>)
 8004d4c:	6323      	str	r3, [r4, #48]	@ 0x30
 8004d4e:	4b0d      	ldr	r3, [pc, #52]	@ (8004d84 <std+0x68>)
 8004d50:	6224      	str	r4, [r4, #32]
 8004d52:	429c      	cmp	r4, r3
 8004d54:	d006      	beq.n	8004d64 <std+0x48>
 8004d56:	f103 0268 	add.w	r2, r3, #104	@ 0x68
 8004d5a:	4294      	cmp	r4, r2
 8004d5c:	d002      	beq.n	8004d64 <std+0x48>
 8004d5e:	33d0      	adds	r3, #208	@ 0xd0
 8004d60:	429c      	cmp	r4, r3
 8004d62:	d105      	bne.n	8004d70 <std+0x54>
 8004d64:	f104 0058 	add.w	r0, r4, #88	@ 0x58
 8004d68:	e8bd 4010 	ldmia.w	sp!, {r4, lr}
 8004d6c:	f001 bd3c 	b.w	80067e8 <__retarget_lock_init_recursive>
 8004d70:	bd10      	pop	{r4, pc}
 8004d72:	bf00      	nop
 8004d74:	08004f0d 	.word	0x08004f0d
 8004d78:	08004f33 	.word	0x08004f33
 8004d7c:	08004f6b 	.word	0x08004f6b
 8004d80:	08004f8f 	.word	0x08004f8f
 8004d84:	20000a00 	.word	0x20000a00

08004d88 <stdio_exit_handler>:
 8004d88:	4a02      	ldr	r2, [pc, #8]	@ (8004d94 <stdio_exit_handler+0xc>)
 8004d8a:	4903      	ldr	r1, [pc, #12]	@ (8004d98 <stdio_exit_handler+0x10>)
 8004d8c:	4803      	ldr	r0, [pc, #12]	@ (8004d9c <stdio_exit_handler+0x14>)
 8004d8e:	f000 b869 	b.w	8004e64 <_fwalk_sglue>
 8004d92:	bf00      	nop
 8004d94:	20000048 	.word	0x20000048
 8004d98:	080072d9 	.word	0x080072d9
 8004d9c:	20000060 	.word	0x20000060

08004da0 <cleanup_stdio>:
 8004da0:	6841      	ldr	r1, [r0, #4]
 8004da2:	4b0c      	ldr	r3, [pc, #48]	@ (8004dd4 <cleanup_stdio+0x34>)
 8004da4:	4299      	cmp	r1, r3
 8004da6:	b510      	push	{r4, lr}
 8004da8:	4604      	mov	r4, r0
 8004daa:	d001      	beq.n	8004db0 <cleanup_stdio+0x10>
 8004dac:	f002 fa94 	bl	80072d8 <_fflush_r>
 8004db0:	68a1      	ldr	r1, [r4, #8]
 8004db2:	4b09      	ldr	r3, [pc, #36]	@ (8004dd8 <cleanup_stdio+0x38>)
 8004db4:	4299      	cmp	r1, r3
 8004db6:	d002      	beq.n	8004dbe <cleanup_stdio+0x1e>
 8004db8:	4620      	mov	r0, r4
 8004dba:	f002 fa8d 	bl	80072d8 <_fflush_r>
 8004dbe:	68e1      	ldr	r1, [r4, #12]
 8004dc0:	4b06      	ldr	r3, [pc, #24]	@ (8004ddc <cleanup_stdio+0x3c>)
 8004dc2:	4299      	cmp	r1, r3
 8004dc4:	d004      	beq.n	8004dd0 <cleanup_stdio+0x30>
 8004dc6:	4620      	mov	r0, r4
 8004dc8:	e8bd 4010 	ldmia.w	sp!, {r4, lr}
 8004dcc:	f002 ba84 	b.w	80072d8 <_fflush_r>
 8004dd0:	bd10      	pop	{r4, pc}
 8004dd2:	bf00      	nop
 8004dd4:	20000a00 	.word	0x20000a00
 8004dd8:	20000a68 	.word	0x20000a68
 8004ddc:	20000ad0 	.word	0x20000ad0

08004de0 <global_stdio_init.part.0>:
 8004de0:	b510      	push	{r4, lr}
 8004de2:	4b0b      	ldr	r3, [pc, #44]	@ (8004e10 <global_stdio_init.part.0+0x30>)
 8004de4:	4c0b      	ldr	r4, [pc, #44]	@ (8004e14 <global_stdio_init.part.0+0x34>)
 8004de6:	4a0c      	ldr	r2, [pc, #48]	@ (8004e18 <global_stdio_init.part.0+0x38>)
 8004de8:	601a      	str	r2, [r3, #0]
 8004dea:	4620      	mov	r0, r4
 8004dec:	2200      	movs	r2, #0
 8004dee:	2104      	movs	r1, #4
 8004df0:	f7ff ff94 	bl	8004d1c <std>
 8004df4:	f104 0068 	add.w	r0, r4, #104	@ 0x68
 8004df8:	2201      	movs	r2, #1
 8004dfa:	2109      	movs	r1, #9
 8004dfc:	f7ff ff8e 	bl	8004d1c <std>
 8004e00:	f104 00d0 	add.w	r0, r4, #208	@ 0xd0
 8004e04:	2202      	movs	r2, #2
 8004e06:	e8bd 4010 	ldmia.w	sp!, {r4, lr}
 8004e0a:	2112      	movs	r1, #18
 8004e0c:	f7ff bf86 	b.w	8004d1c <std>
 8004e10:	20000b38 	.word	0x20000b38
 8004e14:	20000a00 	.word	0x20000a00
 8004e18:	08004d89 	.word	0x08004d89

08004e1c <__sfp_lock_acquire>:
 8004e1c:	4801      	ldr	r0, [pc, #4]	@ (8004e24 <__sfp_lock_acquire+0x8>)
 8004e1e:	f001 bce5 	b.w	80067ec <__retarget_lock_acquire_recursive>
 8004e22:	bf00      	nop
 8004e24:	20000b67 	.word	0x20000b67

08004e28 <__sfp_lock_release>:
 8004e28:	4801      	ldr	r0, [pc, #4]	@ (8004e30 <__sfp_lock_release+0x8>)
 8004e2a:	f001 bce1 	b.w	80067f0 <__retarget_lock_release_recursive>
 8004e2e:	bf00      	nop
 8004e30:	20000b67 	.word	0x20000b67

08004e34 <__sinit>:
 8004e34:	b510      	push	{r4, lr}
 8004e36:	4604      	mov	r4, r0
 8004e38:	f7ff fff0 	bl	8004e1c <__sfp_lock_acquire>
 8004e3c:	6a23      	ldr	r3, [r4, #32]
 8004e3e:	b11b      	cbz	r3, 8004e48 <__sinit+0x14>
 8004e40:	e8bd 4010 	ldmia.w	sp!, {r4, lr}
 8004e44:	f7ff bff0 	b.w	8004e28 <__sfp_lock_release>
 8004e48:	4b04      	ldr	r3, [pc, #16]	@ (8004e5c <__sinit+0x28>)
 8004e4a:	6223      	str	r3, [r4, #32]
 8004e4c:	4b04      	ldr	r3, [pc, #16]	@ (8004e60 <__sinit+0x2c>)
 8004e4e:	681b      	ldr	r3, [r3, #0]
 8004e50:	2b00      	cmp	r3, #0
 8004e52:	d1f5      	bne.n	8004e40 <__sinit+0xc>
 8004e54:	f7ff ffc4 	bl	8004de0 <global_stdio_init.part.0>
 8004e58:	e7f2      	b.n	8004e40 <__sinit+0xc>
 8004e5a:	bf00      	nop
 8004e5c:	08004da1 	.word	0x08004da1
 8004e60:	20000b38 	.word	0x20000b38

08004e64 <_fwalk_sglue>:
 8004e64:	e92d 43f8 	stmdb	sp!, {r3, r4, r5, r6, r7, r8, r9, lr}
 8004e68:	4607      	mov	r7, r0
 8004e6a:	4688      	mov	r8, r1
 8004e6c:	4614      	mov	r4, r2
 8004e6e:	2600      	movs	r6, #0
 8004e70:	e9d4 9501 	ldrd	r9, r5, [r4, #4]
 8004e74:	f1b9 0901 	subs.w	r9, r9, #1
 8004e78:	d505      	bpl.n	8004e86 <_fwalk_sglue+0x22>
 8004e7a:	6824      	ldr	r4, [r4, #0]
 8004e7c:	2c00      	cmp	r4, #0
 8004e7e:	d1f7      	bne.n	8004e70 <_fwalk_sglue+0xc>
 8004e80:	4630      	mov	r0, r6
 8004e82:	e8bd 83f8 	ldmia.w	sp!, {r3, r4, r5, r6, r7, r8, r9, pc}
 8004e86:	89ab      	ldrh	r3, [r5, #12]
 8004e88:	2b01      	cmp	r3, #1
 8004e8a:	d907      	bls.n	8004e9c <_fwalk_sglue+0x38>
 8004e8c:	f9b5 300e 	ldrsh.w	r3, [r5, #14]
 8004e90:	3301      	adds	r3, #1
 8004e92:	d003      	beq.n	8004e9c <_fwalk_sglue+0x38>
 8004e94:	4629      	mov	r1, r5
 8004e96:	4638      	mov	r0, r7
 8004e98:	47c0      	blx	r8
 8004e9a:	4306      	orrs	r6, r0
 8004e9c:	3568      	adds	r5, #104	@ 0x68
 8004e9e:	e7e9      	b.n	8004e74 <_fwalk_sglue+0x10>

08004ea0 <sniprintf>:
 8004ea0:	b40c      	push	{r2, r3}
 8004ea2:	b530      	push	{r4, r5, lr}
 8004ea4:	4b18      	ldr	r3, [pc, #96]	@ (8004f08 <sniprintf+0x68>)
 8004ea6:	1e0c      	subs	r4, r1, #0
 8004ea8:	681d      	ldr	r5, [r3, #0]
 8004eaa:	b09d      	sub	sp, #116	@ 0x74
 8004eac:	da08      	bge.n	8004ec0 <sniprintf+0x20>
 8004eae:	238b      	movs	r3, #139	@ 0x8b
 8004eb0:	602b      	str	r3, [r5, #0]
 8004eb2:	f04f 30ff 	mov.w	r0, #4294967295
 8004eb6:	b01d      	add	sp, #116	@ 0x74
 8004eb8:	e8bd 4030 	ldmia.w	sp!, {r4, r5, lr}
 8004ebc:	b002      	add	sp, #8
 8004ebe:	4770      	bx	lr
 8004ec0:	f44f 7302 	mov.w	r3, #520	@ 0x208
 8004ec4:	f8ad 3014 	strh.w	r3, [sp, #20]
 8004ec8:	f04f 0300 	mov.w	r3, #0
 8004ecc:	931b      	str	r3, [sp, #108]	@ 0x6c
 8004ece:	bf14      	ite	ne
 8004ed0:	f104 33ff 	addne.w	r3, r4, #4294967295
 8004ed4:	4623      	moveq	r3, r4
 8004ed6:	9304      	str	r3, [sp, #16]
 8004ed8:	9307      	str	r3, [sp, #28]
 8004eda:	f64f 73ff 	movw	r3, #65535	@ 0xffff
 8004ede:	9002      	str	r0, [sp, #8]
 8004ee0:	9006      	str	r0, [sp, #24]
 8004ee2:	f8ad 3016 	strh.w	r3, [sp, #22]
 8004ee6:	9a20      	ldr	r2, [sp, #128]	@ 0x80
 8004ee8:	ab21      	add	r3, sp, #132	@ 0x84
 8004eea:	a902      	add	r1, sp, #8
 8004eec:	4628      	mov	r0, r5
 8004eee:	9301      	str	r3, [sp, #4]
 8004ef0:	f001 fee6 	bl	8006cc0 <_svfiprintf_r>
 8004ef4:	1c43      	adds	r3, r0, #1
 8004ef6:	bfbc      	itt	lt
 8004ef8:	238b      	movlt	r3, #139	@ 0x8b
 8004efa:	602b      	strlt	r3, [r5, #0]
 8004efc:	2c00      	cmp	r4, #0
 8004efe:	d0da      	beq.n	8004eb6 <sniprintf+0x16>
 8004f00:	9b02      	ldr	r3, [sp, #8]
 8004f02:	2200      	movs	r2, #0
 8004f04:	701a      	strb	r2, [r3, #0]
 8004f06:	e7d6      	b.n	8004eb6 <sniprintf+0x16>
 8004f08:	2000005c 	.word	0x2000005c

08004f0c <__sread>:
 8004f0c:	b510      	push	{r4, lr}
 8004f0e:	460c      	mov	r4, r1
 8004f10:	f9b1 100e 	ldrsh.w	r1, [r1, #14]
 8004f14:	f001 fc1a 	bl	800674c <_read_r>
 8004f18:	2800      	cmp	r0, #0
 8004f1a:	bfab      	itete	ge
 8004f1c:	6d63      	ldrge	r3, [r4, #84]	@ 0x54
 8004f1e:	89a3      	ldrhlt	r3, [r4, #12]
 8004f20:	181b      	addge	r3, r3, r0
 8004f22:	f423 5380 	biclt.w	r3, r3, #4096	@ 0x1000
 8004f26:	bfac      	ite	ge
 8004f28:	6563      	strge	r3, [r4, #84]	@ 0x54
 8004f2a:	81a3      	strhlt	r3, [r4, #12]
 8004f2c:	bd10      	pop	{r4, pc}

08004f2e <__seofread>:
 8004f2e:	2000      	movs	r0, #0
 8004f30:	4770      	bx	lr

08004f32 <__swrite>:
 8004f32:	e92d 41f0 	stmdb	sp!, {r4, r5, r6, r7, r8, lr}
 8004f36:	461f      	mov	r7, r3
 8004f38:	898b      	ldrh	r3, [r1, #12]
 8004f3a:	05db      	lsls	r3, r3, #23
 8004f3c:	4605      	mov	r5, r0
 8004f3e:	460c      	mov	r4, r1
 8004f40:	4616      	mov	r6, r2
 8004f42:	d505      	bpl.n	8004f50 <__swrite+0x1e>
 8004f44:	f9b1 100e 	ldrsh.w	r1, [r1, #14]
 8004f48:	2302      	movs	r3, #2
 8004f4a:	2200      	movs	r2, #0
 8004f4c:	f001 fbec 	bl	8006728 <_lseek_r>
 8004f50:	89a3      	ldrh	r3, [r4, #12]
 8004f52:	f9b4 100e 	ldrsh.w	r1, [r4, #14]
 8004f56:	f423 5380 	bic.w	r3, r3, #4096	@ 0x1000
 8004f5a:	81a3      	strh	r3, [r4, #12]
 8004f5c:	4632      	mov	r2, r6
 8004f5e:	463b      	mov	r3, r7
 8004f60:	4628      	mov	r0, r5
 8004f62:	e8bd 41f0 	ldmia.w	sp!, {r4, r5, r6, r7, r8, lr}
 8004f66:	f001 bc03 	b.w	8006770 <_write_r>

08004f6a <__sseek>:
 8004f6a:	b510      	push	{r4, lr}
 8004f6c:	460c      	mov	r4, r1
 8004f6e:	f9b1 100e 	ldrsh.w	r1, [r1, #14]
 8004f72:	f001 fbd9 	bl	8006728 <_lseek_r>
 8004f76:	1c43      	adds	r3, r0, #1
 8004f78:	89a3      	ldrh	r3, [r4, #12]
 8004f7a:	bf15      	itete	ne
 8004f7c:	6560      	strne	r0, [r4, #84]	@ 0x54
 8004f7e:	f423 5380 	biceq.w	r3, r3, #4096	@ 0x1000
 8004f82:	f443 5380 	orrne.w	r3, r3, #4096	@ 0x1000
 8004f86:	81a3      	strheq	r3, [r4, #12]
 8004f88:	bf18      	it	ne
 8004f8a:	81a3      	strhne	r3, [r4, #12]
 8004f8c:	bd10      	pop	{r4, pc}

08004f8e <__sclose>:
 8004f8e:	f9b1 100e 	ldrsh.w	r1, [r1, #14]
 8004f92:	f001 bbb9 	b.w	8006708 <_close_r>

08004f96 <memset>:
 8004f96:	4402      	add	r2, r0
 8004f98:	4603      	mov	r3, r0
 8004f9a:	4293      	cmp	r3, r2
 8004f9c:	d100      	bne.n	8004fa0 <memset+0xa>
 8004f9e:	4770      	bx	lr
 8004fa0:	f803 1b01 	strb.w	r1, [r3], #1
 8004fa4:	e7f9      	b.n	8004f9a <memset+0x4>

08004fa6 <strncmp>:
 8004fa6:	b510      	push	{r4, lr}
 8004fa8:	b16a      	cbz	r2, 8004fc6 <strncmp+0x20>
 8004faa:	3901      	subs	r1, #1
 8004fac:	1884      	adds	r4, r0, r2
 8004fae:	f810 2b01 	ldrb.w	r2, [r0], #1
 8004fb2:	f811 3f01 	ldrb.w	r3, [r1, #1]!
 8004fb6:	429a      	cmp	r2, r3
 8004fb8:	d103      	bne.n	8004fc2 <strncmp+0x1c>
 8004fba:	42a0      	cmp	r0, r4
 8004fbc:	d001      	beq.n	8004fc2 <strncmp+0x1c>
 8004fbe:	2a00      	cmp	r2, #0
 8004fc0:	d1f5      	bne.n	8004fae <strncmp+0x8>
 8004fc2:	1ad0      	subs	r0, r2, r3
 8004fc4:	bd10      	pop	{r4, pc}
 8004fc6:	4610      	mov	r0, r2
 8004fc8:	e7fc      	b.n	8004fc4 <strncmp+0x1e>
	...

08004fcc <localtime>:
 8004fcc:	b538      	push	{r3, r4, r5, lr}
 8004fce:	4b0b      	ldr	r3, [pc, #44]	@ (8004ffc <localtime+0x30>)
 8004fd0:	681d      	ldr	r5, [r3, #0]
 8004fd2:	6b6b      	ldr	r3, [r5, #52]	@ 0x34
 8004fd4:	4604      	mov	r4, r0
 8004fd6:	b953      	cbnz	r3, 8004fee <localtime+0x22>
 8004fd8:	2024      	movs	r0, #36	@ 0x24
 8004fda:	f001 fcdd 	bl	8006998 <malloc>
 8004fde:	4602      	mov	r2, r0
 8004fe0:	6368      	str	r0, [r5, #52]	@ 0x34
 8004fe2:	b920      	cbnz	r0, 8004fee <localtime+0x22>
 8004fe4:	4b06      	ldr	r3, [pc, #24]	@ (8005000 <localtime+0x34>)
 8004fe6:	4807      	ldr	r0, [pc, #28]	@ (8005004 <localtime+0x38>)
 8004fe8:	2132      	movs	r1, #50	@ 0x32
 8004fea:	f001 fc1d 	bl	8006828 <__assert_func>
 8004fee:	6b69      	ldr	r1, [r5, #52]	@ 0x34
 8004ff0:	4620      	mov	r0, r4
 8004ff2:	e8bd 4038 	ldmia.w	sp!, {r3, r4, r5, lr}
 8004ff6:	f000 b807 	b.w	8005008 <localtime_r>
 8004ffa:	bf00      	nop
 8004ffc:	2000005c 	.word	0x2000005c
 8005000:	08008ea8 	.word	0x08008ea8
 8005004:	08008ebf 	.word	0x08008ebf

08005008 <localtime_r>:
 8005008:	e92d 41f0 	stmdb	sp!, {r4, r5, r6, r7, r8, lr}
 800500c:	460c      	mov	r4, r1
 800500e:	4607      	mov	r7, r0
 8005010:	f002 f9e2 	bl	80073d8 <__gettzinfo>
 8005014:	4621      	mov	r1, r4
 8005016:	4605      	mov	r5, r0
 8005018:	4638      	mov	r0, r7
 800501a:	f002 f9e1 	bl	80073e0 <gmtime_r>
 800501e:	6943      	ldr	r3, [r0, #20]
 8005020:	0799      	lsls	r1, r3, #30
 8005022:	4604      	mov	r4, r0
 8005024:	f203 786c 	addw	r8, r3, #1900	@ 0x76c
 8005028:	d106      	bne.n	8005038 <localtime_r+0x30>
 800502a:	2264      	movs	r2, #100	@ 0x64
 800502c:	fb98 f3f2 	sdiv	r3, r8, r2
 8005030:	fb02 8313 	mls	r3, r2, r3, r8
 8005034:	2b00      	cmp	r3, #0
 8005036:	d171      	bne.n	800511c <localtime_r+0x114>
 8005038:	f44f 72c8 	mov.w	r2, #400	@ 0x190
 800503c:	fb98 f3f2 	sdiv	r3, r8, r2
 8005040:	fb02 8313 	mls	r3, r2, r3, r8
 8005044:	fab3 f383 	clz	r3, r3
 8005048:	095b      	lsrs	r3, r3, #5
 800504a:	425e      	negs	r6, r3
 800504c:	4b64      	ldr	r3, [pc, #400]	@ (80051e0 <localtime_r+0x1d8>)
 800504e:	f006 0630 	and.w	r6, r6, #48	@ 0x30
 8005052:	441e      	add	r6, r3
 8005054:	f001 f924 	bl	80062a0 <__tz_lock>
 8005058:	f001 f92e 	bl	80062b8 <_tzset_unlocked>
 800505c:	4b61      	ldr	r3, [pc, #388]	@ (80051e4 <localtime_r+0x1dc>)
 800505e:	681b      	ldr	r3, [r3, #0]
 8005060:	2b00      	cmp	r3, #0
 8005062:	d06a      	beq.n	800513a <localtime_r+0x132>
 8005064:	686b      	ldr	r3, [r5, #4]
 8005066:	4543      	cmp	r3, r8
 8005068:	d15a      	bne.n	8005120 <localtime_r+0x118>
 800506a:	e9d7 2300 	ldrd	r2, r3, [r7]
 800506e:	682f      	ldr	r7, [r5, #0]
 8005070:	e9d5 0108 	ldrd	r0, r1, [r5, #32]
 8005074:	2f00      	cmp	r7, #0
 8005076:	d15b      	bne.n	8005130 <localtime_r+0x128>
 8005078:	4282      	cmp	r2, r0
 800507a:	eb73 0101 	sbcs.w	r1, r3, r1
 800507e:	db5e      	blt.n	800513e <localtime_r+0x136>
 8005080:	2301      	movs	r3, #1
 8005082:	6223      	str	r3, [r4, #32]
 8005084:	6d2b      	ldr	r3, [r5, #80]	@ 0x50
 8005086:	6861      	ldr	r1, [r4, #4]
 8005088:	f44f 6261 	mov.w	r2, #3600	@ 0xe10
 800508c:	fb93 f0f2 	sdiv	r0, r3, r2
 8005090:	fb02 3310 	mls	r3, r2, r0, r3
 8005094:	223c      	movs	r2, #60	@ 0x3c
 8005096:	fb93 f5f2 	sdiv	r5, r3, r2
 800509a:	fb02 3215 	mls	r2, r2, r5, r3
 800509e:	6823      	ldr	r3, [r4, #0]
 80050a0:	1a9b      	subs	r3, r3, r2
 80050a2:	68a2      	ldr	r2, [r4, #8]
 80050a4:	6023      	str	r3, [r4, #0]
 80050a6:	1b49      	subs	r1, r1, r5
 80050a8:	1a12      	subs	r2, r2, r0
 80050aa:	2b3b      	cmp	r3, #59	@ 0x3b
 80050ac:	6061      	str	r1, [r4, #4]
 80050ae:	60a2      	str	r2, [r4, #8]
 80050b0:	dd51      	ble.n	8005156 <localtime_r+0x14e>
 80050b2:	3101      	adds	r1, #1
 80050b4:	6061      	str	r1, [r4, #4]
 80050b6:	3b3c      	subs	r3, #60	@ 0x3c
 80050b8:	6023      	str	r3, [r4, #0]
 80050ba:	6863      	ldr	r3, [r4, #4]
 80050bc:	2b3b      	cmp	r3, #59	@ 0x3b
 80050be:	dd50      	ble.n	8005162 <localtime_r+0x15a>
 80050c0:	3201      	adds	r2, #1
 80050c2:	60a2      	str	r2, [r4, #8]
 80050c4:	3b3c      	subs	r3, #60	@ 0x3c
 80050c6:	6063      	str	r3, [r4, #4]
 80050c8:	68a3      	ldr	r3, [r4, #8]
 80050ca:	2b17      	cmp	r3, #23
 80050cc:	dd4f      	ble.n	800516e <localtime_r+0x166>
 80050ce:	69e2      	ldr	r2, [r4, #28]
 80050d0:	3201      	adds	r2, #1
 80050d2:	61e2      	str	r2, [r4, #28]
 80050d4:	69a2      	ldr	r2, [r4, #24]
 80050d6:	3201      	adds	r2, #1
 80050d8:	2a07      	cmp	r2, #7
 80050da:	bfa8      	it	ge
 80050dc:	2200      	movge	r2, #0
 80050de:	61a2      	str	r2, [r4, #24]
 80050e0:	68e2      	ldr	r2, [r4, #12]
 80050e2:	3b18      	subs	r3, #24
 80050e4:	3201      	adds	r2, #1
 80050e6:	60a3      	str	r3, [r4, #8]
 80050e8:	6923      	ldr	r3, [r4, #16]
 80050ea:	60e2      	str	r2, [r4, #12]
 80050ec:	f856 1023 	ldr.w	r1, [r6, r3, lsl #2]
 80050f0:	428a      	cmp	r2, r1
 80050f2:	dd0e      	ble.n	8005112 <localtime_r+0x10a>
 80050f4:	2b0b      	cmp	r3, #11
 80050f6:	eba2 0201 	sub.w	r2, r2, r1
 80050fa:	60e2      	str	r2, [r4, #12]
 80050fc:	f103 0201 	add.w	r2, r3, #1
 8005100:	bf09      	itett	eq
 8005102:	6963      	ldreq	r3, [r4, #20]
 8005104:	6122      	strne	r2, [r4, #16]
 8005106:	2200      	moveq	r2, #0
 8005108:	3301      	addeq	r3, #1
 800510a:	bf02      	ittt	eq
 800510c:	6122      	streq	r2, [r4, #16]
 800510e:	6163      	streq	r3, [r4, #20]
 8005110:	61e2      	streq	r2, [r4, #28]
 8005112:	f001 f8cb 	bl	80062ac <__tz_unlock>
 8005116:	4620      	mov	r0, r4
 8005118:	e8bd 81f0 	ldmia.w	sp!, {r4, r5, r6, r7, r8, pc}
 800511c:	2301      	movs	r3, #1
 800511e:	e794      	b.n	800504a <localtime_r+0x42>
 8005120:	4640      	mov	r0, r8
 8005122:	f001 f809 	bl	8006138 <__tzcalc_limits>
 8005126:	2800      	cmp	r0, #0
 8005128:	d19f      	bne.n	800506a <localtime_r+0x62>
 800512a:	f04f 33ff 	mov.w	r3, #4294967295
 800512e:	e004      	b.n	800513a <localtime_r+0x132>
 8005130:	4282      	cmp	r2, r0
 8005132:	eb73 0101 	sbcs.w	r1, r3, r1
 8005136:	da02      	bge.n	800513e <localtime_r+0x136>
 8005138:	2300      	movs	r3, #0
 800513a:	6223      	str	r3, [r4, #32]
 800513c:	e009      	b.n	8005152 <localtime_r+0x14a>
 800513e:	e9d5 0112 	ldrd	r0, r1, [r5, #72]	@ 0x48
 8005142:	4282      	cmp	r2, r0
 8005144:	418b      	sbcs	r3, r1
 8005146:	bfb4      	ite	lt
 8005148:	2301      	movlt	r3, #1
 800514a:	2300      	movge	r3, #0
 800514c:	6223      	str	r3, [r4, #32]
 800514e:	2b00      	cmp	r3, #0
 8005150:	d198      	bne.n	8005084 <localtime_r+0x7c>
 8005152:	6aab      	ldr	r3, [r5, #40]	@ 0x28
 8005154:	e797      	b.n	8005086 <localtime_r+0x7e>
 8005156:	2b00      	cmp	r3, #0
 8005158:	daaf      	bge.n	80050ba <localtime_r+0xb2>
 800515a:	3901      	subs	r1, #1
 800515c:	6061      	str	r1, [r4, #4]
 800515e:	333c      	adds	r3, #60	@ 0x3c
 8005160:	e7aa      	b.n	80050b8 <localtime_r+0xb0>
 8005162:	2b00      	cmp	r3, #0
 8005164:	dab0      	bge.n	80050c8 <localtime_r+0xc0>
 8005166:	3a01      	subs	r2, #1
 8005168:	60a2      	str	r2, [r4, #8]
 800516a:	333c      	adds	r3, #60	@ 0x3c
 800516c:	e7ab      	b.n	80050c6 <localtime_r+0xbe>
 800516e:	2b00      	cmp	r3, #0
 8005170:	dacf      	bge.n	8005112 <localtime_r+0x10a>
 8005172:	69e2      	ldr	r2, [r4, #28]
 8005174:	3a01      	subs	r2, #1
 8005176:	61e2      	str	r2, [r4, #28]
 8005178:	69a2      	ldr	r2, [r4, #24]
 800517a:	3a01      	subs	r2, #1
 800517c:	bf48      	it	mi
 800517e:	2206      	movmi	r2, #6
 8005180:	61a2      	str	r2, [r4, #24]
 8005182:	68e2      	ldr	r2, [r4, #12]
 8005184:	3318      	adds	r3, #24
 8005186:	3a01      	subs	r2, #1
 8005188:	60e2      	str	r2, [r4, #12]
 800518a:	60a3      	str	r3, [r4, #8]
 800518c:	2a00      	cmp	r2, #0
 800518e:	d1c0      	bne.n	8005112 <localtime_r+0x10a>
 8005190:	6923      	ldr	r3, [r4, #16]
 8005192:	3b01      	subs	r3, #1
 8005194:	d405      	bmi.n	80051a2 <localtime_r+0x19a>
 8005196:	6123      	str	r3, [r4, #16]
 8005198:	6923      	ldr	r3, [r4, #16]
 800519a:	f856 3023 	ldr.w	r3, [r6, r3, lsl #2]
 800519e:	60e3      	str	r3, [r4, #12]
 80051a0:	e7b7      	b.n	8005112 <localtime_r+0x10a>
 80051a2:	230b      	movs	r3, #11
 80051a4:	6123      	str	r3, [r4, #16]
 80051a6:	6963      	ldr	r3, [r4, #20]
 80051a8:	1e5a      	subs	r2, r3, #1
 80051aa:	6162      	str	r2, [r4, #20]
 80051ac:	0792      	lsls	r2, r2, #30
 80051ae:	f203 736b 	addw	r3, r3, #1899	@ 0x76b
 80051b2:	d105      	bne.n	80051c0 <localtime_r+0x1b8>
 80051b4:	2164      	movs	r1, #100	@ 0x64
 80051b6:	fb93 f2f1 	sdiv	r2, r3, r1
 80051ba:	fb01 3212 	mls	r2, r1, r2, r3
 80051be:	b962      	cbnz	r2, 80051da <localtime_r+0x1d2>
 80051c0:	f44f 72c8 	mov.w	r2, #400	@ 0x190
 80051c4:	fb93 f1f2 	sdiv	r1, r3, r2
 80051c8:	fb02 3311 	mls	r3, r2, r1, r3
 80051cc:	fab3 f383 	clz	r3, r3
 80051d0:	095b      	lsrs	r3, r3, #5
 80051d2:	f503 73b6 	add.w	r3, r3, #364	@ 0x16c
 80051d6:	61e3      	str	r3, [r4, #28]
 80051d8:	e7de      	b.n	8005198 <localtime_r+0x190>
 80051da:	2301      	movs	r3, #1
 80051dc:	e7f9      	b.n	80051d2 <localtime_r+0x1ca>
 80051de:	bf00      	nop
 80051e0:	0800920c 	.word	0x0800920c
 80051e4:	20000b5c 	.word	0x20000b5c

080051e8 <validate_structure>:
 80051e8:	b5f7      	push	{r0, r1, r2, r4, r5, r6, r7, lr}
 80051ea:	6801      	ldr	r1, [r0, #0]
 80051ec:	293b      	cmp	r1, #59	@ 0x3b
 80051ee:	4604      	mov	r4, r0
 80051f0:	d911      	bls.n	8005216 <validate_structure+0x2e>
 80051f2:	223c      	movs	r2, #60	@ 0x3c
 80051f4:	4668      	mov	r0, sp
 80051f6:	f001 fb35 	bl	8006864 <div>
 80051fa:	9a01      	ldr	r2, [sp, #4]
 80051fc:	6863      	ldr	r3, [r4, #4]
 80051fe:	9900      	ldr	r1, [sp, #0]
 8005200:	2a00      	cmp	r2, #0
 8005202:	440b      	add	r3, r1
 8005204:	6063      	str	r3, [r4, #4]
 8005206:	bfbb      	ittet	lt
 8005208:	323c      	addlt	r2, #60	@ 0x3c
 800520a:	f103 33ff 	addlt.w	r3, r3, #4294967295
 800520e:	6022      	strge	r2, [r4, #0]
 8005210:	6022      	strlt	r2, [r4, #0]
 8005212:	bfb8      	it	lt
 8005214:	6063      	strlt	r3, [r4, #4]
 8005216:	6861      	ldr	r1, [r4, #4]
 8005218:	293b      	cmp	r1, #59	@ 0x3b
 800521a:	d911      	bls.n	8005240 <validate_structure+0x58>
 800521c:	223c      	movs	r2, #60	@ 0x3c
 800521e:	4668      	mov	r0, sp
 8005220:	f001 fb20 	bl	8006864 <div>
 8005224:	9a01      	ldr	r2, [sp, #4]
 8005226:	68a3      	ldr	r3, [r4, #8]
 8005228:	9900      	ldr	r1, [sp, #0]
 800522a:	2a00      	cmp	r2, #0
 800522c:	440b      	add	r3, r1
 800522e:	60a3      	str	r3, [r4, #8]
 8005230:	bfbb      	ittet	lt
 8005232:	323c      	addlt	r2, #60	@ 0x3c
 8005234:	f103 33ff 	addlt.w	r3, r3, #4294967295
 8005238:	6062      	strge	r2, [r4, #4]
 800523a:	6062      	strlt	r2, [r4, #4]
 800523c:	bfb8      	it	lt
 800523e:	60a3      	strlt	r3, [r4, #8]
 8005240:	68a1      	ldr	r1, [r4, #8]
 8005242:	2917      	cmp	r1, #23
 8005244:	d911      	bls.n	800526a <validate_structure+0x82>
 8005246:	2218      	movs	r2, #24
 8005248:	4668      	mov	r0, sp
 800524a:	f001 fb0b 	bl	8006864 <div>
 800524e:	9a01      	ldr	r2, [sp, #4]
 8005250:	68e3      	ldr	r3, [r4, #12]
 8005252:	9900      	ldr	r1, [sp, #0]
 8005254:	2a00      	cmp	r2, #0
 8005256:	440b      	add	r3, r1
 8005258:	60e3      	str	r3, [r4, #12]
 800525a:	bfbb      	ittet	lt
 800525c:	3218      	addlt	r2, #24
 800525e:	f103 33ff 	addlt.w	r3, r3, #4294967295
 8005262:	60a2      	strge	r2, [r4, #8]
 8005264:	60a2      	strlt	r2, [r4, #8]
 8005266:	bfb8      	it	lt
 8005268:	60e3      	strlt	r3, [r4, #12]
 800526a:	6921      	ldr	r1, [r4, #16]
 800526c:	290b      	cmp	r1, #11
 800526e:	d911      	bls.n	8005294 <validate_structure+0xac>
 8005270:	220c      	movs	r2, #12
 8005272:	4668      	mov	r0, sp
 8005274:	f001 faf6 	bl	8006864 <div>
 8005278:	9a01      	ldr	r2, [sp, #4]
 800527a:	6963      	ldr	r3, [r4, #20]
 800527c:	9900      	ldr	r1, [sp, #0]
 800527e:	2a00      	cmp	r2, #0
 8005280:	440b      	add	r3, r1
 8005282:	6163      	str	r3, [r4, #20]
 8005284:	bfbb      	ittet	lt
 8005286:	320c      	addlt	r2, #12
 8005288:	f103 33ff 	addlt.w	r3, r3, #4294967295
 800528c:	6122      	strge	r2, [r4, #16]
 800528e:	6122      	strlt	r2, [r4, #16]
 8005290:	bfb8      	it	lt
 8005292:	6163      	strlt	r3, [r4, #20]
 8005294:	6963      	ldr	r3, [r4, #20]
 8005296:	079a      	lsls	r2, r3, #30
 8005298:	d11c      	bne.n	80052d4 <validate_structure+0xec>
 800529a:	2164      	movs	r1, #100	@ 0x64
 800529c:	fb93 f2f1 	sdiv	r2, r3, r1
 80052a0:	fb01 3212 	mls	r2, r1, r2, r3
 80052a4:	b9c2      	cbnz	r2, 80052d8 <validate_structure+0xf0>
 80052a6:	f203 736c 	addw	r3, r3, #1900	@ 0x76c
 80052aa:	f44f 72c8 	mov.w	r2, #400	@ 0x190
 80052ae:	fb93 f1f2 	sdiv	r1, r3, r2
 80052b2:	fb02 3311 	mls	r3, r2, r1, r3
 80052b6:	2b00      	cmp	r3, #0
 80052b8:	bf0c      	ite	eq
 80052ba:	231d      	moveq	r3, #29
 80052bc:	231c      	movne	r3, #28
 80052be:	68e2      	ldr	r2, [r4, #12]
 80052c0:	2a00      	cmp	r2, #0
 80052c2:	dc0b      	bgt.n	80052dc <validate_structure+0xf4>
 80052c4:	4d31      	ldr	r5, [pc, #196]	@ (800538c <validate_structure+0x1a4>)
 80052c6:	200b      	movs	r0, #11
 80052c8:	2164      	movs	r1, #100	@ 0x64
 80052ca:	68e6      	ldr	r6, [r4, #12]
 80052cc:	2e00      	cmp	r6, #0
 80052ce:	dd30      	ble.n	8005332 <validate_structure+0x14a>
 80052d0:	b003      	add	sp, #12
 80052d2:	bdf0      	pop	{r4, r5, r6, r7, pc}
 80052d4:	231c      	movs	r3, #28
 80052d6:	e7f2      	b.n	80052be <validate_structure+0xd6>
 80052d8:	231d      	movs	r3, #29
 80052da:	e7f0      	b.n	80052be <validate_structure+0xd6>
 80052dc:	4d2b      	ldr	r5, [pc, #172]	@ (800538c <validate_structure+0x1a4>)
 80052de:	e9d4 1203 	ldrd	r1, r2, [r4, #12]
 80052e2:	2a01      	cmp	r2, #1
 80052e4:	bf14      	ite	ne
 80052e6:	f855 0022 	ldrne.w	r0, [r5, r2, lsl #2]
 80052ea:	4618      	moveq	r0, r3
 80052ec:	4281      	cmp	r1, r0
 80052ee:	ddef      	ble.n	80052d0 <validate_structure+0xe8>
 80052f0:	3201      	adds	r2, #1
 80052f2:	1a09      	subs	r1, r1, r0
 80052f4:	2a0c      	cmp	r2, #12
 80052f6:	60e1      	str	r1, [r4, #12]
 80052f8:	6122      	str	r2, [r4, #16]
 80052fa:	d1f0      	bne.n	80052de <validate_structure+0xf6>
 80052fc:	6963      	ldr	r3, [r4, #20]
 80052fe:	2100      	movs	r1, #0
 8005300:	1c5a      	adds	r2, r3, #1
 8005302:	6121      	str	r1, [r4, #16]
 8005304:	0791      	lsls	r1, r2, #30
 8005306:	6162      	str	r2, [r4, #20]
 8005308:	d13c      	bne.n	8005384 <validate_structure+0x19c>
 800530a:	2164      	movs	r1, #100	@ 0x64
 800530c:	fb92 f0f1 	sdiv	r0, r2, r1
 8005310:	fb01 2210 	mls	r2, r1, r0, r2
 8005314:	2a00      	cmp	r2, #0
 8005316:	d137      	bne.n	8005388 <validate_structure+0x1a0>
 8005318:	f203 736d 	addw	r3, r3, #1901	@ 0x76d
 800531c:	f44f 72c8 	mov.w	r2, #400	@ 0x190
 8005320:	fb93 f1f2 	sdiv	r1, r3, r2
 8005324:	fb02 3311 	mls	r3, r2, r1, r3
 8005328:	2b00      	cmp	r3, #0
 800532a:	bf0c      	ite	eq
 800532c:	231d      	moveq	r3, #29
 800532e:	231c      	movne	r3, #28
 8005330:	e7d5      	b.n	80052de <validate_structure+0xf6>
 8005332:	6922      	ldr	r2, [r4, #16]
 8005334:	3a01      	subs	r2, #1
 8005336:	6122      	str	r2, [r4, #16]
 8005338:	3201      	adds	r2, #1
 800533a:	d116      	bne.n	800536a <validate_structure+0x182>
 800533c:	6963      	ldr	r3, [r4, #20]
 800533e:	1e5a      	subs	r2, r3, #1
 8005340:	0797      	lsls	r7, r2, #30
 8005342:	e9c4 0204 	strd	r0, r2, [r4, #16]
 8005346:	d119      	bne.n	800537c <validate_structure+0x194>
 8005348:	fb92 f7f1 	sdiv	r7, r2, r1
 800534c:	fb01 2217 	mls	r2, r1, r7, r2
 8005350:	b9b2      	cbnz	r2, 8005380 <validate_structure+0x198>
 8005352:	f203 736b 	addw	r3, r3, #1899	@ 0x76b
 8005356:	f44f 72c8 	mov.w	r2, #400	@ 0x190
 800535a:	fb93 f7f2 	sdiv	r7, r3, r2
 800535e:	fb02 3317 	mls	r3, r2, r7, r3
 8005362:	2b00      	cmp	r3, #0
 8005364:	bf0c      	ite	eq
 8005366:	231d      	moveq	r3, #29
 8005368:	231c      	movne	r3, #28
 800536a:	6922      	ldr	r2, [r4, #16]
 800536c:	2a01      	cmp	r2, #1
 800536e:	bf14      	ite	ne
 8005370:	f855 2022 	ldrne.w	r2, [r5, r2, lsl #2]
 8005374:	461a      	moveq	r2, r3
 8005376:	4432      	add	r2, r6
 8005378:	60e2      	str	r2, [r4, #12]
 800537a:	e7a6      	b.n	80052ca <validate_structure+0xe2>
 800537c:	231c      	movs	r3, #28
 800537e:	e7f4      	b.n	800536a <validate_structure+0x182>
 8005380:	231d      	movs	r3, #29
 8005382:	e7f2      	b.n	800536a <validate_structure+0x182>
 8005384:	231c      	movs	r3, #28
 8005386:	e7aa      	b.n	80052de <validate_structure+0xf6>
 8005388:	231d      	movs	r3, #29
 800538a:	e7a8      	b.n	80052de <validate_structure+0xf6>
 800538c:	080091dc 	.word	0x080091dc

08005390 <mktime>:
 8005390:	e92d 4ff0 	stmdb	sp!, {r4, r5, r6, r7, r8, r9, sl, fp, lr}
 8005394:	b085      	sub	sp, #20
 8005396:	4607      	mov	r7, r0
 8005398:	f002 f81e 	bl	80073d8 <__gettzinfo>
 800539c:	4681      	mov	r9, r0
 800539e:	4638      	mov	r0, r7
 80053a0:	f7ff ff22 	bl	80051e8 <validate_structure>
 80053a4:	e9d7 4300 	ldrd	r4, r3, [r7]
 80053a8:	223c      	movs	r2, #60	@ 0x3c
 80053aa:	fb02 4403 	mla	r4, r2, r3, r4
 80053ae:	68bb      	ldr	r3, [r7, #8]
 80053b0:	697d      	ldr	r5, [r7, #20]
 80053b2:	f44f 6261 	mov.w	r2, #3600	@ 0xe10
 80053b6:	fb02 4403 	mla	r4, r2, r3, r4
 80053ba:	e9d7 6303 	ldrd	r6, r3, [r7, #12]
 80053be:	4ac0      	ldr	r2, [pc, #768]	@ (80056c0 <mktime+0x330>)
 80053c0:	f852 2023 	ldr.w	r2, [r2, r3, lsl #2]
 80053c4:	3e01      	subs	r6, #1
 80053c6:	2b01      	cmp	r3, #1
 80053c8:	4416      	add	r6, r2
 80053ca:	dd11      	ble.n	80053f0 <mktime+0x60>
 80053cc:	07a9      	lsls	r1, r5, #30
 80053ce:	d10f      	bne.n	80053f0 <mktime+0x60>
 80053d0:	2264      	movs	r2, #100	@ 0x64
 80053d2:	fb95 f3f2 	sdiv	r3, r5, r2
 80053d6:	fb02 5313 	mls	r3, r2, r3, r5
 80053da:	b943      	cbnz	r3, 80053ee <mktime+0x5e>
 80053dc:	f205 736c 	addw	r3, r5, #1900	@ 0x76c
 80053e0:	f44f 72c8 	mov.w	r2, #400	@ 0x190
 80053e4:	fb93 f1f2 	sdiv	r1, r3, r2
 80053e8:	fb02 3311 	mls	r3, r2, r1, r3
 80053ec:	b903      	cbnz	r3, 80053f0 <mktime+0x60>
 80053ee:	3601      	adds	r6, #1
 80053f0:	f505 531c 	add.w	r3, r5, #9984	@ 0x2700
 80053f4:	3310      	adds	r3, #16
 80053f6:	f644 6220 	movw	r2, #20000	@ 0x4e20
 80053fa:	4293      	cmp	r3, r2
 80053fc:	61fe      	str	r6, [r7, #28]
 80053fe:	f200 816a 	bhi.w	80056d6 <mktime+0x346>
 8005402:	2d46      	cmp	r5, #70	@ 0x46
 8005404:	f340 808e 	ble.w	8005524 <mktime+0x194>
 8005408:	2346      	movs	r3, #70	@ 0x46
 800540a:	f240 1c6d 	movw	ip, #365	@ 0x16d
 800540e:	2164      	movs	r1, #100	@ 0x64
 8005410:	f44f 70c8 	mov.w	r0, #400	@ 0x190
 8005414:	079a      	lsls	r2, r3, #30
 8005416:	d17f      	bne.n	8005518 <mktime+0x188>
 8005418:	fb93 f2f1 	sdiv	r2, r3, r1
 800541c:	fb01 3212 	mls	r2, r1, r2, r3
 8005420:	2a00      	cmp	r2, #0
 8005422:	d17c      	bne.n	800551e <mktime+0x18e>
 8005424:	f203 726c 	addw	r2, r3, #1900	@ 0x76c
 8005428:	fb92 fef0 	sdiv	lr, r2, r0
 800542c:	fb00 221e 	mls	r2, r0, lr, r2
 8005430:	2a00      	cmp	r2, #0
 8005432:	bf0c      	ite	eq
 8005434:	f44f 72b7 	moveq.w	r2, #366	@ 0x16e
 8005438:	4662      	movne	r2, ip
 800543a:	3301      	adds	r3, #1
 800543c:	429d      	cmp	r5, r3
 800543e:	4416      	add	r6, r2
 8005440:	d1e8      	bne.n	8005414 <mktime+0x84>
 8005442:	4ba0      	ldr	r3, [pc, #640]	@ (80056c4 <mktime+0x334>)
 8005444:	ea4f 78e4 	mov.w	r8, r4, asr #31
 8005448:	fbc6 4803 	smlal	r4, r8, r6, r3
 800544c:	f000 ff28 	bl	80062a0 <__tz_lock>
 8005450:	f000 ff32 	bl	80062b8 <_tzset_unlocked>
 8005454:	4b9c      	ldr	r3, [pc, #624]	@ (80056c8 <mktime+0x338>)
 8005456:	681b      	ldr	r3, [r3, #0]
 8005458:	2b00      	cmp	r3, #0
 800545a:	f000 8143 	beq.w	80056e4 <mktime+0x354>
 800545e:	f8d7 a020 	ldr.w	sl, [r7, #32]
 8005462:	6978      	ldr	r0, [r7, #20]
 8005464:	4653      	mov	r3, sl
 8005466:	2b01      	cmp	r3, #1
 8005468:	bfa8      	it	ge
 800546a:	2301      	movge	r3, #1
 800546c:	9301      	str	r3, [sp, #4]
 800546e:	f8d9 3004 	ldr.w	r3, [r9, #4]
 8005472:	f200 706c 	addw	r0, r0, #1900	@ 0x76c
 8005476:	4283      	cmp	r3, r0
 8005478:	f040 8096 	bne.w	80055a8 <mktime+0x218>
 800547c:	e9d9 2108 	ldrd	r2, r1, [r9, #32]
 8005480:	f8d9 0050 	ldr.w	r0, [r9, #80]	@ 0x50
 8005484:	f8d9 c04c 	ldr.w	ip, [r9, #76]	@ 0x4c
 8005488:	1a13      	subs	r3, r2, r0
 800548a:	9303      	str	r3, [sp, #12]
 800548c:	f8d9 3048 	ldr.w	r3, [r9, #72]	@ 0x48
 8005490:	9302      	str	r3, [sp, #8]
 8005492:	9a02      	ldr	r2, [sp, #8]
 8005494:	f8d9 3028 	ldr.w	r3, [r9, #40]	@ 0x28
 8005498:	eb61 7be0 	sbc.w	fp, r1, r0, asr #31
 800549c:	ebb2 0e03 	subs.w	lr, r2, r3
 80054a0:	eb6c 71e3 	sbc.w	r1, ip, r3, asr #31
 80054a4:	4574      	cmp	r4, lr
 80054a6:	eb78 0201 	sbcs.w	r2, r8, r1
 80054aa:	f280 8085 	bge.w	80055b8 <mktime+0x228>
 80054ae:	f8d9 2000 	ldr.w	r2, [r9]
 80054b2:	2a00      	cmp	r2, #0
 80054b4:	f000 808d 	beq.w	80055d2 <mktime+0x242>
 80054b8:	9a03      	ldr	r2, [sp, #12]
 80054ba:	4294      	cmp	r4, r2
 80054bc:	eb78 020b 	sbcs.w	r2, r8, fp
 80054c0:	f2c0 810d 	blt.w	80056de <mktime+0x34e>
 80054c4:	4574      	cmp	r4, lr
 80054c6:	eb78 0101 	sbcs.w	r1, r8, r1
 80054ca:	bfb4      	ite	lt
 80054cc:	f04f 0b01 	movlt.w	fp, #1
 80054d0:	f04f 0b00 	movge.w	fp, #0
 80054d4:	f1ba 0f00 	cmp.w	sl, #0
 80054d8:	f280 8087 	bge.w	80055ea <mktime+0x25a>
 80054dc:	f1bb 0f01 	cmp.w	fp, #1
 80054e0:	f040 8102 	bne.w	80056e8 <mktime+0x358>
 80054e4:	f8d9 3050 	ldr.w	r3, [r9, #80]	@ 0x50
 80054e8:	191c      	adds	r4, r3, r4
 80054ea:	eb48 78e3 	adc.w	r8, r8, r3, asr #31
 80054ee:	f04f 0b01 	mov.w	fp, #1
 80054f2:	f000 fedb 	bl	80062ac <__tz_unlock>
 80054f6:	3604      	adds	r6, #4
 80054f8:	2307      	movs	r3, #7
 80054fa:	fb96 f3f3 	sdiv	r3, r6, r3
 80054fe:	ebc3 03c3 	rsb	r3, r3, r3, lsl #3
 8005502:	1af6      	subs	r6, r6, r3
 8005504:	f100 80e5 	bmi.w	80056d2 <mktime+0x342>
 8005508:	f8c7 b020 	str.w	fp, [r7, #32]
 800550c:	61be      	str	r6, [r7, #24]
 800550e:	4620      	mov	r0, r4
 8005510:	4641      	mov	r1, r8
 8005512:	b005      	add	sp, #20
 8005514:	e8bd 8ff0 	ldmia.w	sp!, {r4, r5, r6, r7, r8, r9, sl, fp, pc}
 8005518:	f240 126d 	movw	r2, #365	@ 0x16d
 800551c:	e78d      	b.n	800543a <mktime+0xaa>
 800551e:	f44f 72b7 	mov.w	r2, #366	@ 0x16e
 8005522:	e78a      	b.n	800543a <mktime+0xaa>
 8005524:	d08d      	beq.n	8005442 <mktime+0xb2>
 8005526:	2345      	movs	r3, #69	@ 0x45
 8005528:	f240 1c6d 	movw	ip, #365	@ 0x16d
 800552c:	2164      	movs	r1, #100	@ 0x64
 800552e:	f44f 70c8 	mov.w	r0, #400	@ 0x190
 8005532:	e012      	b.n	800555a <mktime+0x1ca>
 8005534:	bb62      	cbnz	r2, 8005590 <mktime+0x200>
 8005536:	fb93 f2f1 	sdiv	r2, r3, r1
 800553a:	fb01 3212 	mls	r2, r1, r2, r3
 800553e:	bb52      	cbnz	r2, 8005596 <mktime+0x206>
 8005540:	f203 726c 	addw	r2, r3, #1900	@ 0x76c
 8005544:	fb92 fef0 	sdiv	lr, r2, r0
 8005548:	fb00 221e 	mls	r2, r0, lr, r2
 800554c:	2a00      	cmp	r2, #0
 800554e:	bf0c      	ite	eq
 8005550:	f44f 72b7 	moveq.w	r2, #366	@ 0x16e
 8005554:	4662      	movne	r2, ip
 8005556:	1ab6      	subs	r6, r6, r2
 8005558:	3b01      	subs	r3, #1
 800555a:	429d      	cmp	r5, r3
 800555c:	f003 0203 	and.w	r2, r3, #3
 8005560:	dbe8      	blt.n	8005534 <mktime+0x1a4>
 8005562:	b9da      	cbnz	r2, 800559c <mktime+0x20c>
 8005564:	2264      	movs	r2, #100	@ 0x64
 8005566:	fb95 f3f2 	sdiv	r3, r5, r2
 800556a:	fb02 5313 	mls	r3, r2, r3, r5
 800556e:	b9c3      	cbnz	r3, 80055a2 <mktime+0x212>
 8005570:	f205 736c 	addw	r3, r5, #1900	@ 0x76c
 8005574:	f44f 72c8 	mov.w	r2, #400	@ 0x190
 8005578:	fb93 f1f2 	sdiv	r1, r3, r2
 800557c:	fb02 3311 	mls	r3, r2, r1, r3
 8005580:	2b00      	cmp	r3, #0
 8005582:	f240 136d 	movw	r3, #365	@ 0x16d
 8005586:	bf08      	it	eq
 8005588:	f44f 73b7 	moveq.w	r3, #366	@ 0x16e
 800558c:	1af6      	subs	r6, r6, r3
 800558e:	e758      	b.n	8005442 <mktime+0xb2>
 8005590:	f240 126d 	movw	r2, #365	@ 0x16d
 8005594:	e7df      	b.n	8005556 <mktime+0x1c6>
 8005596:	f44f 72b7 	mov.w	r2, #366	@ 0x16e
 800559a:	e7dc      	b.n	8005556 <mktime+0x1c6>
 800559c:	f240 136d 	movw	r3, #365	@ 0x16d
 80055a0:	e7f4      	b.n	800558c <mktime+0x1fc>
 80055a2:	f44f 73b7 	mov.w	r3, #366	@ 0x16e
 80055a6:	e7f1      	b.n	800558c <mktime+0x1fc>
 80055a8:	f000 fdc6 	bl	8006138 <__tzcalc_limits>
 80055ac:	2800      	cmp	r0, #0
 80055ae:	f47f af65 	bne.w	800547c <mktime+0xec>
 80055b2:	f8dd b004 	ldr.w	fp, [sp, #4]
 80055b6:	e791      	b.n	80054dc <mktime+0x14c>
 80055b8:	9a02      	ldr	r2, [sp, #8]
 80055ba:	1a12      	subs	r2, r2, r0
 80055bc:	9202      	str	r2, [sp, #8]
 80055be:	ea4f 72e0 	mov.w	r2, r0, asr #31
 80055c2:	eb6c 0c02 	sbc.w	ip, ip, r2
 80055c6:	9a02      	ldr	r2, [sp, #8]
 80055c8:	4294      	cmp	r4, r2
 80055ca:	eb78 0c0c 	sbcs.w	ip, r8, ip
 80055ce:	dbf0      	blt.n	80055b2 <mktime+0x222>
 80055d0:	e76d      	b.n	80054ae <mktime+0x11e>
 80055d2:	9a03      	ldr	r2, [sp, #12]
 80055d4:	4294      	cmp	r4, r2
 80055d6:	eb78 020b 	sbcs.w	r2, r8, fp
 80055da:	f6ff af73 	blt.w	80054c4 <mktime+0x134>
 80055de:	f1ba 0f00 	cmp.w	sl, #0
 80055e2:	f6ff af7f 	blt.w	80054e4 <mktime+0x154>
 80055e6:	f04f 0b01 	mov.w	fp, #1
 80055ea:	9a01      	ldr	r2, [sp, #4]
 80055ec:	ea82 0a0b 	eor.w	sl, r2, fp
 80055f0:	f1ba 0f01 	cmp.w	sl, #1
 80055f4:	f47f af72 	bne.w	80054dc <mktime+0x14c>
 80055f8:	f1bb 0f00 	cmp.w	fp, #0
 80055fc:	d037      	beq.n	800566e <mktime+0x2de>
 80055fe:	1a1b      	subs	r3, r3, r0
 8005600:	683a      	ldr	r2, [r7, #0]
 8005602:	441a      	add	r2, r3
 8005604:	191c      	adds	r4, r3, r4
 8005606:	603a      	str	r2, [r7, #0]
 8005608:	4638      	mov	r0, r7
 800560a:	68fa      	ldr	r2, [r7, #12]
 800560c:	9201      	str	r2, [sp, #4]
 800560e:	eb48 78e3 	adc.w	r8, r8, r3, asr #31
 8005612:	f7ff fde9 	bl	80051e8 <validate_structure>
 8005616:	68fb      	ldr	r3, [r7, #12]
 8005618:	9a01      	ldr	r2, [sp, #4]
 800561a:	1a9b      	subs	r3, r3, r2
 800561c:	f43f af5e 	beq.w	80054dc <mktime+0x14c>
 8005620:	2b01      	cmp	r3, #1
 8005622:	dc26      	bgt.n	8005672 <mktime+0x2e2>
 8005624:	f1b3 3fff 	cmp.w	r3, #4294967295
 8005628:	bfa8      	it	ge
 800562a:	469a      	movge	sl, r3
 800562c:	69fb      	ldr	r3, [r7, #28]
 800562e:	eb1a 0303 	adds.w	r3, sl, r3
 8005632:	4456      	add	r6, sl
 8005634:	d526      	bpl.n	8005684 <mktime+0x2f4>
 8005636:	1e6b      	subs	r3, r5, #1
 8005638:	0799      	lsls	r1, r3, #30
 800563a:	d11d      	bne.n	8005678 <mktime+0x2e8>
 800563c:	2264      	movs	r2, #100	@ 0x64
 800563e:	fb93 f1f2 	sdiv	r1, r3, r2
 8005642:	fb02 3311 	mls	r3, r2, r1, r3
 8005646:	b9d3      	cbnz	r3, 800567e <mktime+0x2ee>
 8005648:	f44f 73c8 	mov.w	r3, #400	@ 0x190
 800564c:	f205 756b 	addw	r5, r5, #1899	@ 0x76b
 8005650:	fb95 f2f3 	sdiv	r2, r5, r3
 8005654:	fb03 5512 	mls	r5, r3, r2, r5
 8005658:	2d00      	cmp	r5, #0
 800565a:	f240 136d 	movw	r3, #365	@ 0x16d
 800565e:	bf18      	it	ne
 8005660:	f44f 73b6 	movne.w	r3, #364	@ 0x16c
 8005664:	61fb      	str	r3, [r7, #28]
 8005666:	e739      	b.n	80054dc <mktime+0x14c>
 8005668:	f04f 0b00 	mov.w	fp, #0
 800566c:	e7bd      	b.n	80055ea <mktime+0x25a>
 800566e:	1ac3      	subs	r3, r0, r3
 8005670:	e7c6      	b.n	8005600 <mktime+0x270>
 8005672:	f04f 3aff 	mov.w	sl, #4294967295
 8005676:	e7d9      	b.n	800562c <mktime+0x29c>
 8005678:	f44f 73b6 	mov.w	r3, #364	@ 0x16c
 800567c:	e7f2      	b.n	8005664 <mktime+0x2d4>
 800567e:	f240 136d 	movw	r3, #365	@ 0x16d
 8005682:	e7ef      	b.n	8005664 <mktime+0x2d4>
 8005684:	07aa      	lsls	r2, r5, #30
 8005686:	d117      	bne.n	80056b8 <mktime+0x328>
 8005688:	2164      	movs	r1, #100	@ 0x64
 800568a:	fb95 f2f1 	sdiv	r2, r5, r1
 800568e:	fb01 5212 	mls	r2, r1, r2, r5
 8005692:	b9da      	cbnz	r2, 80056cc <mktime+0x33c>
 8005694:	f44f 72c8 	mov.w	r2, #400	@ 0x190
 8005698:	f205 756c 	addw	r5, r5, #1900	@ 0x76c
 800569c:	fb95 f1f2 	sdiv	r1, r5, r2
 80056a0:	fb02 5511 	mls	r5, r2, r1, r5
 80056a4:	2d00      	cmp	r5, #0
 80056a6:	f240 126d 	movw	r2, #365	@ 0x16d
 80056aa:	bf08      	it	eq
 80056ac:	f44f 72b7 	moveq.w	r2, #366	@ 0x16e
 80056b0:	4293      	cmp	r3, r2
 80056b2:	bfa8      	it	ge
 80056b4:	1a9b      	subge	r3, r3, r2
 80056b6:	e7d5      	b.n	8005664 <mktime+0x2d4>
 80056b8:	f240 126d 	movw	r2, #365	@ 0x16d
 80056bc:	e7f8      	b.n	80056b0 <mktime+0x320>
 80056be:	bf00      	nop
 80056c0:	080091ac 	.word	0x080091ac
 80056c4:	00015180 	.word	0x00015180
 80056c8:	20000b5c 	.word	0x20000b5c
 80056cc:	f44f 72b7 	mov.w	r2, #366	@ 0x16e
 80056d0:	e7ee      	b.n	80056b0 <mktime+0x320>
 80056d2:	3607      	adds	r6, #7
 80056d4:	e718      	b.n	8005508 <mktime+0x178>
 80056d6:	f04f 34ff 	mov.w	r4, #4294967295
 80056da:	46a0      	mov	r8, r4
 80056dc:	e717      	b.n	800550e <mktime+0x17e>
 80056de:	f1ba 0f00 	cmp.w	sl, #0
 80056e2:	dac1      	bge.n	8005668 <mktime+0x2d8>
 80056e4:	f04f 0b00 	mov.w	fp, #0
 80056e8:	f8d9 3028 	ldr.w	r3, [r9, #40]	@ 0x28
 80056ec:	191c      	adds	r4, r3, r4
 80056ee:	eb48 78e3 	adc.w	r8, r8, r3, asr #31
 80056f2:	e6fe      	b.n	80054f2 <mktime+0x162>

080056f4 <iso_year_adjust>:
 80056f4:	6942      	ldr	r2, [r0, #20]
 80056f6:	2a00      	cmp	r2, #0
 80056f8:	f240 736c 	movw	r3, #1900	@ 0x76c
 80056fc:	bfa8      	it	ge
 80056fe:	f06f 0363 	mvnge.w	r3, #99	@ 0x63
 8005702:	4413      	add	r3, r2
 8005704:	0792      	lsls	r2, r2, #30
 8005706:	d105      	bne.n	8005714 <iso_year_adjust+0x20>
 8005708:	2164      	movs	r1, #100	@ 0x64
 800570a:	fb93 f2f1 	sdiv	r2, r3, r1
 800570e:	fb01 3212 	mls	r2, r1, r2, r3
 8005712:	b9ca      	cbnz	r2, 8005748 <iso_year_adjust+0x54>
 8005714:	f44f 72c8 	mov.w	r2, #400	@ 0x190
 8005718:	fb93 f1f2 	sdiv	r1, r3, r2
 800571c:	fb02 3311 	mls	r3, r2, r1, r3
 8005720:	fab3 f383 	clz	r3, r3
 8005724:	095b      	lsrs	r3, r3, #5
 8005726:	e9d0 0206 	ldrd	r0, r2, [r0, #24]
 800572a:	0040      	lsls	r0, r0, #1
 800572c:	eb00 1002 	add.w	r0, r0, r2, lsl #4
 8005730:	4418      	add	r0, r3
 8005732:	f241 63a2 	movw	r3, #5794	@ 0x16a2
 8005736:	4298      	cmp	r0, r3
 8005738:	d027      	beq.n	800578a <iso_year_adjust+0x96>
 800573a:	dc11      	bgt.n	8005760 <iso_year_adjust+0x6c>
 800573c:	2801      	cmp	r0, #1
 800573e:	dc0a      	bgt.n	8005756 <iso_year_adjust+0x62>
 8005740:	43c0      	mvns	r0, r0
 8005742:	0fc0      	lsrs	r0, r0, #31
 8005744:	4240      	negs	r0, r0
 8005746:	4770      	bx	lr
 8005748:	2301      	movs	r3, #1
 800574a:	e7ec      	b.n	8005726 <iso_year_adjust+0x32>
 800574c:	4b10      	ldr	r3, [pc, #64]	@ (8005790 <iso_year_adjust+0x9c>)
 800574e:	40c3      	lsrs	r3, r0
 8005750:	f343 0000 	sbfx	r0, r3, #0, #1
 8005754:	4770      	bx	lr
 8005756:	380a      	subs	r0, #10
 8005758:	2817      	cmp	r0, #23
 800575a:	d9f7      	bls.n	800574c <iso_year_adjust+0x58>
 800575c:	2000      	movs	r0, #0
 800575e:	4770      	bx	lr
 8005760:	f241 63b4 	movw	r3, #5812	@ 0x16b4
 8005764:	4298      	cmp	r0, r3
 8005766:	dc06      	bgt.n	8005776 <iso_year_adjust+0x82>
 8005768:	f241 63b1 	movw	r3, #5809	@ 0x16b1
 800576c:	4298      	cmp	r0, r3
 800576e:	bfd4      	ite	le
 8005770:	2000      	movle	r0, #0
 8005772:	2001      	movgt	r0, #1
 8005774:	4770      	bx	lr
 8005776:	f5a0 50b6 	sub.w	r0, r0, #5824	@ 0x16c0
 800577a:	3802      	subs	r0, #2
 800577c:	2815      	cmp	r0, #21
 800577e:	d8ed      	bhi.n	800575c <iso_year_adjust+0x68>
 8005780:	4b04      	ldr	r3, [pc, #16]	@ (8005794 <iso_year_adjust+0xa0>)
 8005782:	40c3      	lsrs	r3, r0
 8005784:	f003 0001 	and.w	r0, r3, #1
 8005788:	4770      	bx	lr
 800578a:	2001      	movs	r0, #1
 800578c:	4770      	bx	lr
 800578e:	bf00      	nop
 8005790:	00cc00cf 	.word	0x00cc00cf
 8005794:	002a001f 	.word	0x002a001f

08005798 <__strftime.isra.0>:
 8005798:	e92d 4ff0 	stmdb	sp!, {r4, r5, r6, r7, r8, r9, sl, fp, lr}
 800579c:	b08f      	sub	sp, #60	@ 0x3c
 800579e:	461e      	mov	r6, r3
 80057a0:	2300      	movs	r3, #0
 80057a2:	4607      	mov	r7, r0
 80057a4:	460d      	mov	r5, r1
 80057a6:	9302      	str	r3, [sp, #8]
 80057a8:	461c      	mov	r4, r3
 80057aa:	7813      	ldrb	r3, [r2, #0]
 80057ac:	2b00      	cmp	r3, #0
 80057ae:	f000 84aa 	beq.w	8006106 <__strftime.isra.0+0x96e>
 80057b2:	2b25      	cmp	r3, #37	@ 0x25
 80057b4:	d11f      	bne.n	80057f6 <__strftime.isra.0+0x5e>
 80057b6:	f892 9001 	ldrb.w	r9, [r2, #1]
 80057ba:	f1b9 0f30 	cmp.w	r9, #48	@ 0x30
 80057be:	d024      	beq.n	800580a <__strftime.isra.0+0x72>
 80057c0:	f1b9 0f2b 	cmp.w	r9, #43	@ 0x2b
 80057c4:	d021      	beq.n	800580a <__strftime.isra.0+0x72>
 80057c6:	f102 0801 	add.w	r8, r2, #1
 80057ca:	f04f 0900 	mov.w	r9, #0
 80057ce:	f898 2000 	ldrb.w	r2, [r8]
 80057d2:	3a31      	subs	r2, #49	@ 0x31
 80057d4:	2a08      	cmp	r2, #8
 80057d6:	d81b      	bhi.n	8005810 <__strftime.isra.0+0x78>
 80057d8:	220a      	movs	r2, #10
 80057da:	4640      	mov	r0, r8
 80057dc:	a906      	add	r1, sp, #24
 80057de:	f001 fa09 	bl	8006bf4 <strtoul>
 80057e2:	f8dd 8018 	ldr.w	r8, [sp, #24]
 80057e6:	4602      	mov	r2, r0
 80057e8:	f898 1000 	ldrb.w	r1, [r8]
 80057ec:	2945      	cmp	r1, #69	@ 0x45
 80057ee:	d111      	bne.n	8005814 <__strftime.isra.0+0x7c>
 80057f0:	f108 0801 	add.w	r8, r8, #1
 80057f4:	e010      	b.n	8005818 <__strftime.isra.0+0x80>
 80057f6:	1e69      	subs	r1, r5, #1
 80057f8:	42a1      	cmp	r1, r4
 80057fa:	f240 815d 	bls.w	8005ab8 <__strftime.isra.0+0x320>
 80057fe:	553b      	strb	r3, [r7, r4]
 8005800:	3201      	adds	r2, #1
 8005802:	f104 0a01 	add.w	sl, r4, #1
 8005806:	4654      	mov	r4, sl
 8005808:	e7cf      	b.n	80057aa <__strftime.isra.0+0x12>
 800580a:	f102 0802 	add.w	r8, r2, #2
 800580e:	e7de      	b.n	80057ce <__strftime.isra.0+0x36>
 8005810:	2200      	movs	r2, #0
 8005812:	e7e9      	b.n	80057e8 <__strftime.isra.0+0x50>
 8005814:	294f      	cmp	r1, #79	@ 0x4f
 8005816:	d0eb      	beq.n	80057f0 <__strftime.isra.0+0x58>
 8005818:	f898 0000 	ldrb.w	r0, [r8]
 800581c:	f1a0 0125 	sub.w	r1, r0, #37	@ 0x25
 8005820:	2955      	cmp	r1, #85	@ 0x55
 8005822:	f200 8149 	bhi.w	8005ab8 <__strftime.isra.0+0x320>
 8005826:	e8df f011 	tbh	[pc, r1, lsl #1]
 800582a:	0466      	.short	0x0466
 800582c:	01470147 	.word	0x01470147
 8005830:	01470147 	.word	0x01470147
 8005834:	01470147 	.word	0x01470147
 8005838:	01470147 	.word	0x01470147
 800583c:	01470147 	.word	0x01470147
 8005840:	01470147 	.word	0x01470147
 8005844:	01470147 	.word	0x01470147
 8005848:	01470147 	.word	0x01470147
 800584c:	01470147 	.word	0x01470147
 8005850:	01470147 	.word	0x01470147
 8005854:	01470147 	.word	0x01470147
 8005858:	01470147 	.word	0x01470147
 800585c:	01470147 	.word	0x01470147
 8005860:	00750147 	.word	0x00750147
 8005864:	00dc00a3 	.word	0x00dc00a3
 8005868:	01470128 	.word	0x01470128
 800586c:	01cb0159 	.word	0x01cb0159
 8005870:	0255024e 	.word	0x0255024e
 8005874:	01470147 	.word	0x01470147
 8005878:	026d0147 	.word	0x026d0147
 800587c:	01470147 	.word	0x01470147
 8005880:	01470278 	.word	0x01470278
 8005884:	033002a8 	.word	0x033002a8
 8005888:	0366033a 	.word	0x0366033a
 800588c:	03d4036e 	.word	0x03d4036e
 8005890:	03ea00d8 	.word	0x03ea00d8
 8005894:	0147043c 	.word	0x0147043c
 8005898:	01470147 	.word	0x01470147
 800589c:	01470147 	.word	0x01470147
 80058a0:	00560147 	.word	0x00560147
 80058a4:	00ba008d 	.word	0x00ba008d
 80058a8:	011d011d 	.word	0x011d011d
 80058ac:	017e0147 	.word	0x017e0147
 80058b0:	0147008d 	.word	0x0147008d
 80058b4:	024e0266 	.word	0x024e0266
 80058b8:	026a0255 	.word	0x026a0255
 80058bc:	0147026f 	.word	0x0147026f
 80058c0:	02a10278 	.word	0x02a10278
 80058c4:	02b100d0 	.word	0x02b100d0
 80058c8:	03590332 	.word	0x03590332
 80058cc:	03cb03a0 	.word	0x03cb03a0
 80058d0:	03dc00d4 	.word	0x03dc00d4
 80058d4:	03ff      	.short	0x03ff
 80058d6:	69b3      	ldr	r3, [r6, #24]
 80058d8:	4aad      	ldr	r2, [pc, #692]	@ (8005b90 <__strftime.isra.0+0x3f8>)
 80058da:	3318      	adds	r3, #24
 80058dc:	f852 b023 	ldr.w	fp, [r2, r3, lsl #2]
 80058e0:	4658      	mov	r0, fp
 80058e2:	f7fa fc67 	bl	80001b4 <strlen>
 80058e6:	f10b 3bff 	add.w	fp, fp, #4294967295
 80058ea:	eb04 0a00 	add.w	sl, r4, r0
 80058ee:	1e6b      	subs	r3, r5, #1
 80058f0:	45a2      	cmp	sl, r4
 80058f2:	d107      	bne.n	8005904 <__strftime.isra.0+0x16c>
 80058f4:	f898 3000 	ldrb.w	r3, [r8]
 80058f8:	2b00      	cmp	r3, #0
 80058fa:	f000 8405 	beq.w	8006108 <__strftime.isra.0+0x970>
 80058fe:	f108 0201 	add.w	r2, r8, #1
 8005902:	e780      	b.n	8005806 <__strftime.isra.0+0x6e>
 8005904:	42a3      	cmp	r3, r4
 8005906:	f240 80d7 	bls.w	8005ab8 <__strftime.isra.0+0x320>
 800590a:	f81b 2f01 	ldrb.w	r2, [fp, #1]!
 800590e:	553a      	strb	r2, [r7, r4]
 8005910:	3401      	adds	r4, #1
 8005912:	e7ed      	b.n	80058f0 <__strftime.isra.0+0x158>
 8005914:	69b2      	ldr	r2, [r6, #24]
 8005916:	4b9e      	ldr	r3, [pc, #632]	@ (8005b90 <__strftime.isra.0+0x3f8>)
 8005918:	eb03 0382 	add.w	r3, r3, r2, lsl #2
 800591c:	f8d3 b07c 	ldr.w	fp, [r3, #124]	@ 0x7c
 8005920:	4658      	mov	r0, fp
 8005922:	f7fa fc47 	bl	80001b4 <strlen>
 8005926:	f10b 3bff 	add.w	fp, fp, #4294967295
 800592a:	eb04 0a00 	add.w	sl, r4, r0
 800592e:	1e6b      	subs	r3, r5, #1
 8005930:	45a2      	cmp	sl, r4
 8005932:	d0df      	beq.n	80058f4 <__strftime.isra.0+0x15c>
 8005934:	42a3      	cmp	r3, r4
 8005936:	f240 80bf 	bls.w	8005ab8 <__strftime.isra.0+0x320>
 800593a:	f81b 2f01 	ldrb.w	r2, [fp, #1]!
 800593e:	553a      	strb	r2, [r7, r4]
 8005940:	3401      	adds	r4, #1
 8005942:	e7f5      	b.n	8005930 <__strftime.isra.0+0x198>
 8005944:	4b92      	ldr	r3, [pc, #584]	@ (8005b90 <__strftime.isra.0+0x3f8>)
 8005946:	6932      	ldr	r2, [r6, #16]
 8005948:	f853 b022 	ldr.w	fp, [r3, r2, lsl #2]
 800594c:	4658      	mov	r0, fp
 800594e:	f7fa fc31 	bl	80001b4 <strlen>
 8005952:	f10b 3bff 	add.w	fp, fp, #4294967295
 8005956:	eb04 0a00 	add.w	sl, r4, r0
 800595a:	1e6b      	subs	r3, r5, #1
 800595c:	45a2      	cmp	sl, r4
 800595e:	d0c9      	beq.n	80058f4 <__strftime.isra.0+0x15c>
 8005960:	42a3      	cmp	r3, r4
 8005962:	f240 80a9 	bls.w	8005ab8 <__strftime.isra.0+0x320>
 8005966:	f81b 2f01 	ldrb.w	r2, [fp, #1]!
 800596a:	553a      	strb	r2, [r7, r4]
 800596c:	3401      	adds	r4, #1
 800596e:	e7f5      	b.n	800595c <__strftime.isra.0+0x1c4>
 8005970:	6933      	ldr	r3, [r6, #16]
 8005972:	4a87      	ldr	r2, [pc, #540]	@ (8005b90 <__strftime.isra.0+0x3f8>)
 8005974:	330c      	adds	r3, #12
 8005976:	f852 b023 	ldr.w	fp, [r2, r3, lsl #2]
 800597a:	4658      	mov	r0, fp
 800597c:	f7fa fc1a 	bl	80001b4 <strlen>
 8005980:	f10b 3bff 	add.w	fp, fp, #4294967295
 8005984:	eb04 0a00 	add.w	sl, r4, r0
 8005988:	1e6b      	subs	r3, r5, #1
 800598a:	45a2      	cmp	sl, r4
 800598c:	d0b2      	beq.n	80058f4 <__strftime.isra.0+0x15c>
 800598e:	42a3      	cmp	r3, r4
 8005990:	f240 8092 	bls.w	8005ab8 <__strftime.isra.0+0x320>
 8005994:	f81b 2f01 	ldrb.w	r2, [fp, #1]!
 8005998:	553a      	strb	r2, [r7, r4]
 800599a:	3401      	adds	r4, #1
 800599c:	e7f5      	b.n	800598a <__strftime.isra.0+0x1f2>
 800599e:	4b7c      	ldr	r3, [pc, #496]	@ (8005b90 <__strftime.isra.0+0x3f8>)
 80059a0:	f8d3 a0a0 	ldr.w	sl, [r3, #160]	@ 0xa0
 80059a4:	4650      	mov	r0, sl
 80059a6:	f7fa fc05 	bl	80001b4 <strlen>
 80059aa:	f89a 3000 	ldrb.w	r3, [sl]
 80059ae:	2b00      	cmp	r3, #0
 80059b0:	f000 833d 	beq.w	800602e <__strftime.isra.0+0x896>
 80059b4:	4633      	mov	r3, r6
 80059b6:	4652      	mov	r2, sl
 80059b8:	1b29      	subs	r1, r5, r4
 80059ba:	1938      	adds	r0, r7, r4
 80059bc:	f7ff feec 	bl	8005798 <__strftime.isra.0>
 80059c0:	2800      	cmp	r0, #0
 80059c2:	dd79      	ble.n	8005ab8 <__strftime.isra.0+0x320>
 80059c4:	eb04 0a00 	add.w	sl, r4, r0
 80059c8:	e794      	b.n	80058f4 <__strftime.isra.0+0x15c>
 80059ca:	4b71      	ldr	r3, [pc, #452]	@ (8005b90 <__strftime.isra.0+0x3f8>)
 80059cc:	f8d3 a0e4 	ldr.w	sl, [r3, #228]	@ 0xe4
 80059d0:	e7e8      	b.n	80059a4 <__strftime.isra.0+0x20c>
 80059d2:	4b6f      	ldr	r3, [pc, #444]	@ (8005b90 <__strftime.isra.0+0x3f8>)
 80059d4:	f8d3 a09c 	ldr.w	sl, [r3, #156]	@ 0x9c
 80059d8:	e7e4      	b.n	80059a4 <__strftime.isra.0+0x20c>
 80059da:	4b6d      	ldr	r3, [pc, #436]	@ (8005b90 <__strftime.isra.0+0x3f8>)
 80059dc:	f8d3 a098 	ldr.w	sl, [r3, #152]	@ 0x98
 80059e0:	e7e0      	b.n	80059a4 <__strftime.isra.0+0x20c>
 80059e2:	f8d6 a014 	ldr.w	sl, [r6, #20]
 80059e6:	496b      	ldr	r1, [pc, #428]	@ (8005b94 <__strftime.isra.0+0x3fc>)
 80059e8:	458a      	cmp	sl, r1
 80059ea:	bfac      	ite	ge
 80059ec:	f04f 0b00 	movge.w	fp, #0
 80059f0:	f04f 0b01 	movlt.w	fp, #1
 80059f4:	f1ba 0f00 	cmp.w	sl, #0
 80059f8:	db12      	blt.n	8005a20 <__strftime.isra.0+0x288>
 80059fa:	2064      	movs	r0, #100	@ 0x64
 80059fc:	fb9a f0f0 	sdiv	r0, sl, r0
 8005a00:	3013      	adds	r0, #19
 8005a02:	f1b9 0f00 	cmp.w	r9, #0
 8005a06:	d015      	beq.n	8005a34 <__strftime.isra.0+0x29c>
 8005a08:	2863      	cmp	r0, #99	@ 0x63
 8005a0a:	dd28      	ble.n	8005a5e <__strftime.isra.0+0x2c6>
 8005a0c:	4b62      	ldr	r3, [pc, #392]	@ (8005b98 <__strftime.isra.0+0x400>)
 8005a0e:	4963      	ldr	r1, [pc, #396]	@ (8005b9c <__strftime.isra.0+0x404>)
 8005a10:	f1b9 0f2b 	cmp.w	r9, #43	@ 0x2b
 8005a14:	bf0c      	ite	eq
 8005a16:	469c      	moveq	ip, r3
 8005a18:	468c      	movne	ip, r1
 8005a1a:	f8df e19c 	ldr.w	lr, [pc, #412]	@ 8005bb8 <__strftime.isra.0+0x420>
 8005a1e:	e00d      	b.n	8005a3c <__strftime.isra.0+0x2a4>
 8005a20:	f20a 706c 	addw	r0, sl, #1900	@ 0x76c
 8005a24:	9203      	str	r2, [sp, #12]
 8005a26:	f000 fefa 	bl	800681e <abs>
 8005a2a:	2164      	movs	r1, #100	@ 0x64
 8005a2c:	9a03      	ldr	r2, [sp, #12]
 8005a2e:	fb90 f0f1 	sdiv	r0, r0, r1
 8005a32:	e7e6      	b.n	8005a02 <__strftime.isra.0+0x26a>
 8005a34:	f8df c164 	ldr.w	ip, [pc, #356]	@ 8005b9c <__strftime.isra.0+0x404>
 8005a38:	f8df e180 	ldr.w	lr, [pc, #384]	@ 8005bbc <__strftime.isra.0+0x424>
 8005a3c:	4b58      	ldr	r3, [pc, #352]	@ (8005ba0 <__strftime.isra.0+0x408>)
 8005a3e:	9001      	str	r0, [sp, #4]
 8005a40:	2a02      	cmp	r2, #2
 8005a42:	bf2c      	ite	cs
 8005a44:	ebcb 0102 	rsbcs	r1, fp, r2
 8005a48:	f1cb 0102 	rsbcc	r1, fp, #2
 8005a4c:	4a51      	ldr	r2, [pc, #324]	@ (8005b94 <__strftime.isra.0+0x3fc>)
 8005a4e:	9100      	str	r1, [sp, #0]
 8005a50:	4592      	cmp	sl, r2
 8005a52:	bfa8      	it	ge
 8005a54:	4663      	movge	r3, ip
 8005a56:	4672      	mov	r2, lr
 8005a58:	1b29      	subs	r1, r5, r4
 8005a5a:	1938      	adds	r0, r7, r4
 8005a5c:	e023      	b.n	8005aa6 <__strftime.isra.0+0x30e>
 8005a5e:	f8df c13c 	ldr.w	ip, [pc, #316]	@ 8005b9c <__strftime.isra.0+0x404>
 8005a62:	e7da      	b.n	8005a1a <__strftime.isra.0+0x282>
 8005a64:	494f      	ldr	r1, [pc, #316]	@ (8005ba4 <__strftime.isra.0+0x40c>)
 8005a66:	4a50      	ldr	r2, [pc, #320]	@ (8005ba8 <__strftime.isra.0+0x410>)
 8005a68:	68f3      	ldr	r3, [r6, #12]
 8005a6a:	2864      	cmp	r0, #100	@ 0x64
 8005a6c:	bf18      	it	ne
 8005a6e:	460a      	movne	r2, r1
 8005a70:	1b29      	subs	r1, r5, r4
 8005a72:	1938      	adds	r0, r7, r4
 8005a74:	f7ff fa14 	bl	8004ea0 <sniprintf>
 8005a78:	e017      	b.n	8005aaa <__strftime.isra.0+0x312>
 8005a7a:	6970      	ldr	r0, [r6, #20]
 8005a7c:	6933      	ldr	r3, [r6, #16]
 8005a7e:	2800      	cmp	r0, #0
 8005a80:	f103 0a01 	add.w	sl, r3, #1
 8005a84:	eb07 0b04 	add.w	fp, r7, r4
 8005a88:	68f3      	ldr	r3, [r6, #12]
 8005a8a:	eba5 0904 	sub.w	r9, r5, r4
 8005a8e:	db19      	blt.n	8005ac4 <__strftime.isra.0+0x32c>
 8005a90:	2264      	movs	r2, #100	@ 0x64
 8005a92:	fb90 fcf2 	sdiv	ip, r0, r2
 8005a96:	fb02 001c 	mls	r0, r2, ip, r0
 8005a9a:	4a44      	ldr	r2, [pc, #272]	@ (8005bac <__strftime.isra.0+0x414>)
 8005a9c:	e9cd 3000 	strd	r3, r0, [sp]
 8005aa0:	4649      	mov	r1, r9
 8005aa2:	4653      	mov	r3, sl
 8005aa4:	4658      	mov	r0, fp
 8005aa6:	f7ff f9fb 	bl	8004ea0 <sniprintf>
 8005aaa:	2800      	cmp	r0, #0
 8005aac:	db04      	blt.n	8005ab8 <__strftime.isra.0+0x320>
 8005aae:	eb00 0a04 	add.w	sl, r0, r4
 8005ab2:	4555      	cmp	r5, sl
 8005ab4:	f63f af1e 	bhi.w	80058f4 <__strftime.isra.0+0x15c>
 8005ab8:	f04f 0a00 	mov.w	sl, #0
 8005abc:	4650      	mov	r0, sl
 8005abe:	b00f      	add	sp, #60	@ 0x3c
 8005ac0:	e8bd 8ff0 	ldmia.w	sp!, {r4, r5, r6, r7, r8, r9, sl, fp, pc}
 8005ac4:	f200 706c 	addw	r0, r0, #1900	@ 0x76c
 8005ac8:	9303      	str	r3, [sp, #12]
 8005aca:	f000 fea8 	bl	800681e <abs>
 8005ace:	2264      	movs	r2, #100	@ 0x64
 8005ad0:	9b03      	ldr	r3, [sp, #12]
 8005ad2:	fb90 fcf2 	sdiv	ip, r0, r2
 8005ad6:	fb0c 0012 	mls	r0, ip, r2, r0
 8005ada:	e7de      	b.n	8005a9a <__strftime.isra.0+0x302>
 8005adc:	2125      	movs	r1, #37	@ 0x25
 8005ade:	f88d 1018 	strb.w	r1, [sp, #24]
 8005ae2:	f1b9 0f00 	cmp.w	r9, #0
 8005ae6:	d00b      	beq.n	8005b00 <__strftime.isra.0+0x368>
 8005ae8:	2a05      	cmp	r2, #5
 8005aea:	f88d 9019 	strb.w	r9, [sp, #25]
 8005aee:	d817      	bhi.n	8005b20 <__strftime.isra.0+0x388>
 8005af0:	f10d 001a 	add.w	r0, sp, #26
 8005af4:	492e      	ldr	r1, [pc, #184]	@ (8005bb0 <__strftime.isra.0+0x418>)
 8005af6:	f000 fe7c 	bl	80067f2 <strcpy>
 8005afa:	4633      	mov	r3, r6
 8005afc:	aa06      	add	r2, sp, #24
 8005afe:	e75b      	b.n	80059b8 <__strftime.isra.0+0x220>
 8005b00:	232b      	movs	r3, #43	@ 0x2b
 8005b02:	f88d 3019 	strb.w	r3, [sp, #25]
 8005b06:	2304      	movs	r3, #4
 8005b08:	4a2a      	ldr	r2, [pc, #168]	@ (8005bb4 <__strftime.isra.0+0x41c>)
 8005b0a:	211e      	movs	r1, #30
 8005b0c:	f10d 001a 	add.w	r0, sp, #26
 8005b10:	f7ff f9c6 	bl	8004ea0 <sniprintf>
 8005b14:	2800      	cmp	r0, #0
 8005b16:	ddeb      	ble.n	8005af0 <__strftime.isra.0+0x358>
 8005b18:	f10d 031a 	add.w	r3, sp, #26
 8005b1c:	4418      	add	r0, r3
 8005b1e:	e7e9      	b.n	8005af4 <__strftime.isra.0+0x35c>
 8005b20:	1f93      	subs	r3, r2, #6
 8005b22:	d0e5      	beq.n	8005af0 <__strftime.isra.0+0x358>
 8005b24:	e7f0      	b.n	8005b08 <__strftime.isra.0+0x370>
 8005b26:	4630      	mov	r0, r6
 8005b28:	f7ff fde4 	bl	80056f4 <iso_year_adjust>
 8005b2c:	4682      	mov	sl, r0
 8005b2e:	6970      	ldr	r0, [r6, #20]
 8005b30:	2800      	cmp	r0, #0
 8005b32:	db11      	blt.n	8005b58 <__strftime.isra.0+0x3c0>
 8005b34:	2364      	movs	r3, #100	@ 0x64
 8005b36:	fb90 f2f3 	sdiv	r2, r0, r3
 8005b3a:	fb03 0012 	mls	r0, r3, r2, r0
 8005b3e:	2364      	movs	r3, #100	@ 0x64
 8005b40:	4482      	add	sl, r0
 8005b42:	fb9a f2f3 	sdiv	r2, sl, r3
 8005b46:	fb03 aa12 	mls	sl, r3, r2, sl
 8005b4a:	449a      	add	sl, r3
 8005b4c:	fbba f2f3 	udiv	r2, sl, r3
 8005b50:	fb03 a312 	mls	r3, r3, r2, sl
 8005b54:	4a14      	ldr	r2, [pc, #80]	@ (8005ba8 <__strftime.isra.0+0x410>)
 8005b56:	e78b      	b.n	8005a70 <__strftime.isra.0+0x2d8>
 8005b58:	f200 706c 	addw	r0, r0, #1900	@ 0x76c
 8005b5c:	f000 fe5f 	bl	800681e <abs>
 8005b60:	2364      	movs	r3, #100	@ 0x64
 8005b62:	f1ba 0f00 	cmp.w	sl, #0
 8005b66:	fb90 f2f3 	sdiv	r2, r0, r3
 8005b6a:	fb02 0013 	mls	r0, r2, r3, r0
 8005b6e:	da07      	bge.n	8005b80 <__strftime.isra.0+0x3e8>
 8005b70:	6972      	ldr	r2, [r6, #20]
 8005b72:	f2a3 73cf 	subw	r3, r3, #1999	@ 0x7cf
 8005b76:	429a      	cmp	r2, r3
 8005b78:	bfb8      	it	lt
 8005b7a:	f04f 0a01 	movlt.w	sl, #1
 8005b7e:	e7de      	b.n	8005b3e <__strftime.isra.0+0x3a6>
 8005b80:	d0dd      	beq.n	8005b3e <__strftime.isra.0+0x3a6>
 8005b82:	6972      	ldr	r2, [r6, #20]
 8005b84:	4b03      	ldr	r3, [pc, #12]	@ (8005b94 <__strftime.isra.0+0x3fc>)
 8005b86:	429a      	cmp	r2, r3
 8005b88:	bfb8      	it	lt
 8005b8a:	f04f 3aff 	movlt.w	sl, #4294967295
 8005b8e:	e7d6      	b.n	8005b3e <__strftime.isra.0+0x3a6>
 8005b90:	0800926c 	.word	0x0800926c
 8005b94:	fffff894 	.word	0xfffff894
 8005b98:	08008f51 	.word	0x08008f51
 8005b9c:	0800915c 	.word	0x0800915c
 8005ba0:	080091a3 	.word	0x080091a3
 8005ba4:	08008f53 	.word	0x08008f53
 8005ba8:	08008f61 	.word	0x08008f61
 8005bac:	08008f57 	.word	0x08008f57
 8005bb0:	08008f6a 	.word	0x08008f6a
 8005bb4:	08008f66 	.word	0x08008f66
 8005bb8:	08008f49 	.word	0x08008f49
 8005bbc:	08008f42 	.word	0x08008f42
 8005bc0:	6971      	ldr	r1, [r6, #20]
 8005bc2:	48ba      	ldr	r0, [pc, #744]	@ (8005eac <__strftime.isra.0+0x714>)
 8005bc4:	9205      	str	r2, [sp, #20]
 8005bc6:	4281      	cmp	r1, r0
 8005bc8:	bfac      	ite	ge
 8005bca:	2300      	movge	r3, #0
 8005bcc:	2301      	movlt	r3, #1
 8005bce:	4630      	mov	r0, r6
 8005bd0:	e9cd 3103 	strd	r3, r1, [sp, #12]
 8005bd4:	f7ff fd8e 	bl	80056f4 <iso_year_adjust>
 8005bd8:	9904      	ldr	r1, [sp, #16]
 8005bda:	9a05      	ldr	r2, [sp, #20]
 8005bdc:	2900      	cmp	r1, #0
 8005bde:	4682      	mov	sl, r0
 8005be0:	db42      	blt.n	8005c68 <__strftime.isra.0+0x4d0>
 8005be2:	f04f 0b64 	mov.w	fp, #100	@ 0x64
 8005be6:	fb91 fbfb 	sdiv	fp, r1, fp
 8005bea:	f10b 0b13 	add.w	fp, fp, #19
 8005bee:	6970      	ldr	r0, [r6, #20]
 8005bf0:	2800      	cmp	r0, #0
 8005bf2:	db46      	blt.n	8005c82 <__strftime.isra.0+0x4ea>
 8005bf4:	f04f 0c64 	mov.w	ip, #100	@ 0x64
 8005bf8:	fb90 fefc 	sdiv	lr, r0, ip
 8005bfc:	fb0c 001e 	mls	r0, ip, lr, r0
 8005c00:	f1ba 0f00 	cmp.w	sl, #0
 8005c04:	da4c      	bge.n	8005ca0 <__strftime.isra.0+0x508>
 8005c06:	6971      	ldr	r1, [r6, #20]
 8005c08:	4ba9      	ldr	r3, [pc, #676]	@ (8005eb0 <__strftime.isra.0+0x718>)
 8005c0a:	4299      	cmp	r1, r3
 8005c0c:	da03      	bge.n	8005c16 <__strftime.isra.0+0x47e>
 8005c0e:	f04f 0a01 	mov.w	sl, #1
 8005c12:	f8cd a00c 	str.w	sl, [sp, #12]
 8005c16:	4482      	add	sl, r0
 8005c18:	f1ba 3fff 	cmp.w	sl, #4294967295
 8005c1c:	d14b      	bne.n	8005cb6 <__strftime.isra.0+0x51e>
 8005c1e:	f10b 3bff 	add.w	fp, fp, #4294967295
 8005c22:	f04f 0a63 	mov.w	sl, #99	@ 0x63
 8005c26:	9b03      	ldr	r3, [sp, #12]
 8005c28:	2164      	movs	r1, #100	@ 0x64
 8005c2a:	fb01 aa0b 	mla	sl, r1, fp, sl
 8005c2e:	2b00      	cmp	r3, #0
 8005c30:	f040 81eb 	bne.w	800600a <__strftime.isra.0+0x872>
 8005c34:	f1b9 0f2b 	cmp.w	r9, #43	@ 0x2b
 8005c38:	d104      	bne.n	8005c44 <__strftime.isra.0+0x4ac>
 8005c3a:	f242 710f 	movw	r1, #9999	@ 0x270f
 8005c3e:	458a      	cmp	sl, r1
 8005c40:	f200 8269 	bhi.w	8006116 <__strftime.isra.0+0x97e>
 8005c44:	a906      	add	r1, sp, #24
 8005c46:	2025      	movs	r0, #37	@ 0x25
 8005c48:	7008      	strb	r0, [r1, #0]
 8005c4a:	f1b9 0f00 	cmp.w	r9, #0
 8005c4e:	f040 81e7 	bne.w	8006020 <__strftime.isra.0+0x888>
 8005c52:	1c48      	adds	r0, r1, #1
 8005c54:	4997      	ldr	r1, [pc, #604]	@ (8005eb4 <__strftime.isra.0+0x71c>)
 8005c56:	9203      	str	r2, [sp, #12]
 8005c58:	f000 fdcb 	bl	80067f2 <strcpy>
 8005c5c:	9a03      	ldr	r2, [sp, #12]
 8005c5e:	f8cd a000 	str.w	sl, [sp]
 8005c62:	4613      	mov	r3, r2
 8005c64:	aa06      	add	r2, sp, #24
 8005c66:	e08c      	b.n	8005d82 <__strftime.isra.0+0x5ea>
 8005c68:	f201 706c 	addw	r0, r1, #1900	@ 0x76c
 8005c6c:	9205      	str	r2, [sp, #20]
 8005c6e:	9104      	str	r1, [sp, #16]
 8005c70:	f000 fdd5 	bl	800681e <abs>
 8005c74:	f04f 0c64 	mov.w	ip, #100	@ 0x64
 8005c78:	e9dd 1204 	ldrd	r1, r2, [sp, #16]
 8005c7c:	fb90 fbfc 	sdiv	fp, r0, ip
 8005c80:	e7b5      	b.n	8005bee <__strftime.isra.0+0x456>
 8005c82:	f200 706c 	addw	r0, r0, #1900	@ 0x76c
 8005c86:	e9cd 2104 	strd	r2, r1, [sp, #16]
 8005c8a:	f000 fdc8 	bl	800681e <abs>
 8005c8e:	f04f 0c64 	mov.w	ip, #100	@ 0x64
 8005c92:	e9dd 2104 	ldrd	r2, r1, [sp, #16]
 8005c96:	fb90 fefc 	sdiv	lr, r0, ip
 8005c9a:	fb0e 001c 	mls	r0, lr, ip, r0
 8005c9e:	e7af      	b.n	8005c00 <__strftime.isra.0+0x468>
 8005ca0:	d0b9      	beq.n	8005c16 <__strftime.isra.0+0x47e>
 8005ca2:	4b82      	ldr	r3, [pc, #520]	@ (8005eac <__strftime.isra.0+0x714>)
 8005ca4:	4299      	cmp	r1, r3
 8005ca6:	bfb4      	ite	lt
 8005ca8:	2301      	movlt	r3, #1
 8005caa:	2300      	movge	r3, #0
 8005cac:	9303      	str	r3, [sp, #12]
 8005cae:	bfb8      	it	lt
 8005cb0:	f04f 3aff 	movlt.w	sl, #4294967295
 8005cb4:	e7af      	b.n	8005c16 <__strftime.isra.0+0x47e>
 8005cb6:	f1ba 0f64 	cmp.w	sl, #100	@ 0x64
 8005cba:	bf04      	itt	eq
 8005cbc:	f10b 0b01 	addeq.w	fp, fp, #1
 8005cc0:	f04f 0a00 	moveq.w	sl, #0
 8005cc4:	e7af      	b.n	8005c26 <__strftime.isra.0+0x48e>
 8005cc6:	497c      	ldr	r1, [pc, #496]	@ (8005eb8 <__strftime.isra.0+0x720>)
 8005cc8:	4a7c      	ldr	r2, [pc, #496]	@ (8005ebc <__strftime.isra.0+0x724>)
 8005cca:	68b3      	ldr	r3, [r6, #8]
 8005ccc:	286b      	cmp	r0, #107	@ 0x6b
 8005cce:	bf18      	it	ne
 8005cd0:	460a      	movne	r2, r1
 8005cd2:	e6cd      	b.n	8005a70 <__strftime.isra.0+0x2d8>
 8005cd4:	68b3      	ldr	r3, [r6, #8]
 8005cd6:	b163      	cbz	r3, 8005cf2 <__strftime.isra.0+0x55a>
 8005cd8:	2b0c      	cmp	r3, #12
 8005cda:	d004      	beq.n	8005ce6 <__strftime.isra.0+0x54e>
 8005cdc:	210c      	movs	r1, #12
 8005cde:	fb93 f2f1 	sdiv	r2, r3, r1
 8005ce2:	fb01 3312 	mls	r3, r1, r2, r3
 8005ce6:	4975      	ldr	r1, [pc, #468]	@ (8005ebc <__strftime.isra.0+0x724>)
 8005ce8:	4a73      	ldr	r2, [pc, #460]	@ (8005eb8 <__strftime.isra.0+0x720>)
 8005cea:	2849      	cmp	r0, #73	@ 0x49
 8005cec:	bf18      	it	ne
 8005cee:	460a      	movne	r2, r1
 8005cf0:	e6be      	b.n	8005a70 <__strftime.isra.0+0x2d8>
 8005cf2:	230c      	movs	r3, #12
 8005cf4:	e7f7      	b.n	8005ce6 <__strftime.isra.0+0x54e>
 8005cf6:	69f3      	ldr	r3, [r6, #28]
 8005cf8:	4a71      	ldr	r2, [pc, #452]	@ (8005ec0 <__strftime.isra.0+0x728>)
 8005cfa:	3301      	adds	r3, #1
 8005cfc:	e6b8      	b.n	8005a70 <__strftime.isra.0+0x2d8>
 8005cfe:	6933      	ldr	r3, [r6, #16]
 8005d00:	3301      	adds	r3, #1
 8005d02:	e727      	b.n	8005b54 <__strftime.isra.0+0x3bc>
 8005d04:	6873      	ldr	r3, [r6, #4]
 8005d06:	e725      	b.n	8005b54 <__strftime.isra.0+0x3bc>
 8005d08:	1e6b      	subs	r3, r5, #1
 8005d0a:	429c      	cmp	r4, r3
 8005d0c:	f4bf aed4 	bcs.w	8005ab8 <__strftime.isra.0+0x320>
 8005d10:	f104 0a01 	add.w	sl, r4, #1
 8005d14:	230a      	movs	r3, #10
 8005d16:	553b      	strb	r3, [r7, r4]
 8005d18:	e5ec      	b.n	80058f4 <__strftime.isra.0+0x15c>
 8005d1a:	68b3      	ldr	r3, [r6, #8]
 8005d1c:	2b0b      	cmp	r3, #11
 8005d1e:	4b69      	ldr	r3, [pc, #420]	@ (8005ec4 <__strftime.isra.0+0x72c>)
 8005d20:	bfd4      	ite	le
 8005d22:	2200      	movle	r2, #0
 8005d24:	2201      	movgt	r2, #1
 8005d26:	eb03 0382 	add.w	r3, r3, r2, lsl #2
 8005d2a:	f8d3 b0a4 	ldr.w	fp, [r3, #164]	@ 0xa4
 8005d2e:	4658      	mov	r0, fp
 8005d30:	f7fa fa40 	bl	80001b4 <strlen>
 8005d34:	eb04 0a00 	add.w	sl, r4, r0
 8005d38:	4863      	ldr	r0, [pc, #396]	@ (8005ec8 <__strftime.isra.0+0x730>)
 8005d3a:	f10b 3bff 	add.w	fp, fp, #4294967295
 8005d3e:	1e69      	subs	r1, r5, #1
 8005d40:	45a2      	cmp	sl, r4
 8005d42:	f43f add7 	beq.w	80058f4 <__strftime.isra.0+0x15c>
 8005d46:	42a1      	cmp	r1, r4
 8005d48:	f67f aeb6 	bls.w	8005ab8 <__strftime.isra.0+0x320>
 8005d4c:	f898 2000 	ldrb.w	r2, [r8]
 8005d50:	f81b 3f01 	ldrb.w	r3, [fp, #1]!
 8005d54:	2a50      	cmp	r2, #80	@ 0x50
 8005d56:	d106      	bne.n	8005d66 <__strftime.isra.0+0x5ce>
 8005d58:	5cc2      	ldrb	r2, [r0, r3]
 8005d5a:	f002 0203 	and.w	r2, r2, #3
 8005d5e:	2a01      	cmp	r2, #1
 8005d60:	bf08      	it	eq
 8005d62:	3320      	addeq	r3, #32
 8005d64:	b2db      	uxtb	r3, r3
 8005d66:	553b      	strb	r3, [r7, r4]
 8005d68:	3401      	adds	r4, #1
 8005d6a:	e7e9      	b.n	8005d40 <__strftime.isra.0+0x5a8>
 8005d6c:	2203      	movs	r2, #3
 8005d6e:	6933      	ldr	r3, [r6, #16]
 8005d70:	fb93 f3f2 	sdiv	r3, r3, r2
 8005d74:	4a55      	ldr	r2, [pc, #340]	@ (8005ecc <__strftime.isra.0+0x734>)
 8005d76:	3301      	adds	r3, #1
 8005d78:	e67a      	b.n	8005a70 <__strftime.isra.0+0x2d8>
 8005d7a:	6873      	ldr	r3, [r6, #4]
 8005d7c:	9300      	str	r3, [sp, #0]
 8005d7e:	68b3      	ldr	r3, [r6, #8]
 8005d80:	4a53      	ldr	r2, [pc, #332]	@ (8005ed0 <__strftime.isra.0+0x738>)
 8005d82:	1b29      	subs	r1, r5, r4
 8005d84:	1938      	adds	r0, r7, r4
 8005d86:	f7ff f88b 	bl	8004ea0 <sniprintf>
 8005d8a:	e68e      	b.n	8005aaa <__strftime.isra.0+0x312>
 8005d8c:	6a33      	ldr	r3, [r6, #32]
 8005d8e:	2b00      	cmp	r3, #0
 8005d90:	db78      	blt.n	8005e84 <__strftime.isra.0+0x6ec>
 8005d92:	f000 fa85 	bl	80062a0 <__tz_lock>
 8005d96:	9b02      	ldr	r3, [sp, #8]
 8005d98:	b90b      	cbnz	r3, 8005d9e <__strftime.isra.0+0x606>
 8005d9a:	f000 fa8d 	bl	80062b8 <_tzset_unlocked>
 8005d9e:	f001 fb1b 	bl	80073d8 <__gettzinfo>
 8005da2:	6a33      	ldr	r3, [r6, #32]
 8005da4:	2b00      	cmp	r3, #0
 8005da6:	bfd4      	ite	le
 8005da8:	2200      	movle	r2, #0
 8005daa:	2201      	movgt	r2, #1
 8005dac:	2328      	movs	r3, #40	@ 0x28
 8005dae:	fb02 3303 	mla	r3, r2, r3, r3
 8005db2:	58c3      	ldr	r3, [r0, r3]
 8005db4:	f1c3 0a00 	rsb	sl, r3, #0
 8005db8:	f000 fa78 	bl	80062ac <__tz_unlock>
 8005dbc:	2301      	movs	r3, #1
 8005dbe:	9302      	str	r3, [sp, #8]
 8005dc0:	6972      	ldr	r2, [r6, #20]
 8005dc2:	f1b2 0345 	subs.w	r3, r2, #69	@ 0x45
 8005dc6:	ea4f 7ce2 	mov.w	ip, r2, asr #31
 8005dca:	f16c 0c00 	sbc.w	ip, ip, #0
 8005dce:	f1bc 0f00 	cmp.w	ip, #0
 8005dd2:	eba5 0104 	sub.w	r1, r5, r4
 8005dd6:	eb07 0004 	add.w	r0, r7, r4
 8005dda:	da02      	bge.n	8005de2 <__strftime.isra.0+0x64a>
 8005ddc:	3303      	adds	r3, #3
 8005dde:	f14c 0c00 	adc.w	ip, ip, #0
 8005de2:	089b      	lsrs	r3, r3, #2
 8005de4:	ea43 738c 	orr.w	r3, r3, ip, lsl #30
 8005de8:	f102 3eff 	add.w	lr, r2, #4294967295
 8005dec:	f04f 0b64 	mov.w	fp, #100	@ 0x64
 8005df0:	ea4f 0cac 	mov.w	ip, ip, asr #2
 8005df4:	fb9e fefb 	sdiv	lr, lr, fp
 8005df8:	ebb3 030e 	subs.w	r3, r3, lr
 8005dfc:	eb6c 7cee 	sbc.w	ip, ip, lr, asr #31
 8005e00:	f44f 7bc8 	mov.w	fp, #400	@ 0x190
 8005e04:	f202 1e2b 	addw	lr, r2, #299	@ 0x12b
 8005e08:	fb9e fefb 	sdiv	lr, lr, fp
 8005e0c:	eb13 030e 	adds.w	r3, r3, lr
 8005e10:	eb4c 7cee 	adc.w	ip, ip, lr, asr #31
 8005e14:	3a46      	subs	r2, #70	@ 0x46
 8005e16:	f240 1e6d 	movw	lr, #365	@ 0x16d
 8005e1a:	fb0e f202 	mul.w	r2, lr, r2
 8005e1e:	189b      	adds	r3, r3, r2
 8005e20:	eb4c 7ce2 	adc.w	ip, ip, r2, asr #31
 8005e24:	69f2      	ldr	r2, [r6, #28]
 8005e26:	f8d6 b004 	ldr.w	fp, [r6, #4]
 8005e2a:	189b      	adds	r3, r3, r2
 8005e2c:	f04f 0e18 	mov.w	lr, #24
 8005e30:	eb4c 7ce2 	adc.w	ip, ip, r2, asr #31
 8005e34:	fba3 230e 	umull	r2, r3, r3, lr
 8005e38:	fb0e 330c 	mla	r3, lr, ip, r3
 8005e3c:	f8d6 c008 	ldr.w	ip, [r6, #8]
 8005e40:	eb12 020c 	adds.w	r2, r2, ip
 8005e44:	eb43 73ec 	adc.w	r3, r3, ip, asr #31
 8005e48:	f04f 0c3c 	mov.w	ip, #60	@ 0x3c
 8005e4c:	fba2 2e0c 	umull	r2, lr, r2, ip
 8005e50:	fb0c ee03 	mla	lr, ip, r3, lr
 8005e54:	eb12 030b 	adds.w	r3, r2, fp
 8005e58:	eb4e 72eb 	adc.w	r2, lr, fp, asr #31
 8005e5c:	fba3 e30c 	umull	lr, r3, r3, ip
 8005e60:	fb0c 3302 	mla	r3, ip, r2, r3
 8005e64:	f8d6 c000 	ldr.w	ip, [r6]
 8005e68:	eb1e 020c 	adds.w	r2, lr, ip
 8005e6c:	eb43 73ec 	adc.w	r3, r3, ip, asr #31
 8005e70:	ebb2 020a 	subs.w	r2, r2, sl
 8005e74:	eb63 73ea 	sbc.w	r3, r3, sl, asr #31
 8005e78:	e9cd 2300 	strd	r2, r3, [sp]
 8005e7c:	4a15      	ldr	r2, [pc, #84]	@ (8005ed4 <__strftime.isra.0+0x73c>)
 8005e7e:	f7ff f80f 	bl	8004ea0 <sniprintf>
 8005e82:	e612      	b.n	8005aaa <__strftime.isra.0+0x312>
 8005e84:	f04f 0a00 	mov.w	sl, #0
 8005e88:	e79a      	b.n	8005dc0 <__strftime.isra.0+0x628>
 8005e8a:	6833      	ldr	r3, [r6, #0]
 8005e8c:	e662      	b.n	8005b54 <__strftime.isra.0+0x3bc>
 8005e8e:	1e6b      	subs	r3, r5, #1
 8005e90:	429c      	cmp	r4, r3
 8005e92:	f4bf ae11 	bcs.w	8005ab8 <__strftime.isra.0+0x320>
 8005e96:	f104 0a01 	add.w	sl, r4, #1
 8005e9a:	2309      	movs	r3, #9
 8005e9c:	e73b      	b.n	8005d16 <__strftime.isra.0+0x57e>
 8005e9e:	6833      	ldr	r3, [r6, #0]
 8005ea0:	9301      	str	r3, [sp, #4]
 8005ea2:	6873      	ldr	r3, [r6, #4]
 8005ea4:	9300      	str	r3, [sp, #0]
 8005ea6:	68b3      	ldr	r3, [r6, #8]
 8005ea8:	4a0b      	ldr	r2, [pc, #44]	@ (8005ed8 <__strftime.isra.0+0x740>)
 8005eaa:	e5d5      	b.n	8005a58 <__strftime.isra.0+0x2c0>
 8005eac:	fffff894 	.word	0xfffff894
 8005eb0:	fffff895 	.word	0xfffff895
 8005eb4:	08008f72 	.word	0x08008f72
 8005eb8:	08008f61 	.word	0x08008f61
 8005ebc:	08008f53 	.word	0x08008f53
 8005ec0:	08008f76 	.word	0x08008f76
 8005ec4:	0800926c 	.word	0x0800926c
 8005ec8:	08009369 	.word	0x08009369
 8005ecc:	08008f7b 	.word	0x08008f7b
 8005ed0:	08008f8a 	.word	0x08008f8a
 8005ed4:	08008f80 	.word	0x08008f80
 8005ed8:	08008f85 	.word	0x08008f85
 8005edc:	1e6b      	subs	r3, r5, #1
 8005ede:	429c      	cmp	r4, r3
 8005ee0:	f4bf adea 	bcs.w	8005ab8 <__strftime.isra.0+0x320>
 8005ee4:	69b3      	ldr	r3, [r6, #24]
 8005ee6:	b91b      	cbnz	r3, 8005ef0 <__strftime.isra.0+0x758>
 8005ee8:	2337      	movs	r3, #55	@ 0x37
 8005eea:	f104 0a01 	add.w	sl, r4, #1
 8005eee:	e712      	b.n	8005d16 <__strftime.isra.0+0x57e>
 8005ef0:	3330      	adds	r3, #48	@ 0x30
 8005ef2:	b2db      	uxtb	r3, r3
 8005ef4:	e7f9      	b.n	8005eea <__strftime.isra.0+0x752>
 8005ef6:	69f3      	ldr	r3, [r6, #28]
 8005ef8:	69b2      	ldr	r2, [r6, #24]
 8005efa:	3307      	adds	r3, #7
 8005efc:	1a9b      	subs	r3, r3, r2
 8005efe:	2207      	movs	r2, #7
 8005f00:	fb93 f3f2 	sdiv	r3, r3, r2
 8005f04:	e626      	b.n	8005b54 <__strftime.isra.0+0x3bc>
 8005f06:	4630      	mov	r0, r6
 8005f08:	f7ff fbf4 	bl	80056f4 <iso_year_adjust>
 8005f0c:	69b2      	ldr	r2, [r6, #24]
 8005f0e:	b132      	cbz	r2, 8005f1e <__strftime.isra.0+0x786>
 8005f10:	3a01      	subs	r2, #1
 8005f12:	2800      	cmp	r0, #0
 8005f14:	69f3      	ldr	r3, [r6, #28]
 8005f16:	dc26      	bgt.n	8005f66 <__strftime.isra.0+0x7ce>
 8005f18:	d103      	bne.n	8005f22 <__strftime.isra.0+0x78a>
 8005f1a:	330a      	adds	r3, #10
 8005f1c:	e7ee      	b.n	8005efc <__strftime.isra.0+0x764>
 8005f1e:	2206      	movs	r2, #6
 8005f20:	e7f7      	b.n	8005f12 <__strftime.isra.0+0x77a>
 8005f22:	1ad2      	subs	r2, r2, r3
 8005f24:	6973      	ldr	r3, [r6, #20]
 8005f26:	2b00      	cmp	r3, #0
 8005f28:	f240 716b 	movw	r1, #1899	@ 0x76b
 8005f2c:	bfa8      	it	ge
 8005f2e:	f06f 0164 	mvnge.w	r1, #100	@ 0x64
 8005f32:	440b      	add	r3, r1
 8005f34:	0799      	lsls	r1, r3, #30
 8005f36:	d105      	bne.n	8005f44 <__strftime.isra.0+0x7ac>
 8005f38:	2064      	movs	r0, #100	@ 0x64
 8005f3a:	fb93 f1f0 	sdiv	r1, r3, r0
 8005f3e:	fb00 3111 	mls	r1, r0, r1, r3
 8005f42:	b971      	cbnz	r1, 8005f62 <__strftime.isra.0+0x7ca>
 8005f44:	f44f 71c8 	mov.w	r1, #400	@ 0x190
 8005f48:	fb93 f0f1 	sdiv	r0, r3, r1
 8005f4c:	fb01 3310 	mls	r3, r1, r0, r3
 8005f50:	fab3 f383 	clz	r3, r3
 8005f54:	095b      	lsrs	r3, r3, #5
 8005f56:	1ad2      	subs	r2, r2, r3
 8005f58:	2a04      	cmp	r2, #4
 8005f5a:	bfcc      	ite	gt
 8005f5c:	2334      	movgt	r3, #52	@ 0x34
 8005f5e:	2335      	movle	r3, #53	@ 0x35
 8005f60:	e5f8      	b.n	8005b54 <__strftime.isra.0+0x3bc>
 8005f62:	2301      	movs	r3, #1
 8005f64:	e7f7      	b.n	8005f56 <__strftime.isra.0+0x7be>
 8005f66:	2301      	movs	r3, #1
 8005f68:	e5f4      	b.n	8005b54 <__strftime.isra.0+0x3bc>
 8005f6a:	496c      	ldr	r1, [pc, #432]	@ (800611c <__strftime.isra.0+0x984>)
 8005f6c:	9203      	str	r2, [sp, #12]
 8005f6e:	a806      	add	r0, sp, #24
 8005f70:	f000 fc3f 	bl	80067f2 <strcpy>
 8005f74:	a806      	add	r0, sp, #24
 8005f76:	f7fa f91d 	bl	80001b4 <strlen>
 8005f7a:	ab06      	add	r3, sp, #24
 8005f7c:	eb03 0a00 	add.w	sl, r3, r0
 8005f80:	f10a 0a01 	add.w	sl, sl, #1
 8005f84:	46d3      	mov	fp, sl
 8005f86:	f1b9 0f00 	cmp.w	r9, #0
 8005f8a:	d009      	beq.n	8005fa0 <__strftime.isra.0+0x808>
 8005f8c:	9a03      	ldr	r2, [sp, #12]
 8005f8e:	f803 9000 	strb.w	r9, [r3, r0]
 8005f92:	2a05      	cmp	r2, #5
 8005f94:	d901      	bls.n	8005f9a <__strftime.isra.0+0x802>
 8005f96:	1f93      	subs	r3, r2, #6
 8005f98:	d106      	bne.n	8005fa8 <__strftime.isra.0+0x810>
 8005f9a:	4961      	ldr	r1, [pc, #388]	@ (8006120 <__strftime.isra.0+0x988>)
 8005f9c:	4658      	mov	r0, fp
 8005f9e:	e5aa      	b.n	8005af6 <__strftime.isra.0+0x35e>
 8005fa0:	aa06      	add	r2, sp, #24
 8005fa2:	232b      	movs	r3, #43	@ 0x2b
 8005fa4:	5413      	strb	r3, [r2, r0]
 8005fa6:	2304      	movs	r3, #4
 8005fa8:	a90e      	add	r1, sp, #56	@ 0x38
 8005faa:	4a5e      	ldr	r2, [pc, #376]	@ (8006124 <__strftime.isra.0+0x98c>)
 8005fac:	eba1 010a 	sub.w	r1, r1, sl
 8005fb0:	4650      	mov	r0, sl
 8005fb2:	f7fe ff75 	bl	8004ea0 <sniprintf>
 8005fb6:	2800      	cmp	r0, #0
 8005fb8:	bfc8      	it	gt
 8005fba:	eb0a 0b00 	addgt.w	fp, sl, r0
 8005fbe:	e7ec      	b.n	8005f9a <__strftime.isra.0+0x802>
 8005fc0:	1e6b      	subs	r3, r5, #1
 8005fc2:	429c      	cmp	r4, r3
 8005fc4:	f4bf ad78 	bcs.w	8005ab8 <__strftime.isra.0+0x320>
 8005fc8:	69b3      	ldr	r3, [r6, #24]
 8005fca:	f104 0a01 	add.w	sl, r4, #1
 8005fce:	3330      	adds	r3, #48	@ 0x30
 8005fd0:	e6a1      	b.n	8005d16 <__strftime.isra.0+0x57e>
 8005fd2:	69b2      	ldr	r2, [r6, #24]
 8005fd4:	b11a      	cbz	r2, 8005fde <__strftime.isra.0+0x846>
 8005fd6:	3a01      	subs	r2, #1
 8005fd8:	69f3      	ldr	r3, [r6, #28]
 8005fda:	3307      	adds	r3, #7
 8005fdc:	e78e      	b.n	8005efc <__strftime.isra.0+0x764>
 8005fde:	2206      	movs	r2, #6
 8005fe0:	e7fa      	b.n	8005fd8 <__strftime.isra.0+0x840>
 8005fe2:	6970      	ldr	r0, [r6, #20]
 8005fe4:	2800      	cmp	r0, #0
 8005fe6:	db05      	blt.n	8005ff4 <__strftime.isra.0+0x85c>
 8005fe8:	2364      	movs	r3, #100	@ 0x64
 8005fea:	fb90 f2f3 	sdiv	r2, r0, r3
 8005fee:	fb02 0313 	mls	r3, r2, r3, r0
 8005ff2:	e5af      	b.n	8005b54 <__strftime.isra.0+0x3bc>
 8005ff4:	f200 706c 	addw	r0, r0, #1900	@ 0x76c
 8005ff8:	f000 fc11 	bl	800681e <abs>
 8005ffc:	e7f4      	b.n	8005fe8 <__strftime.isra.0+0x850>
 8005ffe:	6971      	ldr	r1, [r6, #20]
 8006000:	4849      	ldr	r0, [pc, #292]	@ (8006128 <__strftime.isra.0+0x990>)
 8006002:	4281      	cmp	r1, r0
 8006004:	da09      	bge.n	800601a <__strftime.isra.0+0x882>
 8006006:	eba0 0a01 	sub.w	sl, r0, r1
 800600a:	212d      	movs	r1, #45	@ 0x2d
 800600c:	f88d 1018 	strb.w	r1, [sp, #24]
 8006010:	b102      	cbz	r2, 8006014 <__strftime.isra.0+0x87c>
 8006012:	3a01      	subs	r2, #1
 8006014:	f10d 0119 	add.w	r1, sp, #25
 8006018:	e615      	b.n	8005c46 <__strftime.isra.0+0x4ae>
 800601a:	f201 7a6c 	addw	sl, r1, #1900	@ 0x76c
 800601e:	e609      	b.n	8005c34 <__strftime.isra.0+0x49c>
 8006020:	2330      	movs	r3, #48	@ 0x30
 8006022:	1c88      	adds	r0, r1, #2
 8006024:	704b      	strb	r3, [r1, #1]
 8006026:	e615      	b.n	8005c54 <__strftime.isra.0+0x4bc>
 8006028:	6a33      	ldr	r3, [r6, #32]
 800602a:	2b00      	cmp	r3, #0
 800602c:	da01      	bge.n	8006032 <__strftime.isra.0+0x89a>
 800602e:	46a2      	mov	sl, r4
 8006030:	e460      	b.n	80058f4 <__strftime.isra.0+0x15c>
 8006032:	f000 f935 	bl	80062a0 <__tz_lock>
 8006036:	9b02      	ldr	r3, [sp, #8]
 8006038:	b90b      	cbnz	r3, 800603e <__strftime.isra.0+0x8a6>
 800603a:	f000 f93d 	bl	80062b8 <_tzset_unlocked>
 800603e:	f001 f9cb 	bl	80073d8 <__gettzinfo>
 8006042:	6a33      	ldr	r3, [r6, #32]
 8006044:	2b00      	cmp	r3, #0
 8006046:	bfd4      	ite	le
 8006048:	2200      	movle	r2, #0
 800604a:	2201      	movgt	r2, #1
 800604c:	2328      	movs	r3, #40	@ 0x28
 800604e:	fb02 3303 	mla	r3, r2, r3, r3
 8006052:	eb07 0a04 	add.w	sl, r7, r4
 8006056:	58c3      	ldr	r3, [r0, r3]
 8006058:	f1c3 0900 	rsb	r9, r3, #0
 800605c:	f000 f926 	bl	80062ac <__tz_unlock>
 8006060:	233c      	movs	r3, #60	@ 0x3c
 8006062:	fb99 f0f3 	sdiv	r0, r9, r3
 8006066:	f000 fc92 	bl	800698e <labs>
 800606a:	233c      	movs	r3, #60	@ 0x3c
 800606c:	eba5 0b04 	sub.w	fp, r5, r4
 8006070:	fb90 f2f3 	sdiv	r2, r0, r3
 8006074:	fb02 0013 	mls	r0, r2, r3, r0
 8006078:	9000      	str	r0, [sp, #0]
 800607a:	4a2c      	ldr	r2, [pc, #176]	@ (800612c <__strftime.isra.0+0x994>)
 800607c:	f44f 6361 	mov.w	r3, #3600	@ 0xe10
 8006080:	4659      	mov	r1, fp
 8006082:	4650      	mov	r0, sl
 8006084:	fb99 f3f3 	sdiv	r3, r9, r3
 8006088:	f7fe ff0a 	bl	8004ea0 <sniprintf>
 800608c:	2800      	cmp	r0, #0
 800608e:	f6ff ad13 	blt.w	8005ab8 <__strftime.isra.0+0x320>
 8006092:	eb00 0a04 	add.w	sl, r0, r4
 8006096:	4555      	cmp	r5, sl
 8006098:	f67f ad0e 	bls.w	8005ab8 <__strftime.isra.0+0x320>
 800609c:	2301      	movs	r3, #1
 800609e:	9302      	str	r3, [sp, #8]
 80060a0:	e428      	b.n	80058f4 <__strftime.isra.0+0x15c>
 80060a2:	6a33      	ldr	r3, [r6, #32]
 80060a4:	2b00      	cmp	r3, #0
 80060a6:	dbc2      	blt.n	800602e <__strftime.isra.0+0x896>
 80060a8:	f000 f8fa 	bl	80062a0 <__tz_lock>
 80060ac:	9b02      	ldr	r3, [sp, #8]
 80060ae:	b90b      	cbnz	r3, 80060b4 <__strftime.isra.0+0x91c>
 80060b0:	f000 f902 	bl	80062b8 <_tzset_unlocked>
 80060b4:	6a33      	ldr	r3, [r6, #32]
 80060b6:	4a1e      	ldr	r2, [pc, #120]	@ (8006130 <__strftime.isra.0+0x998>)
 80060b8:	2b00      	cmp	r3, #0
 80060ba:	bfd4      	ite	le
 80060bc:	2300      	movle	r3, #0
 80060be:	2301      	movgt	r3, #1
 80060c0:	46a2      	mov	sl, r4
 80060c2:	f852 9023 	ldr.w	r9, [r2, r3, lsl #2]
 80060c6:	4648      	mov	r0, r9
 80060c8:	f7fa f874 	bl	80001b4 <strlen>
 80060cc:	f109 39ff 	add.w	r9, r9, #4294967295
 80060d0:	4420      	add	r0, r4
 80060d2:	1e6b      	subs	r3, r5, #1
 80060d4:	4550      	cmp	r0, sl
 80060d6:	d102      	bne.n	80060de <__strftime.isra.0+0x946>
 80060d8:	f000 f8e8 	bl	80062ac <__tz_unlock>
 80060dc:	e7de      	b.n	800609c <__strftime.isra.0+0x904>
 80060de:	4553      	cmp	r3, sl
 80060e0:	d906      	bls.n	80060f0 <__strftime.isra.0+0x958>
 80060e2:	f819 2f01 	ldrb.w	r2, [r9, #1]!
 80060e6:	f807 200a 	strb.w	r2, [r7, sl]
 80060ea:	f10a 0a01 	add.w	sl, sl, #1
 80060ee:	e7f1      	b.n	80060d4 <__strftime.isra.0+0x93c>
 80060f0:	f000 f8dc 	bl	80062ac <__tz_unlock>
 80060f4:	e4e0      	b.n	8005ab8 <__strftime.isra.0+0x320>
 80060f6:	1e6b      	subs	r3, r5, #1
 80060f8:	429c      	cmp	r4, r3
 80060fa:	f4bf acdd 	bcs.w	8005ab8 <__strftime.isra.0+0x320>
 80060fe:	f104 0a01 	add.w	sl, r4, #1
 8006102:	2325      	movs	r3, #37	@ 0x25
 8006104:	e607      	b.n	8005d16 <__strftime.isra.0+0x57e>
 8006106:	46a2      	mov	sl, r4
 8006108:	2d00      	cmp	r5, #0
 800610a:	f43f acd7 	beq.w	8005abc <__strftime.isra.0+0x324>
 800610e:	2300      	movs	r3, #0
 8006110:	f807 300a 	strb.w	r3, [r7, sl]
 8006114:	e4d2      	b.n	8005abc <__strftime.isra.0+0x324>
 8006116:	4649      	mov	r1, r9
 8006118:	e778      	b.n	800600c <__strftime.isra.0+0x874>
 800611a:	bf00      	nop
 800611c:	08008f94 	.word	0x08008f94
 8006120:	080090f2 	.word	0x080090f2
 8006124:	08008f66 	.word	0x08008f66
 8006128:	fffff894 	.word	0xfffff894
 800612c:	08008f9c 	.word	0x08008f9c
 8006130:	20000054 	.word	0x20000054

08006134 <strftime>:
 8006134:	f7ff bb30 	b.w	8005798 <__strftime.isra.0>

08006138 <__tzcalc_limits>:
 8006138:	e92d 43f8 	stmdb	sp!, {r3, r4, r5, r6, r7, r8, r9, lr}
 800613c:	4604      	mov	r4, r0
 800613e:	f001 f94b 	bl	80073d8 <__gettzinfo>
 8006142:	f240 73b1 	movw	r3, #1969	@ 0x7b1
 8006146:	429c      	cmp	r4, r3
 8006148:	f340 80a3 	ble.w	8006292 <__tzcalc_limits+0x15a>
 800614c:	f46f 61f6 	mvn.w	r1, #1968	@ 0x7b0
 8006150:	1865      	adds	r5, r4, r1
 8006152:	f2a4 73b2 	subw	r3, r4, #1970	@ 0x7b2
 8006156:	f240 126d 	movw	r2, #365	@ 0x16d
 800615a:	10ad      	asrs	r5, r5, #2
 800615c:	fb02 5503 	mla	r5, r2, r3, r5
 8006160:	f46f 66c8 	mvn.w	r6, #1600	@ 0x640
 8006164:	f06f 0263 	mvn.w	r2, #99	@ 0x63
 8006168:	f2a4 736d 	subw	r3, r4, #1901	@ 0x76d
 800616c:	fb93 f3f2 	sdiv	r3, r3, r2
 8006170:	441d      	add	r5, r3
 8006172:	19a3      	adds	r3, r4, r6
 8006174:	4e48      	ldr	r6, [pc, #288]	@ (8006298 <__tzcalc_limits+0x160>)
 8006176:	6044      	str	r4, [r0, #4]
 8006178:	f44f 72c8 	mov.w	r2, #400	@ 0x190
 800617c:	4601      	mov	r1, r0
 800617e:	fbb3 f3f2 	udiv	r3, r3, r2
 8006182:	f100 0750 	add.w	r7, r0, #80	@ 0x50
 8006186:	441d      	add	r5, r3
 8006188:	7a0b      	ldrb	r3, [r1, #8]
 800618a:	f8d1 c014 	ldr.w	ip, [r1, #20]
 800618e:	2b4a      	cmp	r3, #74	@ 0x4a
 8006190:	d138      	bne.n	8006204 <__tzcalc_limits+0xcc>
 8006192:	07a2      	lsls	r2, r4, #30
 8006194:	eb05 030c 	add.w	r3, r5, ip
 8006198:	d106      	bne.n	80061a8 <__tzcalc_limits+0x70>
 800619a:	f04f 0e64 	mov.w	lr, #100	@ 0x64
 800619e:	fb94 f2fe 	sdiv	r2, r4, lr
 80061a2:	fb0e 4212 	mls	r2, lr, r2, r4
 80061a6:	b932      	cbnz	r2, 80061b6 <__tzcalc_limits+0x7e>
 80061a8:	f44f 7ec8 	mov.w	lr, #400	@ 0x190
 80061ac:	fb94 f2fe 	sdiv	r2, r4, lr
 80061b0:	fb0e 4212 	mls	r2, lr, r2, r4
 80061b4:	bb1a      	cbnz	r2, 80061fe <__tzcalc_limits+0xc6>
 80061b6:	f1bc 0f3b 	cmp.w	ip, #59	@ 0x3b
 80061ba:	bfd4      	ite	le
 80061bc:	f04f 0c00 	movle.w	ip, #0
 80061c0:	f04f 0c01 	movgt.w	ip, #1
 80061c4:	4463      	add	r3, ip
 80061c6:	3b01      	subs	r3, #1
 80061c8:	698a      	ldr	r2, [r1, #24]
 80061ca:	ea4f 7ce2 	mov.w	ip, r2, asr #31
 80061ce:	fbc3 2c06 	smlal	r2, ip, r3, r6
 80061d2:	6a8b      	ldr	r3, [r1, #40]	@ 0x28
 80061d4:	18d2      	adds	r2, r2, r3
 80061d6:	eb4c 73e3 	adc.w	r3, ip, r3, asr #31
 80061da:	e9c1 2308 	strd	r2, r3, [r1, #32]
 80061de:	3128      	adds	r1, #40	@ 0x28
 80061e0:	428f      	cmp	r7, r1
 80061e2:	d1d1      	bne.n	8006188 <__tzcalc_limits+0x50>
 80061e4:	e9d0 4308 	ldrd	r4, r3, [r0, #32]
 80061e8:	e9d0 1212 	ldrd	r1, r2, [r0, #72]	@ 0x48
 80061ec:	428c      	cmp	r4, r1
 80061ee:	4193      	sbcs	r3, r2
 80061f0:	bfb4      	ite	lt
 80061f2:	2301      	movlt	r3, #1
 80061f4:	2300      	movge	r3, #0
 80061f6:	6003      	str	r3, [r0, #0]
 80061f8:	2001      	movs	r0, #1
 80061fa:	e8bd 83f8 	ldmia.w	sp!, {r3, r4, r5, r6, r7, r8, r9, pc}
 80061fe:	f04f 0c00 	mov.w	ip, #0
 8006202:	e7df      	b.n	80061c4 <__tzcalc_limits+0x8c>
 8006204:	2b44      	cmp	r3, #68	@ 0x44
 8006206:	d102      	bne.n	800620e <__tzcalc_limits+0xd6>
 8006208:	eb05 030c 	add.w	r3, r5, ip
 800620c:	e7dc      	b.n	80061c8 <__tzcalc_limits+0x90>
 800620e:	07a3      	lsls	r3, r4, #30
 8006210:	d105      	bne.n	800621e <__tzcalc_limits+0xe6>
 8006212:	2264      	movs	r2, #100	@ 0x64
 8006214:	fb94 f3f2 	sdiv	r3, r4, r2
 8006218:	fb02 4313 	mls	r3, r2, r3, r4
 800621c:	bb93      	cbnz	r3, 8006284 <__tzcalc_limits+0x14c>
 800621e:	f44f 72c8 	mov.w	r2, #400	@ 0x190
 8006222:	fb94 f3f2 	sdiv	r3, r4, r2
 8006226:	fb02 4313 	mls	r3, r2, r3, r4
 800622a:	fab3 f383 	clz	r3, r3
 800622e:	095b      	lsrs	r3, r3, #5
 8006230:	f8df e068 	ldr.w	lr, [pc, #104]	@ 800629c <__tzcalc_limits+0x164>
 8006234:	f8d1 900c 	ldr.w	r9, [r1, #12]
 8006238:	425b      	negs	r3, r3
 800623a:	f003 0330 	and.w	r3, r3, #48	@ 0x30
 800623e:	462a      	mov	r2, r5
 8006240:	f04f 0800 	mov.w	r8, #0
 8006244:	4473      	add	r3, lr
 8006246:	f108 0801 	add.w	r8, r8, #1
 800624a:	45c1      	cmp	r9, r8
 800624c:	f853 e028 	ldr.w	lr, [r3, r8, lsl #2]
 8006250:	dc1a      	bgt.n	8006288 <__tzcalc_limits+0x150>
 8006252:	f102 0804 	add.w	r8, r2, #4
 8006256:	2307      	movs	r3, #7
 8006258:	fb98 f3f3 	sdiv	r3, r8, r3
 800625c:	ebc3 03c3 	rsb	r3, r3, r3, lsl #3
 8006260:	eba8 0303 	sub.w	r3, r8, r3
 8006264:	ebbc 0c03 	subs.w	ip, ip, r3
 8006268:	690b      	ldr	r3, [r1, #16]
 800626a:	f103 33ff 	add.w	r3, r3, #4294967295
 800626e:	bf48      	it	mi
 8006270:	f10c 0c07 	addmi.w	ip, ip, #7
 8006274:	ebc3 03c3 	rsb	r3, r3, r3, lsl #3
 8006278:	449c      	add	ip, r3
 800627a:	45f4      	cmp	ip, lr
 800627c:	da06      	bge.n	800628c <__tzcalc_limits+0x154>
 800627e:	eb02 030c 	add.w	r3, r2, ip
 8006282:	e7a1      	b.n	80061c8 <__tzcalc_limits+0x90>
 8006284:	2301      	movs	r3, #1
 8006286:	e7d3      	b.n	8006230 <__tzcalc_limits+0xf8>
 8006288:	4472      	add	r2, lr
 800628a:	e7dc      	b.n	8006246 <__tzcalc_limits+0x10e>
 800628c:	f1ac 0c07 	sub.w	ip, ip, #7
 8006290:	e7f3      	b.n	800627a <__tzcalc_limits+0x142>
 8006292:	2000      	movs	r0, #0
 8006294:	e7b1      	b.n	80061fa <__tzcalc_limits+0xc2>
 8006296:	bf00      	nop
 8006298:	00015180 	.word	0x00015180
 800629c:	08009208 	.word	0x08009208

080062a0 <__tz_lock>:
 80062a0:	4801      	ldr	r0, [pc, #4]	@ (80062a8 <__tz_lock+0x8>)
 80062a2:	f000 baa2 	b.w	80067ea <__retarget_lock_acquire>
 80062a6:	bf00      	nop
 80062a8:	20000b64 	.word	0x20000b64

080062ac <__tz_unlock>:
 80062ac:	4801      	ldr	r0, [pc, #4]	@ (80062b4 <__tz_unlock+0x8>)
 80062ae:	f000 ba9e 	b.w	80067ee <__retarget_lock_release>
 80062b2:	bf00      	nop
 80062b4:	20000b64 	.word	0x20000b64

080062b8 <_tzset_unlocked>:
 80062b8:	4b01      	ldr	r3, [pc, #4]	@ (80062c0 <_tzset_unlocked+0x8>)
 80062ba:	6818      	ldr	r0, [r3, #0]
 80062bc:	f000 b802 	b.w	80062c4 <_tzset_unlocked_r>
 80062c0:	2000005c 	.word	0x2000005c

080062c4 <_tzset_unlocked_r>:
 80062c4:	e92d 4ff0 	stmdb	sp!, {r4, r5, r6, r7, r8, r9, sl, fp, lr}
 80062c8:	b08d      	sub	sp, #52	@ 0x34
 80062ca:	4607      	mov	r7, r0
 80062cc:	f001 f884 	bl	80073d8 <__gettzinfo>
 80062d0:	49bc      	ldr	r1, [pc, #752]	@ (80065c4 <_tzset_unlocked_r+0x300>)
 80062d2:	4dbd      	ldr	r5, [pc, #756]	@ (80065c8 <_tzset_unlocked_r+0x304>)
 80062d4:	4604      	mov	r4, r0
 80062d6:	4638      	mov	r0, r7
 80062d8:	f000 fb52 	bl	8006980 <_getenv_r>
 80062dc:	4606      	mov	r6, r0
 80062de:	bb10      	cbnz	r0, 8006326 <_tzset_unlocked_r+0x62>
 80062e0:	4bba      	ldr	r3, [pc, #744]	@ (80065cc <_tzset_unlocked_r+0x308>)
 80062e2:	4abb      	ldr	r2, [pc, #748]	@ (80065d0 <_tzset_unlocked_r+0x30c>)
 80062e4:	6018      	str	r0, [r3, #0]
 80062e6:	4bbb      	ldr	r3, [pc, #748]	@ (80065d4 <_tzset_unlocked_r+0x310>)
 80062e8:	62a0      	str	r0, [r4, #40]	@ 0x28
 80062ea:	6018      	str	r0, [r3, #0]
 80062ec:	4bba      	ldr	r3, [pc, #744]	@ (80065d8 <_tzset_unlocked_r+0x314>)
 80062ee:	6520      	str	r0, [r4, #80]	@ 0x50
 80062f0:	e9c3 2200 	strd	r2, r2, [r3]
 80062f4:	214a      	movs	r1, #74	@ 0x4a
 80062f6:	2200      	movs	r2, #0
 80062f8:	2300      	movs	r3, #0
 80062fa:	e9c4 0003 	strd	r0, r0, [r4, #12]
 80062fe:	e9c4 0005 	strd	r0, r0, [r4, #20]
 8006302:	e9c4 000d 	strd	r0, r0, [r4, #52]	@ 0x34
 8006306:	e9c4 000f 	strd	r0, r0, [r4, #60]	@ 0x3c
 800630a:	e9c4 2308 	strd	r2, r3, [r4, #32]
 800630e:	e9c4 2312 	strd	r2, r3, [r4, #72]	@ 0x48
 8006312:	6828      	ldr	r0, [r5, #0]
 8006314:	7221      	strb	r1, [r4, #8]
 8006316:	f884 1030 	strb.w	r1, [r4, #48]	@ 0x30
 800631a:	f000 fb45 	bl	80069a8 <free>
 800631e:	602e      	str	r6, [r5, #0]
 8006320:	b00d      	add	sp, #52	@ 0x34
 8006322:	e8bd 8ff0 	ldmia.w	sp!, {r4, r5, r6, r7, r8, r9, sl, fp, pc}
 8006326:	6829      	ldr	r1, [r5, #0]
 8006328:	2900      	cmp	r1, #0
 800632a:	f040 808e 	bne.w	800644a <_tzset_unlocked_r+0x186>
 800632e:	6828      	ldr	r0, [r5, #0]
 8006330:	f000 fb3a 	bl	80069a8 <free>
 8006334:	4630      	mov	r0, r6
 8006336:	f7f9 ff3d 	bl	80001b4 <strlen>
 800633a:	1c41      	adds	r1, r0, #1
 800633c:	4638      	mov	r0, r7
 800633e:	f000 fb5d 	bl	80069fc <_malloc_r>
 8006342:	6028      	str	r0, [r5, #0]
 8006344:	2800      	cmp	r0, #0
 8006346:	f040 8086 	bne.w	8006456 <_tzset_unlocked_r+0x192>
 800634a:	4aa2      	ldr	r2, [pc, #648]	@ (80065d4 <_tzset_unlocked_r+0x310>)
 800634c:	f8df 8288 	ldr.w	r8, [pc, #648]	@ 80065d8 <_tzset_unlocked_r+0x314>
 8006350:	f8df a278 	ldr.w	sl, [pc, #632]	@ 80065cc <_tzset_unlocked_r+0x308>
 8006354:	2300      	movs	r3, #0
 8006356:	6013      	str	r3, [r2, #0]
 8006358:	4aa0      	ldr	r2, [pc, #640]	@ (80065dc <_tzset_unlocked_r+0x318>)
 800635a:	f8ca 3000 	str.w	r3, [sl]
 800635e:	2000      	movs	r0, #0
 8006360:	2100      	movs	r1, #0
 8006362:	e9c8 2200 	strd	r2, r2, [r8]
 8006366:	e9c4 3303 	strd	r3, r3, [r4, #12]
 800636a:	e9c4 3305 	strd	r3, r3, [r4, #20]
 800636e:	e9c4 0108 	strd	r0, r1, [r4, #32]
 8006372:	e9c4 330d 	strd	r3, r3, [r4, #52]	@ 0x34
 8006376:	e9c4 330f 	strd	r3, r3, [r4, #60]	@ 0x3c
 800637a:	e9c4 0112 	strd	r0, r1, [r4, #72]	@ 0x48
 800637e:	224a      	movs	r2, #74	@ 0x4a
 8006380:	7222      	strb	r2, [r4, #8]
 8006382:	62a3      	str	r3, [r4, #40]	@ 0x28
 8006384:	f884 2030 	strb.w	r2, [r4, #48]	@ 0x30
 8006388:	6523      	str	r3, [r4, #80]	@ 0x50
 800638a:	7833      	ldrb	r3, [r6, #0]
 800638c:	2b3a      	cmp	r3, #58	@ 0x3a
 800638e:	bf08      	it	eq
 8006390:	3601      	addeq	r6, #1
 8006392:	7833      	ldrb	r3, [r6, #0]
 8006394:	2b3c      	cmp	r3, #60	@ 0x3c
 8006396:	d162      	bne.n	800645e <_tzset_unlocked_r+0x19a>
 8006398:	1c75      	adds	r5, r6, #1
 800639a:	4a91      	ldr	r2, [pc, #580]	@ (80065e0 <_tzset_unlocked_r+0x31c>)
 800639c:	4991      	ldr	r1, [pc, #580]	@ (80065e4 <_tzset_unlocked_r+0x320>)
 800639e:	ab0a      	add	r3, sp, #40	@ 0x28
 80063a0:	4628      	mov	r0, r5
 80063a2:	f000 ffd3 	bl	800734c <siscanf>
 80063a6:	2800      	cmp	r0, #0
 80063a8:	ddba      	ble.n	8006320 <_tzset_unlocked_r+0x5c>
 80063aa:	9b0a      	ldr	r3, [sp, #40]	@ 0x28
 80063ac:	1eda      	subs	r2, r3, #3
 80063ae:	2a07      	cmp	r2, #7
 80063b0:	d8b6      	bhi.n	8006320 <_tzset_unlocked_r+0x5c>
 80063b2:	5ceb      	ldrb	r3, [r5, r3]
 80063b4:	2b3e      	cmp	r3, #62	@ 0x3e
 80063b6:	d1b3      	bne.n	8006320 <_tzset_unlocked_r+0x5c>
 80063b8:	3602      	adds	r6, #2
 80063ba:	9b0a      	ldr	r3, [sp, #40]	@ 0x28
 80063bc:	18f5      	adds	r5, r6, r3
 80063be:	5cf3      	ldrb	r3, [r6, r3]
 80063c0:	2b2d      	cmp	r3, #45	@ 0x2d
 80063c2:	d15a      	bne.n	800647a <_tzset_unlocked_r+0x1b6>
 80063c4:	3501      	adds	r5, #1
 80063c6:	f04f 39ff 	mov.w	r9, #4294967295
 80063ca:	2300      	movs	r3, #0
 80063cc:	f8ad 301e 	strh.w	r3, [sp, #30]
 80063d0:	f8ad 3020 	strh.w	r3, [sp, #32]
 80063d4:	af08      	add	r7, sp, #32
 80063d6:	ab0a      	add	r3, sp, #40	@ 0x28
 80063d8:	e9cd 3701 	strd	r3, r7, [sp, #4]
 80063dc:	9303      	str	r3, [sp, #12]
 80063de:	f10d 031e 	add.w	r3, sp, #30
 80063e2:	9300      	str	r3, [sp, #0]
 80063e4:	4980      	ldr	r1, [pc, #512]	@ (80065e8 <_tzset_unlocked_r+0x324>)
 80063e6:	ab0a      	add	r3, sp, #40	@ 0x28
 80063e8:	aa07      	add	r2, sp, #28
 80063ea:	4628      	mov	r0, r5
 80063ec:	f000 ffae 	bl	800734c <siscanf>
 80063f0:	2800      	cmp	r0, #0
 80063f2:	dd95      	ble.n	8006320 <_tzset_unlocked_r+0x5c>
 80063f4:	f8bd 301e 	ldrh.w	r3, [sp, #30]
 80063f8:	f8bd 6020 	ldrh.w	r6, [sp, #32]
 80063fc:	223c      	movs	r2, #60	@ 0x3c
 80063fe:	fb02 6603 	mla	r6, r2, r3, r6
 8006402:	f8bd 301c 	ldrh.w	r3, [sp, #28]
 8006406:	f44f 6261 	mov.w	r2, #3600	@ 0xe10
 800640a:	fb02 6603 	mla	r6, r2, r3, r6
 800640e:	9b0a      	ldr	r3, [sp, #40]	@ 0x28
 8006410:	fb09 f606 	mul.w	r6, r9, r6
 8006414:	eb05 0903 	add.w	r9, r5, r3
 8006418:	5ceb      	ldrb	r3, [r5, r3]
 800641a:	2b3c      	cmp	r3, #60	@ 0x3c
 800641c:	f040 80ee 	bne.w	80065fc <_tzset_unlocked_r+0x338>
 8006420:	f109 0501 	add.w	r5, r9, #1
 8006424:	4a71      	ldr	r2, [pc, #452]	@ (80065ec <_tzset_unlocked_r+0x328>)
 8006426:	496f      	ldr	r1, [pc, #444]	@ (80065e4 <_tzset_unlocked_r+0x320>)
 8006428:	ab0a      	add	r3, sp, #40	@ 0x28
 800642a:	4628      	mov	r0, r5
 800642c:	f000 ff8e 	bl	800734c <siscanf>
 8006430:	2800      	cmp	r0, #0
 8006432:	dc28      	bgt.n	8006486 <_tzset_unlocked_r+0x1c2>
 8006434:	f899 3001 	ldrb.w	r3, [r9, #1]
 8006438:	2b3e      	cmp	r3, #62	@ 0x3e
 800643a:	d124      	bne.n	8006486 <_tzset_unlocked_r+0x1c2>
 800643c:	4b68      	ldr	r3, [pc, #416]	@ (80065e0 <_tzset_unlocked_r+0x31c>)
 800643e:	62a6      	str	r6, [r4, #40]	@ 0x28
 8006440:	e9c8 3300 	strd	r3, r3, [r8]
 8006444:	f8ca 6000 	str.w	r6, [sl]
 8006448:	e76a      	b.n	8006320 <_tzset_unlocked_r+0x5c>
 800644a:	f7f9 fea9 	bl	80001a0 <strcmp>
 800644e:	2800      	cmp	r0, #0
 8006450:	f47f af6d 	bne.w	800632e <_tzset_unlocked_r+0x6a>
 8006454:	e764      	b.n	8006320 <_tzset_unlocked_r+0x5c>
 8006456:	4631      	mov	r1, r6
 8006458:	f000 f9cb 	bl	80067f2 <strcpy>
 800645c:	e775      	b.n	800634a <_tzset_unlocked_r+0x86>
 800645e:	4a60      	ldr	r2, [pc, #384]	@ (80065e0 <_tzset_unlocked_r+0x31c>)
 8006460:	4963      	ldr	r1, [pc, #396]	@ (80065f0 <_tzset_unlocked_r+0x32c>)
 8006462:	ab0a      	add	r3, sp, #40	@ 0x28
 8006464:	4630      	mov	r0, r6
 8006466:	f000 ff71 	bl	800734c <siscanf>
 800646a:	2800      	cmp	r0, #0
 800646c:	f77f af58 	ble.w	8006320 <_tzset_unlocked_r+0x5c>
 8006470:	9b0a      	ldr	r3, [sp, #40]	@ 0x28
 8006472:	3b03      	subs	r3, #3
 8006474:	2b07      	cmp	r3, #7
 8006476:	d9a0      	bls.n	80063ba <_tzset_unlocked_r+0xf6>
 8006478:	e752      	b.n	8006320 <_tzset_unlocked_r+0x5c>
 800647a:	2b2b      	cmp	r3, #43	@ 0x2b
 800647c:	bf08      	it	eq
 800647e:	3501      	addeq	r5, #1
 8006480:	f04f 0901 	mov.w	r9, #1
 8006484:	e7a1      	b.n	80063ca <_tzset_unlocked_r+0x106>
 8006486:	9b0a      	ldr	r3, [sp, #40]	@ 0x28
 8006488:	1eda      	subs	r2, r3, #3
 800648a:	2a07      	cmp	r2, #7
 800648c:	f63f af48 	bhi.w	8006320 <_tzset_unlocked_r+0x5c>
 8006490:	5ceb      	ldrb	r3, [r5, r3]
 8006492:	2b3e      	cmp	r3, #62	@ 0x3e
 8006494:	f47f af44 	bne.w	8006320 <_tzset_unlocked_r+0x5c>
 8006498:	f109 0902 	add.w	r9, r9, #2
 800649c:	9b0a      	ldr	r3, [sp, #40]	@ 0x28
 800649e:	eb09 0503 	add.w	r5, r9, r3
 80064a2:	f819 3003 	ldrb.w	r3, [r9, r3]
 80064a6:	2b2d      	cmp	r3, #45	@ 0x2d
 80064a8:	f040 80b7 	bne.w	800661a <_tzset_unlocked_r+0x356>
 80064ac:	3501      	adds	r5, #1
 80064ae:	f04f 39ff 	mov.w	r9, #4294967295
 80064b2:	2300      	movs	r3, #0
 80064b4:	f8ad 301c 	strh.w	r3, [sp, #28]
 80064b8:	f8ad 301e 	strh.w	r3, [sp, #30]
 80064bc:	f8ad 3020 	strh.w	r3, [sp, #32]
 80064c0:	930a      	str	r3, [sp, #40]	@ 0x28
 80064c2:	ab0a      	add	r3, sp, #40	@ 0x28
 80064c4:	e9cd 7302 	strd	r7, r3, [sp, #8]
 80064c8:	9301      	str	r3, [sp, #4]
 80064ca:	f10d 031e 	add.w	r3, sp, #30
 80064ce:	9300      	str	r3, [sp, #0]
 80064d0:	4945      	ldr	r1, [pc, #276]	@ (80065e8 <_tzset_unlocked_r+0x324>)
 80064d2:	ab0a      	add	r3, sp, #40	@ 0x28
 80064d4:	aa07      	add	r2, sp, #28
 80064d6:	4628      	mov	r0, r5
 80064d8:	f000 ff38 	bl	800734c <siscanf>
 80064dc:	2800      	cmp	r0, #0
 80064de:	f300 80a2 	bgt.w	8006626 <_tzset_unlocked_r+0x362>
 80064e2:	f5a6 6361 	sub.w	r3, r6, #3600	@ 0xe10
 80064e6:	9304      	str	r3, [sp, #16]
 80064e8:	9b0a      	ldr	r3, [sp, #40]	@ 0x28
 80064ea:	4627      	mov	r7, r4
 80064ec:	441d      	add	r5, r3
 80064ee:	f04f 0b00 	mov.w	fp, #0
 80064f2:	782b      	ldrb	r3, [r5, #0]
 80064f4:	2b2c      	cmp	r3, #44	@ 0x2c
 80064f6:	bf08      	it	eq
 80064f8:	3501      	addeq	r5, #1
 80064fa:	f895 9000 	ldrb.w	r9, [r5]
 80064fe:	f1b9 0f4d 	cmp.w	r9, #77	@ 0x4d
 8006502:	f040 80a3 	bne.w	800664c <_tzset_unlocked_r+0x388>
 8006506:	ab0a      	add	r3, sp, #40	@ 0x28
 8006508:	f10d 0226 	add.w	r2, sp, #38	@ 0x26
 800650c:	e9cd 3201 	strd	r3, r2, [sp, #4]
 8006510:	aa09      	add	r2, sp, #36	@ 0x24
 8006512:	9200      	str	r2, [sp, #0]
 8006514:	4937      	ldr	r1, [pc, #220]	@ (80065f4 <_tzset_unlocked_r+0x330>)
 8006516:	9303      	str	r3, [sp, #12]
 8006518:	f10d 0222 	add.w	r2, sp, #34	@ 0x22
 800651c:	4628      	mov	r0, r5
 800651e:	f000 ff15 	bl	800734c <siscanf>
 8006522:	2803      	cmp	r0, #3
 8006524:	f47f aefc 	bne.w	8006320 <_tzset_unlocked_r+0x5c>
 8006528:	f8bd 1022 	ldrh.w	r1, [sp, #34]	@ 0x22
 800652c:	1e4b      	subs	r3, r1, #1
 800652e:	2b0b      	cmp	r3, #11
 8006530:	f63f aef6 	bhi.w	8006320 <_tzset_unlocked_r+0x5c>
 8006534:	f8bd 2024 	ldrh.w	r2, [sp, #36]	@ 0x24
 8006538:	1e53      	subs	r3, r2, #1
 800653a:	2b04      	cmp	r3, #4
 800653c:	f63f aef0 	bhi.w	8006320 <_tzset_unlocked_r+0x5c>
 8006540:	f8bd 3026 	ldrh.w	r3, [sp, #38]	@ 0x26
 8006544:	2b06      	cmp	r3, #6
 8006546:	f63f aeeb 	bhi.w	8006320 <_tzset_unlocked_r+0x5c>
 800654a:	e9c7 1203 	strd	r1, r2, [r7, #12]
 800654e:	f887 9008 	strb.w	r9, [r7, #8]
 8006552:	617b      	str	r3, [r7, #20]
 8006554:	9b0a      	ldr	r3, [sp, #40]	@ 0x28
 8006556:	eb05 0903 	add.w	r9, r5, r3
 800655a:	2500      	movs	r5, #0
 800655c:	f04f 0302 	mov.w	r3, #2
 8006560:	f8ad 301c 	strh.w	r3, [sp, #28]
 8006564:	f8ad 501e 	strh.w	r5, [sp, #30]
 8006568:	f8ad 5020 	strh.w	r5, [sp, #32]
 800656c:	950a      	str	r5, [sp, #40]	@ 0x28
 800656e:	f899 3000 	ldrb.w	r3, [r9]
 8006572:	2b2f      	cmp	r3, #47	@ 0x2f
 8006574:	f040 8096 	bne.w	80066a4 <_tzset_unlocked_r+0x3e0>
 8006578:	ab0a      	add	r3, sp, #40	@ 0x28
 800657a:	aa08      	add	r2, sp, #32
 800657c:	e9cd 3201 	strd	r3, r2, [sp, #4]
 8006580:	f10d 021e 	add.w	r2, sp, #30
 8006584:	9200      	str	r2, [sp, #0]
 8006586:	491c      	ldr	r1, [pc, #112]	@ (80065f8 <_tzset_unlocked_r+0x334>)
 8006588:	9303      	str	r3, [sp, #12]
 800658a:	aa07      	add	r2, sp, #28
 800658c:	4648      	mov	r0, r9
 800658e:	f000 fedd 	bl	800734c <siscanf>
 8006592:	42a8      	cmp	r0, r5
 8006594:	f300 8086 	bgt.w	80066a4 <_tzset_unlocked_r+0x3e0>
 8006598:	214a      	movs	r1, #74	@ 0x4a
 800659a:	2200      	movs	r2, #0
 800659c:	2300      	movs	r3, #0
 800659e:	e9c4 5503 	strd	r5, r5, [r4, #12]
 80065a2:	e9c4 5505 	strd	r5, r5, [r4, #20]
 80065a6:	e9c4 2308 	strd	r2, r3, [r4, #32]
 80065aa:	e9c4 550d 	strd	r5, r5, [r4, #52]	@ 0x34
 80065ae:	e9c4 550f 	strd	r5, r5, [r4, #60]	@ 0x3c
 80065b2:	e9c4 2312 	strd	r2, r3, [r4, #72]	@ 0x48
 80065b6:	7221      	strb	r1, [r4, #8]
 80065b8:	62a5      	str	r5, [r4, #40]	@ 0x28
 80065ba:	f884 1030 	strb.w	r1, [r4, #48]	@ 0x30
 80065be:	6525      	str	r5, [r4, #80]	@ 0x50
 80065c0:	e6ae      	b.n	8006320 <_tzset_unlocked_r+0x5c>
 80065c2:	bf00      	nop
 80065c4:	08008fa8 	.word	0x08008fa8
 80065c8:	20000b3c 	.word	0x20000b3c
 80065cc:	20000b58 	.word	0x20000b58
 80065d0:	08008fab 	.word	0x08008fab
 80065d4:	20000b5c 	.word	0x20000b5c
 80065d8:	20000054 	.word	0x20000054
 80065dc:	0800915c 	.word	0x0800915c
 80065e0:	20000b4c 	.word	0x20000b4c
 80065e4:	08008faf 	.word	0x08008faf
 80065e8:	08008fe4 	.word	0x08008fe4
 80065ec:	20000b40 	.word	0x20000b40
 80065f0:	08008fc2 	.word	0x08008fc2
 80065f4:	08008fd0 	.word	0x08008fd0
 80065f8:	08008fe3 	.word	0x08008fe3
 80065fc:	4a3e      	ldr	r2, [pc, #248]	@ (80066f8 <_tzset_unlocked_r+0x434>)
 80065fe:	493f      	ldr	r1, [pc, #252]	@ (80066fc <_tzset_unlocked_r+0x438>)
 8006600:	ab0a      	add	r3, sp, #40	@ 0x28
 8006602:	4648      	mov	r0, r9
 8006604:	f000 fea2 	bl	800734c <siscanf>
 8006608:	2800      	cmp	r0, #0
 800660a:	f77f af17 	ble.w	800643c <_tzset_unlocked_r+0x178>
 800660e:	9b0a      	ldr	r3, [sp, #40]	@ 0x28
 8006610:	3b03      	subs	r3, #3
 8006612:	2b07      	cmp	r3, #7
 8006614:	f67f af42 	bls.w	800649c <_tzset_unlocked_r+0x1d8>
 8006618:	e682      	b.n	8006320 <_tzset_unlocked_r+0x5c>
 800661a:	2b2b      	cmp	r3, #43	@ 0x2b
 800661c:	bf08      	it	eq
 800661e:	3501      	addeq	r5, #1
 8006620:	f04f 0901 	mov.w	r9, #1
 8006624:	e745      	b.n	80064b2 <_tzset_unlocked_r+0x1ee>
 8006626:	f8bd 201e 	ldrh.w	r2, [sp, #30]
 800662a:	f8bd 3020 	ldrh.w	r3, [sp, #32]
 800662e:	213c      	movs	r1, #60	@ 0x3c
 8006630:	fb01 3302 	mla	r3, r1, r2, r3
 8006634:	f8bd 201c 	ldrh.w	r2, [sp, #28]
 8006638:	f44f 6161 	mov.w	r1, #3600	@ 0xe10
 800663c:	fb01 3302 	mla	r3, r1, r2, r3
 8006640:	fb09 f303 	mul.w	r3, r9, r3
 8006644:	e74f      	b.n	80064e6 <_tzset_unlocked_r+0x222>
 8006646:	f04f 0b01 	mov.w	fp, #1
 800664a:	e752      	b.n	80064f2 <_tzset_unlocked_r+0x22e>
 800664c:	f1b9 0f4a 	cmp.w	r9, #74	@ 0x4a
 8006650:	bf06      	itte	eq
 8006652:	3501      	addeq	r5, #1
 8006654:	464b      	moveq	r3, r9
 8006656:	2344      	movne	r3, #68	@ 0x44
 8006658:	220a      	movs	r2, #10
 800665a:	a90b      	add	r1, sp, #44	@ 0x2c
 800665c:	4628      	mov	r0, r5
 800665e:	9305      	str	r3, [sp, #20]
 8006660:	f000 fac8 	bl	8006bf4 <strtoul>
 8006664:	f8dd 902c 	ldr.w	r9, [sp, #44]	@ 0x2c
 8006668:	9b05      	ldr	r3, [sp, #20]
 800666a:	f8ad 0026 	strh.w	r0, [sp, #38]	@ 0x26
 800666e:	45a9      	cmp	r9, r5
 8006670:	d114      	bne.n	800669c <_tzset_unlocked_r+0x3d8>
 8006672:	234d      	movs	r3, #77	@ 0x4d
 8006674:	f1bb 0f00 	cmp.w	fp, #0
 8006678:	d107      	bne.n	800668a <_tzset_unlocked_r+0x3c6>
 800667a:	7223      	strb	r3, [r4, #8]
 800667c:	2103      	movs	r1, #3
 800667e:	2302      	movs	r3, #2
 8006680:	e9c4 1303 	strd	r1, r3, [r4, #12]
 8006684:	f8c4 b014 	str.w	fp, [r4, #20]
 8006688:	e767      	b.n	800655a <_tzset_unlocked_r+0x296>
 800668a:	f884 3030 	strb.w	r3, [r4, #48]	@ 0x30
 800668e:	220b      	movs	r2, #11
 8006690:	2301      	movs	r3, #1
 8006692:	e9c4 230d 	strd	r2, r3, [r4, #52]	@ 0x34
 8006696:	2300      	movs	r3, #0
 8006698:	63e3      	str	r3, [r4, #60]	@ 0x3c
 800669a:	e75e      	b.n	800655a <_tzset_unlocked_r+0x296>
 800669c:	b280      	uxth	r0, r0
 800669e:	723b      	strb	r3, [r7, #8]
 80066a0:	6178      	str	r0, [r7, #20]
 80066a2:	e75a      	b.n	800655a <_tzset_unlocked_r+0x296>
 80066a4:	f8bd 201e 	ldrh.w	r2, [sp, #30]
 80066a8:	f8bd 3020 	ldrh.w	r3, [sp, #32]
 80066ac:	213c      	movs	r1, #60	@ 0x3c
 80066ae:	fb01 3302 	mla	r3, r1, r2, r3
 80066b2:	f8bd 201c 	ldrh.w	r2, [sp, #28]
 80066b6:	f44f 6161 	mov.w	r1, #3600	@ 0xe10
 80066ba:	fb01 3302 	mla	r3, r1, r2, r3
 80066be:	61bb      	str	r3, [r7, #24]
 80066c0:	9d0a      	ldr	r5, [sp, #40]	@ 0x28
 80066c2:	3728      	adds	r7, #40	@ 0x28
 80066c4:	444d      	add	r5, r9
 80066c6:	f1bb 0f00 	cmp.w	fp, #0
 80066ca:	d0bc      	beq.n	8006646 <_tzset_unlocked_r+0x382>
 80066cc:	9b04      	ldr	r3, [sp, #16]
 80066ce:	6523      	str	r3, [r4, #80]	@ 0x50
 80066d0:	4b0b      	ldr	r3, [pc, #44]	@ (8006700 <_tzset_unlocked_r+0x43c>)
 80066d2:	f8c8 3000 	str.w	r3, [r8]
 80066d6:	6860      	ldr	r0, [r4, #4]
 80066d8:	4b07      	ldr	r3, [pc, #28]	@ (80066f8 <_tzset_unlocked_r+0x434>)
 80066da:	62a6      	str	r6, [r4, #40]	@ 0x28
 80066dc:	f8c8 3004 	str.w	r3, [r8, #4]
 80066e0:	f7ff fd2a 	bl	8006138 <__tzcalc_limits>
 80066e4:	6aa2      	ldr	r2, [r4, #40]	@ 0x28
 80066e6:	6d23      	ldr	r3, [r4, #80]	@ 0x50
 80066e8:	f8ca 2000 	str.w	r2, [sl]
 80066ec:	1a9b      	subs	r3, r3, r2
 80066ee:	4a05      	ldr	r2, [pc, #20]	@ (8006704 <_tzset_unlocked_r+0x440>)
 80066f0:	bf18      	it	ne
 80066f2:	2301      	movne	r3, #1
 80066f4:	6013      	str	r3, [r2, #0]
 80066f6:	e613      	b.n	8006320 <_tzset_unlocked_r+0x5c>
 80066f8:	20000b40 	.word	0x20000b40
 80066fc:	08008fc2 	.word	0x08008fc2
 8006700:	20000b4c 	.word	0x20000b4c
 8006704:	20000b5c 	.word	0x20000b5c

08006708 <_close_r>:
 8006708:	b538      	push	{r3, r4, r5, lr}
 800670a:	4d06      	ldr	r5, [pc, #24]	@ (8006724 <_close_r+0x1c>)
 800670c:	2300      	movs	r3, #0
 800670e:	4604      	mov	r4, r0
 8006710:	4608      	mov	r0, r1
 8006712:	602b      	str	r3, [r5, #0]
 8006714:	f7fd ff06 	bl	8004524 <_close>
 8006718:	1c43      	adds	r3, r0, #1
 800671a:	d102      	bne.n	8006722 <_close_r+0x1a>
 800671c:	682b      	ldr	r3, [r5, #0]
 800671e:	b103      	cbz	r3, 8006722 <_close_r+0x1a>
 8006720:	6023      	str	r3, [r4, #0]
 8006722:	bd38      	pop	{r3, r4, r5, pc}
 8006724:	20000b60 	.word	0x20000b60

08006728 <_lseek_r>:
 8006728:	b538      	push	{r3, r4, r5, lr}
 800672a:	4d07      	ldr	r5, [pc, #28]	@ (8006748 <_lseek_r+0x20>)
 800672c:	4604      	mov	r4, r0
 800672e:	4608      	mov	r0, r1
 8006730:	4611      	mov	r1, r2
 8006732:	2200      	movs	r2, #0
 8006734:	602a      	str	r2, [r5, #0]
 8006736:	461a      	mov	r2, r3
 8006738:	f7fd fefe 	bl	8004538 <_lseek>
 800673c:	1c43      	adds	r3, r0, #1
 800673e:	d102      	bne.n	8006746 <_lseek_r+0x1e>
 8006740:	682b      	ldr	r3, [r5, #0]
 8006742:	b103      	cbz	r3, 8006746 <_lseek_r+0x1e>
 8006744:	6023      	str	r3, [r4, #0]
 8006746:	bd38      	pop	{r3, r4, r5, pc}
 8006748:	20000b60 	.word	0x20000b60

0800674c <_read_r>:
 800674c:	b538      	push	{r3, r4, r5, lr}
 800674e:	4d07      	ldr	r5, [pc, #28]	@ (800676c <_read_r+0x20>)
 8006750:	4604      	mov	r4, r0
 8006752:	4608      	mov	r0, r1
 8006754:	4611      	mov	r1, r2
 8006756:	2200      	movs	r2, #0
 8006758:	602a      	str	r2, [r5, #0]
 800675a:	461a      	mov	r2, r3
 800675c:	f7fd fec4 	bl	80044e8 <_read>
 8006760:	1c43      	adds	r3, r0, #1
 8006762:	d102      	bne.n	800676a <_read_r+0x1e>
 8006764:	682b      	ldr	r3, [r5, #0]
 8006766:	b103      	cbz	r3, 800676a <_read_r+0x1e>
 8006768:	6023      	str	r3, [r4, #0]
 800676a:	bd38      	pop	{r3, r4, r5, pc}
 800676c:	20000b60 	.word	0x20000b60

08006770 <_write_r>:
 8006770:	b538      	push	{r3, r4, r5, lr}
 8006772:	4d07      	ldr	r5, [pc, #28]	@ (8006790 <_write_r+0x20>)
 8006774:	4604      	mov	r4, r0
 8006776:	4608      	mov	r0, r1
 8006778:	4611      	mov	r1, r2
 800677a:	2200      	movs	r2, #0
 800677c:	602a      	str	r2, [r5, #0]
 800677e:	461a      	mov	r2, r3
 8006780:	f7fd fec2 	bl	8004508 <_write>
 8006784:	1c43      	adds	r3, r0, #1
 8006786:	d102      	bne.n	800678e <_write_r+0x1e>
 8006788:	682b      	ldr	r3, [r5, #0]
 800678a:	b103      	cbz	r3, 800678e <_write_r+0x1e>
 800678c:	6023      	str	r3, [r4, #0]
 800678e:	bd38      	pop	{r3, r4, r5, pc}
 8006790:	20000b60 	.word	0x20000b60

08006794 <__errno>:
 8006794:	4b01      	ldr	r3, [pc, #4]	@ (800679c <__errno+0x8>)
 8006796:	6818      	ldr	r0, [r3, #0]
 8006798:	4770      	bx	lr
 800679a:	bf00      	nop
 800679c:	2000005c 	.word	0x2000005c

080067a0 <__libc_init_array>:
 80067a0:	b570      	push	{r4, r5, r6, lr}
 80067a2:	4d0d      	ldr	r5, [pc, #52]	@ (80067d8 <__libc_init_array+0x38>)
 80067a4:	4c0d      	ldr	r4, [pc, #52]	@ (80067dc <__libc_init_array+0x3c>)
 80067a6:	1b64      	subs	r4, r4, r5
 80067a8:	10a4      	asrs	r4, r4, #2
 80067aa:	2600      	movs	r6, #0
 80067ac:	42a6      	cmp	r6, r4
 80067ae:	d109      	bne.n	80067c4 <__libc_init_array+0x24>
 80067b0:	4d0b      	ldr	r5, [pc, #44]	@ (80067e0 <__libc_init_array+0x40>)
 80067b2:	4c0c      	ldr	r4, [pc, #48]	@ (80067e4 <__libc_init_array+0x44>)
 80067b4:	f001 ff1e 	bl	80085f4 <_init>
 80067b8:	1b64      	subs	r4, r4, r5
 80067ba:	10a4      	asrs	r4, r4, #2
 80067bc:	2600      	movs	r6, #0
 80067be:	42a6      	cmp	r6, r4
 80067c0:	d105      	bne.n	80067ce <__libc_init_array+0x2e>
 80067c2:	bd70      	pop	{r4, r5, r6, pc}
 80067c4:	f855 3b04 	ldr.w	r3, [r5], #4
 80067c8:	4798      	blx	r3
 80067ca:	3601      	adds	r6, #1
 80067cc:	e7ee      	b.n	80067ac <__libc_init_array+0xc>
 80067ce:	f855 3b04 	ldr.w	r3, [r5], #4
 80067d2:	4798      	blx	r3
 80067d4:	3601      	adds	r6, #1
 80067d6:	e7f2      	b.n	80067be <__libc_init_array+0x1e>
 80067d8:	08009474 	.word	0x08009474
 80067dc:	08009474 	.word	0x08009474
 80067e0:	08009474 	.word	0x08009474
 80067e4:	08009478 	.word	0x08009478

080067e8 <__retarget_lock_init_recursive>:
 80067e8:	4770      	bx	lr

080067ea <__retarget_lock_acquire>:
 80067ea:	4770      	bx	lr

080067ec <__retarget_lock_acquire_recursive>:
 80067ec:	4770      	bx	lr

080067ee <__retarget_lock_release>:
 80067ee:	4770      	bx	lr

080067f0 <__retarget_lock_release_recursive>:
 80067f0:	4770      	bx	lr

080067f2 <strcpy>:
 80067f2:	4603      	mov	r3, r0
 80067f4:	f811 2b01 	ldrb.w	r2, [r1], #1
 80067f8:	f803 2b01 	strb.w	r2, [r3], #1
 80067fc:	2a00      	cmp	r2, #0
 80067fe:	d1f9      	bne.n	80067f4 <strcpy+0x2>
 8006800:	4770      	bx	lr

08006802 <memcpy>:
 8006802:	440a      	add	r2, r1
 8006804:	4291      	cmp	r1, r2
 8006806:	f100 33ff 	add.w	r3, r0, #4294967295
 800680a:	d100      	bne.n	800680e <memcpy+0xc>
 800680c:	4770      	bx	lr
 800680e:	b510      	push	{r4, lr}
 8006810:	f811 4b01 	ldrb.w	r4, [r1], #1
 8006814:	f803 4f01 	strb.w	r4, [r3, #1]!
 8006818:	4291      	cmp	r1, r2
 800681a:	d1f9      	bne.n	8006810 <memcpy+0xe>
 800681c:	bd10      	pop	{r4, pc}

0800681e <abs>:
 800681e:	2800      	cmp	r0, #0
 8006820:	bfb8      	it	lt
 8006822:	4240      	neglt	r0, r0
 8006824:	4770      	bx	lr
	...

08006828 <__assert_func>:
 8006828:	b51f      	push	{r0, r1, r2, r3, r4, lr}
 800682a:	4614      	mov	r4, r2
 800682c:	461a      	mov	r2, r3
 800682e:	4b09      	ldr	r3, [pc, #36]	@ (8006854 <__assert_func+0x2c>)
 8006830:	681b      	ldr	r3, [r3, #0]
 8006832:	4605      	mov	r5, r0
 8006834:	68d8      	ldr	r0, [r3, #12]
 8006836:	b14c      	cbz	r4, 800684c <__assert_func+0x24>
 8006838:	4b07      	ldr	r3, [pc, #28]	@ (8006858 <__assert_func+0x30>)
 800683a:	9100      	str	r1, [sp, #0]
 800683c:	e9cd 3401 	strd	r3, r4, [sp, #4]
 8006840:	4906      	ldr	r1, [pc, #24]	@ (800685c <__assert_func+0x34>)
 8006842:	462b      	mov	r3, r5
 8006844:	f000 fd70 	bl	8007328 <fiprintf>
 8006848:	f000 fe80 	bl	800754c <abort>
 800684c:	4b04      	ldr	r3, [pc, #16]	@ (8006860 <__assert_func+0x38>)
 800684e:	461c      	mov	r4, r3
 8006850:	e7f3      	b.n	800683a <__assert_func+0x12>
 8006852:	bf00      	nop
 8006854:	2000005c 	.word	0x2000005c
 8006858:	08009121 	.word	0x08009121
 800685c:	0800912e 	.word	0x0800912e
 8006860:	0800915c 	.word	0x0800915c

08006864 <div>:
 8006864:	b510      	push	{r4, lr}
 8006866:	fb91 f4f2 	sdiv	r4, r1, r2
 800686a:	fb02 1114 	mls	r1, r2, r4, r1
 800686e:	6004      	str	r4, [r0, #0]
 8006870:	6041      	str	r1, [r0, #4]
 8006872:	bd10      	pop	{r4, pc}

08006874 <_free_r>:
 8006874:	b538      	push	{r3, r4, r5, lr}
 8006876:	4605      	mov	r5, r0
 8006878:	2900      	cmp	r1, #0
 800687a:	d041      	beq.n	8006900 <_free_r+0x8c>
 800687c:	f851 3c04 	ldr.w	r3, [r1, #-4]
 8006880:	1f0c      	subs	r4, r1, #4
 8006882:	2b00      	cmp	r3, #0
 8006884:	bfb8      	it	lt
 8006886:	18e4      	addlt	r4, r4, r3
 8006888:	f000 f938 	bl	8006afc <__malloc_lock>
 800688c:	4a1d      	ldr	r2, [pc, #116]	@ (8006904 <_free_r+0x90>)
 800688e:	6813      	ldr	r3, [r2, #0]
 8006890:	b933      	cbnz	r3, 80068a0 <_free_r+0x2c>
 8006892:	6063      	str	r3, [r4, #4]
 8006894:	6014      	str	r4, [r2, #0]
 8006896:	4628      	mov	r0, r5
 8006898:	e8bd 4038 	ldmia.w	sp!, {r3, r4, r5, lr}
 800689c:	f000 b934 	b.w	8006b08 <__malloc_unlock>
 80068a0:	42a3      	cmp	r3, r4
 80068a2:	d908      	bls.n	80068b6 <_free_r+0x42>
 80068a4:	6820      	ldr	r0, [r4, #0]
 80068a6:	1821      	adds	r1, r4, r0
 80068a8:	428b      	cmp	r3, r1
 80068aa:	bf01      	itttt	eq
 80068ac:	6819      	ldreq	r1, [r3, #0]
 80068ae:	685b      	ldreq	r3, [r3, #4]
 80068b0:	1809      	addeq	r1, r1, r0
 80068b2:	6021      	streq	r1, [r4, #0]
 80068b4:	e7ed      	b.n	8006892 <_free_r+0x1e>
 80068b6:	461a      	mov	r2, r3
 80068b8:	685b      	ldr	r3, [r3, #4]
 80068ba:	b10b      	cbz	r3, 80068c0 <_free_r+0x4c>
 80068bc:	42a3      	cmp	r3, r4
 80068be:	d9fa      	bls.n	80068b6 <_free_r+0x42>
 80068c0:	6811      	ldr	r1, [r2, #0]
 80068c2:	1850      	adds	r0, r2, r1
 80068c4:	42a0      	cmp	r0, r4
 80068c6:	d10b      	bne.n	80068e0 <_free_r+0x6c>
 80068c8:	6820      	ldr	r0, [r4, #0]
 80068ca:	4401      	add	r1, r0
 80068cc:	1850      	adds	r0, r2, r1
 80068ce:	4283      	cmp	r3, r0
 80068d0:	6011      	str	r1, [r2, #0]
 80068d2:	d1e0      	bne.n	8006896 <_free_r+0x22>
 80068d4:	6818      	ldr	r0, [r3, #0]
 80068d6:	685b      	ldr	r3, [r3, #4]
 80068d8:	6053      	str	r3, [r2, #4]
 80068da:	4408      	add	r0, r1
 80068dc:	6010      	str	r0, [r2, #0]
 80068de:	e7da      	b.n	8006896 <_free_r+0x22>
 80068e0:	d902      	bls.n	80068e8 <_free_r+0x74>
 80068e2:	230c      	movs	r3, #12
 80068e4:	602b      	str	r3, [r5, #0]
 80068e6:	e7d6      	b.n	8006896 <_free_r+0x22>
 80068e8:	6820      	ldr	r0, [r4, #0]
 80068ea:	1821      	adds	r1, r4, r0
 80068ec:	428b      	cmp	r3, r1
 80068ee:	bf04      	itt	eq
 80068f0:	6819      	ldreq	r1, [r3, #0]
 80068f2:	685b      	ldreq	r3, [r3, #4]
 80068f4:	6063      	str	r3, [r4, #4]
 80068f6:	bf04      	itt	eq
 80068f8:	1809      	addeq	r1, r1, r0
 80068fa:	6021      	streq	r1, [r4, #0]
 80068fc:	6054      	str	r4, [r2, #4]
 80068fe:	e7ca      	b.n	8006896 <_free_r+0x22>
 8006900:	bd38      	pop	{r3, r4, r5, pc}
 8006902:	bf00      	nop
 8006904:	20000b6c 	.word	0x20000b6c

08006908 <_findenv_r>:
 8006908:	e92d 4ff8 	stmdb	sp!, {r3, r4, r5, r6, r7, r8, r9, sl, fp, lr}
 800690c:	f8df a06c 	ldr.w	sl, [pc, #108]	@ 800697c <_findenv_r+0x74>
 8006910:	4606      	mov	r6, r0
 8006912:	4689      	mov	r9, r1
 8006914:	4617      	mov	r7, r2
 8006916:	f000 fe21 	bl	800755c <__env_lock>
 800691a:	f8da 4000 	ldr.w	r4, [sl]
 800691e:	b134      	cbz	r4, 800692e <_findenv_r+0x26>
 8006920:	464b      	mov	r3, r9
 8006922:	4698      	mov	r8, r3
 8006924:	f813 2b01 	ldrb.w	r2, [r3], #1
 8006928:	b13a      	cbz	r2, 800693a <_findenv_r+0x32>
 800692a:	2a3d      	cmp	r2, #61	@ 0x3d
 800692c:	d1f9      	bne.n	8006922 <_findenv_r+0x1a>
 800692e:	4630      	mov	r0, r6
 8006930:	f000 fe1a 	bl	8007568 <__env_unlock>
 8006934:	2000      	movs	r0, #0
 8006936:	e8bd 8ff8 	ldmia.w	sp!, {r3, r4, r5, r6, r7, r8, r9, sl, fp, pc}
 800693a:	eba8 0809 	sub.w	r8, r8, r9
 800693e:	46a3      	mov	fp, r4
 8006940:	f854 0b04 	ldr.w	r0, [r4], #4
 8006944:	2800      	cmp	r0, #0
 8006946:	d0f2      	beq.n	800692e <_findenv_r+0x26>
 8006948:	4642      	mov	r2, r8
 800694a:	4649      	mov	r1, r9
 800694c:	f7fe fb2b 	bl	8004fa6 <strncmp>
 8006950:	2800      	cmp	r0, #0
 8006952:	d1f4      	bne.n	800693e <_findenv_r+0x36>
 8006954:	f854 3c04 	ldr.w	r3, [r4, #-4]
 8006958:	eb03 0508 	add.w	r5, r3, r8
 800695c:	f813 3008 	ldrb.w	r3, [r3, r8]
 8006960:	2b3d      	cmp	r3, #61	@ 0x3d
 8006962:	d1ec      	bne.n	800693e <_findenv_r+0x36>
 8006964:	f8da 3000 	ldr.w	r3, [sl]
 8006968:	ebab 0303 	sub.w	r3, fp, r3
 800696c:	109b      	asrs	r3, r3, #2
 800696e:	4630      	mov	r0, r6
 8006970:	603b      	str	r3, [r7, #0]
 8006972:	f000 fdf9 	bl	8007568 <__env_unlock>
 8006976:	1c68      	adds	r0, r5, #1
 8006978:	e7dd      	b.n	8006936 <_findenv_r+0x2e>
 800697a:	bf00      	nop
 800697c:	20000028 	.word	0x20000028

08006980 <_getenv_r>:
 8006980:	b507      	push	{r0, r1, r2, lr}
 8006982:	aa01      	add	r2, sp, #4
 8006984:	f7ff ffc0 	bl	8006908 <_findenv_r>
 8006988:	b003      	add	sp, #12
 800698a:	f85d fb04 	ldr.w	pc, [sp], #4

0800698e <labs>:
 800698e:	2800      	cmp	r0, #0
 8006990:	bfb8      	it	lt
 8006992:	4240      	neglt	r0, r0
 8006994:	4770      	bx	lr
	...

08006998 <malloc>:
 8006998:	4b02      	ldr	r3, [pc, #8]	@ (80069a4 <malloc+0xc>)
 800699a:	4601      	mov	r1, r0
 800699c:	6818      	ldr	r0, [r3, #0]
 800699e:	f000 b82d 	b.w	80069fc <_malloc_r>
 80069a2:	bf00      	nop
 80069a4:	2000005c 	.word	0x2000005c

080069a8 <free>:
 80069a8:	4b02      	ldr	r3, [pc, #8]	@ (80069b4 <free+0xc>)
 80069aa:	4601      	mov	r1, r0
 80069ac:	6818      	ldr	r0, [r3, #0]
 80069ae:	f7ff bf61 	b.w	8006874 <_free_r>
 80069b2:	bf00      	nop
 80069b4:	2000005c 	.word	0x2000005c

080069b8 <sbrk_aligned>:
 80069b8:	b570      	push	{r4, r5, r6, lr}
 80069ba:	4e0f      	ldr	r6, [pc, #60]	@ (80069f8 <sbrk_aligned+0x40>)
 80069bc:	460c      	mov	r4, r1
 80069be:	6831      	ldr	r1, [r6, #0]
 80069c0:	4605      	mov	r5, r0
 80069c2:	b911      	cbnz	r1, 80069ca <sbrk_aligned+0x12>
 80069c4:	f000 fdb2 	bl	800752c <_sbrk_r>
 80069c8:	6030      	str	r0, [r6, #0]
 80069ca:	4621      	mov	r1, r4
 80069cc:	4628      	mov	r0, r5
 80069ce:	f000 fdad 	bl	800752c <_sbrk_r>
 80069d2:	1c43      	adds	r3, r0, #1
 80069d4:	d103      	bne.n	80069de <sbrk_aligned+0x26>
 80069d6:	f04f 34ff 	mov.w	r4, #4294967295
 80069da:	4620      	mov	r0, r4
 80069dc:	bd70      	pop	{r4, r5, r6, pc}
 80069de:	1cc4      	adds	r4, r0, #3
 80069e0:	f024 0403 	bic.w	r4, r4, #3
 80069e4:	42a0      	cmp	r0, r4
 80069e6:	d0f8      	beq.n	80069da <sbrk_aligned+0x22>
 80069e8:	1a21      	subs	r1, r4, r0
 80069ea:	4628      	mov	r0, r5
 80069ec:	f000 fd9e 	bl	800752c <_sbrk_r>
 80069f0:	3001      	adds	r0, #1
 80069f2:	d1f2      	bne.n	80069da <sbrk_aligned+0x22>
 80069f4:	e7ef      	b.n	80069d6 <sbrk_aligned+0x1e>
 80069f6:	bf00      	nop
 80069f8:	20000b68 	.word	0x20000b68

080069fc <_malloc_r>:
 80069fc:	e92d 43f8 	stmdb	sp!, {r3, r4, r5, r6, r7, r8, r9, lr}
 8006a00:	1ccd      	adds	r5, r1, #3
 8006a02:	f025 0503 	bic.w	r5, r5, #3
 8006a06:	3508      	adds	r5, #8
 8006a08:	2d0c      	cmp	r5, #12
 8006a0a:	bf38      	it	cc
 8006a0c:	250c      	movcc	r5, #12
 8006a0e:	2d00      	cmp	r5, #0
 8006a10:	4606      	mov	r6, r0
 8006a12:	db01      	blt.n	8006a18 <_malloc_r+0x1c>
 8006a14:	42a9      	cmp	r1, r5
 8006a16:	d904      	bls.n	8006a22 <_malloc_r+0x26>
 8006a18:	230c      	movs	r3, #12
 8006a1a:	6033      	str	r3, [r6, #0]
 8006a1c:	2000      	movs	r0, #0
 8006a1e:	e8bd 83f8 	ldmia.w	sp!, {r3, r4, r5, r6, r7, r8, r9, pc}
 8006a22:	f8df 80d4 	ldr.w	r8, [pc, #212]	@ 8006af8 <_malloc_r+0xfc>
 8006a26:	f000 f869 	bl	8006afc <__malloc_lock>
 8006a2a:	f8d8 3000 	ldr.w	r3, [r8]
 8006a2e:	461c      	mov	r4, r3
 8006a30:	bb44      	cbnz	r4, 8006a84 <_malloc_r+0x88>
 8006a32:	4629      	mov	r1, r5
 8006a34:	4630      	mov	r0, r6
 8006a36:	f7ff ffbf 	bl	80069b8 <sbrk_aligned>
 8006a3a:	1c43      	adds	r3, r0, #1
 8006a3c:	4604      	mov	r4, r0
 8006a3e:	d158      	bne.n	8006af2 <_malloc_r+0xf6>
 8006a40:	f8d8 4000 	ldr.w	r4, [r8]
 8006a44:	4627      	mov	r7, r4
 8006a46:	2f00      	cmp	r7, #0
 8006a48:	d143      	bne.n	8006ad2 <_malloc_r+0xd6>
 8006a4a:	2c00      	cmp	r4, #0
 8006a4c:	d04b      	beq.n	8006ae6 <_malloc_r+0xea>
 8006a4e:	6823      	ldr	r3, [r4, #0]
 8006a50:	4639      	mov	r1, r7
 8006a52:	4630      	mov	r0, r6
 8006a54:	eb04 0903 	add.w	r9, r4, r3
 8006a58:	f000 fd68 	bl	800752c <_sbrk_r>
 8006a5c:	4581      	cmp	r9, r0
 8006a5e:	d142      	bne.n	8006ae6 <_malloc_r+0xea>
 8006a60:	6821      	ldr	r1, [r4, #0]
 8006a62:	1a6d      	subs	r5, r5, r1
 8006a64:	4629      	mov	r1, r5
 8006a66:	4630      	mov	r0, r6
 8006a68:	f7ff ffa6 	bl	80069b8 <sbrk_aligned>
 8006a6c:	3001      	adds	r0, #1
 8006a6e:	d03a      	beq.n	8006ae6 <_malloc_r+0xea>
 8006a70:	6823      	ldr	r3, [r4, #0]
 8006a72:	442b      	add	r3, r5
 8006a74:	6023      	str	r3, [r4, #0]
 8006a76:	f8d8 3000 	ldr.w	r3, [r8]
 8006a7a:	685a      	ldr	r2, [r3, #4]
 8006a7c:	bb62      	cbnz	r2, 8006ad8 <_malloc_r+0xdc>
 8006a7e:	f8c8 7000 	str.w	r7, [r8]
 8006a82:	e00f      	b.n	8006aa4 <_malloc_r+0xa8>
 8006a84:	6822      	ldr	r2, [r4, #0]
 8006a86:	1b52      	subs	r2, r2, r5
 8006a88:	d420      	bmi.n	8006acc <_malloc_r+0xd0>
 8006a8a:	2a0b      	cmp	r2, #11
 8006a8c:	d917      	bls.n	8006abe <_malloc_r+0xc2>
 8006a8e:	1961      	adds	r1, r4, r5
 8006a90:	42a3      	cmp	r3, r4
 8006a92:	6025      	str	r5, [r4, #0]
 8006a94:	bf18      	it	ne
 8006a96:	6059      	strne	r1, [r3, #4]
 8006a98:	6863      	ldr	r3, [r4, #4]
 8006a9a:	bf08      	it	eq
 8006a9c:	f8c8 1000 	streq.w	r1, [r8]
 8006aa0:	5162      	str	r2, [r4, r5]
 8006aa2:	604b      	str	r3, [r1, #4]
 8006aa4:	4630      	mov	r0, r6
 8006aa6:	f000 f82f 	bl	8006b08 <__malloc_unlock>
 8006aaa:	f104 000b 	add.w	r0, r4, #11
 8006aae:	1d23      	adds	r3, r4, #4
 8006ab0:	f020 0007 	bic.w	r0, r0, #7
 8006ab4:	1ac2      	subs	r2, r0, r3
 8006ab6:	bf1c      	itt	ne
 8006ab8:	1a1b      	subne	r3, r3, r0
 8006aba:	50a3      	strne	r3, [r4, r2]
 8006abc:	e7af      	b.n	8006a1e <_malloc_r+0x22>
 8006abe:	6862      	ldr	r2, [r4, #4]
 8006ac0:	42a3      	cmp	r3, r4
 8006ac2:	bf0c      	ite	eq
 8006ac4:	f8c8 2000 	streq.w	r2, [r8]
 8006ac8:	605a      	strne	r2, [r3, #4]
 8006aca:	e7eb      	b.n	8006aa4 <_malloc_r+0xa8>
 8006acc:	4623      	mov	r3, r4
 8006ace:	6864      	ldr	r4, [r4, #4]
 8006ad0:	e7ae      	b.n	8006a30 <_malloc_r+0x34>
 8006ad2:	463c      	mov	r4, r7
 8006ad4:	687f      	ldr	r7, [r7, #4]
 8006ad6:	e7b6      	b.n	8006a46 <_malloc_r+0x4a>
 8006ad8:	461a      	mov	r2, r3
 8006ada:	685b      	ldr	r3, [r3, #4]
 8006adc:	42a3      	cmp	r3, r4
 8006ade:	d1fb      	bne.n	8006ad8 <_malloc_r+0xdc>
 8006ae0:	2300      	movs	r3, #0
 8006ae2:	6053      	str	r3, [r2, #4]
 8006ae4:	e7de      	b.n	8006aa4 <_malloc_r+0xa8>
 8006ae6:	230c      	movs	r3, #12
 8006ae8:	6033      	str	r3, [r6, #0]
 8006aea:	4630      	mov	r0, r6
 8006aec:	f000 f80c 	bl	8006b08 <__malloc_unlock>
 8006af0:	e794      	b.n	8006a1c <_malloc_r+0x20>
 8006af2:	6005      	str	r5, [r0, #0]
 8006af4:	e7d6      	b.n	8006aa4 <_malloc_r+0xa8>
 8006af6:	bf00      	nop
 8006af8:	20000b6c 	.word	0x20000b6c

08006afc <__malloc_lock>:
 8006afc:	4801      	ldr	r0, [pc, #4]	@ (8006b04 <__malloc_lock+0x8>)
 8006afe:	f7ff be75 	b.w	80067ec <__retarget_lock_acquire_recursive>
 8006b02:	bf00      	nop
 8006b04:	20000b66 	.word	0x20000b66

08006b08 <__malloc_unlock>:
 8006b08:	4801      	ldr	r0, [pc, #4]	@ (8006b10 <__malloc_unlock+0x8>)
 8006b0a:	f7ff be71 	b.w	80067f0 <__retarget_lock_release_recursive>
 8006b0e:	bf00      	nop
 8006b10:	20000b66 	.word	0x20000b66

08006b14 <_strtoul_l.isra.0>:
 8006b14:	e92d 43f0 	stmdb	sp!, {r4, r5, r6, r7, r8, r9, lr}
 8006b18:	4e34      	ldr	r6, [pc, #208]	@ (8006bec <_strtoul_l.isra.0+0xd8>)
 8006b1a:	4686      	mov	lr, r0
 8006b1c:	460d      	mov	r5, r1
 8006b1e:	4628      	mov	r0, r5
 8006b20:	f815 4b01 	ldrb.w	r4, [r5], #1
 8006b24:	5d37      	ldrb	r7, [r6, r4]
 8006b26:	f017 0708 	ands.w	r7, r7, #8
 8006b2a:	d1f8      	bne.n	8006b1e <_strtoul_l.isra.0+0xa>
 8006b2c:	2c2d      	cmp	r4, #45	@ 0x2d
 8006b2e:	d110      	bne.n	8006b52 <_strtoul_l.isra.0+0x3e>
 8006b30:	782c      	ldrb	r4, [r5, #0]
 8006b32:	2701      	movs	r7, #1
 8006b34:	1c85      	adds	r5, r0, #2
 8006b36:	f033 0010 	bics.w	r0, r3, #16
 8006b3a:	d115      	bne.n	8006b68 <_strtoul_l.isra.0+0x54>
 8006b3c:	2c30      	cmp	r4, #48	@ 0x30
 8006b3e:	d10d      	bne.n	8006b5c <_strtoul_l.isra.0+0x48>
 8006b40:	7828      	ldrb	r0, [r5, #0]
 8006b42:	f000 00df 	and.w	r0, r0, #223	@ 0xdf
 8006b46:	2858      	cmp	r0, #88	@ 0x58
 8006b48:	d108      	bne.n	8006b5c <_strtoul_l.isra.0+0x48>
 8006b4a:	786c      	ldrb	r4, [r5, #1]
 8006b4c:	3502      	adds	r5, #2
 8006b4e:	2310      	movs	r3, #16
 8006b50:	e00a      	b.n	8006b68 <_strtoul_l.isra.0+0x54>
 8006b52:	2c2b      	cmp	r4, #43	@ 0x2b
 8006b54:	bf04      	itt	eq
 8006b56:	782c      	ldrbeq	r4, [r5, #0]
 8006b58:	1c85      	addeq	r5, r0, #2
 8006b5a:	e7ec      	b.n	8006b36 <_strtoul_l.isra.0+0x22>
 8006b5c:	2b00      	cmp	r3, #0
 8006b5e:	d1f6      	bne.n	8006b4e <_strtoul_l.isra.0+0x3a>
 8006b60:	2c30      	cmp	r4, #48	@ 0x30
 8006b62:	bf14      	ite	ne
 8006b64:	230a      	movne	r3, #10
 8006b66:	2308      	moveq	r3, #8
 8006b68:	f04f 38ff 	mov.w	r8, #4294967295
 8006b6c:	2600      	movs	r6, #0
 8006b6e:	fbb8 f8f3 	udiv	r8, r8, r3
 8006b72:	fb03 f908 	mul.w	r9, r3, r8
 8006b76:	ea6f 0909 	mvn.w	r9, r9
 8006b7a:	4630      	mov	r0, r6
 8006b7c:	f1a4 0c30 	sub.w	ip, r4, #48	@ 0x30
 8006b80:	f1bc 0f09 	cmp.w	ip, #9
 8006b84:	d810      	bhi.n	8006ba8 <_strtoul_l.isra.0+0x94>
 8006b86:	4664      	mov	r4, ip
 8006b88:	42a3      	cmp	r3, r4
 8006b8a:	dd1e      	ble.n	8006bca <_strtoul_l.isra.0+0xb6>
 8006b8c:	f1b6 3fff 	cmp.w	r6, #4294967295
 8006b90:	d007      	beq.n	8006ba2 <_strtoul_l.isra.0+0x8e>
 8006b92:	4580      	cmp	r8, r0
 8006b94:	d316      	bcc.n	8006bc4 <_strtoul_l.isra.0+0xb0>
 8006b96:	d101      	bne.n	8006b9c <_strtoul_l.isra.0+0x88>
 8006b98:	45a1      	cmp	r9, r4
 8006b9a:	db13      	blt.n	8006bc4 <_strtoul_l.isra.0+0xb0>
 8006b9c:	fb00 4003 	mla	r0, r0, r3, r4
 8006ba0:	2601      	movs	r6, #1
 8006ba2:	f815 4b01 	ldrb.w	r4, [r5], #1
 8006ba6:	e7e9      	b.n	8006b7c <_strtoul_l.isra.0+0x68>
 8006ba8:	f1a4 0c41 	sub.w	ip, r4, #65	@ 0x41
 8006bac:	f1bc 0f19 	cmp.w	ip, #25
 8006bb0:	d801      	bhi.n	8006bb6 <_strtoul_l.isra.0+0xa2>
 8006bb2:	3c37      	subs	r4, #55	@ 0x37
 8006bb4:	e7e8      	b.n	8006b88 <_strtoul_l.isra.0+0x74>
 8006bb6:	f1a4 0c61 	sub.w	ip, r4, #97	@ 0x61
 8006bba:	f1bc 0f19 	cmp.w	ip, #25
 8006bbe:	d804      	bhi.n	8006bca <_strtoul_l.isra.0+0xb6>
 8006bc0:	3c57      	subs	r4, #87	@ 0x57
 8006bc2:	e7e1      	b.n	8006b88 <_strtoul_l.isra.0+0x74>
 8006bc4:	f04f 36ff 	mov.w	r6, #4294967295
 8006bc8:	e7eb      	b.n	8006ba2 <_strtoul_l.isra.0+0x8e>
 8006bca:	1c73      	adds	r3, r6, #1
 8006bcc:	d106      	bne.n	8006bdc <_strtoul_l.isra.0+0xc8>
 8006bce:	2322      	movs	r3, #34	@ 0x22
 8006bd0:	f8ce 3000 	str.w	r3, [lr]
 8006bd4:	4630      	mov	r0, r6
 8006bd6:	b932      	cbnz	r2, 8006be6 <_strtoul_l.isra.0+0xd2>
 8006bd8:	e8bd 83f0 	ldmia.w	sp!, {r4, r5, r6, r7, r8, r9, pc}
 8006bdc:	b107      	cbz	r7, 8006be0 <_strtoul_l.isra.0+0xcc>
 8006bde:	4240      	negs	r0, r0
 8006be0:	2a00      	cmp	r2, #0
 8006be2:	d0f9      	beq.n	8006bd8 <_strtoul_l.isra.0+0xc4>
 8006be4:	b106      	cbz	r6, 8006be8 <_strtoul_l.isra.0+0xd4>
 8006be6:	1e69      	subs	r1, r5, #1
 8006be8:	6011      	str	r1, [r2, #0]
 8006bea:	e7f5      	b.n	8006bd8 <_strtoul_l.isra.0+0xc4>
 8006bec:	08009369 	.word	0x08009369

08006bf0 <_strtoul_r>:
 8006bf0:	f7ff bf90 	b.w	8006b14 <_strtoul_l.isra.0>

08006bf4 <strtoul>:
 8006bf4:	4613      	mov	r3, r2
 8006bf6:	460a      	mov	r2, r1
 8006bf8:	4601      	mov	r1, r0
 8006bfa:	4802      	ldr	r0, [pc, #8]	@ (8006c04 <strtoul+0x10>)
 8006bfc:	6800      	ldr	r0, [r0, #0]
 8006bfe:	f7ff bf89 	b.w	8006b14 <_strtoul_l.isra.0>
 8006c02:	bf00      	nop
 8006c04:	2000005c 	.word	0x2000005c

08006c08 <__ssputs_r>:
 8006c08:	e92d 47f0 	stmdb	sp!, {r4, r5, r6, r7, r8, r9, sl, lr}
 8006c0c:	688e      	ldr	r6, [r1, #8]
 8006c0e:	461f      	mov	r7, r3
 8006c10:	42be      	cmp	r6, r7
 8006c12:	680b      	ldr	r3, [r1, #0]
 8006c14:	4682      	mov	sl, r0
 8006c16:	460c      	mov	r4, r1
 8006c18:	4690      	mov	r8, r2
 8006c1a:	d82d      	bhi.n	8006c78 <__ssputs_r+0x70>
 8006c1c:	f9b1 200c 	ldrsh.w	r2, [r1, #12]
 8006c20:	f412 6f90 	tst.w	r2, #1152	@ 0x480
 8006c24:	d026      	beq.n	8006c74 <__ssputs_r+0x6c>
 8006c26:	6965      	ldr	r5, [r4, #20]
 8006c28:	6909      	ldr	r1, [r1, #16]
 8006c2a:	eb05 0545 	add.w	r5, r5, r5, lsl #1
 8006c2e:	eba3 0901 	sub.w	r9, r3, r1
 8006c32:	eb05 75d5 	add.w	r5, r5, r5, lsr #31
 8006c36:	1c7b      	adds	r3, r7, #1
 8006c38:	444b      	add	r3, r9
 8006c3a:	106d      	asrs	r5, r5, #1
 8006c3c:	429d      	cmp	r5, r3
 8006c3e:	bf38      	it	cc
 8006c40:	461d      	movcc	r5, r3
 8006c42:	0553      	lsls	r3, r2, #21
 8006c44:	d527      	bpl.n	8006c96 <__ssputs_r+0x8e>
 8006c46:	4629      	mov	r1, r5
 8006c48:	f7ff fed8 	bl	80069fc <_malloc_r>
 8006c4c:	4606      	mov	r6, r0
 8006c4e:	b360      	cbz	r0, 8006caa <__ssputs_r+0xa2>
 8006c50:	6921      	ldr	r1, [r4, #16]
 8006c52:	464a      	mov	r2, r9
 8006c54:	f7ff fdd5 	bl	8006802 <memcpy>
 8006c58:	89a3      	ldrh	r3, [r4, #12]
 8006c5a:	f423 6390 	bic.w	r3, r3, #1152	@ 0x480
 8006c5e:	f043 0380 	orr.w	r3, r3, #128	@ 0x80
 8006c62:	81a3      	strh	r3, [r4, #12]
 8006c64:	6126      	str	r6, [r4, #16]
 8006c66:	6165      	str	r5, [r4, #20]
 8006c68:	444e      	add	r6, r9
 8006c6a:	eba5 0509 	sub.w	r5, r5, r9
 8006c6e:	6026      	str	r6, [r4, #0]
 8006c70:	60a5      	str	r5, [r4, #8]
 8006c72:	463e      	mov	r6, r7
 8006c74:	42be      	cmp	r6, r7
 8006c76:	d900      	bls.n	8006c7a <__ssputs_r+0x72>
 8006c78:	463e      	mov	r6, r7
 8006c7a:	6820      	ldr	r0, [r4, #0]
 8006c7c:	4632      	mov	r2, r6
 8006c7e:	4641      	mov	r1, r8
 8006c80:	f000 fb90 	bl	80073a4 <memmove>
 8006c84:	68a3      	ldr	r3, [r4, #8]
 8006c86:	1b9b      	subs	r3, r3, r6
 8006c88:	60a3      	str	r3, [r4, #8]
 8006c8a:	6823      	ldr	r3, [r4, #0]
 8006c8c:	4433      	add	r3, r6
 8006c8e:	6023      	str	r3, [r4, #0]
 8006c90:	2000      	movs	r0, #0
 8006c92:	e8bd 87f0 	ldmia.w	sp!, {r4, r5, r6, r7, r8, r9, sl, pc}
 8006c96:	462a      	mov	r2, r5
 8006c98:	f000 fc6c 	bl	8007574 <_realloc_r>
 8006c9c:	4606      	mov	r6, r0
 8006c9e:	2800      	cmp	r0, #0
 8006ca0:	d1e0      	bne.n	8006c64 <__ssputs_r+0x5c>
 8006ca2:	6921      	ldr	r1, [r4, #16]
 8006ca4:	4650      	mov	r0, sl
 8006ca6:	f7ff fde5 	bl	8006874 <_free_r>
 8006caa:	230c      	movs	r3, #12
 8006cac:	f8ca 3000 	str.w	r3, [sl]
 8006cb0:	89a3      	ldrh	r3, [r4, #12]
 8006cb2:	f043 0340 	orr.w	r3, r3, #64	@ 0x40
 8006cb6:	81a3      	strh	r3, [r4, #12]
 8006cb8:	f04f 30ff 	mov.w	r0, #4294967295
 8006cbc:	e7e9      	b.n	8006c92 <__ssputs_r+0x8a>
	...

08006cc0 <_svfiprintf_r>:
 8006cc0:	e92d 4ff0 	stmdb	sp!, {r4, r5, r6, r7, r8, r9, sl, fp, lr}
 8006cc4:	4698      	mov	r8, r3
 8006cc6:	898b      	ldrh	r3, [r1, #12]
 8006cc8:	061b      	lsls	r3, r3, #24
 8006cca:	b09d      	sub	sp, #116	@ 0x74
 8006ccc:	4607      	mov	r7, r0
 8006cce:	460d      	mov	r5, r1
 8006cd0:	4614      	mov	r4, r2
 8006cd2:	d510      	bpl.n	8006cf6 <_svfiprintf_r+0x36>
 8006cd4:	690b      	ldr	r3, [r1, #16]
 8006cd6:	b973      	cbnz	r3, 8006cf6 <_svfiprintf_r+0x36>
 8006cd8:	2140      	movs	r1, #64	@ 0x40
 8006cda:	f7ff fe8f 	bl	80069fc <_malloc_r>
 8006cde:	6028      	str	r0, [r5, #0]
 8006ce0:	6128      	str	r0, [r5, #16]
 8006ce2:	b930      	cbnz	r0, 8006cf2 <_svfiprintf_r+0x32>
 8006ce4:	230c      	movs	r3, #12
 8006ce6:	603b      	str	r3, [r7, #0]
 8006ce8:	f04f 30ff 	mov.w	r0, #4294967295
 8006cec:	b01d      	add	sp, #116	@ 0x74
 8006cee:	e8bd 8ff0 	ldmia.w	sp!, {r4, r5, r6, r7, r8, r9, sl, fp, pc}
 8006cf2:	2340      	movs	r3, #64	@ 0x40
 8006cf4:	616b      	str	r3, [r5, #20]
 8006cf6:	2300      	movs	r3, #0
 8006cf8:	9309      	str	r3, [sp, #36]	@ 0x24
 8006cfa:	2320      	movs	r3, #32
 8006cfc:	f88d 3029 	strb.w	r3, [sp, #41]	@ 0x29
 8006d00:	f8cd 800c 	str.w	r8, [sp, #12]
 8006d04:	2330      	movs	r3, #48	@ 0x30
 8006d06:	f8df 819c 	ldr.w	r8, [pc, #412]	@ 8006ea4 <_svfiprintf_r+0x1e4>
 8006d0a:	f88d 302a 	strb.w	r3, [sp, #42]	@ 0x2a
 8006d0e:	f04f 0901 	mov.w	r9, #1
 8006d12:	4623      	mov	r3, r4
 8006d14:	469a      	mov	sl, r3
 8006d16:	f813 2b01 	ldrb.w	r2, [r3], #1
 8006d1a:	b10a      	cbz	r2, 8006d20 <_svfiprintf_r+0x60>
 8006d1c:	2a25      	cmp	r2, #37	@ 0x25
 8006d1e:	d1f9      	bne.n	8006d14 <_svfiprintf_r+0x54>
 8006d20:	ebba 0b04 	subs.w	fp, sl, r4
 8006d24:	d00b      	beq.n	8006d3e <_svfiprintf_r+0x7e>
 8006d26:	465b      	mov	r3, fp
 8006d28:	4622      	mov	r2, r4
 8006d2a:	4629      	mov	r1, r5
 8006d2c:	4638      	mov	r0, r7
 8006d2e:	f7ff ff6b 	bl	8006c08 <__ssputs_r>
 8006d32:	3001      	adds	r0, #1
 8006d34:	f000 80a7 	beq.w	8006e86 <_svfiprintf_r+0x1c6>
 8006d38:	9a09      	ldr	r2, [sp, #36]	@ 0x24
 8006d3a:	445a      	add	r2, fp
 8006d3c:	9209      	str	r2, [sp, #36]	@ 0x24
 8006d3e:	f89a 3000 	ldrb.w	r3, [sl]
 8006d42:	2b00      	cmp	r3, #0
 8006d44:	f000 809f 	beq.w	8006e86 <_svfiprintf_r+0x1c6>
 8006d48:	2300      	movs	r3, #0
 8006d4a:	f04f 32ff 	mov.w	r2, #4294967295
 8006d4e:	e9cd 2305 	strd	r2, r3, [sp, #20]
 8006d52:	f10a 0a01 	add.w	sl, sl, #1
 8006d56:	9304      	str	r3, [sp, #16]
 8006d58:	9307      	str	r3, [sp, #28]
 8006d5a:	f88d 3053 	strb.w	r3, [sp, #83]	@ 0x53
 8006d5e:	931a      	str	r3, [sp, #104]	@ 0x68
 8006d60:	4654      	mov	r4, sl
 8006d62:	2205      	movs	r2, #5
 8006d64:	f814 1b01 	ldrb.w	r1, [r4], #1
 8006d68:	484e      	ldr	r0, [pc, #312]	@ (8006ea4 <_svfiprintf_r+0x1e4>)
 8006d6a:	f7f9 fa31 	bl	80001d0 <memchr>
 8006d6e:	9a04      	ldr	r2, [sp, #16]
 8006d70:	b9d8      	cbnz	r0, 8006daa <_svfiprintf_r+0xea>
 8006d72:	06d0      	lsls	r0, r2, #27
 8006d74:	bf44      	itt	mi
 8006d76:	2320      	movmi	r3, #32
 8006d78:	f88d 3053 	strbmi.w	r3, [sp, #83]	@ 0x53
 8006d7c:	0711      	lsls	r1, r2, #28
 8006d7e:	bf44      	itt	mi
 8006d80:	232b      	movmi	r3, #43	@ 0x2b
 8006d82:	f88d 3053 	strbmi.w	r3, [sp, #83]	@ 0x53
 8006d86:	f89a 3000 	ldrb.w	r3, [sl]
 8006d8a:	2b2a      	cmp	r3, #42	@ 0x2a
 8006d8c:	d015      	beq.n	8006dba <_svfiprintf_r+0xfa>
 8006d8e:	9a07      	ldr	r2, [sp, #28]
 8006d90:	4654      	mov	r4, sl
 8006d92:	2000      	movs	r0, #0
 8006d94:	f04f 0c0a 	mov.w	ip, #10
 8006d98:	4621      	mov	r1, r4
 8006d9a:	f811 3b01 	ldrb.w	r3, [r1], #1
 8006d9e:	3b30      	subs	r3, #48	@ 0x30
 8006da0:	2b09      	cmp	r3, #9
 8006da2:	d94b      	bls.n	8006e3c <_svfiprintf_r+0x17c>
 8006da4:	b1b0      	cbz	r0, 8006dd4 <_svfiprintf_r+0x114>
 8006da6:	9207      	str	r2, [sp, #28]
 8006da8:	e014      	b.n	8006dd4 <_svfiprintf_r+0x114>
 8006daa:	eba0 0308 	sub.w	r3, r0, r8
 8006dae:	fa09 f303 	lsl.w	r3, r9, r3
 8006db2:	4313      	orrs	r3, r2
 8006db4:	9304      	str	r3, [sp, #16]
 8006db6:	46a2      	mov	sl, r4
 8006db8:	e7d2      	b.n	8006d60 <_svfiprintf_r+0xa0>
 8006dba:	9b03      	ldr	r3, [sp, #12]
 8006dbc:	1d19      	adds	r1, r3, #4
 8006dbe:	681b      	ldr	r3, [r3, #0]
 8006dc0:	9103      	str	r1, [sp, #12]
 8006dc2:	2b00      	cmp	r3, #0
 8006dc4:	bfbb      	ittet	lt
 8006dc6:	425b      	neglt	r3, r3
 8006dc8:	f042 0202 	orrlt.w	r2, r2, #2
 8006dcc:	9307      	strge	r3, [sp, #28]
 8006dce:	9307      	strlt	r3, [sp, #28]
 8006dd0:	bfb8      	it	lt
 8006dd2:	9204      	strlt	r2, [sp, #16]
 8006dd4:	7823      	ldrb	r3, [r4, #0]
 8006dd6:	2b2e      	cmp	r3, #46	@ 0x2e
 8006dd8:	d10a      	bne.n	8006df0 <_svfiprintf_r+0x130>
 8006dda:	7863      	ldrb	r3, [r4, #1]
 8006ddc:	2b2a      	cmp	r3, #42	@ 0x2a
 8006dde:	d132      	bne.n	8006e46 <_svfiprintf_r+0x186>
 8006de0:	9b03      	ldr	r3, [sp, #12]
 8006de2:	1d1a      	adds	r2, r3, #4
 8006de4:	681b      	ldr	r3, [r3, #0]
 8006de6:	9203      	str	r2, [sp, #12]
 8006de8:	ea43 73e3 	orr.w	r3, r3, r3, asr #31
 8006dec:	3402      	adds	r4, #2
 8006dee:	9305      	str	r3, [sp, #20]
 8006df0:	f8df a0c0 	ldr.w	sl, [pc, #192]	@ 8006eb4 <_svfiprintf_r+0x1f4>
 8006df4:	7821      	ldrb	r1, [r4, #0]
 8006df6:	2203      	movs	r2, #3
 8006df8:	4650      	mov	r0, sl
 8006dfa:	f7f9 f9e9 	bl	80001d0 <memchr>
 8006dfe:	b138      	cbz	r0, 8006e10 <_svfiprintf_r+0x150>
 8006e00:	9b04      	ldr	r3, [sp, #16]
 8006e02:	eba0 000a 	sub.w	r0, r0, sl
 8006e06:	2240      	movs	r2, #64	@ 0x40
 8006e08:	4082      	lsls	r2, r0
 8006e0a:	4313      	orrs	r3, r2
 8006e0c:	3401      	adds	r4, #1
 8006e0e:	9304      	str	r3, [sp, #16]
 8006e10:	f814 1b01 	ldrb.w	r1, [r4], #1
 8006e14:	4824      	ldr	r0, [pc, #144]	@ (8006ea8 <_svfiprintf_r+0x1e8>)
 8006e16:	f88d 1028 	strb.w	r1, [sp, #40]	@ 0x28
 8006e1a:	2206      	movs	r2, #6
 8006e1c:	f7f9 f9d8 	bl	80001d0 <memchr>
 8006e20:	2800      	cmp	r0, #0
 8006e22:	d036      	beq.n	8006e92 <_svfiprintf_r+0x1d2>
 8006e24:	4b21      	ldr	r3, [pc, #132]	@ (8006eac <_svfiprintf_r+0x1ec>)
 8006e26:	bb1b      	cbnz	r3, 8006e70 <_svfiprintf_r+0x1b0>
 8006e28:	9b03      	ldr	r3, [sp, #12]
 8006e2a:	3307      	adds	r3, #7
 8006e2c:	f023 0307 	bic.w	r3, r3, #7
 8006e30:	3308      	adds	r3, #8
 8006e32:	9303      	str	r3, [sp, #12]
 8006e34:	9b09      	ldr	r3, [sp, #36]	@ 0x24
 8006e36:	4433      	add	r3, r6
 8006e38:	9309      	str	r3, [sp, #36]	@ 0x24
 8006e3a:	e76a      	b.n	8006d12 <_svfiprintf_r+0x52>
 8006e3c:	fb0c 3202 	mla	r2, ip, r2, r3
 8006e40:	460c      	mov	r4, r1
 8006e42:	2001      	movs	r0, #1
 8006e44:	e7a8      	b.n	8006d98 <_svfiprintf_r+0xd8>
 8006e46:	2300      	movs	r3, #0
 8006e48:	3401      	adds	r4, #1
 8006e4a:	9305      	str	r3, [sp, #20]
 8006e4c:	4619      	mov	r1, r3
 8006e4e:	f04f 0c0a 	mov.w	ip, #10
 8006e52:	4620      	mov	r0, r4
 8006e54:	f810 2b01 	ldrb.w	r2, [r0], #1
 8006e58:	3a30      	subs	r2, #48	@ 0x30
 8006e5a:	2a09      	cmp	r2, #9
 8006e5c:	d903      	bls.n	8006e66 <_svfiprintf_r+0x1a6>
 8006e5e:	2b00      	cmp	r3, #0
 8006e60:	d0c6      	beq.n	8006df0 <_svfiprintf_r+0x130>
 8006e62:	9105      	str	r1, [sp, #20]
 8006e64:	e7c4      	b.n	8006df0 <_svfiprintf_r+0x130>
 8006e66:	fb0c 2101 	mla	r1, ip, r1, r2
 8006e6a:	4604      	mov	r4, r0
 8006e6c:	2301      	movs	r3, #1
 8006e6e:	e7f0      	b.n	8006e52 <_svfiprintf_r+0x192>
 8006e70:	ab03      	add	r3, sp, #12
 8006e72:	9300      	str	r3, [sp, #0]
 8006e74:	462a      	mov	r2, r5
 8006e76:	4b0e      	ldr	r3, [pc, #56]	@ (8006eb0 <_svfiprintf_r+0x1f0>)
 8006e78:	a904      	add	r1, sp, #16
 8006e7a:	4638      	mov	r0, r7
 8006e7c:	f3af 8000 	nop.w
 8006e80:	1c42      	adds	r2, r0, #1
 8006e82:	4606      	mov	r6, r0
 8006e84:	d1d6      	bne.n	8006e34 <_svfiprintf_r+0x174>
 8006e86:	89ab      	ldrh	r3, [r5, #12]
 8006e88:	065b      	lsls	r3, r3, #25
 8006e8a:	f53f af2d 	bmi.w	8006ce8 <_svfiprintf_r+0x28>
 8006e8e:	9809      	ldr	r0, [sp, #36]	@ 0x24
 8006e90:	e72c      	b.n	8006cec <_svfiprintf_r+0x2c>
 8006e92:	ab03      	add	r3, sp, #12
 8006e94:	9300      	str	r3, [sp, #0]
 8006e96:	462a      	mov	r2, r5
 8006e98:	4b05      	ldr	r3, [pc, #20]	@ (8006eb0 <_svfiprintf_r+0x1f0>)
 8006e9a:	a904      	add	r1, sp, #16
 8006e9c:	4638      	mov	r0, r7
 8006e9e:	f000 f879 	bl	8006f94 <_printf_i>
 8006ea2:	e7ed      	b.n	8006e80 <_svfiprintf_r+0x1c0>
 8006ea4:	0800915d 	.word	0x0800915d
 8006ea8:	08009167 	.word	0x08009167
 8006eac:	00000000 	.word	0x00000000
 8006eb0:	08006c09 	.word	0x08006c09
 8006eb4:	08009163 	.word	0x08009163

08006eb8 <_printf_common>:
 8006eb8:	e92d 47f0 	stmdb	sp!, {r4, r5, r6, r7, r8, r9, sl, lr}
 8006ebc:	4616      	mov	r6, r2
 8006ebe:	4698      	mov	r8, r3
 8006ec0:	688a      	ldr	r2, [r1, #8]
 8006ec2:	690b      	ldr	r3, [r1, #16]
 8006ec4:	f8dd 9020 	ldr.w	r9, [sp, #32]
 8006ec8:	4293      	cmp	r3, r2
 8006eca:	bfb8      	it	lt
 8006ecc:	4613      	movlt	r3, r2
 8006ece:	6033      	str	r3, [r6, #0]
 8006ed0:	f891 2043 	ldrb.w	r2, [r1, #67]	@ 0x43
 8006ed4:	4607      	mov	r7, r0
 8006ed6:	460c      	mov	r4, r1
 8006ed8:	b10a      	cbz	r2, 8006ede <_printf_common+0x26>
 8006eda:	3301      	adds	r3, #1
 8006edc:	6033      	str	r3, [r6, #0]
 8006ede:	6823      	ldr	r3, [r4, #0]
 8006ee0:	0699      	lsls	r1, r3, #26
 8006ee2:	bf42      	ittt	mi
 8006ee4:	6833      	ldrmi	r3, [r6, #0]
 8006ee6:	3302      	addmi	r3, #2
 8006ee8:	6033      	strmi	r3, [r6, #0]
 8006eea:	6825      	ldr	r5, [r4, #0]
 8006eec:	f015 0506 	ands.w	r5, r5, #6
 8006ef0:	d106      	bne.n	8006f00 <_printf_common+0x48>
 8006ef2:	f104 0a19 	add.w	sl, r4, #25
 8006ef6:	68e3      	ldr	r3, [r4, #12]
 8006ef8:	6832      	ldr	r2, [r6, #0]
 8006efa:	1a9b      	subs	r3, r3, r2
 8006efc:	42ab      	cmp	r3, r5
 8006efe:	dc26      	bgt.n	8006f4e <_printf_common+0x96>
 8006f00:	f894 3043 	ldrb.w	r3, [r4, #67]	@ 0x43
 8006f04:	6822      	ldr	r2, [r4, #0]
 8006f06:	3b00      	subs	r3, #0
 8006f08:	bf18      	it	ne
 8006f0a:	2301      	movne	r3, #1
 8006f0c:	0692      	lsls	r2, r2, #26
 8006f0e:	d42b      	bmi.n	8006f68 <_printf_common+0xb0>
 8006f10:	f104 0243 	add.w	r2, r4, #67	@ 0x43
 8006f14:	4641      	mov	r1, r8
 8006f16:	4638      	mov	r0, r7
 8006f18:	47c8      	blx	r9
 8006f1a:	3001      	adds	r0, #1
 8006f1c:	d01e      	beq.n	8006f5c <_printf_common+0xa4>
 8006f1e:	6823      	ldr	r3, [r4, #0]
 8006f20:	6922      	ldr	r2, [r4, #16]
 8006f22:	f003 0306 	and.w	r3, r3, #6
 8006f26:	2b04      	cmp	r3, #4
 8006f28:	bf02      	ittt	eq
 8006f2a:	68e5      	ldreq	r5, [r4, #12]
 8006f2c:	6833      	ldreq	r3, [r6, #0]
 8006f2e:	1aed      	subeq	r5, r5, r3
 8006f30:	68a3      	ldr	r3, [r4, #8]
 8006f32:	bf0c      	ite	eq
 8006f34:	ea25 75e5 	biceq.w	r5, r5, r5, asr #31
 8006f38:	2500      	movne	r5, #0
 8006f3a:	4293      	cmp	r3, r2
 8006f3c:	bfc4      	itt	gt
 8006f3e:	1a9b      	subgt	r3, r3, r2
 8006f40:	18ed      	addgt	r5, r5, r3
 8006f42:	2600      	movs	r6, #0
 8006f44:	341a      	adds	r4, #26
 8006f46:	42b5      	cmp	r5, r6
 8006f48:	d11a      	bne.n	8006f80 <_printf_common+0xc8>
 8006f4a:	2000      	movs	r0, #0
 8006f4c:	e008      	b.n	8006f60 <_printf_common+0xa8>
 8006f4e:	2301      	movs	r3, #1
 8006f50:	4652      	mov	r2, sl
 8006f52:	4641      	mov	r1, r8
 8006f54:	4638      	mov	r0, r7
 8006f56:	47c8      	blx	r9
 8006f58:	3001      	adds	r0, #1
 8006f5a:	d103      	bne.n	8006f64 <_printf_common+0xac>
 8006f5c:	f04f 30ff 	mov.w	r0, #4294967295
 8006f60:	e8bd 87f0 	ldmia.w	sp!, {r4, r5, r6, r7, r8, r9, sl, pc}
 8006f64:	3501      	adds	r5, #1
 8006f66:	e7c6      	b.n	8006ef6 <_printf_common+0x3e>
 8006f68:	18e1      	adds	r1, r4, r3
 8006f6a:	1c5a      	adds	r2, r3, #1
 8006f6c:	2030      	movs	r0, #48	@ 0x30
 8006f6e:	f881 0043 	strb.w	r0, [r1, #67]	@ 0x43
 8006f72:	4422      	add	r2, r4
 8006f74:	f894 1045 	ldrb.w	r1, [r4, #69]	@ 0x45
 8006f78:	f882 1043 	strb.w	r1, [r2, #67]	@ 0x43
 8006f7c:	3302      	adds	r3, #2
 8006f7e:	e7c7      	b.n	8006f10 <_printf_common+0x58>
 8006f80:	2301      	movs	r3, #1
 8006f82:	4622      	mov	r2, r4
 8006f84:	4641      	mov	r1, r8
 8006f86:	4638      	mov	r0, r7
 8006f88:	47c8      	blx	r9
 8006f8a:	3001      	adds	r0, #1
 8006f8c:	d0e6      	beq.n	8006f5c <_printf_common+0xa4>
 8006f8e:	3601      	adds	r6, #1
 8006f90:	e7d9      	b.n	8006f46 <_printf_common+0x8e>
	...

08006f94 <_printf_i>:
 8006f94:	e92d 47ff 	stmdb	sp!, {r0, r1, r2, r3, r4, r5, r6, r7, r8, r9, sl, lr}
 8006f98:	7e0f      	ldrb	r7, [r1, #24]
 8006f9a:	9e0c      	ldr	r6, [sp, #48]	@ 0x30
 8006f9c:	2f78      	cmp	r7, #120	@ 0x78
 8006f9e:	4691      	mov	r9, r2
 8006fa0:	4680      	mov	r8, r0
 8006fa2:	460c      	mov	r4, r1
 8006fa4:	469a      	mov	sl, r3
 8006fa6:	f101 0243 	add.w	r2, r1, #67	@ 0x43
 8006faa:	d807      	bhi.n	8006fbc <_printf_i+0x28>
 8006fac:	2f62      	cmp	r7, #98	@ 0x62
 8006fae:	d80a      	bhi.n	8006fc6 <_printf_i+0x32>
 8006fb0:	2f00      	cmp	r7, #0
 8006fb2:	f000 80d1 	beq.w	8007158 <_printf_i+0x1c4>
 8006fb6:	2f58      	cmp	r7, #88	@ 0x58
 8006fb8:	f000 80b8 	beq.w	800712c <_printf_i+0x198>
 8006fbc:	f104 0642 	add.w	r6, r4, #66	@ 0x42
 8006fc0:	f884 7042 	strb.w	r7, [r4, #66]	@ 0x42
 8006fc4:	e03a      	b.n	800703c <_printf_i+0xa8>
 8006fc6:	f1a7 0363 	sub.w	r3, r7, #99	@ 0x63
 8006fca:	2b15      	cmp	r3, #21
 8006fcc:	d8f6      	bhi.n	8006fbc <_printf_i+0x28>
 8006fce:	a101      	add	r1, pc, #4	@ (adr r1, 8006fd4 <_printf_i+0x40>)
 8006fd0:	f851 f023 	ldr.w	pc, [r1, r3, lsl #2]
 8006fd4:	0800702d 	.word	0x0800702d
 8006fd8:	08007041 	.word	0x08007041
 8006fdc:	08006fbd 	.word	0x08006fbd
 8006fe0:	08006fbd 	.word	0x08006fbd
 8006fe4:	08006fbd 	.word	0x08006fbd
 8006fe8:	08006fbd 	.word	0x08006fbd
 8006fec:	08007041 	.word	0x08007041
 8006ff0:	08006fbd 	.word	0x08006fbd
 8006ff4:	08006fbd 	.word	0x08006fbd
 8006ff8:	08006fbd 	.word	0x08006fbd
 8006ffc:	08006fbd 	.word	0x08006fbd
 8007000:	0800713f 	.word	0x0800713f
 8007004:	0800706b 	.word	0x0800706b
 8007008:	080070f9 	.word	0x080070f9
 800700c:	08006fbd 	.word	0x08006fbd
 8007010:	08006fbd 	.word	0x08006fbd
 8007014:	08007161 	.word	0x08007161
 8007018:	08006fbd 	.word	0x08006fbd
 800701c:	0800706b 	.word	0x0800706b
 8007020:	08006fbd 	.word	0x08006fbd
 8007024:	08006fbd 	.word	0x08006fbd
 8007028:	08007101 	.word	0x08007101
 800702c:	6833      	ldr	r3, [r6, #0]
 800702e:	1d1a      	adds	r2, r3, #4
 8007030:	681b      	ldr	r3, [r3, #0]
 8007032:	6032      	str	r2, [r6, #0]
 8007034:	f104 0642 	add.w	r6, r4, #66	@ 0x42
 8007038:	f884 3042 	strb.w	r3, [r4, #66]	@ 0x42
 800703c:	2301      	movs	r3, #1
 800703e:	e09c      	b.n	800717a <_printf_i+0x1e6>
 8007040:	6833      	ldr	r3, [r6, #0]
 8007042:	6820      	ldr	r0, [r4, #0]
 8007044:	1d19      	adds	r1, r3, #4
 8007046:	6031      	str	r1, [r6, #0]
 8007048:	0606      	lsls	r6, r0, #24
 800704a:	d501      	bpl.n	8007050 <_printf_i+0xbc>
 800704c:	681d      	ldr	r5, [r3, #0]
 800704e:	e003      	b.n	8007058 <_printf_i+0xc4>
 8007050:	0645      	lsls	r5, r0, #25
 8007052:	d5fb      	bpl.n	800704c <_printf_i+0xb8>
 8007054:	f9b3 5000 	ldrsh.w	r5, [r3]
 8007058:	2d00      	cmp	r5, #0
 800705a:	da03      	bge.n	8007064 <_printf_i+0xd0>
 800705c:	232d      	movs	r3, #45	@ 0x2d
 800705e:	426d      	negs	r5, r5
 8007060:	f884 3043 	strb.w	r3, [r4, #67]	@ 0x43
 8007064:	4858      	ldr	r0, [pc, #352]	@ (80071c8 <_printf_i+0x234>)
 8007066:	230a      	movs	r3, #10
 8007068:	e011      	b.n	800708e <_printf_i+0xfa>
 800706a:	6821      	ldr	r1, [r4, #0]
 800706c:	6833      	ldr	r3, [r6, #0]
 800706e:	0608      	lsls	r0, r1, #24
 8007070:	f853 5b04 	ldr.w	r5, [r3], #4
 8007074:	d402      	bmi.n	800707c <_printf_i+0xe8>
 8007076:	0649      	lsls	r1, r1, #25
 8007078:	bf48      	it	mi
 800707a:	b2ad      	uxthmi	r5, r5
 800707c:	2f6f      	cmp	r7, #111	@ 0x6f
 800707e:	4852      	ldr	r0, [pc, #328]	@ (80071c8 <_printf_i+0x234>)
 8007080:	6033      	str	r3, [r6, #0]
 8007082:	bf14      	ite	ne
 8007084:	230a      	movne	r3, #10
 8007086:	2308      	moveq	r3, #8
 8007088:	2100      	movs	r1, #0
 800708a:	f884 1043 	strb.w	r1, [r4, #67]	@ 0x43
 800708e:	6866      	ldr	r6, [r4, #4]
 8007090:	60a6      	str	r6, [r4, #8]
 8007092:	2e00      	cmp	r6, #0
 8007094:	db05      	blt.n	80070a2 <_printf_i+0x10e>
 8007096:	6821      	ldr	r1, [r4, #0]
 8007098:	432e      	orrs	r6, r5
 800709a:	f021 0104 	bic.w	r1, r1, #4
 800709e:	6021      	str	r1, [r4, #0]
 80070a0:	d04b      	beq.n	800713a <_printf_i+0x1a6>
 80070a2:	4616      	mov	r6, r2
 80070a4:	fbb5 f1f3 	udiv	r1, r5, r3
 80070a8:	fb03 5711 	mls	r7, r3, r1, r5
 80070ac:	5dc7      	ldrb	r7, [r0, r7]
 80070ae:	f806 7d01 	strb.w	r7, [r6, #-1]!
 80070b2:	462f      	mov	r7, r5
 80070b4:	42bb      	cmp	r3, r7
 80070b6:	460d      	mov	r5, r1
 80070b8:	d9f4      	bls.n	80070a4 <_printf_i+0x110>
 80070ba:	2b08      	cmp	r3, #8
 80070bc:	d10b      	bne.n	80070d6 <_printf_i+0x142>
 80070be:	6823      	ldr	r3, [r4, #0]
 80070c0:	07df      	lsls	r7, r3, #31
 80070c2:	d508      	bpl.n	80070d6 <_printf_i+0x142>
 80070c4:	6923      	ldr	r3, [r4, #16]
 80070c6:	6861      	ldr	r1, [r4, #4]
 80070c8:	4299      	cmp	r1, r3
 80070ca:	bfde      	ittt	le
 80070cc:	2330      	movle	r3, #48	@ 0x30
 80070ce:	f806 3c01 	strble.w	r3, [r6, #-1]
 80070d2:	f106 36ff 	addle.w	r6, r6, #4294967295
 80070d6:	1b92      	subs	r2, r2, r6
 80070d8:	6122      	str	r2, [r4, #16]
 80070da:	f8cd a000 	str.w	sl, [sp]
 80070de:	464b      	mov	r3, r9
 80070e0:	aa03      	add	r2, sp, #12
 80070e2:	4621      	mov	r1, r4
 80070e4:	4640      	mov	r0, r8
 80070e6:	f7ff fee7 	bl	8006eb8 <_printf_common>
 80070ea:	3001      	adds	r0, #1
 80070ec:	d14a      	bne.n	8007184 <_printf_i+0x1f0>
 80070ee:	f04f 30ff 	mov.w	r0, #4294967295
 80070f2:	b004      	add	sp, #16
 80070f4:	e8bd 87f0 	ldmia.w	sp!, {r4, r5, r6, r7, r8, r9, sl, pc}
 80070f8:	6823      	ldr	r3, [r4, #0]
 80070fa:	f043 0320 	orr.w	r3, r3, #32
 80070fe:	6023      	str	r3, [r4, #0]
 8007100:	4832      	ldr	r0, [pc, #200]	@ (80071cc <_printf_i+0x238>)
 8007102:	2778      	movs	r7, #120	@ 0x78
 8007104:	f884 7045 	strb.w	r7, [r4, #69]	@ 0x45
 8007108:	6823      	ldr	r3, [r4, #0]
 800710a:	6831      	ldr	r1, [r6, #0]
 800710c:	061f      	lsls	r7, r3, #24
 800710e:	f851 5b04 	ldr.w	r5, [r1], #4
 8007112:	d402      	bmi.n	800711a <_printf_i+0x186>
 8007114:	065f      	lsls	r7, r3, #25
 8007116:	bf48      	it	mi
 8007118:	b2ad      	uxthmi	r5, r5
 800711a:	6031      	str	r1, [r6, #0]
 800711c:	07d9      	lsls	r1, r3, #31
 800711e:	bf44      	itt	mi
 8007120:	f043 0320 	orrmi.w	r3, r3, #32
 8007124:	6023      	strmi	r3, [r4, #0]
 8007126:	b11d      	cbz	r5, 8007130 <_printf_i+0x19c>
 8007128:	2310      	movs	r3, #16
 800712a:	e7ad      	b.n	8007088 <_printf_i+0xf4>
 800712c:	4826      	ldr	r0, [pc, #152]	@ (80071c8 <_printf_i+0x234>)
 800712e:	e7e9      	b.n	8007104 <_printf_i+0x170>
 8007130:	6823      	ldr	r3, [r4, #0]
 8007132:	f023 0320 	bic.w	r3, r3, #32
 8007136:	6023      	str	r3, [r4, #0]
 8007138:	e7f6      	b.n	8007128 <_printf_i+0x194>
 800713a:	4616      	mov	r6, r2
 800713c:	e7bd      	b.n	80070ba <_printf_i+0x126>
 800713e:	6833      	ldr	r3, [r6, #0]
 8007140:	6825      	ldr	r5, [r4, #0]
 8007142:	6961      	ldr	r1, [r4, #20]
 8007144:	1d18      	adds	r0, r3, #4
 8007146:	6030      	str	r0, [r6, #0]
 8007148:	062e      	lsls	r6, r5, #24
 800714a:	681b      	ldr	r3, [r3, #0]
 800714c:	d501      	bpl.n	8007152 <_printf_i+0x1be>
 800714e:	6019      	str	r1, [r3, #0]
 8007150:	e002      	b.n	8007158 <_printf_i+0x1c4>
 8007152:	0668      	lsls	r0, r5, #25
 8007154:	d5fb      	bpl.n	800714e <_printf_i+0x1ba>
 8007156:	8019      	strh	r1, [r3, #0]
 8007158:	2300      	movs	r3, #0
 800715a:	6123      	str	r3, [r4, #16]
 800715c:	4616      	mov	r6, r2
 800715e:	e7bc      	b.n	80070da <_printf_i+0x146>
 8007160:	6833      	ldr	r3, [r6, #0]
 8007162:	1d1a      	adds	r2, r3, #4
 8007164:	6032      	str	r2, [r6, #0]
 8007166:	681e      	ldr	r6, [r3, #0]
 8007168:	6862      	ldr	r2, [r4, #4]
 800716a:	2100      	movs	r1, #0
 800716c:	4630      	mov	r0, r6
 800716e:	f7f9 f82f 	bl	80001d0 <memchr>
 8007172:	b108      	cbz	r0, 8007178 <_printf_i+0x1e4>
 8007174:	1b80      	subs	r0, r0, r6
 8007176:	6060      	str	r0, [r4, #4]
 8007178:	6863      	ldr	r3, [r4, #4]
 800717a:	6123      	str	r3, [r4, #16]
 800717c:	2300      	movs	r3, #0
 800717e:	f884 3043 	strb.w	r3, [r4, #67]	@ 0x43
 8007182:	e7aa      	b.n	80070da <_printf_i+0x146>
 8007184:	6923      	ldr	r3, [r4, #16]
 8007186:	4632      	mov	r2, r6
 8007188:	4649      	mov	r1, r9
 800718a:	4640      	mov	r0, r8
 800718c:	47d0      	blx	sl
 800718e:	3001      	adds	r0, #1
 8007190:	d0ad      	beq.n	80070ee <_printf_i+0x15a>
 8007192:	6823      	ldr	r3, [r4, #0]
 8007194:	079b      	lsls	r3, r3, #30
 8007196:	d413      	bmi.n	80071c0 <_printf_i+0x22c>
 8007198:	68e0      	ldr	r0, [r4, #12]
 800719a:	9b03      	ldr	r3, [sp, #12]
 800719c:	4298      	cmp	r0, r3
 800719e:	bfb8      	it	lt
 80071a0:	4618      	movlt	r0, r3
 80071a2:	e7a6      	b.n	80070f2 <_printf_i+0x15e>
 80071a4:	2301      	movs	r3, #1
 80071a6:	4632      	mov	r2, r6
 80071a8:	4649      	mov	r1, r9
 80071aa:	4640      	mov	r0, r8
 80071ac:	47d0      	blx	sl
 80071ae:	3001      	adds	r0, #1
 80071b0:	d09d      	beq.n	80070ee <_printf_i+0x15a>
 80071b2:	3501      	adds	r5, #1
 80071b4:	68e3      	ldr	r3, [r4, #12]
 80071b6:	9903      	ldr	r1, [sp, #12]
 80071b8:	1a5b      	subs	r3, r3, r1
 80071ba:	42ab      	cmp	r3, r5
 80071bc:	dcf2      	bgt.n	80071a4 <_printf_i+0x210>
 80071be:	e7eb      	b.n	8007198 <_printf_i+0x204>
 80071c0:	2500      	movs	r5, #0
 80071c2:	f104 0619 	add.w	r6, r4, #25
 80071c6:	e7f5      	b.n	80071b4 <_printf_i+0x220>
 80071c8:	0800916e 	.word	0x0800916e
 80071cc:	0800917f 	.word	0x0800917f

080071d0 <__sflush_r>:
 80071d0:	f9b1 200c 	ldrsh.w	r2, [r1, #12]
 80071d4:	e92d 41f0 	stmdb	sp!, {r4, r5, r6, r7, r8, lr}
 80071d8:	0716      	lsls	r6, r2, #28
 80071da:	4605      	mov	r5, r0
 80071dc:	460c      	mov	r4, r1
 80071de:	d454      	bmi.n	800728a <__sflush_r+0xba>
 80071e0:	684b      	ldr	r3, [r1, #4]
 80071e2:	2b00      	cmp	r3, #0
 80071e4:	dc02      	bgt.n	80071ec <__sflush_r+0x1c>
 80071e6:	6c0b      	ldr	r3, [r1, #64]	@ 0x40
 80071e8:	2b00      	cmp	r3, #0
 80071ea:	dd48      	ble.n	800727e <__sflush_r+0xae>
 80071ec:	6ae6      	ldr	r6, [r4, #44]	@ 0x2c
 80071ee:	2e00      	cmp	r6, #0
 80071f0:	d045      	beq.n	800727e <__sflush_r+0xae>
 80071f2:	2300      	movs	r3, #0
 80071f4:	f412 5280 	ands.w	r2, r2, #4096	@ 0x1000
 80071f8:	682f      	ldr	r7, [r5, #0]
 80071fa:	6a21      	ldr	r1, [r4, #32]
 80071fc:	602b      	str	r3, [r5, #0]
 80071fe:	d030      	beq.n	8007262 <__sflush_r+0x92>
 8007200:	6d62      	ldr	r2, [r4, #84]	@ 0x54
 8007202:	89a3      	ldrh	r3, [r4, #12]
 8007204:	0759      	lsls	r1, r3, #29
 8007206:	d505      	bpl.n	8007214 <__sflush_r+0x44>
 8007208:	6863      	ldr	r3, [r4, #4]
 800720a:	1ad2      	subs	r2, r2, r3
 800720c:	6b63      	ldr	r3, [r4, #52]	@ 0x34
 800720e:	b10b      	cbz	r3, 8007214 <__sflush_r+0x44>
 8007210:	6c23      	ldr	r3, [r4, #64]	@ 0x40
 8007212:	1ad2      	subs	r2, r2, r3
 8007214:	2300      	movs	r3, #0
 8007216:	6ae6      	ldr	r6, [r4, #44]	@ 0x2c
 8007218:	6a21      	ldr	r1, [r4, #32]
 800721a:	4628      	mov	r0, r5
 800721c:	47b0      	blx	r6
 800721e:	1c43      	adds	r3, r0, #1
 8007220:	89a3      	ldrh	r3, [r4, #12]
 8007222:	d106      	bne.n	8007232 <__sflush_r+0x62>
 8007224:	6829      	ldr	r1, [r5, #0]
 8007226:	291d      	cmp	r1, #29
 8007228:	d82b      	bhi.n	8007282 <__sflush_r+0xb2>
 800722a:	4a2a      	ldr	r2, [pc, #168]	@ (80072d4 <__sflush_r+0x104>)
 800722c:	40ca      	lsrs	r2, r1
 800722e:	07d6      	lsls	r6, r2, #31
 8007230:	d527      	bpl.n	8007282 <__sflush_r+0xb2>
 8007232:	2200      	movs	r2, #0
 8007234:	6062      	str	r2, [r4, #4]
 8007236:	04d9      	lsls	r1, r3, #19
 8007238:	6922      	ldr	r2, [r4, #16]
 800723a:	6022      	str	r2, [r4, #0]
 800723c:	d504      	bpl.n	8007248 <__sflush_r+0x78>
 800723e:	1c42      	adds	r2, r0, #1
 8007240:	d101      	bne.n	8007246 <__sflush_r+0x76>
 8007242:	682b      	ldr	r3, [r5, #0]
 8007244:	b903      	cbnz	r3, 8007248 <__sflush_r+0x78>
 8007246:	6560      	str	r0, [r4, #84]	@ 0x54
 8007248:	6b61      	ldr	r1, [r4, #52]	@ 0x34
 800724a:	602f      	str	r7, [r5, #0]
 800724c:	b1b9      	cbz	r1, 800727e <__sflush_r+0xae>
 800724e:	f104 0344 	add.w	r3, r4, #68	@ 0x44
 8007252:	4299      	cmp	r1, r3
 8007254:	d002      	beq.n	800725c <__sflush_r+0x8c>
 8007256:	4628      	mov	r0, r5
 8007258:	f7ff fb0c 	bl	8006874 <_free_r>
 800725c:	2300      	movs	r3, #0
 800725e:	6363      	str	r3, [r4, #52]	@ 0x34
 8007260:	e00d      	b.n	800727e <__sflush_r+0xae>
 8007262:	2301      	movs	r3, #1
 8007264:	4628      	mov	r0, r5
 8007266:	47b0      	blx	r6
 8007268:	4602      	mov	r2, r0
 800726a:	1c50      	adds	r0, r2, #1
 800726c:	d1c9      	bne.n	8007202 <__sflush_r+0x32>
 800726e:	682b      	ldr	r3, [r5, #0]
 8007270:	2b00      	cmp	r3, #0
 8007272:	d0c6      	beq.n	8007202 <__sflush_r+0x32>
 8007274:	2b1d      	cmp	r3, #29
 8007276:	d001      	beq.n	800727c <__sflush_r+0xac>
 8007278:	2b16      	cmp	r3, #22
 800727a:	d11e      	bne.n	80072ba <__sflush_r+0xea>
 800727c:	602f      	str	r7, [r5, #0]
 800727e:	2000      	movs	r0, #0
 8007280:	e022      	b.n	80072c8 <__sflush_r+0xf8>
 8007282:	f043 0340 	orr.w	r3, r3, #64	@ 0x40
 8007286:	b21b      	sxth	r3, r3
 8007288:	e01b      	b.n	80072c2 <__sflush_r+0xf2>
 800728a:	690f      	ldr	r7, [r1, #16]
 800728c:	2f00      	cmp	r7, #0
 800728e:	d0f6      	beq.n	800727e <__sflush_r+0xae>
 8007290:	0793      	lsls	r3, r2, #30
 8007292:	680e      	ldr	r6, [r1, #0]
 8007294:	bf08      	it	eq
 8007296:	694b      	ldreq	r3, [r1, #20]
 8007298:	600f      	str	r7, [r1, #0]
 800729a:	bf18      	it	ne
 800729c:	2300      	movne	r3, #0
 800729e:	eba6 0807 	sub.w	r8, r6, r7
 80072a2:	608b      	str	r3, [r1, #8]
 80072a4:	f1b8 0f00 	cmp.w	r8, #0
 80072a8:	dde9      	ble.n	800727e <__sflush_r+0xae>
 80072aa:	6a21      	ldr	r1, [r4, #32]
 80072ac:	6aa6      	ldr	r6, [r4, #40]	@ 0x28
 80072ae:	4643      	mov	r3, r8
 80072b0:	463a      	mov	r2, r7
 80072b2:	4628      	mov	r0, r5
 80072b4:	47b0      	blx	r6
 80072b6:	2800      	cmp	r0, #0
 80072b8:	dc08      	bgt.n	80072cc <__sflush_r+0xfc>
 80072ba:	f9b4 300c 	ldrsh.w	r3, [r4, #12]
 80072be:	f043 0340 	orr.w	r3, r3, #64	@ 0x40
 80072c2:	81a3      	strh	r3, [r4, #12]
 80072c4:	f04f 30ff 	mov.w	r0, #4294967295
 80072c8:	e8bd 81f0 	ldmia.w	sp!, {r4, r5, r6, r7, r8, pc}
 80072cc:	4407      	add	r7, r0
 80072ce:	eba8 0800 	sub.w	r8, r8, r0
 80072d2:	e7e7      	b.n	80072a4 <__sflush_r+0xd4>
 80072d4:	20400001 	.word	0x20400001

080072d8 <_fflush_r>:
 80072d8:	b538      	push	{r3, r4, r5, lr}
 80072da:	690b      	ldr	r3, [r1, #16]
 80072dc:	4605      	mov	r5, r0
 80072de:	460c      	mov	r4, r1
 80072e0:	b913      	cbnz	r3, 80072e8 <_fflush_r+0x10>
 80072e2:	2500      	movs	r5, #0
 80072e4:	4628      	mov	r0, r5
 80072e6:	bd38      	pop	{r3, r4, r5, pc}
 80072e8:	b118      	cbz	r0, 80072f2 <_fflush_r+0x1a>
 80072ea:	6a03      	ldr	r3, [r0, #32]
 80072ec:	b90b      	cbnz	r3, 80072f2 <_fflush_r+0x1a>
 80072ee:	f7fd fda1 	bl	8004e34 <__sinit>
 80072f2:	f9b4 300c 	ldrsh.w	r3, [r4, #12]
 80072f6:	2b00      	cmp	r3, #0
 80072f8:	d0f3      	beq.n	80072e2 <_fflush_r+0xa>
 80072fa:	6e62      	ldr	r2, [r4, #100]	@ 0x64
 80072fc:	07d0      	lsls	r0, r2, #31
 80072fe:	d404      	bmi.n	800730a <_fflush_r+0x32>
 8007300:	0599      	lsls	r1, r3, #22
 8007302:	d402      	bmi.n	800730a <_fflush_r+0x32>
 8007304:	6da0      	ldr	r0, [r4, #88]	@ 0x58
 8007306:	f7ff fa71 	bl	80067ec <__retarget_lock_acquire_recursive>
 800730a:	4628      	mov	r0, r5
 800730c:	4621      	mov	r1, r4
 800730e:	f7ff ff5f 	bl	80071d0 <__sflush_r>
 8007312:	6e63      	ldr	r3, [r4, #100]	@ 0x64
 8007314:	07da      	lsls	r2, r3, #31
 8007316:	4605      	mov	r5, r0
 8007318:	d4e4      	bmi.n	80072e4 <_fflush_r+0xc>
 800731a:	89a3      	ldrh	r3, [r4, #12]
 800731c:	059b      	lsls	r3, r3, #22
 800731e:	d4e1      	bmi.n	80072e4 <_fflush_r+0xc>
 8007320:	6da0      	ldr	r0, [r4, #88]	@ 0x58
 8007322:	f7ff fa65 	bl	80067f0 <__retarget_lock_release_recursive>
 8007326:	e7dd      	b.n	80072e4 <_fflush_r+0xc>

08007328 <fiprintf>:
 8007328:	b40e      	push	{r1, r2, r3}
 800732a:	b503      	push	{r0, r1, lr}
 800732c:	4601      	mov	r1, r0
 800732e:	ab03      	add	r3, sp, #12
 8007330:	4805      	ldr	r0, [pc, #20]	@ (8007348 <fiprintf+0x20>)
 8007332:	f853 2b04 	ldr.w	r2, [r3], #4
 8007336:	6800      	ldr	r0, [r0, #0]
 8007338:	9301      	str	r3, [sp, #4]
 800733a:	f000 fb43 	bl	80079c4 <_vfiprintf_r>
 800733e:	b002      	add	sp, #8
 8007340:	f85d eb04 	ldr.w	lr, [sp], #4
 8007344:	b003      	add	sp, #12
 8007346:	4770      	bx	lr
 8007348:	2000005c 	.word	0x2000005c

0800734c <siscanf>:
 800734c:	b40e      	push	{r1, r2, r3}
 800734e:	b570      	push	{r4, r5, r6, lr}
 8007350:	b09d      	sub	sp, #116	@ 0x74
 8007352:	ac21      	add	r4, sp, #132	@ 0x84
 8007354:	2500      	movs	r5, #0
 8007356:	f44f 7201 	mov.w	r2, #516	@ 0x204
 800735a:	f854 6b04 	ldr.w	r6, [r4], #4
 800735e:	f8ad 2014 	strh.w	r2, [sp, #20]
 8007362:	951b      	str	r5, [sp, #108]	@ 0x6c
 8007364:	9002      	str	r0, [sp, #8]
 8007366:	9006      	str	r0, [sp, #24]
 8007368:	f7f8 ff24 	bl	80001b4 <strlen>
 800736c:	4b0b      	ldr	r3, [pc, #44]	@ (800739c <siscanf+0x50>)
 800736e:	9003      	str	r0, [sp, #12]
 8007370:	9007      	str	r0, [sp, #28]
 8007372:	480b      	ldr	r0, [pc, #44]	@ (80073a0 <siscanf+0x54>)
 8007374:	930b      	str	r3, [sp, #44]	@ 0x2c
 8007376:	f64f 73ff 	movw	r3, #65535	@ 0xffff
 800737a:	f8ad 3016 	strh.w	r3, [sp, #22]
 800737e:	4632      	mov	r2, r6
 8007380:	4623      	mov	r3, r4
 8007382:	a902      	add	r1, sp, #8
 8007384:	6800      	ldr	r0, [r0, #0]
 8007386:	950f      	str	r5, [sp, #60]	@ 0x3c
 8007388:	9514      	str	r5, [sp, #80]	@ 0x50
 800738a:	9401      	str	r4, [sp, #4]
 800738c:	f000 f97a 	bl	8007684 <__ssvfiscanf_r>
 8007390:	b01d      	add	sp, #116	@ 0x74
 8007392:	e8bd 4070 	ldmia.w	sp!, {r4, r5, r6, lr}
 8007396:	b003      	add	sp, #12
 8007398:	4770      	bx	lr
 800739a:	bf00      	nop
 800739c:	08004f2f 	.word	0x08004f2f
 80073a0:	2000005c 	.word	0x2000005c

080073a4 <memmove>:
 80073a4:	4288      	cmp	r0, r1
 80073a6:	b510      	push	{r4, lr}
 80073a8:	eb01 0402 	add.w	r4, r1, r2
 80073ac:	d902      	bls.n	80073b4 <memmove+0x10>
 80073ae:	4284      	cmp	r4, r0
 80073b0:	4623      	mov	r3, r4
 80073b2:	d807      	bhi.n	80073c4 <memmove+0x20>
 80073b4:	1e43      	subs	r3, r0, #1
 80073b6:	42a1      	cmp	r1, r4
 80073b8:	d008      	beq.n	80073cc <memmove+0x28>
 80073ba:	f811 2b01 	ldrb.w	r2, [r1], #1
 80073be:	f803 2f01 	strb.w	r2, [r3, #1]!
 80073c2:	e7f8      	b.n	80073b6 <memmove+0x12>
 80073c4:	4402      	add	r2, r0
 80073c6:	4601      	mov	r1, r0
 80073c8:	428a      	cmp	r2, r1
 80073ca:	d100      	bne.n	80073ce <memmove+0x2a>
 80073cc:	bd10      	pop	{r4, pc}
 80073ce:	f813 4d01 	ldrb.w	r4, [r3, #-1]!
 80073d2:	f802 4d01 	strb.w	r4, [r2, #-1]!
 80073d6:	e7f7      	b.n	80073c8 <memmove+0x24>

080073d8 <__gettzinfo>:
 80073d8:	4800      	ldr	r0, [pc, #0]	@ (80073dc <__gettzinfo+0x4>)
 80073da:	4770      	bx	lr
 80073dc:	200000b0 	.word	0x200000b0

080073e0 <gmtime_r>:
 80073e0:	e92d 41f0 	stmdb	sp!, {r4, r5, r6, r7, r8, lr}
 80073e4:	4a4d      	ldr	r2, [pc, #308]	@ (800751c <gmtime_r+0x13c>)
 80073e6:	460c      	mov	r4, r1
 80073e8:	2300      	movs	r3, #0
 80073ea:	e9d0 0100 	ldrd	r0, r1, [r0]
 80073ee:	f7f8 ff3f 	bl	8000270 <__aeabi_ldivmod>
 80073f2:	2a00      	cmp	r2, #0
 80073f4:	bfbc      	itt	lt
 80073f6:	f502 32a8 	addlt.w	r2, r2, #86016	@ 0x15000
 80073fa:	f502 72c0 	addlt.w	r2, r2, #384	@ 0x180
 80073fe:	f44f 6161 	mov.w	r1, #3600	@ 0xe10
 8007402:	f500 202f 	add.w	r0, r0, #716800	@ 0xaf000
 8007406:	fbb2 f3f1 	udiv	r3, r2, r1
 800740a:	fb01 2213 	mls	r2, r1, r3, r2
 800740e:	f04f 013c 	mov.w	r1, #60	@ 0x3c
 8007412:	bfac      	ite	ge
 8007414:	f600 206c 	addwge	r0, r0, #2668	@ 0xa6c
 8007418:	f600 206b 	addwlt	r0, r0, #2667	@ 0xa6b
 800741c:	60a3      	str	r3, [r4, #8]
 800741e:	fbb2 f3f1 	udiv	r3, r2, r1
 8007422:	fb01 2213 	mls	r2, r1, r3, r2
 8007426:	6063      	str	r3, [r4, #4]
 8007428:	6022      	str	r2, [r4, #0]
 800742a:	1cc3      	adds	r3, r0, #3
 800742c:	2207      	movs	r2, #7
 800742e:	fb93 f2f2 	sdiv	r2, r3, r2
 8007432:	ebc2 02c2 	rsb	r2, r2, r2, lsl #3
 8007436:	1a9b      	subs	r3, r3, r2
 8007438:	bf48      	it	mi
 800743a:	3307      	addmi	r3, #7
 800743c:	2800      	cmp	r0, #0
 800743e:	61a3      	str	r3, [r4, #24]
 8007440:	bfb8      	it	lt
 8007442:	f5a0 330e 	sublt.w	r3, r0, #145408	@ 0x23800
 8007446:	4936      	ldr	r1, [pc, #216]	@ (8007520 <gmtime_r+0x140>)
 8007448:	bfae      	itee	ge
 800744a:	fb90 f1f1 	sdivge	r1, r0, r1
 800744e:	f5a3 732c 	sublt.w	r3, r3, #688	@ 0x2b0
 8007452:	fb93 f1f1 	sdivlt	r1, r3, r1
 8007456:	4b33      	ldr	r3, [pc, #204]	@ (8007524 <gmtime_r+0x144>)
 8007458:	fb03 0001 	mla	r0, r3, r1, r0
 800745c:	f648 63ac 	movw	r3, #36524	@ 0x8eac
 8007460:	fbb0 f3f3 	udiv	r3, r0, r3
 8007464:	4403      	add	r3, r0
 8007466:	f240 5cb4 	movw	ip, #1460	@ 0x5b4
 800746a:	fbb0 f2fc 	udiv	r2, r0, ip
 800746e:	1a9b      	subs	r3, r3, r2
 8007470:	f240 176d 	movw	r7, #365	@ 0x16d
 8007474:	4a2c      	ldr	r2, [pc, #176]	@ (8007528 <gmtime_r+0x148>)
 8007476:	fbb0 f2f2 	udiv	r2, r0, r2
 800747a:	2664      	movs	r6, #100	@ 0x64
 800747c:	1a9b      	subs	r3, r3, r2
 800747e:	fbb3 f2f7 	udiv	r2, r3, r7
 8007482:	fbb3 f3fc 	udiv	r3, r3, ip
 8007486:	fbb2 f5f6 	udiv	r5, r2, r6
 800748a:	1aeb      	subs	r3, r5, r3
 800748c:	4403      	add	r3, r0
 800748e:	fb07 3312 	mls	r3, r7, r2, r3
 8007492:	2099      	movs	r0, #153	@ 0x99
 8007494:	eb03 0783 	add.w	r7, r3, r3, lsl #2
 8007498:	3702      	adds	r7, #2
 800749a:	f103 0e01 	add.w	lr, r3, #1
 800749e:	fbb7 fcf0 	udiv	ip, r7, r0
 80074a2:	fb00 f00c 	mul.w	r0, r0, ip
 80074a6:	3002      	adds	r0, #2
 80074a8:	f04f 0805 	mov.w	r8, #5
 80074ac:	fbb0 f0f8 	udiv	r0, r0, r8
 80074b0:	ebae 0000 	sub.w	r0, lr, r0
 80074b4:	f240 5ef9 	movw	lr, #1529	@ 0x5f9
 80074b8:	4577      	cmp	r7, lr
 80074ba:	bf8c      	ite	hi
 80074bc:	f06f 0709 	mvnhi.w	r7, #9
 80074c0:	2702      	movls	r7, #2
 80074c2:	4467      	add	r7, ip
 80074c4:	f44f 7cc8 	mov.w	ip, #400	@ 0x190
 80074c8:	fb0c 2101 	mla	r1, ip, r1, r2
 80074cc:	2f01      	cmp	r7, #1
 80074ce:	bf98      	it	ls
 80074d0:	3101      	addls	r1, #1
 80074d2:	f5b3 7f99 	cmp.w	r3, #306	@ 0x132
 80074d6:	d30c      	bcc.n	80074f2 <gmtime_r+0x112>
 80074d8:	f5a3 7399 	sub.w	r3, r3, #306	@ 0x132
 80074dc:	61e3      	str	r3, [r4, #28]
 80074de:	f2a1 716c 	subw	r1, r1, #1900	@ 0x76c
 80074e2:	2300      	movs	r3, #0
 80074e4:	60e0      	str	r0, [r4, #12]
 80074e6:	e9c4 7104 	strd	r7, r1, [r4, #16]
 80074ea:	6223      	str	r3, [r4, #32]
 80074ec:	4620      	mov	r0, r4
 80074ee:	e8bd 81f0 	ldmia.w	sp!, {r4, r5, r6, r7, r8, pc}
 80074f2:	f012 0f03 	tst.w	r2, #3
 80074f6:	d102      	bne.n	80074fe <gmtime_r+0x11e>
 80074f8:	fb06 2515 	mls	r5, r6, r5, r2
 80074fc:	b95d      	cbnz	r5, 8007516 <gmtime_r+0x136>
 80074fe:	f44f 75c8 	mov.w	r5, #400	@ 0x190
 8007502:	fbb2 f6f5 	udiv	r6, r2, r5
 8007506:	fb05 2216 	mls	r2, r5, r6, r2
 800750a:	fab2 f282 	clz	r2, r2
 800750e:	0952      	lsrs	r2, r2, #5
 8007510:	333b      	adds	r3, #59	@ 0x3b
 8007512:	4413      	add	r3, r2
 8007514:	e7e2      	b.n	80074dc <gmtime_r+0xfc>
 8007516:	2201      	movs	r2, #1
 8007518:	e7fa      	b.n	8007510 <gmtime_r+0x130>
 800751a:	bf00      	nop
 800751c:	00015180 	.word	0x00015180
 8007520:	00023ab1 	.word	0x00023ab1
 8007524:	fffdc54f 	.word	0xfffdc54f
 8007528:	00023ab0 	.word	0x00023ab0

0800752c <_sbrk_r>:
 800752c:	b538      	push	{r3, r4, r5, lr}
 800752e:	4d06      	ldr	r5, [pc, #24]	@ (8007548 <_sbrk_r+0x1c>)
 8007530:	2300      	movs	r3, #0
 8007532:	4604      	mov	r4, r0
 8007534:	4608      	mov	r0, r1
 8007536:	602b      	str	r3, [r5, #0]
 8007538:	f7fd f800 	bl	800453c <_sbrk>
 800753c:	1c43      	adds	r3, r0, #1
 800753e:	d102      	bne.n	8007546 <_sbrk_r+0x1a>
 8007540:	682b      	ldr	r3, [r5, #0]
 8007542:	b103      	cbz	r3, 8007546 <_sbrk_r+0x1a>
 8007544:	6023      	str	r3, [r4, #0]
 8007546:	bd38      	pop	{r3, r4, r5, pc}
 8007548:	20000b60 	.word	0x20000b60

0800754c <abort>:
 800754c:	b508      	push	{r3, lr}
 800754e:	2006      	movs	r0, #6
 8007550:	f000 fdce 	bl	80080f0 <raise>
 8007554:	2001      	movs	r0, #1
 8007556:	f7fc ffc1 	bl	80044dc <_exit>
	...

0800755c <__env_lock>:
 800755c:	4801      	ldr	r0, [pc, #4]	@ (8007564 <__env_lock+0x8>)
 800755e:	f7ff b945 	b.w	80067ec <__retarget_lock_acquire_recursive>
 8007562:	bf00      	nop
 8007564:	20000b65 	.word	0x20000b65

08007568 <__env_unlock>:
 8007568:	4801      	ldr	r0, [pc, #4]	@ (8007570 <__env_unlock+0x8>)
 800756a:	f7ff b941 	b.w	80067f0 <__retarget_lock_release_recursive>
 800756e:	bf00      	nop
 8007570:	20000b65 	.word	0x20000b65

08007574 <_realloc_r>:
 8007574:	e92d 41f0 	stmdb	sp!, {r4, r5, r6, r7, r8, lr}
 8007578:	4607      	mov	r7, r0
 800757a:	4614      	mov	r4, r2
 800757c:	460d      	mov	r5, r1
 800757e:	b921      	cbnz	r1, 800758a <_realloc_r+0x16>
 8007580:	e8bd 41f0 	ldmia.w	sp!, {r4, r5, r6, r7, r8, lr}
 8007584:	4611      	mov	r1, r2
 8007586:	f7ff ba39 	b.w	80069fc <_malloc_r>
 800758a:	b92a      	cbnz	r2, 8007598 <_realloc_r+0x24>
 800758c:	f7ff f972 	bl	8006874 <_free_r>
 8007590:	4625      	mov	r5, r4
 8007592:	4628      	mov	r0, r5
 8007594:	e8bd 81f0 	ldmia.w	sp!, {r4, r5, r6, r7, r8, pc}
 8007598:	f000 fdc6 	bl	8008128 <_malloc_usable_size_r>
 800759c:	4284      	cmp	r4, r0
 800759e:	4606      	mov	r6, r0
 80075a0:	d802      	bhi.n	80075a8 <_realloc_r+0x34>
 80075a2:	ebb4 0f50 	cmp.w	r4, r0, lsr #1
 80075a6:	d8f4      	bhi.n	8007592 <_realloc_r+0x1e>
 80075a8:	4621      	mov	r1, r4
 80075aa:	4638      	mov	r0, r7
 80075ac:	f7ff fa26 	bl	80069fc <_malloc_r>
 80075b0:	4680      	mov	r8, r0
 80075b2:	b908      	cbnz	r0, 80075b8 <_realloc_r+0x44>
 80075b4:	4645      	mov	r5, r8
 80075b6:	e7ec      	b.n	8007592 <_realloc_r+0x1e>
 80075b8:	42b4      	cmp	r4, r6
 80075ba:	4622      	mov	r2, r4
 80075bc:	4629      	mov	r1, r5
 80075be:	bf28      	it	cs
 80075c0:	4632      	movcs	r2, r6
 80075c2:	f7ff f91e 	bl	8006802 <memcpy>
 80075c6:	4629      	mov	r1, r5
 80075c8:	4638      	mov	r0, r7
 80075ca:	f7ff f953 	bl	8006874 <_free_r>
 80075ce:	e7f1      	b.n	80075b4 <_realloc_r+0x40>

080075d0 <_sungetc_r>:
 80075d0:	b538      	push	{r3, r4, r5, lr}
 80075d2:	1c4b      	adds	r3, r1, #1
 80075d4:	4614      	mov	r4, r2
 80075d6:	d103      	bne.n	80075e0 <_sungetc_r+0x10>
 80075d8:	f04f 35ff 	mov.w	r5, #4294967295
 80075dc:	4628      	mov	r0, r5
 80075de:	bd38      	pop	{r3, r4, r5, pc}
 80075e0:	8993      	ldrh	r3, [r2, #12]
 80075e2:	f023 0320 	bic.w	r3, r3, #32
 80075e6:	8193      	strh	r3, [r2, #12]
 80075e8:	6b63      	ldr	r3, [r4, #52]	@ 0x34
 80075ea:	6852      	ldr	r2, [r2, #4]
 80075ec:	b2cd      	uxtb	r5, r1
 80075ee:	b18b      	cbz	r3, 8007614 <_sungetc_r+0x44>
 80075f0:	6ba3      	ldr	r3, [r4, #56]	@ 0x38
 80075f2:	4293      	cmp	r3, r2
 80075f4:	dd08      	ble.n	8007608 <_sungetc_r+0x38>
 80075f6:	6823      	ldr	r3, [r4, #0]
 80075f8:	1e5a      	subs	r2, r3, #1
 80075fa:	6022      	str	r2, [r4, #0]
 80075fc:	f803 5c01 	strb.w	r5, [r3, #-1]
 8007600:	6863      	ldr	r3, [r4, #4]
 8007602:	3301      	adds	r3, #1
 8007604:	6063      	str	r3, [r4, #4]
 8007606:	e7e9      	b.n	80075dc <_sungetc_r+0xc>
 8007608:	4621      	mov	r1, r4
 800760a:	f000 fc7a 	bl	8007f02 <__submore>
 800760e:	2800      	cmp	r0, #0
 8007610:	d0f1      	beq.n	80075f6 <_sungetc_r+0x26>
 8007612:	e7e1      	b.n	80075d8 <_sungetc_r+0x8>
 8007614:	6921      	ldr	r1, [r4, #16]
 8007616:	6823      	ldr	r3, [r4, #0]
 8007618:	b151      	cbz	r1, 8007630 <_sungetc_r+0x60>
 800761a:	4299      	cmp	r1, r3
 800761c:	d208      	bcs.n	8007630 <_sungetc_r+0x60>
 800761e:	f813 1c01 	ldrb.w	r1, [r3, #-1]
 8007622:	42a9      	cmp	r1, r5
 8007624:	d104      	bne.n	8007630 <_sungetc_r+0x60>
 8007626:	3b01      	subs	r3, #1
 8007628:	3201      	adds	r2, #1
 800762a:	6023      	str	r3, [r4, #0]
 800762c:	6062      	str	r2, [r4, #4]
 800762e:	e7d5      	b.n	80075dc <_sungetc_r+0xc>
 8007630:	e9c4 320f 	strd	r3, r2, [r4, #60]	@ 0x3c
 8007634:	f104 0344 	add.w	r3, r4, #68	@ 0x44
 8007638:	6363      	str	r3, [r4, #52]	@ 0x34
 800763a:	2303      	movs	r3, #3
 800763c:	63a3      	str	r3, [r4, #56]	@ 0x38
 800763e:	4623      	mov	r3, r4
 8007640:	f803 5f46 	strb.w	r5, [r3, #70]!
 8007644:	6023      	str	r3, [r4, #0]
 8007646:	2301      	movs	r3, #1
 8007648:	e7dc      	b.n	8007604 <_sungetc_r+0x34>

0800764a <__ssrefill_r>:
 800764a:	b510      	push	{r4, lr}
 800764c:	460c      	mov	r4, r1
 800764e:	6b49      	ldr	r1, [r1, #52]	@ 0x34
 8007650:	b169      	cbz	r1, 800766e <__ssrefill_r+0x24>
 8007652:	f104 0344 	add.w	r3, r4, #68	@ 0x44
 8007656:	4299      	cmp	r1, r3
 8007658:	d001      	beq.n	800765e <__ssrefill_r+0x14>
 800765a:	f7ff f90b 	bl	8006874 <_free_r>
 800765e:	6c23      	ldr	r3, [r4, #64]	@ 0x40
 8007660:	6063      	str	r3, [r4, #4]
 8007662:	2000      	movs	r0, #0
 8007664:	6360      	str	r0, [r4, #52]	@ 0x34
 8007666:	b113      	cbz	r3, 800766e <__ssrefill_r+0x24>
 8007668:	6be3      	ldr	r3, [r4, #60]	@ 0x3c
 800766a:	6023      	str	r3, [r4, #0]
 800766c:	bd10      	pop	{r4, pc}
 800766e:	6923      	ldr	r3, [r4, #16]
 8007670:	6023      	str	r3, [r4, #0]
 8007672:	2300      	movs	r3, #0
 8007674:	6063      	str	r3, [r4, #4]
 8007676:	89a3      	ldrh	r3, [r4, #12]
 8007678:	f043 0320 	orr.w	r3, r3, #32
 800767c:	81a3      	strh	r3, [r4, #12]
 800767e:	f04f 30ff 	mov.w	r0, #4294967295
 8007682:	e7f3      	b.n	800766c <__ssrefill_r+0x22>

08007684 <__ssvfiscanf_r>:
 8007684:	e92d 4ff0 	stmdb	sp!, {r4, r5, r6, r7, r8, r9, sl, fp, lr}
 8007688:	460c      	mov	r4, r1
 800768a:	f5ad 7d23 	sub.w	sp, sp, #652	@ 0x28c
 800768e:	2100      	movs	r1, #0
 8007690:	e9cd 1144 	strd	r1, r1, [sp, #272]	@ 0x110
 8007694:	49a6      	ldr	r1, [pc, #664]	@ (8007930 <__ssvfiscanf_r+0x2ac>)
 8007696:	91a0      	str	r1, [sp, #640]	@ 0x280
 8007698:	f10d 0804 	add.w	r8, sp, #4
 800769c:	49a5      	ldr	r1, [pc, #660]	@ (8007934 <__ssvfiscanf_r+0x2b0>)
 800769e:	4fa6      	ldr	r7, [pc, #664]	@ (8007938 <__ssvfiscanf_r+0x2b4>)
 80076a0:	f8cd 8118 	str.w	r8, [sp, #280]	@ 0x118
 80076a4:	4606      	mov	r6, r0
 80076a6:	91a1      	str	r1, [sp, #644]	@ 0x284
 80076a8:	9300      	str	r3, [sp, #0]
 80076aa:	f892 9000 	ldrb.w	r9, [r2]
 80076ae:	f1b9 0f00 	cmp.w	r9, #0
 80076b2:	f000 8158 	beq.w	8007966 <__ssvfiscanf_r+0x2e2>
 80076b6:	f817 3009 	ldrb.w	r3, [r7, r9]
 80076ba:	f013 0308 	ands.w	r3, r3, #8
 80076be:	f102 0501 	add.w	r5, r2, #1
 80076c2:	d019      	beq.n	80076f8 <__ssvfiscanf_r+0x74>
 80076c4:	6863      	ldr	r3, [r4, #4]
 80076c6:	2b00      	cmp	r3, #0
 80076c8:	dd0f      	ble.n	80076ea <__ssvfiscanf_r+0x66>
 80076ca:	6823      	ldr	r3, [r4, #0]
 80076cc:	781a      	ldrb	r2, [r3, #0]
 80076ce:	5cba      	ldrb	r2, [r7, r2]
 80076d0:	0712      	lsls	r2, r2, #28
 80076d2:	d401      	bmi.n	80076d8 <__ssvfiscanf_r+0x54>
 80076d4:	462a      	mov	r2, r5
 80076d6:	e7e8      	b.n	80076aa <__ssvfiscanf_r+0x26>
 80076d8:	9a45      	ldr	r2, [sp, #276]	@ 0x114
 80076da:	3201      	adds	r2, #1
 80076dc:	9245      	str	r2, [sp, #276]	@ 0x114
 80076de:	6862      	ldr	r2, [r4, #4]
 80076e0:	3301      	adds	r3, #1
 80076e2:	3a01      	subs	r2, #1
 80076e4:	6062      	str	r2, [r4, #4]
 80076e6:	6023      	str	r3, [r4, #0]
 80076e8:	e7ec      	b.n	80076c4 <__ssvfiscanf_r+0x40>
 80076ea:	9ba1      	ldr	r3, [sp, #644]	@ 0x284
 80076ec:	4621      	mov	r1, r4
 80076ee:	4630      	mov	r0, r6
 80076f0:	4798      	blx	r3
 80076f2:	2800      	cmp	r0, #0
 80076f4:	d0e9      	beq.n	80076ca <__ssvfiscanf_r+0x46>
 80076f6:	e7ed      	b.n	80076d4 <__ssvfiscanf_r+0x50>
 80076f8:	f1b9 0f25 	cmp.w	r9, #37	@ 0x25
 80076fc:	f040 8085 	bne.w	800780a <__ssvfiscanf_r+0x186>
 8007700:	9341      	str	r3, [sp, #260]	@ 0x104
 8007702:	9343      	str	r3, [sp, #268]	@ 0x10c
 8007704:	7853      	ldrb	r3, [r2, #1]
 8007706:	2b2a      	cmp	r3, #42	@ 0x2a
 8007708:	bf02      	ittt	eq
 800770a:	2310      	moveq	r3, #16
 800770c:	1c95      	addeq	r5, r2, #2
 800770e:	9341      	streq	r3, [sp, #260]	@ 0x104
 8007710:	220a      	movs	r2, #10
 8007712:	46aa      	mov	sl, r5
 8007714:	f81a 1b01 	ldrb.w	r1, [sl], #1
 8007718:	f1a1 0330 	sub.w	r3, r1, #48	@ 0x30
 800771c:	2b09      	cmp	r3, #9
 800771e:	d91e      	bls.n	800775e <__ssvfiscanf_r+0xda>
 8007720:	f8df b218 	ldr.w	fp, [pc, #536]	@ 800793c <__ssvfiscanf_r+0x2b8>
 8007724:	2203      	movs	r2, #3
 8007726:	4658      	mov	r0, fp
 8007728:	f7f8 fd52 	bl	80001d0 <memchr>
 800772c:	b138      	cbz	r0, 800773e <__ssvfiscanf_r+0xba>
 800772e:	9a41      	ldr	r2, [sp, #260]	@ 0x104
 8007730:	eba0 000b 	sub.w	r0, r0, fp
 8007734:	2301      	movs	r3, #1
 8007736:	4083      	lsls	r3, r0
 8007738:	4313      	orrs	r3, r2
 800773a:	9341      	str	r3, [sp, #260]	@ 0x104
 800773c:	4655      	mov	r5, sl
 800773e:	f815 3b01 	ldrb.w	r3, [r5], #1
 8007742:	2b78      	cmp	r3, #120	@ 0x78
 8007744:	d806      	bhi.n	8007754 <__ssvfiscanf_r+0xd0>
 8007746:	2b57      	cmp	r3, #87	@ 0x57
 8007748:	d810      	bhi.n	800776c <__ssvfiscanf_r+0xe8>
 800774a:	2b25      	cmp	r3, #37	@ 0x25
 800774c:	d05d      	beq.n	800780a <__ssvfiscanf_r+0x186>
 800774e:	d857      	bhi.n	8007800 <__ssvfiscanf_r+0x17c>
 8007750:	2b00      	cmp	r3, #0
 8007752:	d075      	beq.n	8007840 <__ssvfiscanf_r+0x1bc>
 8007754:	2303      	movs	r3, #3
 8007756:	9347      	str	r3, [sp, #284]	@ 0x11c
 8007758:	230a      	movs	r3, #10
 800775a:	9342      	str	r3, [sp, #264]	@ 0x108
 800775c:	e088      	b.n	8007870 <__ssvfiscanf_r+0x1ec>
 800775e:	9b43      	ldr	r3, [sp, #268]	@ 0x10c
 8007760:	fb02 1103 	mla	r1, r2, r3, r1
 8007764:	3930      	subs	r1, #48	@ 0x30
 8007766:	9143      	str	r1, [sp, #268]	@ 0x10c
 8007768:	4655      	mov	r5, sl
 800776a:	e7d2      	b.n	8007712 <__ssvfiscanf_r+0x8e>
 800776c:	f1a3 0258 	sub.w	r2, r3, #88	@ 0x58
 8007770:	2a20      	cmp	r2, #32
 8007772:	d8ef      	bhi.n	8007754 <__ssvfiscanf_r+0xd0>
 8007774:	a101      	add	r1, pc, #4	@ (adr r1, 800777c <__ssvfiscanf_r+0xf8>)
 8007776:	f851 f022 	ldr.w	pc, [r1, r2, lsl #2]
 800777a:	bf00      	nop
 800777c:	0800784f 	.word	0x0800784f
 8007780:	08007755 	.word	0x08007755
 8007784:	08007755 	.word	0x08007755
 8007788:	080078a9 	.word	0x080078a9
 800778c:	08007755 	.word	0x08007755
 8007790:	08007755 	.word	0x08007755
 8007794:	08007755 	.word	0x08007755
 8007798:	08007755 	.word	0x08007755
 800779c:	08007755 	.word	0x08007755
 80077a0:	08007755 	.word	0x08007755
 80077a4:	08007755 	.word	0x08007755
 80077a8:	080078bf 	.word	0x080078bf
 80077ac:	080078a5 	.word	0x080078a5
 80077b0:	08007807 	.word	0x08007807
 80077b4:	08007807 	.word	0x08007807
 80077b8:	08007807 	.word	0x08007807
 80077bc:	08007755 	.word	0x08007755
 80077c0:	08007861 	.word	0x08007861
 80077c4:	08007755 	.word	0x08007755
 80077c8:	08007755 	.word	0x08007755
 80077cc:	08007755 	.word	0x08007755
 80077d0:	08007755 	.word	0x08007755
 80077d4:	080078cf 	.word	0x080078cf
 80077d8:	08007869 	.word	0x08007869
 80077dc:	08007847 	.word	0x08007847
 80077e0:	08007755 	.word	0x08007755
 80077e4:	08007755 	.word	0x08007755
 80077e8:	080078cb 	.word	0x080078cb
 80077ec:	08007755 	.word	0x08007755
 80077f0:	080078a5 	.word	0x080078a5
 80077f4:	08007755 	.word	0x08007755
 80077f8:	08007755 	.word	0x08007755
 80077fc:	0800784f 	.word	0x0800784f
 8007800:	3b45      	subs	r3, #69	@ 0x45
 8007802:	2b02      	cmp	r3, #2
 8007804:	d8a6      	bhi.n	8007754 <__ssvfiscanf_r+0xd0>
 8007806:	2305      	movs	r3, #5
 8007808:	e031      	b.n	800786e <__ssvfiscanf_r+0x1ea>
 800780a:	6863      	ldr	r3, [r4, #4]
 800780c:	2b00      	cmp	r3, #0
 800780e:	dd0d      	ble.n	800782c <__ssvfiscanf_r+0x1a8>
 8007810:	6823      	ldr	r3, [r4, #0]
 8007812:	781a      	ldrb	r2, [r3, #0]
 8007814:	454a      	cmp	r2, r9
 8007816:	f040 80a6 	bne.w	8007966 <__ssvfiscanf_r+0x2e2>
 800781a:	3301      	adds	r3, #1
 800781c:	6862      	ldr	r2, [r4, #4]
 800781e:	6023      	str	r3, [r4, #0]
 8007820:	9b45      	ldr	r3, [sp, #276]	@ 0x114
 8007822:	3a01      	subs	r2, #1
 8007824:	3301      	adds	r3, #1
 8007826:	6062      	str	r2, [r4, #4]
 8007828:	9345      	str	r3, [sp, #276]	@ 0x114
 800782a:	e753      	b.n	80076d4 <__ssvfiscanf_r+0x50>
 800782c:	9ba1      	ldr	r3, [sp, #644]	@ 0x284
 800782e:	4621      	mov	r1, r4
 8007830:	4630      	mov	r0, r6
 8007832:	4798      	blx	r3
 8007834:	2800      	cmp	r0, #0
 8007836:	d0eb      	beq.n	8007810 <__ssvfiscanf_r+0x18c>
 8007838:	9844      	ldr	r0, [sp, #272]	@ 0x110
 800783a:	2800      	cmp	r0, #0
 800783c:	f040 808b 	bne.w	8007956 <__ssvfiscanf_r+0x2d2>
 8007840:	f04f 30ff 	mov.w	r0, #4294967295
 8007844:	e08b      	b.n	800795e <__ssvfiscanf_r+0x2da>
 8007846:	9a41      	ldr	r2, [sp, #260]	@ 0x104
 8007848:	f042 0220 	orr.w	r2, r2, #32
 800784c:	9241      	str	r2, [sp, #260]	@ 0x104
 800784e:	9a41      	ldr	r2, [sp, #260]	@ 0x104
 8007850:	f442 7200 	orr.w	r2, r2, #512	@ 0x200
 8007854:	9241      	str	r2, [sp, #260]	@ 0x104
 8007856:	2210      	movs	r2, #16
 8007858:	2b6e      	cmp	r3, #110	@ 0x6e
 800785a:	9242      	str	r2, [sp, #264]	@ 0x108
 800785c:	d902      	bls.n	8007864 <__ssvfiscanf_r+0x1e0>
 800785e:	e005      	b.n	800786c <__ssvfiscanf_r+0x1e8>
 8007860:	2300      	movs	r3, #0
 8007862:	9342      	str	r3, [sp, #264]	@ 0x108
 8007864:	2303      	movs	r3, #3
 8007866:	e002      	b.n	800786e <__ssvfiscanf_r+0x1ea>
 8007868:	2308      	movs	r3, #8
 800786a:	9342      	str	r3, [sp, #264]	@ 0x108
 800786c:	2304      	movs	r3, #4
 800786e:	9347      	str	r3, [sp, #284]	@ 0x11c
 8007870:	6863      	ldr	r3, [r4, #4]
 8007872:	2b00      	cmp	r3, #0
 8007874:	dd39      	ble.n	80078ea <__ssvfiscanf_r+0x266>
 8007876:	9b41      	ldr	r3, [sp, #260]	@ 0x104
 8007878:	0659      	lsls	r1, r3, #25
 800787a:	d404      	bmi.n	8007886 <__ssvfiscanf_r+0x202>
 800787c:	6823      	ldr	r3, [r4, #0]
 800787e:	781a      	ldrb	r2, [r3, #0]
 8007880:	5cba      	ldrb	r2, [r7, r2]
 8007882:	0712      	lsls	r2, r2, #28
 8007884:	d438      	bmi.n	80078f8 <__ssvfiscanf_r+0x274>
 8007886:	9b47      	ldr	r3, [sp, #284]	@ 0x11c
 8007888:	2b02      	cmp	r3, #2
 800788a:	dc47      	bgt.n	800791c <__ssvfiscanf_r+0x298>
 800788c:	466b      	mov	r3, sp
 800788e:	4622      	mov	r2, r4
 8007890:	a941      	add	r1, sp, #260	@ 0x104
 8007892:	4630      	mov	r0, r6
 8007894:	f000 f9ae 	bl	8007bf4 <_scanf_chars>
 8007898:	2801      	cmp	r0, #1
 800789a:	d064      	beq.n	8007966 <__ssvfiscanf_r+0x2e2>
 800789c:	2802      	cmp	r0, #2
 800789e:	f47f af19 	bne.w	80076d4 <__ssvfiscanf_r+0x50>
 80078a2:	e7c9      	b.n	8007838 <__ssvfiscanf_r+0x1b4>
 80078a4:	220a      	movs	r2, #10
 80078a6:	e7d7      	b.n	8007858 <__ssvfiscanf_r+0x1d4>
 80078a8:	4629      	mov	r1, r5
 80078aa:	4640      	mov	r0, r8
 80078ac:	f000 faf0 	bl	8007e90 <__sccl>
 80078b0:	9b41      	ldr	r3, [sp, #260]	@ 0x104
 80078b2:	f043 0340 	orr.w	r3, r3, #64	@ 0x40
 80078b6:	9341      	str	r3, [sp, #260]	@ 0x104
 80078b8:	4605      	mov	r5, r0
 80078ba:	2301      	movs	r3, #1
 80078bc:	e7d7      	b.n	800786e <__ssvfiscanf_r+0x1ea>
 80078be:	9b41      	ldr	r3, [sp, #260]	@ 0x104
 80078c0:	f043 0340 	orr.w	r3, r3, #64	@ 0x40
 80078c4:	9341      	str	r3, [sp, #260]	@ 0x104
 80078c6:	2300      	movs	r3, #0
 80078c8:	e7d1      	b.n	800786e <__ssvfiscanf_r+0x1ea>
 80078ca:	2302      	movs	r3, #2
 80078cc:	e7cf      	b.n	800786e <__ssvfiscanf_r+0x1ea>
 80078ce:	9841      	ldr	r0, [sp, #260]	@ 0x104
 80078d0:	06c3      	lsls	r3, r0, #27
 80078d2:	f53f aeff 	bmi.w	80076d4 <__ssvfiscanf_r+0x50>
 80078d6:	9b00      	ldr	r3, [sp, #0]
 80078d8:	9a45      	ldr	r2, [sp, #276]	@ 0x114
 80078da:	1d19      	adds	r1, r3, #4
 80078dc:	9100      	str	r1, [sp, #0]
 80078de:	681b      	ldr	r3, [r3, #0]
 80078e0:	07c0      	lsls	r0, r0, #31
 80078e2:	bf4c      	ite	mi
 80078e4:	801a      	strhmi	r2, [r3, #0]
 80078e6:	601a      	strpl	r2, [r3, #0]
 80078e8:	e6f4      	b.n	80076d4 <__ssvfiscanf_r+0x50>
 80078ea:	9ba1      	ldr	r3, [sp, #644]	@ 0x284
 80078ec:	4621      	mov	r1, r4
 80078ee:	4630      	mov	r0, r6
 80078f0:	4798      	blx	r3
 80078f2:	2800      	cmp	r0, #0
 80078f4:	d0bf      	beq.n	8007876 <__ssvfiscanf_r+0x1f2>
 80078f6:	e79f      	b.n	8007838 <__ssvfiscanf_r+0x1b4>
 80078f8:	9a45      	ldr	r2, [sp, #276]	@ 0x114
 80078fa:	3201      	adds	r2, #1
 80078fc:	9245      	str	r2, [sp, #276]	@ 0x114
 80078fe:	6862      	ldr	r2, [r4, #4]
 8007900:	3a01      	subs	r2, #1
 8007902:	2a00      	cmp	r2, #0
 8007904:	6062      	str	r2, [r4, #4]
 8007906:	dd02      	ble.n	800790e <__ssvfiscanf_r+0x28a>
 8007908:	3301      	adds	r3, #1
 800790a:	6023      	str	r3, [r4, #0]
 800790c:	e7b6      	b.n	800787c <__ssvfiscanf_r+0x1f8>
 800790e:	9ba1      	ldr	r3, [sp, #644]	@ 0x284
 8007910:	4621      	mov	r1, r4
 8007912:	4630      	mov	r0, r6
 8007914:	4798      	blx	r3
 8007916:	2800      	cmp	r0, #0
 8007918:	d0b0      	beq.n	800787c <__ssvfiscanf_r+0x1f8>
 800791a:	e78d      	b.n	8007838 <__ssvfiscanf_r+0x1b4>
 800791c:	2b04      	cmp	r3, #4
 800791e:	dc0f      	bgt.n	8007940 <__ssvfiscanf_r+0x2bc>
 8007920:	466b      	mov	r3, sp
 8007922:	4622      	mov	r2, r4
 8007924:	a941      	add	r1, sp, #260	@ 0x104
 8007926:	4630      	mov	r0, r6
 8007928:	f000 f9be 	bl	8007ca8 <_scanf_i>
 800792c:	e7b4      	b.n	8007898 <__ssvfiscanf_r+0x214>
 800792e:	bf00      	nop
 8007930:	080075d1 	.word	0x080075d1
 8007934:	0800764b 	.word	0x0800764b
 8007938:	08009369 	.word	0x08009369
 800793c:	08009163 	.word	0x08009163
 8007940:	4b0a      	ldr	r3, [pc, #40]	@ (800796c <__ssvfiscanf_r+0x2e8>)
 8007942:	2b00      	cmp	r3, #0
 8007944:	f43f aec6 	beq.w	80076d4 <__ssvfiscanf_r+0x50>
 8007948:	466b      	mov	r3, sp
 800794a:	4622      	mov	r2, r4
 800794c:	a941      	add	r1, sp, #260	@ 0x104
 800794e:	4630      	mov	r0, r6
 8007950:	f3af 8000 	nop.w
 8007954:	e7a0      	b.n	8007898 <__ssvfiscanf_r+0x214>
 8007956:	89a3      	ldrh	r3, [r4, #12]
 8007958:	065b      	lsls	r3, r3, #25
 800795a:	f53f af71 	bmi.w	8007840 <__ssvfiscanf_r+0x1bc>
 800795e:	f50d 7d23 	add.w	sp, sp, #652	@ 0x28c
 8007962:	e8bd 8ff0 	ldmia.w	sp!, {r4, r5, r6, r7, r8, r9, sl, fp, pc}
 8007966:	9844      	ldr	r0, [sp, #272]	@ 0x110
 8007968:	e7f9      	b.n	800795e <__ssvfiscanf_r+0x2da>
 800796a:	bf00      	nop
 800796c:	00000000 	.word	0x00000000

08007970 <__sfputc_r>:
 8007970:	6893      	ldr	r3, [r2, #8]
 8007972:	3b01      	subs	r3, #1
 8007974:	2b00      	cmp	r3, #0
 8007976:	b410      	push	{r4}
 8007978:	6093      	str	r3, [r2, #8]
 800797a:	da08      	bge.n	800798e <__sfputc_r+0x1e>
 800797c:	6994      	ldr	r4, [r2, #24]
 800797e:	42a3      	cmp	r3, r4
 8007980:	db01      	blt.n	8007986 <__sfputc_r+0x16>
 8007982:	290a      	cmp	r1, #10
 8007984:	d103      	bne.n	800798e <__sfputc_r+0x1e>
 8007986:	f85d 4b04 	ldr.w	r4, [sp], #4
 800798a:	f000 baf4 	b.w	8007f76 <__swbuf_r>
 800798e:	6813      	ldr	r3, [r2, #0]
 8007990:	1c58      	adds	r0, r3, #1
 8007992:	6010      	str	r0, [r2, #0]
 8007994:	7019      	strb	r1, [r3, #0]
 8007996:	4608      	mov	r0, r1
 8007998:	f85d 4b04 	ldr.w	r4, [sp], #4
 800799c:	4770      	bx	lr

0800799e <__sfputs_r>:
 800799e:	b5f8      	push	{r3, r4, r5, r6, r7, lr}
 80079a0:	4606      	mov	r6, r0
 80079a2:	460f      	mov	r7, r1
 80079a4:	4614      	mov	r4, r2
 80079a6:	18d5      	adds	r5, r2, r3
 80079a8:	42ac      	cmp	r4, r5
 80079aa:	d101      	bne.n	80079b0 <__sfputs_r+0x12>
 80079ac:	2000      	movs	r0, #0
 80079ae:	e007      	b.n	80079c0 <__sfputs_r+0x22>
 80079b0:	f814 1b01 	ldrb.w	r1, [r4], #1
 80079b4:	463a      	mov	r2, r7
 80079b6:	4630      	mov	r0, r6
 80079b8:	f7ff ffda 	bl	8007970 <__sfputc_r>
 80079bc:	1c43      	adds	r3, r0, #1
 80079be:	d1f3      	bne.n	80079a8 <__sfputs_r+0xa>
 80079c0:	bdf8      	pop	{r3, r4, r5, r6, r7, pc}
	...

080079c4 <_vfiprintf_r>:
 80079c4:	e92d 4ff0 	stmdb	sp!, {r4, r5, r6, r7, r8, r9, sl, fp, lr}
 80079c8:	460d      	mov	r5, r1
 80079ca:	b09d      	sub	sp, #116	@ 0x74
 80079cc:	4614      	mov	r4, r2
 80079ce:	4698      	mov	r8, r3
 80079d0:	4606      	mov	r6, r0
 80079d2:	b118      	cbz	r0, 80079dc <_vfiprintf_r+0x18>
 80079d4:	6a03      	ldr	r3, [r0, #32]
 80079d6:	b90b      	cbnz	r3, 80079dc <_vfiprintf_r+0x18>
 80079d8:	f7fd fa2c 	bl	8004e34 <__sinit>
 80079dc:	6e6b      	ldr	r3, [r5, #100]	@ 0x64
 80079de:	07d9      	lsls	r1, r3, #31
 80079e0:	d405      	bmi.n	80079ee <_vfiprintf_r+0x2a>
 80079e2:	89ab      	ldrh	r3, [r5, #12]
 80079e4:	059a      	lsls	r2, r3, #22
 80079e6:	d402      	bmi.n	80079ee <_vfiprintf_r+0x2a>
 80079e8:	6da8      	ldr	r0, [r5, #88]	@ 0x58
 80079ea:	f7fe feff 	bl	80067ec <__retarget_lock_acquire_recursive>
 80079ee:	89ab      	ldrh	r3, [r5, #12]
 80079f0:	071b      	lsls	r3, r3, #28
 80079f2:	d501      	bpl.n	80079f8 <_vfiprintf_r+0x34>
 80079f4:	692b      	ldr	r3, [r5, #16]
 80079f6:	b99b      	cbnz	r3, 8007a20 <_vfiprintf_r+0x5c>
 80079f8:	4629      	mov	r1, r5
 80079fa:	4630      	mov	r0, r6
 80079fc:	f000 fafa 	bl	8007ff4 <__swsetup_r>
 8007a00:	b170      	cbz	r0, 8007a20 <_vfiprintf_r+0x5c>
 8007a02:	6e6b      	ldr	r3, [r5, #100]	@ 0x64
 8007a04:	07dc      	lsls	r4, r3, #31
 8007a06:	d504      	bpl.n	8007a12 <_vfiprintf_r+0x4e>
 8007a08:	f04f 30ff 	mov.w	r0, #4294967295
 8007a0c:	b01d      	add	sp, #116	@ 0x74
 8007a0e:	e8bd 8ff0 	ldmia.w	sp!, {r4, r5, r6, r7, r8, r9, sl, fp, pc}
 8007a12:	89ab      	ldrh	r3, [r5, #12]
 8007a14:	0598      	lsls	r0, r3, #22
 8007a16:	d4f7      	bmi.n	8007a08 <_vfiprintf_r+0x44>
 8007a18:	6da8      	ldr	r0, [r5, #88]	@ 0x58
 8007a1a:	f7fe fee9 	bl	80067f0 <__retarget_lock_release_recursive>
 8007a1e:	e7f3      	b.n	8007a08 <_vfiprintf_r+0x44>
 8007a20:	2300      	movs	r3, #0
 8007a22:	9309      	str	r3, [sp, #36]	@ 0x24
 8007a24:	2320      	movs	r3, #32
 8007a26:	f88d 3029 	strb.w	r3, [sp, #41]	@ 0x29
 8007a2a:	f8cd 800c 	str.w	r8, [sp, #12]
 8007a2e:	2330      	movs	r3, #48	@ 0x30
 8007a30:	f8df 81ac 	ldr.w	r8, [pc, #428]	@ 8007be0 <_vfiprintf_r+0x21c>
 8007a34:	f88d 302a 	strb.w	r3, [sp, #42]	@ 0x2a
 8007a38:	f04f 0901 	mov.w	r9, #1
 8007a3c:	4623      	mov	r3, r4
 8007a3e:	469a      	mov	sl, r3
 8007a40:	f813 2b01 	ldrb.w	r2, [r3], #1
 8007a44:	b10a      	cbz	r2, 8007a4a <_vfiprintf_r+0x86>
 8007a46:	2a25      	cmp	r2, #37	@ 0x25
 8007a48:	d1f9      	bne.n	8007a3e <_vfiprintf_r+0x7a>
 8007a4a:	ebba 0b04 	subs.w	fp, sl, r4
 8007a4e:	d00b      	beq.n	8007a68 <_vfiprintf_r+0xa4>
 8007a50:	465b      	mov	r3, fp
 8007a52:	4622      	mov	r2, r4
 8007a54:	4629      	mov	r1, r5
 8007a56:	4630      	mov	r0, r6
 8007a58:	f7ff ffa1 	bl	800799e <__sfputs_r>
 8007a5c:	3001      	adds	r0, #1
 8007a5e:	f000 80a7 	beq.w	8007bb0 <_vfiprintf_r+0x1ec>
 8007a62:	9a09      	ldr	r2, [sp, #36]	@ 0x24
 8007a64:	445a      	add	r2, fp
 8007a66:	9209      	str	r2, [sp, #36]	@ 0x24
 8007a68:	f89a 3000 	ldrb.w	r3, [sl]
 8007a6c:	2b00      	cmp	r3, #0
 8007a6e:	f000 809f 	beq.w	8007bb0 <_vfiprintf_r+0x1ec>
 8007a72:	2300      	movs	r3, #0
 8007a74:	f04f 32ff 	mov.w	r2, #4294967295
 8007a78:	e9cd 2305 	strd	r2, r3, [sp, #20]
 8007a7c:	f10a 0a01 	add.w	sl, sl, #1
 8007a80:	9304      	str	r3, [sp, #16]
 8007a82:	9307      	str	r3, [sp, #28]
 8007a84:	f88d 3053 	strb.w	r3, [sp, #83]	@ 0x53
 8007a88:	931a      	str	r3, [sp, #104]	@ 0x68
 8007a8a:	4654      	mov	r4, sl
 8007a8c:	2205      	movs	r2, #5
 8007a8e:	f814 1b01 	ldrb.w	r1, [r4], #1
 8007a92:	4853      	ldr	r0, [pc, #332]	@ (8007be0 <_vfiprintf_r+0x21c>)
 8007a94:	f7f8 fb9c 	bl	80001d0 <memchr>
 8007a98:	9a04      	ldr	r2, [sp, #16]
 8007a9a:	b9d8      	cbnz	r0, 8007ad4 <_vfiprintf_r+0x110>
 8007a9c:	06d1      	lsls	r1, r2, #27
 8007a9e:	bf44      	itt	mi
 8007aa0:	2320      	movmi	r3, #32
 8007aa2:	f88d 3053 	strbmi.w	r3, [sp, #83]	@ 0x53
 8007aa6:	0713      	lsls	r3, r2, #28
 8007aa8:	bf44      	itt	mi
 8007aaa:	232b      	movmi	r3, #43	@ 0x2b
 8007aac:	f88d 3053 	strbmi.w	r3, [sp, #83]	@ 0x53
 8007ab0:	f89a 3000 	ldrb.w	r3, [sl]
 8007ab4:	2b2a      	cmp	r3, #42	@ 0x2a
 8007ab6:	d015      	beq.n	8007ae4 <_vfiprintf_r+0x120>
 8007ab8:	9a07      	ldr	r2, [sp, #28]
 8007aba:	4654      	mov	r4, sl
 8007abc:	2000      	movs	r0, #0
 8007abe:	f04f 0c0a 	mov.w	ip, #10
 8007ac2:	4621      	mov	r1, r4
 8007ac4:	f811 3b01 	ldrb.w	r3, [r1], #1
 8007ac8:	3b30      	subs	r3, #48	@ 0x30
 8007aca:	2b09      	cmp	r3, #9
 8007acc:	d94b      	bls.n	8007b66 <_vfiprintf_r+0x1a2>
 8007ace:	b1b0      	cbz	r0, 8007afe <_vfiprintf_r+0x13a>
 8007ad0:	9207      	str	r2, [sp, #28]
 8007ad2:	e014      	b.n	8007afe <_vfiprintf_r+0x13a>
 8007ad4:	eba0 0308 	sub.w	r3, r0, r8
 8007ad8:	fa09 f303 	lsl.w	r3, r9, r3
 8007adc:	4313      	orrs	r3, r2
 8007ade:	9304      	str	r3, [sp, #16]
 8007ae0:	46a2      	mov	sl, r4
 8007ae2:	e7d2      	b.n	8007a8a <_vfiprintf_r+0xc6>
 8007ae4:	9b03      	ldr	r3, [sp, #12]
 8007ae6:	1d19      	adds	r1, r3, #4
 8007ae8:	681b      	ldr	r3, [r3, #0]
 8007aea:	9103      	str	r1, [sp, #12]
 8007aec:	2b00      	cmp	r3, #0
 8007aee:	bfbb      	ittet	lt
 8007af0:	425b      	neglt	r3, r3
 8007af2:	f042 0202 	orrlt.w	r2, r2, #2
 8007af6:	9307      	strge	r3, [sp, #28]
 8007af8:	9307      	strlt	r3, [sp, #28]
 8007afa:	bfb8      	it	lt
 8007afc:	9204      	strlt	r2, [sp, #16]
 8007afe:	7823      	ldrb	r3, [r4, #0]
 8007b00:	2b2e      	cmp	r3, #46	@ 0x2e
 8007b02:	d10a      	bne.n	8007b1a <_vfiprintf_r+0x156>
 8007b04:	7863      	ldrb	r3, [r4, #1]
 8007b06:	2b2a      	cmp	r3, #42	@ 0x2a
 8007b08:	d132      	bne.n	8007b70 <_vfiprintf_r+0x1ac>
 8007b0a:	9b03      	ldr	r3, [sp, #12]
 8007b0c:	1d1a      	adds	r2, r3, #4
 8007b0e:	681b      	ldr	r3, [r3, #0]
 8007b10:	9203      	str	r2, [sp, #12]
 8007b12:	ea43 73e3 	orr.w	r3, r3, r3, asr #31
 8007b16:	3402      	adds	r4, #2
 8007b18:	9305      	str	r3, [sp, #20]
 8007b1a:	f8df a0d4 	ldr.w	sl, [pc, #212]	@ 8007bf0 <_vfiprintf_r+0x22c>
 8007b1e:	7821      	ldrb	r1, [r4, #0]
 8007b20:	2203      	movs	r2, #3
 8007b22:	4650      	mov	r0, sl
 8007b24:	f7f8 fb54 	bl	80001d0 <memchr>
 8007b28:	b138      	cbz	r0, 8007b3a <_vfiprintf_r+0x176>
 8007b2a:	9b04      	ldr	r3, [sp, #16]
 8007b2c:	eba0 000a 	sub.w	r0, r0, sl
 8007b30:	2240      	movs	r2, #64	@ 0x40
 8007b32:	4082      	lsls	r2, r0
 8007b34:	4313      	orrs	r3, r2
 8007b36:	3401      	adds	r4, #1
 8007b38:	9304      	str	r3, [sp, #16]
 8007b3a:	f814 1b01 	ldrb.w	r1, [r4], #1
 8007b3e:	4829      	ldr	r0, [pc, #164]	@ (8007be4 <_vfiprintf_r+0x220>)
 8007b40:	f88d 1028 	strb.w	r1, [sp, #40]	@ 0x28
 8007b44:	2206      	movs	r2, #6
 8007b46:	f7f8 fb43 	bl	80001d0 <memchr>
 8007b4a:	2800      	cmp	r0, #0
 8007b4c:	d03f      	beq.n	8007bce <_vfiprintf_r+0x20a>
 8007b4e:	4b26      	ldr	r3, [pc, #152]	@ (8007be8 <_vfiprintf_r+0x224>)
 8007b50:	bb1b      	cbnz	r3, 8007b9a <_vfiprintf_r+0x1d6>
 8007b52:	9b03      	ldr	r3, [sp, #12]
 8007b54:	3307      	adds	r3, #7
 8007b56:	f023 0307 	bic.w	r3, r3, #7
 8007b5a:	3308      	adds	r3, #8
 8007b5c:	9303      	str	r3, [sp, #12]
 8007b5e:	9b09      	ldr	r3, [sp, #36]	@ 0x24
 8007b60:	443b      	add	r3, r7
 8007b62:	9309      	str	r3, [sp, #36]	@ 0x24
 8007b64:	e76a      	b.n	8007a3c <_vfiprintf_r+0x78>
 8007b66:	fb0c 3202 	mla	r2, ip, r2, r3
 8007b6a:	460c      	mov	r4, r1
 8007b6c:	2001      	movs	r0, #1
 8007b6e:	e7a8      	b.n	8007ac2 <_vfiprintf_r+0xfe>
 8007b70:	2300      	movs	r3, #0
 8007b72:	3401      	adds	r4, #1
 8007b74:	9305      	str	r3, [sp, #20]
 8007b76:	4619      	mov	r1, r3
 8007b78:	f04f 0c0a 	mov.w	ip, #10
 8007b7c:	4620      	mov	r0, r4
 8007b7e:	f810 2b01 	ldrb.w	r2, [r0], #1
 8007b82:	3a30      	subs	r2, #48	@ 0x30
 8007b84:	2a09      	cmp	r2, #9
 8007b86:	d903      	bls.n	8007b90 <_vfiprintf_r+0x1cc>
 8007b88:	2b00      	cmp	r3, #0
 8007b8a:	d0c6      	beq.n	8007b1a <_vfiprintf_r+0x156>
 8007b8c:	9105      	str	r1, [sp, #20]
 8007b8e:	e7c4      	b.n	8007b1a <_vfiprintf_r+0x156>
 8007b90:	fb0c 2101 	mla	r1, ip, r1, r2
 8007b94:	4604      	mov	r4, r0
 8007b96:	2301      	movs	r3, #1
 8007b98:	e7f0      	b.n	8007b7c <_vfiprintf_r+0x1b8>
 8007b9a:	ab03      	add	r3, sp, #12
 8007b9c:	9300      	str	r3, [sp, #0]
 8007b9e:	462a      	mov	r2, r5
 8007ba0:	4b12      	ldr	r3, [pc, #72]	@ (8007bec <_vfiprintf_r+0x228>)
 8007ba2:	a904      	add	r1, sp, #16
 8007ba4:	4630      	mov	r0, r6
 8007ba6:	f3af 8000 	nop.w
 8007baa:	4607      	mov	r7, r0
 8007bac:	1c78      	adds	r0, r7, #1
 8007bae:	d1d6      	bne.n	8007b5e <_vfiprintf_r+0x19a>
 8007bb0:	6e6b      	ldr	r3, [r5, #100]	@ 0x64
 8007bb2:	07d9      	lsls	r1, r3, #31
 8007bb4:	d405      	bmi.n	8007bc2 <_vfiprintf_r+0x1fe>
 8007bb6:	89ab      	ldrh	r3, [r5, #12]
 8007bb8:	059a      	lsls	r2, r3, #22
 8007bba:	d402      	bmi.n	8007bc2 <_vfiprintf_r+0x1fe>
 8007bbc:	6da8      	ldr	r0, [r5, #88]	@ 0x58
 8007bbe:	f7fe fe17 	bl	80067f0 <__retarget_lock_release_recursive>
 8007bc2:	89ab      	ldrh	r3, [r5, #12]
 8007bc4:	065b      	lsls	r3, r3, #25
 8007bc6:	f53f af1f 	bmi.w	8007a08 <_vfiprintf_r+0x44>
 8007bca:	9809      	ldr	r0, [sp, #36]	@ 0x24
 8007bcc:	e71e      	b.n	8007a0c <_vfiprintf_r+0x48>
 8007bce:	ab03      	add	r3, sp, #12
 8007bd0:	9300      	str	r3, [sp, #0]
 8007bd2:	462a      	mov	r2, r5
 8007bd4:	4b05      	ldr	r3, [pc, #20]	@ (8007bec <_vfiprintf_r+0x228>)
 8007bd6:	a904      	add	r1, sp, #16
 8007bd8:	4630      	mov	r0, r6
 8007bda:	f7ff f9db 	bl	8006f94 <_printf_i>
 8007bde:	e7e4      	b.n	8007baa <_vfiprintf_r+0x1e6>
 8007be0:	0800915d 	.word	0x0800915d
 8007be4:	08009167 	.word	0x08009167
 8007be8:	00000000 	.word	0x00000000
 8007bec:	0800799f 	.word	0x0800799f
 8007bf0:	08009163 	.word	0x08009163

08007bf4 <_scanf_chars>:
 8007bf4:	e92d 43f8 	stmdb	sp!, {r3, r4, r5, r6, r7, r8, r9, lr}
 8007bf8:	4615      	mov	r5, r2
 8007bfa:	688a      	ldr	r2, [r1, #8]
 8007bfc:	4680      	mov	r8, r0
 8007bfe:	460c      	mov	r4, r1
 8007c00:	b932      	cbnz	r2, 8007c10 <_scanf_chars+0x1c>
 8007c02:	698a      	ldr	r2, [r1, #24]
 8007c04:	2a00      	cmp	r2, #0
 8007c06:	bf14      	ite	ne
 8007c08:	f04f 32ff 	movne.w	r2, #4294967295
 8007c0c:	2201      	moveq	r2, #1
 8007c0e:	608a      	str	r2, [r1, #8]
 8007c10:	6822      	ldr	r2, [r4, #0]
 8007c12:	f8df 9090 	ldr.w	r9, [pc, #144]	@ 8007ca4 <_scanf_chars+0xb0>
 8007c16:	06d1      	lsls	r1, r2, #27
 8007c18:	bf5f      	itttt	pl
 8007c1a:	681a      	ldrpl	r2, [r3, #0]
 8007c1c:	1d11      	addpl	r1, r2, #4
 8007c1e:	6019      	strpl	r1, [r3, #0]
 8007c20:	6816      	ldrpl	r6, [r2, #0]
 8007c22:	2700      	movs	r7, #0
 8007c24:	69a0      	ldr	r0, [r4, #24]
 8007c26:	b188      	cbz	r0, 8007c4c <_scanf_chars+0x58>
 8007c28:	2801      	cmp	r0, #1
 8007c2a:	d107      	bne.n	8007c3c <_scanf_chars+0x48>
 8007c2c:	682b      	ldr	r3, [r5, #0]
 8007c2e:	781a      	ldrb	r2, [r3, #0]
 8007c30:	6963      	ldr	r3, [r4, #20]
 8007c32:	5c9b      	ldrb	r3, [r3, r2]
 8007c34:	b953      	cbnz	r3, 8007c4c <_scanf_chars+0x58>
 8007c36:	2f00      	cmp	r7, #0
 8007c38:	d031      	beq.n	8007c9e <_scanf_chars+0xaa>
 8007c3a:	e022      	b.n	8007c82 <_scanf_chars+0x8e>
 8007c3c:	2802      	cmp	r0, #2
 8007c3e:	d120      	bne.n	8007c82 <_scanf_chars+0x8e>
 8007c40:	682b      	ldr	r3, [r5, #0]
 8007c42:	781b      	ldrb	r3, [r3, #0]
 8007c44:	f819 3003 	ldrb.w	r3, [r9, r3]
 8007c48:	071b      	lsls	r3, r3, #28
 8007c4a:	d41a      	bmi.n	8007c82 <_scanf_chars+0x8e>
 8007c4c:	6823      	ldr	r3, [r4, #0]
 8007c4e:	06da      	lsls	r2, r3, #27
 8007c50:	bf5e      	ittt	pl
 8007c52:	682b      	ldrpl	r3, [r5, #0]
 8007c54:	781b      	ldrbpl	r3, [r3, #0]
 8007c56:	f806 3b01 	strbpl.w	r3, [r6], #1
 8007c5a:	682a      	ldr	r2, [r5, #0]
 8007c5c:	686b      	ldr	r3, [r5, #4]
 8007c5e:	3201      	adds	r2, #1
 8007c60:	602a      	str	r2, [r5, #0]
 8007c62:	68a2      	ldr	r2, [r4, #8]
 8007c64:	3b01      	subs	r3, #1
 8007c66:	3a01      	subs	r2, #1
 8007c68:	606b      	str	r3, [r5, #4]
 8007c6a:	3701      	adds	r7, #1
 8007c6c:	60a2      	str	r2, [r4, #8]
 8007c6e:	b142      	cbz	r2, 8007c82 <_scanf_chars+0x8e>
 8007c70:	2b00      	cmp	r3, #0
 8007c72:	dcd7      	bgt.n	8007c24 <_scanf_chars+0x30>
 8007c74:	f8d4 3180 	ldr.w	r3, [r4, #384]	@ 0x180
 8007c78:	4629      	mov	r1, r5
 8007c7a:	4640      	mov	r0, r8
 8007c7c:	4798      	blx	r3
 8007c7e:	2800      	cmp	r0, #0
 8007c80:	d0d0      	beq.n	8007c24 <_scanf_chars+0x30>
 8007c82:	6823      	ldr	r3, [r4, #0]
 8007c84:	f013 0310 	ands.w	r3, r3, #16
 8007c88:	d105      	bne.n	8007c96 <_scanf_chars+0xa2>
 8007c8a:	68e2      	ldr	r2, [r4, #12]
 8007c8c:	3201      	adds	r2, #1
 8007c8e:	60e2      	str	r2, [r4, #12]
 8007c90:	69a2      	ldr	r2, [r4, #24]
 8007c92:	b102      	cbz	r2, 8007c96 <_scanf_chars+0xa2>
 8007c94:	7033      	strb	r3, [r6, #0]
 8007c96:	6923      	ldr	r3, [r4, #16]
 8007c98:	443b      	add	r3, r7
 8007c9a:	6123      	str	r3, [r4, #16]
 8007c9c:	2000      	movs	r0, #0
 8007c9e:	e8bd 83f8 	ldmia.w	sp!, {r3, r4, r5, r6, r7, r8, r9, pc}
 8007ca2:	bf00      	nop
 8007ca4:	08009369 	.word	0x08009369

08007ca8 <_scanf_i>:
 8007ca8:	e92d 4ff0 	stmdb	sp!, {r4, r5, r6, r7, r8, r9, sl, fp, lr}
 8007cac:	4698      	mov	r8, r3
 8007cae:	4b74      	ldr	r3, [pc, #464]	@ (8007e80 <_scanf_i+0x1d8>)
 8007cb0:	460c      	mov	r4, r1
 8007cb2:	4682      	mov	sl, r0
 8007cb4:	4616      	mov	r6, r2
 8007cb6:	e893 0007 	ldmia.w	r3, {r0, r1, r2}
 8007cba:	b087      	sub	sp, #28
 8007cbc:	ab03      	add	r3, sp, #12
 8007cbe:	e883 0007 	stmia.w	r3, {r0, r1, r2}
 8007cc2:	4b70      	ldr	r3, [pc, #448]	@ (8007e84 <_scanf_i+0x1dc>)
 8007cc4:	69a1      	ldr	r1, [r4, #24]
 8007cc6:	4a70      	ldr	r2, [pc, #448]	@ (8007e88 <_scanf_i+0x1e0>)
 8007cc8:	2903      	cmp	r1, #3
 8007cca:	bf08      	it	eq
 8007ccc:	461a      	moveq	r2, r3
 8007cce:	68a3      	ldr	r3, [r4, #8]
 8007cd0:	9201      	str	r2, [sp, #4]
 8007cd2:	1e5a      	subs	r2, r3, #1
 8007cd4:	f5b2 7fae 	cmp.w	r2, #348	@ 0x15c
 8007cd8:	bf88      	it	hi
 8007cda:	f46f 75ae 	mvnhi.w	r5, #348	@ 0x15c
 8007cde:	4627      	mov	r7, r4
 8007ce0:	bf82      	ittt	hi
 8007ce2:	eb03 0905 	addhi.w	r9, r3, r5
 8007ce6:	f240 135d 	movwhi	r3, #349	@ 0x15d
 8007cea:	60a3      	strhi	r3, [r4, #8]
 8007cec:	f857 3b1c 	ldr.w	r3, [r7], #28
 8007cf0:	f443 6350 	orr.w	r3, r3, #3328	@ 0xd00
 8007cf4:	bf98      	it	ls
 8007cf6:	f04f 0900 	movls.w	r9, #0
 8007cfa:	6023      	str	r3, [r4, #0]
 8007cfc:	463d      	mov	r5, r7
 8007cfe:	f04f 0b00 	mov.w	fp, #0
 8007d02:	6831      	ldr	r1, [r6, #0]
 8007d04:	ab03      	add	r3, sp, #12
 8007d06:	7809      	ldrb	r1, [r1, #0]
 8007d08:	f853 002b 	ldr.w	r0, [r3, fp, lsl #2]
 8007d0c:	2202      	movs	r2, #2
 8007d0e:	f7f8 fa5f 	bl	80001d0 <memchr>
 8007d12:	b328      	cbz	r0, 8007d60 <_scanf_i+0xb8>
 8007d14:	f1bb 0f01 	cmp.w	fp, #1
 8007d18:	d159      	bne.n	8007dce <_scanf_i+0x126>
 8007d1a:	6862      	ldr	r2, [r4, #4]
 8007d1c:	b92a      	cbnz	r2, 8007d2a <_scanf_i+0x82>
 8007d1e:	6822      	ldr	r2, [r4, #0]
 8007d20:	2108      	movs	r1, #8
 8007d22:	f442 7200 	orr.w	r2, r2, #512	@ 0x200
 8007d26:	6061      	str	r1, [r4, #4]
 8007d28:	6022      	str	r2, [r4, #0]
 8007d2a:	6822      	ldr	r2, [r4, #0]
 8007d2c:	f422 62a0 	bic.w	r2, r2, #1280	@ 0x500
 8007d30:	6022      	str	r2, [r4, #0]
 8007d32:	68a2      	ldr	r2, [r4, #8]
 8007d34:	1e51      	subs	r1, r2, #1
 8007d36:	60a1      	str	r1, [r4, #8]
 8007d38:	b192      	cbz	r2, 8007d60 <_scanf_i+0xb8>
 8007d3a:	6832      	ldr	r2, [r6, #0]
 8007d3c:	1c51      	adds	r1, r2, #1
 8007d3e:	6031      	str	r1, [r6, #0]
 8007d40:	7812      	ldrb	r2, [r2, #0]
 8007d42:	f805 2b01 	strb.w	r2, [r5], #1
 8007d46:	6872      	ldr	r2, [r6, #4]
 8007d48:	3a01      	subs	r2, #1
 8007d4a:	2a00      	cmp	r2, #0
 8007d4c:	6072      	str	r2, [r6, #4]
 8007d4e:	dc07      	bgt.n	8007d60 <_scanf_i+0xb8>
 8007d50:	f8d4 2180 	ldr.w	r2, [r4, #384]	@ 0x180
 8007d54:	4631      	mov	r1, r6
 8007d56:	4650      	mov	r0, sl
 8007d58:	4790      	blx	r2
 8007d5a:	2800      	cmp	r0, #0
 8007d5c:	f040 8085 	bne.w	8007e6a <_scanf_i+0x1c2>
 8007d60:	f10b 0b01 	add.w	fp, fp, #1
 8007d64:	f1bb 0f03 	cmp.w	fp, #3
 8007d68:	d1cb      	bne.n	8007d02 <_scanf_i+0x5a>
 8007d6a:	6863      	ldr	r3, [r4, #4]
 8007d6c:	b90b      	cbnz	r3, 8007d72 <_scanf_i+0xca>
 8007d6e:	230a      	movs	r3, #10
 8007d70:	6063      	str	r3, [r4, #4]
 8007d72:	6863      	ldr	r3, [r4, #4]
 8007d74:	4945      	ldr	r1, [pc, #276]	@ (8007e8c <_scanf_i+0x1e4>)
 8007d76:	6960      	ldr	r0, [r4, #20]
 8007d78:	1ac9      	subs	r1, r1, r3
 8007d7a:	f000 f889 	bl	8007e90 <__sccl>
 8007d7e:	f04f 0b00 	mov.w	fp, #0
 8007d82:	68a3      	ldr	r3, [r4, #8]
 8007d84:	6822      	ldr	r2, [r4, #0]
 8007d86:	2b00      	cmp	r3, #0
 8007d88:	d03d      	beq.n	8007e06 <_scanf_i+0x15e>
 8007d8a:	6831      	ldr	r1, [r6, #0]
 8007d8c:	6960      	ldr	r0, [r4, #20]
 8007d8e:	f891 c000 	ldrb.w	ip, [r1]
 8007d92:	f810 000c 	ldrb.w	r0, [r0, ip]
 8007d96:	2800      	cmp	r0, #0
 8007d98:	d035      	beq.n	8007e06 <_scanf_i+0x15e>
 8007d9a:	f1bc 0f30 	cmp.w	ip, #48	@ 0x30
 8007d9e:	d124      	bne.n	8007dea <_scanf_i+0x142>
 8007da0:	0510      	lsls	r0, r2, #20
 8007da2:	d522      	bpl.n	8007dea <_scanf_i+0x142>
 8007da4:	f10b 0b01 	add.w	fp, fp, #1
 8007da8:	f1b9 0f00 	cmp.w	r9, #0
 8007dac:	d003      	beq.n	8007db6 <_scanf_i+0x10e>
 8007dae:	3301      	adds	r3, #1
 8007db0:	f109 39ff 	add.w	r9, r9, #4294967295
 8007db4:	60a3      	str	r3, [r4, #8]
 8007db6:	6873      	ldr	r3, [r6, #4]
 8007db8:	3b01      	subs	r3, #1
 8007dba:	2b00      	cmp	r3, #0
 8007dbc:	6073      	str	r3, [r6, #4]
 8007dbe:	dd1b      	ble.n	8007df8 <_scanf_i+0x150>
 8007dc0:	6833      	ldr	r3, [r6, #0]
 8007dc2:	3301      	adds	r3, #1
 8007dc4:	6033      	str	r3, [r6, #0]
 8007dc6:	68a3      	ldr	r3, [r4, #8]
 8007dc8:	3b01      	subs	r3, #1
 8007dca:	60a3      	str	r3, [r4, #8]
 8007dcc:	e7d9      	b.n	8007d82 <_scanf_i+0xda>
 8007dce:	f1bb 0f02 	cmp.w	fp, #2
 8007dd2:	d1ae      	bne.n	8007d32 <_scanf_i+0x8a>
 8007dd4:	6822      	ldr	r2, [r4, #0]
 8007dd6:	f402 61c0 	and.w	r1, r2, #1536	@ 0x600
 8007dda:	f5b1 7f00 	cmp.w	r1, #512	@ 0x200
 8007dde:	d1bf      	bne.n	8007d60 <_scanf_i+0xb8>
 8007de0:	2110      	movs	r1, #16
 8007de2:	6061      	str	r1, [r4, #4]
 8007de4:	f442 7280 	orr.w	r2, r2, #256	@ 0x100
 8007de8:	e7a2      	b.n	8007d30 <_scanf_i+0x88>
 8007dea:	f422 6210 	bic.w	r2, r2, #2304	@ 0x900
 8007dee:	6022      	str	r2, [r4, #0]
 8007df0:	780b      	ldrb	r3, [r1, #0]
 8007df2:	f805 3b01 	strb.w	r3, [r5], #1
 8007df6:	e7de      	b.n	8007db6 <_scanf_i+0x10e>
 8007df8:	f8d4 3180 	ldr.w	r3, [r4, #384]	@ 0x180
 8007dfc:	4631      	mov	r1, r6
 8007dfe:	4650      	mov	r0, sl
 8007e00:	4798      	blx	r3
 8007e02:	2800      	cmp	r0, #0
 8007e04:	d0df      	beq.n	8007dc6 <_scanf_i+0x11e>
 8007e06:	6823      	ldr	r3, [r4, #0]
 8007e08:	05d9      	lsls	r1, r3, #23
 8007e0a:	d50d      	bpl.n	8007e28 <_scanf_i+0x180>
 8007e0c:	42bd      	cmp	r5, r7
 8007e0e:	d909      	bls.n	8007e24 <_scanf_i+0x17c>
 8007e10:	f815 1c01 	ldrb.w	r1, [r5, #-1]
 8007e14:	f8d4 317c 	ldr.w	r3, [r4, #380]	@ 0x17c
 8007e18:	4632      	mov	r2, r6
 8007e1a:	4650      	mov	r0, sl
 8007e1c:	4798      	blx	r3
 8007e1e:	f105 39ff 	add.w	r9, r5, #4294967295
 8007e22:	464d      	mov	r5, r9
 8007e24:	42bd      	cmp	r5, r7
 8007e26:	d028      	beq.n	8007e7a <_scanf_i+0x1d2>
 8007e28:	6822      	ldr	r2, [r4, #0]
 8007e2a:	f012 0210 	ands.w	r2, r2, #16
 8007e2e:	d113      	bne.n	8007e58 <_scanf_i+0x1b0>
 8007e30:	702a      	strb	r2, [r5, #0]
 8007e32:	6863      	ldr	r3, [r4, #4]
 8007e34:	9e01      	ldr	r6, [sp, #4]
 8007e36:	4639      	mov	r1, r7
 8007e38:	4650      	mov	r0, sl
 8007e3a:	47b0      	blx	r6
 8007e3c:	f8d8 3000 	ldr.w	r3, [r8]
 8007e40:	6821      	ldr	r1, [r4, #0]
 8007e42:	1d1a      	adds	r2, r3, #4
 8007e44:	f8c8 2000 	str.w	r2, [r8]
 8007e48:	f011 0f20 	tst.w	r1, #32
 8007e4c:	681b      	ldr	r3, [r3, #0]
 8007e4e:	d00f      	beq.n	8007e70 <_scanf_i+0x1c8>
 8007e50:	6018      	str	r0, [r3, #0]
 8007e52:	68e3      	ldr	r3, [r4, #12]
 8007e54:	3301      	adds	r3, #1
 8007e56:	60e3      	str	r3, [r4, #12]
 8007e58:	6923      	ldr	r3, [r4, #16]
 8007e5a:	1bed      	subs	r5, r5, r7
 8007e5c:	445d      	add	r5, fp
 8007e5e:	442b      	add	r3, r5
 8007e60:	6123      	str	r3, [r4, #16]
 8007e62:	2000      	movs	r0, #0
 8007e64:	b007      	add	sp, #28
 8007e66:	e8bd 8ff0 	ldmia.w	sp!, {r4, r5, r6, r7, r8, r9, sl, fp, pc}
 8007e6a:	f04f 0b00 	mov.w	fp, #0
 8007e6e:	e7ca      	b.n	8007e06 <_scanf_i+0x15e>
 8007e70:	07ca      	lsls	r2, r1, #31
 8007e72:	bf4c      	ite	mi
 8007e74:	8018      	strhmi	r0, [r3, #0]
 8007e76:	6018      	strpl	r0, [r3, #0]
 8007e78:	e7eb      	b.n	8007e52 <_scanf_i+0x1aa>
 8007e7a:	2001      	movs	r0, #1
 8007e7c:	e7f2      	b.n	8007e64 <_scanf_i+0x1bc>
 8007e7e:	bf00      	nop
 8007e80:	0800860c 	.word	0x0800860c
 8007e84:	0800822d 	.word	0x0800822d
 8007e88:	08006bf1 	.word	0x08006bf1
 8007e8c:	080091a0 	.word	0x080091a0

08007e90 <__sccl>:
 8007e90:	b570      	push	{r4, r5, r6, lr}
 8007e92:	780b      	ldrb	r3, [r1, #0]
 8007e94:	4604      	mov	r4, r0
 8007e96:	2b5e      	cmp	r3, #94	@ 0x5e
 8007e98:	bf0b      	itete	eq
 8007e9a:	784b      	ldrbeq	r3, [r1, #1]
 8007e9c:	1c4a      	addne	r2, r1, #1
 8007e9e:	1c8a      	addeq	r2, r1, #2
 8007ea0:	2100      	movne	r1, #0
 8007ea2:	bf08      	it	eq
 8007ea4:	2101      	moveq	r1, #1
 8007ea6:	3801      	subs	r0, #1
 8007ea8:	f104 05ff 	add.w	r5, r4, #255	@ 0xff
 8007eac:	f800 1f01 	strb.w	r1, [r0, #1]!
 8007eb0:	42a8      	cmp	r0, r5
 8007eb2:	d1fb      	bne.n	8007eac <__sccl+0x1c>
 8007eb4:	b90b      	cbnz	r3, 8007eba <__sccl+0x2a>
 8007eb6:	1e50      	subs	r0, r2, #1
 8007eb8:	bd70      	pop	{r4, r5, r6, pc}
 8007eba:	f081 0101 	eor.w	r1, r1, #1
 8007ebe:	54e1      	strb	r1, [r4, r3]
 8007ec0:	4610      	mov	r0, r2
 8007ec2:	4602      	mov	r2, r0
 8007ec4:	f812 5b01 	ldrb.w	r5, [r2], #1
 8007ec8:	2d2d      	cmp	r5, #45	@ 0x2d
 8007eca:	d005      	beq.n	8007ed8 <__sccl+0x48>
 8007ecc:	2d5d      	cmp	r5, #93	@ 0x5d
 8007ece:	d016      	beq.n	8007efe <__sccl+0x6e>
 8007ed0:	2d00      	cmp	r5, #0
 8007ed2:	d0f1      	beq.n	8007eb8 <__sccl+0x28>
 8007ed4:	462b      	mov	r3, r5
 8007ed6:	e7f2      	b.n	8007ebe <__sccl+0x2e>
 8007ed8:	7846      	ldrb	r6, [r0, #1]
 8007eda:	2e5d      	cmp	r6, #93	@ 0x5d
 8007edc:	d0fa      	beq.n	8007ed4 <__sccl+0x44>
 8007ede:	42b3      	cmp	r3, r6
 8007ee0:	dcf8      	bgt.n	8007ed4 <__sccl+0x44>
 8007ee2:	3002      	adds	r0, #2
 8007ee4:	461a      	mov	r2, r3
 8007ee6:	3201      	adds	r2, #1
 8007ee8:	4296      	cmp	r6, r2
 8007eea:	54a1      	strb	r1, [r4, r2]
 8007eec:	dcfb      	bgt.n	8007ee6 <__sccl+0x56>
 8007eee:	1af2      	subs	r2, r6, r3
 8007ef0:	3a01      	subs	r2, #1
 8007ef2:	1c5d      	adds	r5, r3, #1
 8007ef4:	42b3      	cmp	r3, r6
 8007ef6:	bfa8      	it	ge
 8007ef8:	2200      	movge	r2, #0
 8007efa:	18ab      	adds	r3, r5, r2
 8007efc:	e7e1      	b.n	8007ec2 <__sccl+0x32>
 8007efe:	4610      	mov	r0, r2
 8007f00:	e7da      	b.n	8007eb8 <__sccl+0x28>

08007f02 <__submore>:
 8007f02:	e92d 41f0 	stmdb	sp!, {r4, r5, r6, r7, r8, lr}
 8007f06:	460c      	mov	r4, r1
 8007f08:	6b49      	ldr	r1, [r1, #52]	@ 0x34
 8007f0a:	f104 0344 	add.w	r3, r4, #68	@ 0x44
 8007f0e:	4299      	cmp	r1, r3
 8007f10:	d11d      	bne.n	8007f4e <__submore+0x4c>
 8007f12:	f44f 6180 	mov.w	r1, #1024	@ 0x400
 8007f16:	f7fe fd71 	bl	80069fc <_malloc_r>
 8007f1a:	b918      	cbnz	r0, 8007f24 <__submore+0x22>
 8007f1c:	f04f 30ff 	mov.w	r0, #4294967295
 8007f20:	e8bd 81f0 	ldmia.w	sp!, {r4, r5, r6, r7, r8, pc}
 8007f24:	f44f 6380 	mov.w	r3, #1024	@ 0x400
 8007f28:	63a3      	str	r3, [r4, #56]	@ 0x38
 8007f2a:	f894 3046 	ldrb.w	r3, [r4, #70]	@ 0x46
 8007f2e:	6360      	str	r0, [r4, #52]	@ 0x34
 8007f30:	f880 33ff 	strb.w	r3, [r0, #1023]	@ 0x3ff
 8007f34:	f894 3045 	ldrb.w	r3, [r4, #69]	@ 0x45
 8007f38:	f880 33fe 	strb.w	r3, [r0, #1022]	@ 0x3fe
 8007f3c:	f894 3044 	ldrb.w	r3, [r4, #68]	@ 0x44
 8007f40:	f880 33fd 	strb.w	r3, [r0, #1021]	@ 0x3fd
 8007f44:	f200 30fd 	addw	r0, r0, #1021	@ 0x3fd
 8007f48:	6020      	str	r0, [r4, #0]
 8007f4a:	2000      	movs	r0, #0
 8007f4c:	e7e8      	b.n	8007f20 <__submore+0x1e>
 8007f4e:	6ba6      	ldr	r6, [r4, #56]	@ 0x38
 8007f50:	0077      	lsls	r7, r6, #1
 8007f52:	463a      	mov	r2, r7
 8007f54:	f7ff fb0e 	bl	8007574 <_realloc_r>
 8007f58:	4605      	mov	r5, r0
 8007f5a:	2800      	cmp	r0, #0
 8007f5c:	d0de      	beq.n	8007f1c <__submore+0x1a>
 8007f5e:	eb00 0806 	add.w	r8, r0, r6
 8007f62:	4601      	mov	r1, r0
 8007f64:	4632      	mov	r2, r6
 8007f66:	4640      	mov	r0, r8
 8007f68:	f7fe fc4b 	bl	8006802 <memcpy>
 8007f6c:	e9c4 570d 	strd	r5, r7, [r4, #52]	@ 0x34
 8007f70:	f8c4 8000 	str.w	r8, [r4]
 8007f74:	e7e9      	b.n	8007f4a <__submore+0x48>

08007f76 <__swbuf_r>:
 8007f76:	b5f8      	push	{r3, r4, r5, r6, r7, lr}
 8007f78:	460e      	mov	r6, r1
 8007f7a:	4614      	mov	r4, r2
 8007f7c:	4605      	mov	r5, r0
 8007f7e:	b118      	cbz	r0, 8007f88 <__swbuf_r+0x12>
 8007f80:	6a03      	ldr	r3, [r0, #32]
 8007f82:	b90b      	cbnz	r3, 8007f88 <__swbuf_r+0x12>
 8007f84:	f7fc ff56 	bl	8004e34 <__sinit>
 8007f88:	69a3      	ldr	r3, [r4, #24]
 8007f8a:	60a3      	str	r3, [r4, #8]
 8007f8c:	89a3      	ldrh	r3, [r4, #12]
 8007f8e:	071a      	lsls	r2, r3, #28
 8007f90:	d501      	bpl.n	8007f96 <__swbuf_r+0x20>
 8007f92:	6923      	ldr	r3, [r4, #16]
 8007f94:	b943      	cbnz	r3, 8007fa8 <__swbuf_r+0x32>
 8007f96:	4621      	mov	r1, r4
 8007f98:	4628      	mov	r0, r5
 8007f9a:	f000 f82b 	bl	8007ff4 <__swsetup_r>
 8007f9e:	b118      	cbz	r0, 8007fa8 <__swbuf_r+0x32>
 8007fa0:	f04f 37ff 	mov.w	r7, #4294967295
 8007fa4:	4638      	mov	r0, r7
 8007fa6:	bdf8      	pop	{r3, r4, r5, r6, r7, pc}
 8007fa8:	6823      	ldr	r3, [r4, #0]
 8007faa:	6922      	ldr	r2, [r4, #16]
 8007fac:	1a98      	subs	r0, r3, r2
 8007fae:	6963      	ldr	r3, [r4, #20]
 8007fb0:	b2f6      	uxtb	r6, r6
 8007fb2:	4283      	cmp	r3, r0
 8007fb4:	4637      	mov	r7, r6
 8007fb6:	dc05      	bgt.n	8007fc4 <__swbuf_r+0x4e>
 8007fb8:	4621      	mov	r1, r4
 8007fba:	4628      	mov	r0, r5
 8007fbc:	f7ff f98c 	bl	80072d8 <_fflush_r>
 8007fc0:	2800      	cmp	r0, #0
 8007fc2:	d1ed      	bne.n	8007fa0 <__swbuf_r+0x2a>
 8007fc4:	68a3      	ldr	r3, [r4, #8]
 8007fc6:	3b01      	subs	r3, #1
 8007fc8:	60a3      	str	r3, [r4, #8]
 8007fca:	6823      	ldr	r3, [r4, #0]
 8007fcc:	1c5a      	adds	r2, r3, #1
 8007fce:	6022      	str	r2, [r4, #0]
 8007fd0:	701e      	strb	r6, [r3, #0]
 8007fd2:	6962      	ldr	r2, [r4, #20]
 8007fd4:	1c43      	adds	r3, r0, #1
 8007fd6:	429a      	cmp	r2, r3
 8007fd8:	d004      	beq.n	8007fe4 <__swbuf_r+0x6e>
 8007fda:	89a3      	ldrh	r3, [r4, #12]
 8007fdc:	07db      	lsls	r3, r3, #31
 8007fde:	d5e1      	bpl.n	8007fa4 <__swbuf_r+0x2e>
 8007fe0:	2e0a      	cmp	r6, #10
 8007fe2:	d1df      	bne.n	8007fa4 <__swbuf_r+0x2e>
 8007fe4:	4621      	mov	r1, r4
 8007fe6:	4628      	mov	r0, r5
 8007fe8:	f7ff f976 	bl	80072d8 <_fflush_r>
 8007fec:	2800      	cmp	r0, #0
 8007fee:	d0d9      	beq.n	8007fa4 <__swbuf_r+0x2e>
 8007ff0:	e7d6      	b.n	8007fa0 <__swbuf_r+0x2a>
	...

08007ff4 <__swsetup_r>:
 8007ff4:	b538      	push	{r3, r4, r5, lr}
 8007ff6:	4b29      	ldr	r3, [pc, #164]	@ (800809c <__swsetup_r+0xa8>)
 8007ff8:	4605      	mov	r5, r0
 8007ffa:	6818      	ldr	r0, [r3, #0]
 8007ffc:	460c      	mov	r4, r1
 8007ffe:	b118      	cbz	r0, 8008008 <__swsetup_r+0x14>
 8008000:	6a03      	ldr	r3, [r0, #32]
 8008002:	b90b      	cbnz	r3, 8008008 <__swsetup_r+0x14>
 8008004:	f7fc ff16 	bl	8004e34 <__sinit>
 8008008:	f9b4 300c 	ldrsh.w	r3, [r4, #12]
 800800c:	0719      	lsls	r1, r3, #28
 800800e:	d422      	bmi.n	8008056 <__swsetup_r+0x62>
 8008010:	06da      	lsls	r2, r3, #27
 8008012:	d407      	bmi.n	8008024 <__swsetup_r+0x30>
 8008014:	2209      	movs	r2, #9
 8008016:	602a      	str	r2, [r5, #0]
 8008018:	f043 0340 	orr.w	r3, r3, #64	@ 0x40
 800801c:	81a3      	strh	r3, [r4, #12]
 800801e:	f04f 30ff 	mov.w	r0, #4294967295
 8008022:	e033      	b.n	800808c <__swsetup_r+0x98>
 8008024:	0758      	lsls	r0, r3, #29
 8008026:	d512      	bpl.n	800804e <__swsetup_r+0x5a>
 8008028:	6b61      	ldr	r1, [r4, #52]	@ 0x34
 800802a:	b141      	cbz	r1, 800803e <__swsetup_r+0x4a>
 800802c:	f104 0344 	add.w	r3, r4, #68	@ 0x44
 8008030:	4299      	cmp	r1, r3
 8008032:	d002      	beq.n	800803a <__swsetup_r+0x46>
 8008034:	4628      	mov	r0, r5
 8008036:	f7fe fc1d 	bl	8006874 <_free_r>
 800803a:	2300      	movs	r3, #0
 800803c:	6363      	str	r3, [r4, #52]	@ 0x34
 800803e:	89a3      	ldrh	r3, [r4, #12]
 8008040:	f023 0324 	bic.w	r3, r3, #36	@ 0x24
 8008044:	81a3      	strh	r3, [r4, #12]
 8008046:	2300      	movs	r3, #0
 8008048:	6063      	str	r3, [r4, #4]
 800804a:	6923      	ldr	r3, [r4, #16]
 800804c:	6023      	str	r3, [r4, #0]
 800804e:	89a3      	ldrh	r3, [r4, #12]
 8008050:	f043 0308 	orr.w	r3, r3, #8
 8008054:	81a3      	strh	r3, [r4, #12]
 8008056:	6923      	ldr	r3, [r4, #16]
 8008058:	b94b      	cbnz	r3, 800806e <__swsetup_r+0x7a>
 800805a:	89a3      	ldrh	r3, [r4, #12]
 800805c:	f403 7320 	and.w	r3, r3, #640	@ 0x280
 8008060:	f5b3 7f00 	cmp.w	r3, #512	@ 0x200
 8008064:	d003      	beq.n	800806e <__swsetup_r+0x7a>
 8008066:	4621      	mov	r1, r4
 8008068:	4628      	mov	r0, r5
 800806a:	f000 f907 	bl	800827c <__smakebuf_r>
 800806e:	f9b4 300c 	ldrsh.w	r3, [r4, #12]
 8008072:	f013 0201 	ands.w	r2, r3, #1
 8008076:	d00a      	beq.n	800808e <__swsetup_r+0x9a>
 8008078:	2200      	movs	r2, #0
 800807a:	60a2      	str	r2, [r4, #8]
 800807c:	6962      	ldr	r2, [r4, #20]
 800807e:	4252      	negs	r2, r2
 8008080:	61a2      	str	r2, [r4, #24]
 8008082:	6922      	ldr	r2, [r4, #16]
 8008084:	b942      	cbnz	r2, 8008098 <__swsetup_r+0xa4>
 8008086:	f013 0080 	ands.w	r0, r3, #128	@ 0x80
 800808a:	d1c5      	bne.n	8008018 <__swsetup_r+0x24>
 800808c:	bd38      	pop	{r3, r4, r5, pc}
 800808e:	0799      	lsls	r1, r3, #30
 8008090:	bf58      	it	pl
 8008092:	6962      	ldrpl	r2, [r4, #20]
 8008094:	60a2      	str	r2, [r4, #8]
 8008096:	e7f4      	b.n	8008082 <__swsetup_r+0x8e>
 8008098:	2000      	movs	r0, #0
 800809a:	e7f7      	b.n	800808c <__swsetup_r+0x98>
 800809c:	2000005c 	.word	0x2000005c

080080a0 <_raise_r>:
 80080a0:	291f      	cmp	r1, #31
 80080a2:	b538      	push	{r3, r4, r5, lr}
 80080a4:	4605      	mov	r5, r0
 80080a6:	460c      	mov	r4, r1
 80080a8:	d904      	bls.n	80080b4 <_raise_r+0x14>
 80080aa:	2316      	movs	r3, #22
 80080ac:	6003      	str	r3, [r0, #0]
 80080ae:	f04f 30ff 	mov.w	r0, #4294967295
 80080b2:	bd38      	pop	{r3, r4, r5, pc}
 80080b4:	6bc2      	ldr	r2, [r0, #60]	@ 0x3c
 80080b6:	b112      	cbz	r2, 80080be <_raise_r+0x1e>
 80080b8:	f852 3021 	ldr.w	r3, [r2, r1, lsl #2]
 80080bc:	b94b      	cbnz	r3, 80080d2 <_raise_r+0x32>
 80080be:	4628      	mov	r0, r5
 80080c0:	f000 f830 	bl	8008124 <_getpid_r>
 80080c4:	4622      	mov	r2, r4
 80080c6:	4601      	mov	r1, r0
 80080c8:	4628      	mov	r0, r5
 80080ca:	e8bd 4038 	ldmia.w	sp!, {r3, r4, r5, lr}
 80080ce:	f000 b817 	b.w	8008100 <_kill_r>
 80080d2:	2b01      	cmp	r3, #1
 80080d4:	d00a      	beq.n	80080ec <_raise_r+0x4c>
 80080d6:	1c59      	adds	r1, r3, #1
 80080d8:	d103      	bne.n	80080e2 <_raise_r+0x42>
 80080da:	2316      	movs	r3, #22
 80080dc:	6003      	str	r3, [r0, #0]
 80080de:	2001      	movs	r0, #1
 80080e0:	e7e7      	b.n	80080b2 <_raise_r+0x12>
 80080e2:	2100      	movs	r1, #0
 80080e4:	f842 1024 	str.w	r1, [r2, r4, lsl #2]
 80080e8:	4620      	mov	r0, r4
 80080ea:	4798      	blx	r3
 80080ec:	2000      	movs	r0, #0
 80080ee:	e7e0      	b.n	80080b2 <_raise_r+0x12>

080080f0 <raise>:
 80080f0:	4b02      	ldr	r3, [pc, #8]	@ (80080fc <raise+0xc>)
 80080f2:	4601      	mov	r1, r0
 80080f4:	6818      	ldr	r0, [r3, #0]
 80080f6:	f7ff bfd3 	b.w	80080a0 <_raise_r>
 80080fa:	bf00      	nop
 80080fc:	2000005c 	.word	0x2000005c

08008100 <_kill_r>:
 8008100:	b538      	push	{r3, r4, r5, lr}
 8008102:	4d07      	ldr	r5, [pc, #28]	@ (8008120 <_kill_r+0x20>)
 8008104:	2300      	movs	r3, #0
 8008106:	4604      	mov	r4, r0
 8008108:	4608      	mov	r0, r1
 800810a:	4611      	mov	r1, r2
 800810c:	602b      	str	r3, [r5, #0]
 800810e:	f7fc f9dd 	bl	80044cc <_kill>
 8008112:	1c43      	adds	r3, r0, #1
 8008114:	d102      	bne.n	800811c <_kill_r+0x1c>
 8008116:	682b      	ldr	r3, [r5, #0]
 8008118:	b103      	cbz	r3, 800811c <_kill_r+0x1c>
 800811a:	6023      	str	r3, [r4, #0]
 800811c:	bd38      	pop	{r3, r4, r5, pc}
 800811e:	bf00      	nop
 8008120:	20000b60 	.word	0x20000b60

08008124 <_getpid_r>:
 8008124:	f7fc b9d0 	b.w	80044c8 <_getpid>

08008128 <_malloc_usable_size_r>:
 8008128:	f851 3c04 	ldr.w	r3, [r1, #-4]
 800812c:	1f18      	subs	r0, r3, #4
 800812e:	2b00      	cmp	r3, #0
 8008130:	bfbc      	itt	lt
 8008132:	580b      	ldrlt	r3, [r1, r0]
 8008134:	18c0      	addlt	r0, r0, r3
 8008136:	4770      	bx	lr

08008138 <_strtol_l.isra.0>:
 8008138:	2b24      	cmp	r3, #36	@ 0x24
 800813a:	e92d 47f0 	stmdb	sp!, {r4, r5, r6, r7, r8, r9, sl, lr}
 800813e:	4686      	mov	lr, r0
 8008140:	4690      	mov	r8, r2
 8008142:	d801      	bhi.n	8008148 <_strtol_l.isra.0+0x10>
 8008144:	2b01      	cmp	r3, #1
 8008146:	d106      	bne.n	8008156 <_strtol_l.isra.0+0x1e>
 8008148:	f7fe fb24 	bl	8006794 <__errno>
 800814c:	2316      	movs	r3, #22
 800814e:	6003      	str	r3, [r0, #0]
 8008150:	2000      	movs	r0, #0
 8008152:	e8bd 87f0 	ldmia.w	sp!, {r4, r5, r6, r7, r8, r9, sl, pc}
 8008156:	4834      	ldr	r0, [pc, #208]	@ (8008228 <_strtol_l.isra.0+0xf0>)
 8008158:	460d      	mov	r5, r1
 800815a:	462a      	mov	r2, r5
 800815c:	f815 4b01 	ldrb.w	r4, [r5], #1
 8008160:	5d06      	ldrb	r6, [r0, r4]
 8008162:	f016 0608 	ands.w	r6, r6, #8
 8008166:	d1f8      	bne.n	800815a <_strtol_l.isra.0+0x22>
 8008168:	2c2d      	cmp	r4, #45	@ 0x2d
 800816a:	d110      	bne.n	800818e <_strtol_l.isra.0+0x56>
 800816c:	782c      	ldrb	r4, [r5, #0]
 800816e:	2601      	movs	r6, #1
 8008170:	1c95      	adds	r5, r2, #2
 8008172:	f033 0210 	bics.w	r2, r3, #16
 8008176:	d115      	bne.n	80081a4 <_strtol_l.isra.0+0x6c>
 8008178:	2c30      	cmp	r4, #48	@ 0x30
 800817a:	d10d      	bne.n	8008198 <_strtol_l.isra.0+0x60>
 800817c:	782a      	ldrb	r2, [r5, #0]
 800817e:	f002 02df 	and.w	r2, r2, #223	@ 0xdf
 8008182:	2a58      	cmp	r2, #88	@ 0x58
 8008184:	d108      	bne.n	8008198 <_strtol_l.isra.0+0x60>
 8008186:	786c      	ldrb	r4, [r5, #1]
 8008188:	3502      	adds	r5, #2
 800818a:	2310      	movs	r3, #16
 800818c:	e00a      	b.n	80081a4 <_strtol_l.isra.0+0x6c>
 800818e:	2c2b      	cmp	r4, #43	@ 0x2b
 8008190:	bf04      	itt	eq
 8008192:	782c      	ldrbeq	r4, [r5, #0]
 8008194:	1c95      	addeq	r5, r2, #2
 8008196:	e7ec      	b.n	8008172 <_strtol_l.isra.0+0x3a>
 8008198:	2b00      	cmp	r3, #0
 800819a:	d1f6      	bne.n	800818a <_strtol_l.isra.0+0x52>
 800819c:	2c30      	cmp	r4, #48	@ 0x30
 800819e:	bf14      	ite	ne
 80081a0:	230a      	movne	r3, #10
 80081a2:	2308      	moveq	r3, #8
 80081a4:	f106 4c00 	add.w	ip, r6, #2147483648	@ 0x80000000
 80081a8:	f10c 3cff 	add.w	ip, ip, #4294967295
 80081ac:	2200      	movs	r2, #0
 80081ae:	fbbc f9f3 	udiv	r9, ip, r3
 80081b2:	4610      	mov	r0, r2
 80081b4:	fb03 ca19 	mls	sl, r3, r9, ip
 80081b8:	f1a4 0730 	sub.w	r7, r4, #48	@ 0x30
 80081bc:	2f09      	cmp	r7, #9
 80081be:	d80f      	bhi.n	80081e0 <_strtol_l.isra.0+0xa8>
 80081c0:	463c      	mov	r4, r7
 80081c2:	42a3      	cmp	r3, r4
 80081c4:	dd1b      	ble.n	80081fe <_strtol_l.isra.0+0xc6>
 80081c6:	1c57      	adds	r7, r2, #1
 80081c8:	d007      	beq.n	80081da <_strtol_l.isra.0+0xa2>
 80081ca:	4581      	cmp	r9, r0
 80081cc:	d314      	bcc.n	80081f8 <_strtol_l.isra.0+0xc0>
 80081ce:	d101      	bne.n	80081d4 <_strtol_l.isra.0+0x9c>
 80081d0:	45a2      	cmp	sl, r4
 80081d2:	db11      	blt.n	80081f8 <_strtol_l.isra.0+0xc0>
 80081d4:	fb00 4003 	mla	r0, r0, r3, r4
 80081d8:	2201      	movs	r2, #1
 80081da:	f815 4b01 	ldrb.w	r4, [r5], #1
 80081de:	e7eb      	b.n	80081b8 <_strtol_l.isra.0+0x80>
 80081e0:	f1a4 0741 	sub.w	r7, r4, #65	@ 0x41
 80081e4:	2f19      	cmp	r7, #25
 80081e6:	d801      	bhi.n	80081ec <_strtol_l.isra.0+0xb4>
 80081e8:	3c37      	subs	r4, #55	@ 0x37
 80081ea:	e7ea      	b.n	80081c2 <_strtol_l.isra.0+0x8a>
 80081ec:	f1a4 0761 	sub.w	r7, r4, #97	@ 0x61
 80081f0:	2f19      	cmp	r7, #25
 80081f2:	d804      	bhi.n	80081fe <_strtol_l.isra.0+0xc6>
 80081f4:	3c57      	subs	r4, #87	@ 0x57
 80081f6:	e7e4      	b.n	80081c2 <_strtol_l.isra.0+0x8a>
 80081f8:	f04f 32ff 	mov.w	r2, #4294967295
 80081fc:	e7ed      	b.n	80081da <_strtol_l.isra.0+0xa2>
 80081fe:	1c53      	adds	r3, r2, #1
 8008200:	d108      	bne.n	8008214 <_strtol_l.isra.0+0xdc>
 8008202:	2322      	movs	r3, #34	@ 0x22
 8008204:	f8ce 3000 	str.w	r3, [lr]
 8008208:	4660      	mov	r0, ip
 800820a:	f1b8 0f00 	cmp.w	r8, #0
 800820e:	d0a0      	beq.n	8008152 <_strtol_l.isra.0+0x1a>
 8008210:	1e69      	subs	r1, r5, #1
 8008212:	e006      	b.n	8008222 <_strtol_l.isra.0+0xea>
 8008214:	b106      	cbz	r6, 8008218 <_strtol_l.isra.0+0xe0>
 8008216:	4240      	negs	r0, r0
 8008218:	f1b8 0f00 	cmp.w	r8, #0
 800821c:	d099      	beq.n	8008152 <_strtol_l.isra.0+0x1a>
 800821e:	2a00      	cmp	r2, #0
 8008220:	d1f6      	bne.n	8008210 <_strtol_l.isra.0+0xd8>
 8008222:	f8c8 1000 	str.w	r1, [r8]
 8008226:	e794      	b.n	8008152 <_strtol_l.isra.0+0x1a>
 8008228:	08009369 	.word	0x08009369

0800822c <_strtol_r>:
 800822c:	f7ff bf84 	b.w	8008138 <_strtol_l.isra.0>

08008230 <__swhatbuf_r>:
 8008230:	b570      	push	{r4, r5, r6, lr}
 8008232:	460c      	mov	r4, r1
 8008234:	f9b1 100e 	ldrsh.w	r1, [r1, #14]
 8008238:	2900      	cmp	r1, #0
 800823a:	b096      	sub	sp, #88	@ 0x58
 800823c:	4615      	mov	r5, r2
 800823e:	461e      	mov	r6, r3
 8008240:	da0d      	bge.n	800825e <__swhatbuf_r+0x2e>
 8008242:	89a3      	ldrh	r3, [r4, #12]
 8008244:	f013 0f80 	tst.w	r3, #128	@ 0x80
 8008248:	f04f 0100 	mov.w	r1, #0
 800824c:	bf14      	ite	ne
 800824e:	2340      	movne	r3, #64	@ 0x40
 8008250:	f44f 6380 	moveq.w	r3, #1024	@ 0x400
 8008254:	2000      	movs	r0, #0
 8008256:	6031      	str	r1, [r6, #0]
 8008258:	602b      	str	r3, [r5, #0]
 800825a:	b016      	add	sp, #88	@ 0x58
 800825c:	bd70      	pop	{r4, r5, r6, pc}
 800825e:	466a      	mov	r2, sp
 8008260:	f000 f848 	bl	80082f4 <_fstat_r>
 8008264:	2800      	cmp	r0, #0
 8008266:	dbec      	blt.n	8008242 <__swhatbuf_r+0x12>
 8008268:	9901      	ldr	r1, [sp, #4]
 800826a:	f401 4170 	and.w	r1, r1, #61440	@ 0xf000
 800826e:	f5a1 5300 	sub.w	r3, r1, #8192	@ 0x2000
 8008272:	4259      	negs	r1, r3
 8008274:	4159      	adcs	r1, r3
 8008276:	f44f 6380 	mov.w	r3, #1024	@ 0x400
 800827a:	e7eb      	b.n	8008254 <__swhatbuf_r+0x24>

0800827c <__smakebuf_r>:
 800827c:	898b      	ldrh	r3, [r1, #12]
 800827e:	b5f7      	push	{r0, r1, r2, r4, r5, r6, r7, lr}
 8008280:	079d      	lsls	r5, r3, #30
 8008282:	4606      	mov	r6, r0
 8008284:	460c      	mov	r4, r1
 8008286:	d507      	bpl.n	8008298 <__smakebuf_r+0x1c>
 8008288:	f104 0347 	add.w	r3, r4, #71	@ 0x47
 800828c:	6023      	str	r3, [r4, #0]
 800828e:	6123      	str	r3, [r4, #16]
 8008290:	2301      	movs	r3, #1
 8008292:	6163      	str	r3, [r4, #20]
 8008294:	b003      	add	sp, #12
 8008296:	bdf0      	pop	{r4, r5, r6, r7, pc}
 8008298:	ab01      	add	r3, sp, #4
 800829a:	466a      	mov	r2, sp
 800829c:	f7ff ffc8 	bl	8008230 <__swhatbuf_r>
 80082a0:	9f00      	ldr	r7, [sp, #0]
 80082a2:	4605      	mov	r5, r0
 80082a4:	4639      	mov	r1, r7
 80082a6:	4630      	mov	r0, r6
 80082a8:	f7fe fba8 	bl	80069fc <_malloc_r>
 80082ac:	b948      	cbnz	r0, 80082c2 <__smakebuf_r+0x46>
 80082ae:	f9b4 300c 	ldrsh.w	r3, [r4, #12]
 80082b2:	059a      	lsls	r2, r3, #22
 80082b4:	d4ee      	bmi.n	8008294 <__smakebuf_r+0x18>
 80082b6:	f023 0303 	bic.w	r3, r3, #3
 80082ba:	f043 0302 	orr.w	r3, r3, #2
 80082be:	81a3      	strh	r3, [r4, #12]
 80082c0:	e7e2      	b.n	8008288 <__smakebuf_r+0xc>
 80082c2:	89a3      	ldrh	r3, [r4, #12]
 80082c4:	6020      	str	r0, [r4, #0]
 80082c6:	f043 0380 	orr.w	r3, r3, #128	@ 0x80
 80082ca:	81a3      	strh	r3, [r4, #12]
 80082cc:	9b01      	ldr	r3, [sp, #4]
 80082ce:	e9c4 0704 	strd	r0, r7, [r4, #16]
 80082d2:	b15b      	cbz	r3, 80082ec <__smakebuf_r+0x70>
 80082d4:	f9b4 100e 	ldrsh.w	r1, [r4, #14]
 80082d8:	4630      	mov	r0, r6
 80082da:	f000 f81d 	bl	8008318 <_isatty_r>
 80082de:	b128      	cbz	r0, 80082ec <__smakebuf_r+0x70>
 80082e0:	89a3      	ldrh	r3, [r4, #12]
 80082e2:	f023 0303 	bic.w	r3, r3, #3
 80082e6:	f043 0301 	orr.w	r3, r3, #1
 80082ea:	81a3      	strh	r3, [r4, #12]
 80082ec:	89a3      	ldrh	r3, [r4, #12]
 80082ee:	431d      	orrs	r5, r3
 80082f0:	81a5      	strh	r5, [r4, #12]
 80082f2:	e7cf      	b.n	8008294 <__smakebuf_r+0x18>

080082f4 <_fstat_r>:
 80082f4:	b538      	push	{r3, r4, r5, lr}
 80082f6:	4d07      	ldr	r5, [pc, #28]	@ (8008314 <_fstat_r+0x20>)
 80082f8:	2300      	movs	r3, #0
 80082fa:	4604      	mov	r4, r0
 80082fc:	4608      	mov	r0, r1
 80082fe:	4611      	mov	r1, r2
 8008300:	602b      	str	r3, [r5, #0]
 8008302:	f7fc f912 	bl	800452a <_fstat>
 8008306:	1c43      	adds	r3, r0, #1
 8008308:	d102      	bne.n	8008310 <_fstat_r+0x1c>
 800830a:	682b      	ldr	r3, [r5, #0]
 800830c:	b103      	cbz	r3, 8008310 <_fstat_r+0x1c>
 800830e:	6023      	str	r3, [r4, #0]
 8008310:	bd38      	pop	{r3, r4, r5, pc}
 8008312:	bf00      	nop
 8008314:	20000b60 	.word	0x20000b60

08008318 <_isatty_r>:
 8008318:	b538      	push	{r3, r4, r5, lr}
 800831a:	4d06      	ldr	r5, [pc, #24]	@ (8008334 <_isatty_r+0x1c>)
 800831c:	2300      	movs	r3, #0
 800831e:	4604      	mov	r4, r0
 8008320:	4608      	mov	r0, r1
 8008322:	602b      	str	r3, [r5, #0]
 8008324:	f7fc f906 	bl	8004534 <_isatty>
 8008328:	1c43      	adds	r3, r0, #1
 800832a:	d102      	bne.n	8008332 <_isatty_r+0x1a>
 800832c:	682b      	ldr	r3, [r5, #0]
 800832e:	b103      	cbz	r3, 8008332 <_isatty_r+0x1a>
 8008330:	6023      	str	r3, [r4, #0]
 8008332:	bd38      	pop	{r3, r4, r5, pc}
 8008334:	20000b60 	.word	0x20000b60

08008338 <__udivmoddi4>:
 8008338:	e92d 47f0 	stmdb	sp!, {r4, r5, r6, r7, r8, r9, sl, lr}
 800833c:	9d08      	ldr	r5, [sp, #32]
 800833e:	460e      	mov	r6, r1
 8008340:	4604      	mov	r4, r0
 8008342:	460f      	mov	r7, r1
 8008344:	2b00      	cmp	r3, #0
 8008346:	d14a      	bne.n	80083de <__udivmoddi4+0xa6>
 8008348:	4694      	mov	ip, r2
 800834a:	458c      	cmp	ip, r1
 800834c:	fab2 f282 	clz	r2, r2
 8008350:	d960      	bls.n	8008414 <__udivmoddi4+0xdc>
 8008352:	b142      	cbz	r2, 8008366 <__udivmoddi4+0x2e>
 8008354:	f1c2 0320 	rsb	r3, r2, #32
 8008358:	4097      	lsls	r7, r2
 800835a:	fa20 f303 	lsr.w	r3, r0, r3
 800835e:	fa0c fc02 	lsl.w	ip, ip, r2
 8008362:	431f      	orrs	r7, r3
 8008364:	4094      	lsls	r4, r2
 8008366:	ea4f 4e1c 	mov.w	lr, ip, lsr #16
 800836a:	fa1f f68c 	uxth.w	r6, ip
 800836e:	fbb7 f1fe 	udiv	r1, r7, lr
 8008372:	0c23      	lsrs	r3, r4, #16
 8008374:	fb0e 7711 	mls	r7, lr, r1, r7
 8008378:	ea43 4307 	orr.w	r3, r3, r7, lsl #16
 800837c:	fb01 f006 	mul.w	r0, r1, r6
 8008380:	4298      	cmp	r0, r3
 8008382:	d90a      	bls.n	800839a <__udivmoddi4+0x62>
 8008384:	eb1c 0303 	adds.w	r3, ip, r3
 8008388:	f101 37ff 	add.w	r7, r1, #4294967295
 800838c:	f080 8115 	bcs.w	80085ba <__udivmoddi4+0x282>
 8008390:	4298      	cmp	r0, r3
 8008392:	f240 8112 	bls.w	80085ba <__udivmoddi4+0x282>
 8008396:	3902      	subs	r1, #2
 8008398:	4463      	add	r3, ip
 800839a:	1a1b      	subs	r3, r3, r0
 800839c:	b2a4      	uxth	r4, r4
 800839e:	fbb3 f0fe 	udiv	r0, r3, lr
 80083a2:	fb0e 3310 	mls	r3, lr, r0, r3
 80083a6:	ea44 4403 	orr.w	r4, r4, r3, lsl #16
 80083aa:	fb00 f606 	mul.w	r6, r0, r6
 80083ae:	42a6      	cmp	r6, r4
 80083b0:	d90a      	bls.n	80083c8 <__udivmoddi4+0x90>
 80083b2:	eb1c 0404 	adds.w	r4, ip, r4
 80083b6:	f100 33ff 	add.w	r3, r0, #4294967295
 80083ba:	f080 8100 	bcs.w	80085be <__udivmoddi4+0x286>
 80083be:	42a6      	cmp	r6, r4
 80083c0:	f240 80fd 	bls.w	80085be <__udivmoddi4+0x286>
 80083c4:	4464      	add	r4, ip
 80083c6:	3802      	subs	r0, #2
 80083c8:	ea40 4001 	orr.w	r0, r0, r1, lsl #16
 80083cc:	1ba4      	subs	r4, r4, r6
 80083ce:	2100      	movs	r1, #0
 80083d0:	b11d      	cbz	r5, 80083da <__udivmoddi4+0xa2>
 80083d2:	40d4      	lsrs	r4, r2
 80083d4:	2300      	movs	r3, #0
 80083d6:	e9c5 4300 	strd	r4, r3, [r5]
 80083da:	e8bd 87f0 	ldmia.w	sp!, {r4, r5, r6, r7, r8, r9, sl, pc}
 80083de:	428b      	cmp	r3, r1
 80083e0:	d905      	bls.n	80083ee <__udivmoddi4+0xb6>
 80083e2:	b10d      	cbz	r5, 80083e8 <__udivmoddi4+0xb0>
 80083e4:	e9c5 0100 	strd	r0, r1, [r5]
 80083e8:	2100      	movs	r1, #0
 80083ea:	4608      	mov	r0, r1
 80083ec:	e7f5      	b.n	80083da <__udivmoddi4+0xa2>
 80083ee:	fab3 f183 	clz	r1, r3
 80083f2:	2900      	cmp	r1, #0
 80083f4:	d146      	bne.n	8008484 <__udivmoddi4+0x14c>
 80083f6:	42b3      	cmp	r3, r6
 80083f8:	d302      	bcc.n	8008400 <__udivmoddi4+0xc8>
 80083fa:	4282      	cmp	r2, r0
 80083fc:	f200 80f5 	bhi.w	80085ea <__udivmoddi4+0x2b2>
 8008400:	1a84      	subs	r4, r0, r2
 8008402:	eb66 0203 	sbc.w	r2, r6, r3
 8008406:	2001      	movs	r0, #1
 8008408:	4617      	mov	r7, r2
 800840a:	2d00      	cmp	r5, #0
 800840c:	d0e5      	beq.n	80083da <__udivmoddi4+0xa2>
 800840e:	e9c5 4700 	strd	r4, r7, [r5]
 8008412:	e7e2      	b.n	80083da <__udivmoddi4+0xa2>
 8008414:	2a00      	cmp	r2, #0
 8008416:	f040 8093 	bne.w	8008540 <__udivmoddi4+0x208>
 800841a:	eba1 030c 	sub.w	r3, r1, ip
 800841e:	ea4f 471c 	mov.w	r7, ip, lsr #16
 8008422:	fa1f fe8c 	uxth.w	lr, ip
 8008426:	2101      	movs	r1, #1
 8008428:	fbb3 f6f7 	udiv	r6, r3, r7
 800842c:	fb07 3016 	mls	r0, r7, r6, r3
 8008430:	0c23      	lsrs	r3, r4, #16
 8008432:	ea43 4300 	orr.w	r3, r3, r0, lsl #16
 8008436:	fb0e f006 	mul.w	r0, lr, r6
 800843a:	4298      	cmp	r0, r3
 800843c:	d908      	bls.n	8008450 <__udivmoddi4+0x118>
 800843e:	eb1c 0303 	adds.w	r3, ip, r3
 8008442:	f106 38ff 	add.w	r8, r6, #4294967295
 8008446:	d202      	bcs.n	800844e <__udivmoddi4+0x116>
 8008448:	4298      	cmp	r0, r3
 800844a:	f200 80d0 	bhi.w	80085ee <__udivmoddi4+0x2b6>
 800844e:	4646      	mov	r6, r8
 8008450:	1a1b      	subs	r3, r3, r0
 8008452:	b2a4      	uxth	r4, r4
 8008454:	fbb3 f0f7 	udiv	r0, r3, r7
 8008458:	fb07 3310 	mls	r3, r7, r0, r3
 800845c:	ea44 4403 	orr.w	r4, r4, r3, lsl #16
 8008460:	fb0e fe00 	mul.w	lr, lr, r0
 8008464:	45a6      	cmp	lr, r4
 8008466:	d908      	bls.n	800847a <__udivmoddi4+0x142>
 8008468:	eb1c 0404 	adds.w	r4, ip, r4
 800846c:	f100 33ff 	add.w	r3, r0, #4294967295
 8008470:	d202      	bcs.n	8008478 <__udivmoddi4+0x140>
 8008472:	45a6      	cmp	lr, r4
 8008474:	f200 80b6 	bhi.w	80085e4 <__udivmoddi4+0x2ac>
 8008478:	4618      	mov	r0, r3
 800847a:	eba4 040e 	sub.w	r4, r4, lr
 800847e:	ea40 4006 	orr.w	r0, r0, r6, lsl #16
 8008482:	e7a5      	b.n	80083d0 <__udivmoddi4+0x98>
 8008484:	f1c1 0720 	rsb	r7, r1, #32
 8008488:	408b      	lsls	r3, r1
 800848a:	fa22 fc07 	lsr.w	ip, r2, r7
 800848e:	ea4c 0c03 	orr.w	ip, ip, r3
 8008492:	fa06 fe01 	lsl.w	lr, r6, r1
 8008496:	fa20 f407 	lsr.w	r4, r0, r7
 800849a:	fa26 f307 	lsr.w	r3, r6, r7
 800849e:	ea44 040e 	orr.w	r4, r4, lr
 80084a2:	fa00 f801 	lsl.w	r8, r0, r1
 80084a6:	ea4f 401c 	mov.w	r0, ip, lsr #16
 80084aa:	ea4f 4914 	mov.w	r9, r4, lsr #16
 80084ae:	fbb3 fef0 	udiv	lr, r3, r0
 80084b2:	fa1f f68c 	uxth.w	r6, ip
 80084b6:	fb00 331e 	mls	r3, r0, lr, r3
 80084ba:	ea49 4303 	orr.w	r3, r9, r3, lsl #16
 80084be:	fb0e f906 	mul.w	r9, lr, r6
 80084c2:	4599      	cmp	r9, r3
 80084c4:	fa02 f201 	lsl.w	r2, r2, r1
 80084c8:	d90b      	bls.n	80084e2 <__udivmoddi4+0x1aa>
 80084ca:	eb1c 0303 	adds.w	r3, ip, r3
 80084ce:	f10e 3aff 	add.w	sl, lr, #4294967295
 80084d2:	f080 8085 	bcs.w	80085e0 <__udivmoddi4+0x2a8>
 80084d6:	4599      	cmp	r9, r3
 80084d8:	f240 8082 	bls.w	80085e0 <__udivmoddi4+0x2a8>
 80084dc:	f1ae 0e02 	sub.w	lr, lr, #2
 80084e0:	4463      	add	r3, ip
 80084e2:	eba3 0909 	sub.w	r9, r3, r9
 80084e6:	b2a4      	uxth	r4, r4
 80084e8:	fbb9 f3f0 	udiv	r3, r9, r0
 80084ec:	fb00 9913 	mls	r9, r0, r3, r9
 80084f0:	ea44 4409 	orr.w	r4, r4, r9, lsl #16
 80084f4:	fb03 f606 	mul.w	r6, r3, r6
 80084f8:	42a6      	cmp	r6, r4
 80084fa:	d908      	bls.n	800850e <__udivmoddi4+0x1d6>
 80084fc:	eb1c 0404 	adds.w	r4, ip, r4
 8008500:	f103 30ff 	add.w	r0, r3, #4294967295
 8008504:	d268      	bcs.n	80085d8 <__udivmoddi4+0x2a0>
 8008506:	42a6      	cmp	r6, r4
 8008508:	d966      	bls.n	80085d8 <__udivmoddi4+0x2a0>
 800850a:	3b02      	subs	r3, #2
 800850c:	4464      	add	r4, ip
 800850e:	ea43 400e 	orr.w	r0, r3, lr, lsl #16
 8008512:	1ba4      	subs	r4, r4, r6
 8008514:	fba0 e602 	umull	lr, r6, r0, r2
 8008518:	42b4      	cmp	r4, r6
 800851a:	4673      	mov	r3, lr
 800851c:	46b1      	mov	r9, r6
 800851e:	d352      	bcc.n	80085c6 <__udivmoddi4+0x28e>
 8008520:	d04f      	beq.n	80085c2 <__udivmoddi4+0x28a>
 8008522:	b15d      	cbz	r5, 800853c <__udivmoddi4+0x204>
 8008524:	ebb8 0203 	subs.w	r2, r8, r3
 8008528:	eb64 0409 	sbc.w	r4, r4, r9
 800852c:	fa04 f707 	lsl.w	r7, r4, r7
 8008530:	fa22 f301 	lsr.w	r3, r2, r1
 8008534:	431f      	orrs	r7, r3
 8008536:	40cc      	lsrs	r4, r1
 8008538:	e9c5 7400 	strd	r7, r4, [r5]
 800853c:	2100      	movs	r1, #0
 800853e:	e74c      	b.n	80083da <__udivmoddi4+0xa2>
 8008540:	f1c2 0120 	rsb	r1, r2, #32
 8008544:	fa20 f301 	lsr.w	r3, r0, r1
 8008548:	fa0c fc02 	lsl.w	ip, ip, r2
 800854c:	fa26 f101 	lsr.w	r1, r6, r1
 8008550:	4096      	lsls	r6, r2
 8008552:	4333      	orrs	r3, r6
 8008554:	ea4f 471c 	mov.w	r7, ip, lsr #16
 8008558:	fa1f fe8c 	uxth.w	lr, ip
 800855c:	fbb1 f0f7 	udiv	r0, r1, r7
 8008560:	fb07 1610 	mls	r6, r7, r0, r1
 8008564:	0c19      	lsrs	r1, r3, #16
 8008566:	ea41 4106 	orr.w	r1, r1, r6, lsl #16
 800856a:	fb00 f60e 	mul.w	r6, r0, lr
 800856e:	428e      	cmp	r6, r1
 8008570:	fa04 f402 	lsl.w	r4, r4, r2
 8008574:	d908      	bls.n	8008588 <__udivmoddi4+0x250>
 8008576:	eb1c 0101 	adds.w	r1, ip, r1
 800857a:	f100 38ff 	add.w	r8, r0, #4294967295
 800857e:	d22d      	bcs.n	80085dc <__udivmoddi4+0x2a4>
 8008580:	428e      	cmp	r6, r1
 8008582:	d92b      	bls.n	80085dc <__udivmoddi4+0x2a4>
 8008584:	3802      	subs	r0, #2
 8008586:	4461      	add	r1, ip
 8008588:	1b89      	subs	r1, r1, r6
 800858a:	b29b      	uxth	r3, r3
 800858c:	fbb1 f6f7 	udiv	r6, r1, r7
 8008590:	fb07 1116 	mls	r1, r7, r6, r1
 8008594:	ea43 4301 	orr.w	r3, r3, r1, lsl #16
 8008598:	fb06 f10e 	mul.w	r1, r6, lr
 800859c:	4299      	cmp	r1, r3
 800859e:	d908      	bls.n	80085b2 <__udivmoddi4+0x27a>
 80085a0:	eb1c 0303 	adds.w	r3, ip, r3
 80085a4:	f106 38ff 	add.w	r8, r6, #4294967295
 80085a8:	d214      	bcs.n	80085d4 <__udivmoddi4+0x29c>
 80085aa:	4299      	cmp	r1, r3
 80085ac:	d912      	bls.n	80085d4 <__udivmoddi4+0x29c>
 80085ae:	3e02      	subs	r6, #2
 80085b0:	4463      	add	r3, ip
 80085b2:	1a5b      	subs	r3, r3, r1
 80085b4:	ea46 4100 	orr.w	r1, r6, r0, lsl #16
 80085b8:	e736      	b.n	8008428 <__udivmoddi4+0xf0>
 80085ba:	4639      	mov	r1, r7
 80085bc:	e6ed      	b.n	800839a <__udivmoddi4+0x62>
 80085be:	4618      	mov	r0, r3
 80085c0:	e702      	b.n	80083c8 <__udivmoddi4+0x90>
 80085c2:	45f0      	cmp	r8, lr
 80085c4:	d2ad      	bcs.n	8008522 <__udivmoddi4+0x1ea>
 80085c6:	ebbe 0302 	subs.w	r3, lr, r2
 80085ca:	eb66 060c 	sbc.w	r6, r6, ip
 80085ce:	3801      	subs	r0, #1
 80085d0:	46b1      	mov	r9, r6
 80085d2:	e7a6      	b.n	8008522 <__udivmoddi4+0x1ea>
 80085d4:	4646      	mov	r6, r8
 80085d6:	e7ec      	b.n	80085b2 <__udivmoddi4+0x27a>
 80085d8:	4603      	mov	r3, r0
 80085da:	e798      	b.n	800850e <__udivmoddi4+0x1d6>
 80085dc:	4640      	mov	r0, r8
 80085de:	e7d3      	b.n	8008588 <__udivmoddi4+0x250>
 80085e0:	46d6      	mov	lr, sl
 80085e2:	e77e      	b.n	80084e2 <__udivmoddi4+0x1aa>
 80085e4:	4464      	add	r4, ip
 80085e6:	3802      	subs	r0, #2
 80085e8:	e747      	b.n	800847a <__udivmoddi4+0x142>
 80085ea:	4608      	mov	r0, r1
 80085ec:	e70d      	b.n	800840a <__udivmoddi4+0xd2>
 80085ee:	3e02      	subs	r6, #2
 80085f0:	4463      	add	r3, ip
 80085f2:	e72d      	b.n	8008450 <__udivmoddi4+0x118>

080085f4 <_init>:
 80085f4:	b5f8      	push	{r3, r4, r5, r6, r7, lr}
 80085f6:	bf00      	nop
 80085f8:	bcf8      	pop	{r3, r4, r5, r6, r7}
 80085fa:	bc08      	pop	{r3}
 80085fc:	469e      	mov	lr, r3
 80085fe:	4770      	bx	lr

08008600 <_fini>:
 8008600:	b5f8      	push	{r3, r4, r5, r6, r7, lr}
 8008602:	bf00      	nop
 8008604:	bcf8      	pop	{r3, r4, r5, r6, r7}
 8008606:	bc08      	pop	{r3}
 8008608:	469e      	mov	lr, r3
 800860a:	4770      	bx	lr
