:020000040800F2
:1000000000800120957F00080D7700081577000813
:1000100017770008197700081B7700080000000018
:100020000000000000000000000000001D77000834
:100030001F770008000000002177000823770008E0
:10004000E57F0008E57F0008E57F0008E57F000800
:10005000E57F0008E57F0008E57F00082B770008B2
:10006000E57F0008E57F0008E57F0008E57F0008E0
:10007000E57F0008E57F0008E57F0008E57F0008D0
:10008000E57F0008E57F0008E57F0008000000002C
:1000900000000000000000000000000035770008AC
:1000A000417700085177000861770008E57F000874
:1000B000E57F0008E57F0008E57F0008E57F000890
:1000C000E57F0008E57F0008E57F0008E57F000880
:1000D000E57F0008E57F0008E57F000800000000DC
:1000E00071770008E57F0008E57F00080000000048
:1000F000000000000000000000000000E57F000894
:1001000000000000E57F0008E57F0008E57F0008AB
:1001100000000000000000000000000000000000DF
:1001200085770008E57F0008E57F0008E57F000887
:10013000E57F000800000000000000000000000053
:10014000000000000000000000000000E57F000843
:10015000E57F0008E57F0008E57F0008E57F0008EF
:10016000E57F0008E57F00080000000000000000B7
:10017000000000000000000000000000000000007F
:1001800000000000E57F0008000000000000000003
:04019000E57F0008FF
:1001A00010F8012B11F8013B012A28BF9A42F7D021
:1001B000D01A7047034613F8012B002AFBD1181AF6
:1001C000013870470000000000000000000000003F
:1001D00001F0FF01102A2BDB10F0070F08D010F8F8
:1001E000013B013A8B422DD010F0070F42B3F6D1FC
:1001F000F0B441EA012141EA014122F007047FF015
:1002000000070023F0E80256083C85EA010586EA6B
:10021000010685FA47F5A3FA87F586FA47F6A5FAA7
:1002200087F68EB9EED1F0BC01F0FF0102F00702B3
:1002300032B110F8013B013A83EA010313B1F8D15E
:100240000020704701387047002D06BF354603383F
:10025000073815F0010F07D1013015F4807F02BF78
:10026000013015F4C03F0130F0BC0138704700BFC9
:100270007BB972B90029BEBF00204FF0004106E0F3
:1002800008BF00281CBF6FF000414FF0FF3000F0A6
:1002900057B8ADF1080C6DE904CE002909DB002B3D
:1002A0001ADB0BF045FADDF804E0DDE9022304B0C7
:1002B0007047404261EB4101002B1BDB0BF038FA29
:1002C000DDF804E0DDE9022304B0404261EB4101C6
:1002D000524263EB43037047524263EB43030BF01C
:1002E00027FADDF804E0DDE9022304B0404261EBC7
:1002F00041017047524263EB43030BF019FADDF8FA
:1003000004E0DDE9022304B0524263EB430370478B
:1003100053B94AB9002908BF00281CBF4FF0FF316C
:100320004FF0FF3000F00CB8ADF1080C6DE904CED1
:100330000BF0FEF9DDF804E0DDE9022304B07047BC
:10034000704700BF10B5054C237833B9044B13B187
:100350000448AFF300800123237010BD0801002082
:1003600000000000ECB9000808B5034B1BB10349BD
:100370000348AFF3008008BD000000000C0100201E
:10038000ECB9000838B50446006800F0F3F92068BD
:1003900000F007FA05460121206800F0D6F928464A
:1003A00038BD70B504460E4615460021006800F0C1
:1003B000CCF946F08001206800F0DCF9294620687D
:1003C00000F0D8F90121206800F0BFF970BD012BC1
:1003D0001BD9F8B505460C4617461E460021006895
:1003E00000F0B3F92146286800F0C4F9002405E0C4
:1003F000286800F0D6F938550134E4B2B442F7D396
:100400000121286800F0A1F9F8BD7047012B1CD923
:10041000F8B505460C4617461E460021006800F058
:1004200094F944F08001286800F0A4F9002405E064
:10043000395D286800F09EF90134E4B2B442F7D384
:100440000121286800F081F9F8BD704710B5044615
:1004500089220121FFF7A5FF0123A37510BD10B567
:10046000044608220121FFF79CFF0023A37510BD5D
:1004700008B588220121FFF794FF08BD30B583B08D
:100480000446FFF7ECFF0F2000F0A9F92046FFF724
:10049000EFFFA568E368D904554A0023E80441EA60
:1004A0005531FFF735FFC0F307438DF80430C0F333
:1004B00007238DF805308DF80600032301AA0621D5
:1004C0002046FFF7A3FF122239212046FFF769FFDC
:1004D000237C484AD25C09212046FFF762FF0B22A9
:1004E00011462046FFF75DFF23220C212046FFF72F
:1004F00058FF637C404AD35C062B42D0A37C3F4A22
:10050000D25C1201D2B2E37C3D49CB5C5B00DBB232
:100510001A4402F0FE021D212046FFF742FF637CD1
:10052000354AD25C1201D2B2237D3649CB5C9B00A6
:10053000DBB21A4402F0FC021E212046FFF731FF15
:10054000042226212046FFF72CFF08221F212046E7
:10055000FFF727FF002220212046FFF722FF082275
:1005600021212046FFF71DFF012241212046FFF7F0
:1005700018FF002384F817312046FFF767FF03B008
:1005800030BDA37C1D4AD25C1201D2B2E37C1C496F
:10059000CB5C5B00DBB21A44D2B20132D2B21D2175
:1005A0002046FFF7FEFE637C134AD25C1201D2B2F2
:1005B000237D1449CB5C9B00DBB21A44D2B20332D8
:1005C000D2B21E212046FFF7ECFE31212046FFF774
:1005D000D9FE00F0F80242F0050231212046FFF773
:1005E000E0FE0C2237212046FFF7DBFEA8E700BF24
:1005F0000048E8012CBA000824BA000818BA00081C
:1006000014BA000810BA000808B5FF221221FFF73B
:10061000C8FE08BD70B505460E4614464175FFF785
:100620002DFF84224D212846FFF7BBFEFF22242107
:100630002846FFF7B6FE012240212846FFF7B1FE0B
:100640003F2211212846FFF7ACFE2846FFF7DCFFCA
:10065000324622212846FFF7A4FE0F212846FFF745
:1006600091FE02460D212846FFF79BFE8D220121B7
:100670002846FFF796FE002385F8173106E003238E
:10068000AB75012070BD012000F0A9F818212846A3
:10069000FFF778FE10F0040FF1D1013CF3D1286888
:1006A00000F0A1F82846FFF7E9FE0020EAE770B560
:1006B0000446006800F0ADF810B994F8170170BD59
:1006C00004F117064FF480720021304607F0C9FD8F
:1006D00010212046FFF756FE02460D212046FFF767
:1006E00060FE637C63B9657D2B463246002120465F
:1006F000FFF76DFE84F817512046FFF785FFDCE712
:1007000013212046FFF73EFE0546EDE770B504468F
:1007100016461D46006800F022F8A660E5609DF8C8
:10072000103023749DF8143063749DF81830A3744E
:100730009DF81C30E3749DF8203023759DF824301B
:1007400063752046FFF79AFE70BD08B5012914BFF6
:1007500000220122018A406904F0BFFB08BD10B5E8
:1007600004460121FFF7F1FF01222188606804F0AF
:10077000B4FB10BD10B582B004468DF807100021FF
:10078000FFF7E3FF4FF47A7301220DF10701A0692F
:1007900006F081FBA06906F08AFD0128FAD102B0BB
:1007A00010BD10B584B0044600218DF80F108DF8EF
:1007B0000E10FFF7CAFF4FF47A73009301230DF177
:1007C0000E020DF10F01A06906F047FCA06906F0CA
:1007D0006EFD0128FAD19DF80E0004B010BD08B5D9
:1007E00003F0B6FE08BD10B504460121FFF7ADFFCA
:1007F00000222188606804F070FB0120FFF7EFFF02
:1008000001222188606804F068FB6420FFF7E7FF9D
:1008100010BD08B50189C06804F058FB012814BF59
:100820000020012008BD00007F2817D931B1FF2822
:1008300013D880380A4B33F81000704700237F2B01
:1008400007D8074A32F81320824202D001339BB204
:10085000F5E703F18000C0B270470020704700BF89
:10086000E0BC0008B0F5805F07D2234B1A88002A4D
:1008700041D090423FD310B506E0204BF6E77346D7
:100880001A88DAB1904219D303F1040E5B88190A71
:10089000DBB203EB020C604504DB0029EFD10EEB69
:1008A0004303EDE7082909D8DFE801F005090F1235
:1008B00015181B1E2100841A3EF8140010BD831A5F
:1008C00003F00103C01A80B2F8E7103880B2F5E7F0
:1008D000203880B2F2E7303880B2EFE71A3880B2C1
:1008E000ECE7083080B2E9E7503880B2E6E7A0F5DF
:1008F000E35080B2E2E77047ECBA000830BA000873
:1009000008B5044B03EB8002526852680344187A1E
:10091000904708BD54030020094B1B5C73B910B508
:100920000446074B03EB8002526812680344187AAE
:10093000904710B9024B01221A5510BD0020704794
:100940005403002038B5044C04EB80056D68AD6895
:100950000444207AA84738BD5403002038B5044C1D
:1009600004EB80056D68ED680444207AA84738BD23
:100970005403002010B5044B03EB80046468246921
:100980000344187AA04710BD5403002008B503495A
:10099000034801F05FFF034B187008BD24010020DD
:1009A00034000020280100200020704742780078A1
:1009B00040EA02207047C378827842EA03224378F3
:1009C00043EA0223007840EA032070470170090AD5
:1009D000417070470170C1F307234370C1F30743AF
:1009E0008370090EC1707047944632B10A780131A4
:1009F00002700130BCF1010CF8D170470170013078
:100A0000013AFBD1704784469CF800000CF1010CC0
:100A10000B780131C01A013A01D00028F4D0704798
:100A2000034600E00133187808B18842FAD17047D4
:100A300030B400252B4601E001250133012B15D8E8
:100A40001A01174CA258002AF6D00468A242F4D129
:100A5000134A02EB0312546882689442EDD1104AA3
:100A600002EB0312946842699442E6D1022B0AD049
:100A7000A1B90B4A02EB03139B89B3F5807F0BD01E
:100A8000002030BC70472DB9022901D01220F8E7B0
:100A90000020F6E70020F4E71020F2E71020F0E74E
:100AA0002C030020002000E00130012804D80301BD
:100AB000034AD358002BF7D1023818BF01207047E2
:100AC0002C03002070B4002300E00133012B13D865
:100AD0001A01234CA45802689442F6D1204A02EB32
:100AE0000312546882689442EFD11D4A02EB03124C
:100AF000946842699442E8D1022B08D0F9B1184AAF
:100B000002EB031292894ABB4FF480721DE000236E
:100B1000012B05D81A01124CA2580AB10133F7E78C
:100B2000022B19D00E4D1C0105EB031206682E5145
:100B3000846854604069906000209081DEE7084A34
:100B400002EB03129289013292B2054901EB0311C3
:100B50008A81581C70BC70470020FBE70020F9E731
:100B60002C0300200138012815D80D4B03EB00138E
:100B70009B89B3F5807F03D043B1013B9BB200E07A
:100B80000023074A02EB0012938133B903010020CE
:100B9000034AD0507047022070470020704700BFC2
:100BA0002C030020002303E05DF8044B7047013361
:100BB000012B11D81A0109498A588242F7D110B481
:100BC0001A0100248C500133012BEDD81A0103497E
:100BD0008A588242F7D1F3E7704700BF2C03002008
:100BE00002398369023B8B4204D94389C06A01FB05
:100BF00003007047002070470268C36A0433490A43
:100C00005289B1FBF2F101E0091A0833186818B1F2
:100C10008142F9D258680844704770B506460D46BF
:100C200001F11A00FFF7C2FE3378032B00D070BD2C
:100C3000044605F11400FFF7B9FE44EA0040F6E768
:100C400070B506460C46154691B204F11A00FFF73E
:100C5000BDFE3378032B00D070BD290C04F11400C5
:100C6000FFF7B4FEF8E700002DE9F04180460E469C
:100C700001F11A00FFF79AFE50BB357825F04005C8
:100C8000013D05EB450305EB83050127002404E046
:100C90004FF6FF73984220D101340C2C0DD8124B23
:100CA000185D3044FFF782FE002FF1D0FE2D12D8E0
:100CB00028F8150007460135EEE7337813F0400FAA
:100CC0000DD0FE2D0DD8002328F81530012000E0AE
:100CD0000020BDE8F0810020FBE70020F9E70120BB
:100CE000F7E70020F5E700BFA0C000082DE9F843B2
:100CF00080460F4691464B730F23CB7200240C7332
:100D0000214607F11A00FFF761FE09F1FF3606EBF5
:100D1000460306EB8306254602E001340C2C11D86D
:100D20004FF6FF739D4202D038F8165001360C4B37
:100D3000185D29463844FFF749FE002DEDD14FF6E6
:100D4000FF75EAE74FF6FF739D4202D038F8163080
:100D50000BB949F0400987F80090BDE8F88300BF5F
:100D6000A0C0000870B582B0054616461C460B228E
:100D7000FFF73AFE052C11D807231FE001310F2998
:100D80000CD803F0010C0CEB44045B0814F4803F16
:100D9000F4D084F4883484F02104EFE73388002B06
:100DA000EAD002360021EAE75A1E08336B4403F802
:100DB000081C21090F2C0AD913460C4604F00F0217
:100DC00002F130013929EFD902F13701ECE77E2138
:100DD00002F108036B4403F8081C002300E0013310
:100DE000934209D2E95C2029F9D105E02020591C61
:100DF000E854072909D80B46072AF7D802F1080159
:100E0000694411F8080C0132F1E702B070BD0146E7
:100E10004FF00B0C0020C30143EA50030A78013164
:100E200052FA83F3D8B2BCF1010CF4D170470146F9
:100E3000006838B1024613781F2B06D93A2B04D02C
:100E40000132F8E74FF0FF3070473A2B01D0002015
:100E5000704710B4034613F8010B3038092808D83E
:100E60009A4202D04FF0FF3005E038B901320A60F3
:100E700001E04FF0FF305DF8044B70474FF0FF305A
:100E8000F9E738B50D46044698B103689BB11A7866
:100E9000A2B18188DA88914203D0092000242C6015
:100EA00038BD5878FFF72CFD10F0010009D12468F7
:100EB000F5E70920F3E71C460920F0E709200024A4
:100EC000EDE709200024EAE72DE9F041C57815B9DE
:100ED0002846BDE8F0810446076B00F13408012381
:100EE0003A4641464078FFF739FD0546A0B9002350
:100EF000E370636AFB1AE2699342E9D2A67808E0DC
:100F0000E3691F4401233A4641466078FFF726FD16
:100F1000013E012EF4D8DBE70125D9E770B5036B5C
:100F20008B4202D10026304670BD04460D46FFF7C5
:100F3000CBFF06460028F6D101232A4604F13401EE
:100F40006078FFF7FFFC10B101264FF0FF352563F5
:100F5000E9E7000038B504460023C3704FF0FF33C3
:100F60000363FFF7DBFF30BB054604F23220FFF7D7
:100F70001DFD4AF6552398421FD194F83430E92BD1
:100F800007D0636B03F0FF130D4A934201D0022593
:100F900014E004F16A00FFF70EFD20F07F40094BDA
:100FA00098420BD004F18600FFF705FD064B9842EE
:100FB00004D0022502E0042500E00325284638BDC0
:100FC000EB00900046415400464154332DE9F04F68
:100FD00085B00D46164600230B60FFF728FF071E5D
:100FE000C0F24681B64B53F82740002C00F04581F3
:100FF0002C6006F0FE06237873B16078FFF780FC62
:1010000010F0010508D1002E00F0338110F0040F1C
:1010100000F02F810A252CE100232370F8B26070C4
:10102000FFF77AFC10F0010540F029811EB110F0A5
:10103000040F40F0268100212046FFF78BFF022895
:101040007ED00027042800F01E81012800F21D81B7
:1010500004F13F00FFF7AAFCB0F5007F40F01781D4
:1010600004F14A00FFF7A2FC064620B904F158003B
:10107000FFF7A1FC0646E66194F84420A270531ED7
:10108000DBB2012B00F2058106FB02F894F84190D7
:10109000A4F80A90B9F1000F00F0FD8009F1FF33C8
:1010A00019EA030F40F0F98004F14500FFF77EFCD8
:1010B0008246208110F00F0F40F0F18004F14700CC
:1010C000FFF774FC834620B904F15400FFF773FC6A
:1010D000834604F14200FFF769FC0246002800F055
:1010E000E08000EB080303EB1A139B45C0F0DB80A4
:1010F000ABEB030BBBFBF9F1CB45C0F0D6804FF651
:10110000F570814234D840F6F57081426AD94FF0CB
:10111000020B2FE0002004AB03EB860343F8100C16
:101120000136032E0ED804F13400330103F5DF73CA
:1011300018440379002BEDD00830FFF73CFCEAE7B8
:101140000026EEE700260AE039462046FFF702FFB8
:1011500001287FF677AF0136032E3FF673AF04AB5D
:1011600003EB860353F8107C002FEDD10320F2E748
:101170004FF0030B01F10209C4F8189027623A44BA
:1011800062623B44E362BBF1030F2ED0BAF1000F61
:1011900000F091804244A262BBF1020F36D009EB0D
:1011A000490309F0010909EB530909F2FF19B6EBEC
:1011B000592FC0F082804FF0FF3363612361802399
:1011C0002371BBF1030F24D084F800B03D4A13888B
:1011D00001339BB21380E3803B4BE3602046FFF773
:1011E000E1FC46E04FF0010BC4E704F15E00FFF7BD
:1011F000DDFB00285BD1BAF1000F5AD104F1600089
:10120000FFF7D9FBA0624FEA8909CEE74FEA490907
:10121000CBE704F16400FFF7C9FB0128D4D1791CA6
:101220002046FFF77BFE0028CED10023237104F275
:101230003220FFF7BBFB4AF655239842C4D104F194
:101240003400FFF7B8FB214B9842BDD104F506707E
:10125000FFF7B1FB1E4B9842B6D104F50770FFF7BC
:10126000AAFB606104F50870FFF7A5FB2061ABE7FE
:101270000B25284605B0BDE8F08F0C25F9E70325BE
:10128000F7E70A25F5E70125F3E70D25F1E70D2539
:10129000EFE70D25EDE70D25EBE70D25E9E70D253A
:1012A000E7E70D25E5E70D25E3E70D25E1E70D254A
:1012B000DFE70D25DDE70D25DBE70D25D9E700BFCD
:1012C000500300204C0300202C01002052526141A9
:1012D000727241612DE9F047012975D907460C4624
:1012E000164683698B4273D90378022B3ED0032BB9
:1012F0004FD0012B6ED101EB5108416A01EB58210F
:10130000FFF70CFE054600285FD107F1340A08F10B
:101310000109C8F3080814F001041DD01AF80830B8
:1013200003F00F0343EA0613DBB20AF80830012387
:10133000FB70796A01EB59213846FFF7EFFD05464E
:10134000002842D1C9F3080944B1C6F307130AF8CB
:1013500009300123FB7038E0F3B2E6E71AF80930F0
:10136000C6F3032223F00F031343F0E7416A01EBB6
:101370001421FFF7D3FD054638BB07F134006400A4
:1013800004F4FF74B1B22044FFF720FB0123FB708B
:101390001BE0416A01EBD411FFF7C0FD0546A0B97F
:1013A00026F0704607F13403A40004F4FE741C44D4
:1013B0002046FFF700FB00F0704131432046FFF765
:1013C00009FB0123FB7000E002252846BDE8F087F9
:1013D0000225FAE70225F8E7F8B50568012954D98E
:1013E0000C46AB698B4252D92B78022B2BD0032BA6
:1013F00039D0012B4DD101EB5106696A01EB562121
:101400002846FFF78BFD10B14FF0FF303EE0771C10
:10141000C6F308062E4496F83460696A01EB57213A
:101420002846FFF77BFDB0BBC7F308072F4497F8AA
:10143000343046EA032014F0010F01D0000925E002
:10144000C0F30B0022E0696A01EB14212846FFF784
:1014500065FD18BB05F13400640004F4FF742044FA
:10146000FFF7A4FA12E0696A01EBD4112846FFF7EE
:1014700055FDB0B905F13400A40004F4FE74204415
:10148000FFF799FA20F0704000E00120F8BD01203C
:10149000FCE70120FAE74FF0FF30F7E74FF0FF30AD
:1014A000F4E74FF0FF30F1E72DE9F041D0F800808C
:1014B000B1F5001F3FD207460E4611F01F0F3DD178
:1014C00041618468E4B998F80030022B01D9D8F85A
:1014D0002840ACB9B8F80830B3EB561F30D9D8F86B
:1014E0002830FB61BC61FB6993B303EB5623FB61BE
:1014F00008F13408C6F308014144396200201BE0BA
:10150000B8F80A506D02AE420FD321463846FFF7B5
:1015100063FF0446B0F1FF3F14D0012814D9D8F876
:101520001830834212D9761BEDE721464046FFF77B
:1015300057FBF861D6E70220BDE8F0810220FBE707
:101540000220F9E70120F7E70220F5E70220F3E7A0
:101550000220F1E72DE9F041054606680F4651B932
:10156000D6F81080B8F1000F12D0B369434511D8F6
:101570004FF001080EE0FFF72FFF0346012847D97F
:10158000B0F1FF3F49D0B269824246D8B84601E087
:101590004FF0010844460CE021462846FFF71CFFA7
:1015A000034678B1012838D0B0F1FF3F35D044452B
:1015B00032D00134B369A342EED8B8F1010F29D972
:1015C0000224E9E74FF0FF3221463046FFF782FE62
:1015D0000346B0B977B9A3B934617269B369023B04
:1015E0009A4201D8013A7261337943F001033371B1
:1015F000234612E0224639463046FFF76BFE03468B
:10160000E9E7012B01D0012307E04FF0FF3304E0AD
:10161000012302E0002300E000231846BDE8F0812A
:10162000F8B50C46056801292ED906461146AB6966
:10163000A3422BD94AB14FF0FF322846FFF74AFEAA
:10164000074610B123E0A24221D927462146304661
:10165000FFF7C2FE0446E0B101281CD0B0F1FF3F05
:101660001BD0002239462846FFF734FE074670B9E2
:101670006B69AA69911E8B42E5D201336B612B79AC
:1016800043F001032B71DEE7022700E00227384612
:10169000F8BD0027FBE70227F9E70127F7E72DE967
:1016A000F04706684569C369002B6CD0044688463C
:1016B0002035B5F5001F68D2C5F308073FB90133DF
:1016C000C361816979B93389B3EB551F07D9656166
:1016D00006F134033B4423620020BDE8F087002379
:1016E000C3610420F9E77389013B13EA5529EED160
:1016F000FFF772FE8246012849D9B0F1FF3F48D07A
:10170000B369834237D8B8F1000F11D0A1692046E0
:10171000FFF720FF824600283DD001283DD0B0F1E0
:10172000FF3F3CD03046FFF7CFFB28B10120D4E784
:101730000023E3610420D0E74FF40072002106F19A
:101740003400FFF75BF951463046FFF749FA306342
:10175000738999450BD20123F3703046FFF7B4FB30
:10176000F8B909F10109336B01333363F0E7336BE7
:10177000A3EB09033363C4F818A051463046FFF7C2
:101780002FFAE061A3E70420A7E70420A5E70220E1
:10179000A3E70120A1E707209FE702209DE70120A2
:1017A0009BE7012099E7F8B504460E46076800213B
:1017B000FFF77AFE0246C0B9002508E00135B542C0
:1017C00013D001212046FFF76AFF024668B9E1699C
:1017D0003846FFF7A3FB024638B9236A1B78E52B8E
:1017E000ECD0002BEAD00025EBE7042A01D010460C
:1017F000F8BD0722FBE72DE9F84304468846076851
:101800004FF0FF094E4604252EE00F2B19D112F0A0
:10181000400F06D091F80D9002F0BF026369236378
:101820001646B24201D0FF2618E04B7B4B4501D053
:10183000FF2613E0F868FFF717FA88B3013EF6B207
:101840000CE026B90846FFF7E2FA48452BD04FF0E6
:10185000FF33236327E0FF2600E0FF260021204618
:10186000FFF71DFF0546F0B9E169E1B13846FFF722
:1018700055FB0546B8B9216A0A789AB1CB7A03F0CC
:101880003F03A371E52AE6D02E2AE6D023F02000FC
:10189000082814BF002001204045B6D0FF26DDE710
:1018A000FF26DBE704250DB10023E3612846BDE8F0
:1018B000F88300002DE9F04F83B007468A46D1F83F
:1018C00000900368DD680024234612E0013619F811
:1018D00006302F2BFAD05C2BF8D04E44CAF80060AB
:1018E0001F2823D84FF0040824E025F81480013481
:1018F00033465E1C19F803001F28EED92F28E6D0C6
:101900005C28E4D0FE2C00F2DF800121FEF78CFF82
:101910008046002800F0DA807F28E6D801466D482E
:10192000FFF77EF80028E0D0062085E04FF00008A1
:1019300000E0013C44B104F10043013B35F81330B1
:10194000202BF6D02E2BF4D0002325F81430002CB9
:1019500000F0BE800B22202107F12400FFF74EF893
:10196000002300E0013335F81320202AFAD02E2A74
:10197000F8D01BB148F0030800E0013C6CB104F161
:101980000042013A35F812202E2AF6D14FF0080B0A
:101990004FF0000ACDF804A00AE0A2464FF0080B71
:1019A0000022019204E04C450BD048F003084B465E
:1019B00003F1010935F81360FEB1202EF5D02E2E6B
:1019C000F1D0DA4510D24C450ED07F2E44D8002EEF
:1019D0004FD148F003085F2607EB0A0383F8246021
:1019E0004B460AF1010AE3E7BBF10B0F27D04C4548
:1019F00001D048F003084C4524D297F82430E52B59
:101A000053D0BBF1080F54D0019B03F00C020C2AF9
:101A100003D003F00303032B01D148F0020818F0B0
:101A2000020F06D1019B03F00303012B46D0042AC9
:101A300047D087F82F80002003B0BDE8F08F48F032
:101A40000308DAE7019B9B00DBB2019323464FF0CA
:101A50000B0B4FF0080AABE700213046FEF7E4FE1F
:101A6000064618B1A0F180061B4B9E5D48F00208A7
:101A7000ADE731461948FEF7D3FF0028A9D1A6F1FA
:101A800041039BB2192B04D8019B43F0020301933D
:101A9000A2E7A6F161039BB2192B9DD8019B43F0ED
:101AA00001030193203EB6B296E7052387F8243060
:101AB000A7E7019B9B00DBB20193A5E748F0100864
:101AC000B5E748F00808B4E70620B5E70620B3E715
:101AD0000620B1E7E0BD0008B0C00008ECBD00087A
:101AE0002DE9F041D0F8008000238B75C369002BED
:101AF0006BD006460C46036BB3F1FF3F16D00023B4
:101B00001D46D8F80C205F1C32F8130058B1002194
:101B1000FEF78AFE30B1FE2D0CD8621990753B4657
:101B20000135EEE7002525440023AB75A57D002295
:101B3000134612E00025F6E7E52317E015B9A018D3
:101B40002E278775A0182E274772013210E010202B
:101B50001CE0A018837501320B460A2B1BD8306A93
:101B6000591CC35C202BF7D0052BE5D00929E5D003
:101B7000A0184372002DEED1A3F14100C0B2192884
:101B8000E7D8306A077B0829E1D808200742E0D06F
:101B90002033DBB2DDE735B9A31800219975336A2C
:101BA0001B7B03B90A46224400235372336ADB7A53
:101BB0002372306A1C30FEF7FEFE2060306A163059
:101BC000FEF7F9FEE080000CA080BDE8F081000087
:101BD0002DE9F04781460F4601F11A00FEF7E6FEB7
:101BE000C8BB3E7806F03F06013E06EB460306EB17
:101BF00083064FF00108002506E000202CE04FF698
:101C0000FF7398422AD101350C2D18D8174B585D17
:101C10003844FEF7CBFE0446B8F1000FEFD0FE2E9D
:101C2000EBD8FEF71FFE804606F1010A39F81600D0
:101C3000FEF718FE8045E0D1A0465646E3E73B7824
:101C400013F0400F0CD0B8F1000F0BD039F816305C
:101C500053B9012000E00020BDE8F0870020FBE739
:101C60000120F9E70120F7E70020F5E7A0C0000810
:101C70002DE9F8430446D0F800800021FFF714FC5A
:101C80000646002864D14FF0FF3323634FF0FF096D
:101C90004F460AE04FF0FF332363FF270021204621
:101CA000FFF7FDFC0646002852D1E1694046FFF7E8
:101CB00035F9064600284BD1256A2B78002B46D0F3
:101CC000EA7A02F03F01A171E52BE3D012F0080F90
:101CD00014D00F29DED194F82F2012F0400FDDD15F
:101CE00013F0400F06D095F80D9003F0BF03626922
:101CF00022631F46BB421AD0FF27CFE70F29EAD045
:101D000027B92846FFF783F8484521D094F82F30AB
:101D100013F0010F06D10B2204F124012846FEF72F
:101D200072FEA8B14FF0FF332363FF27B6E76B7B4A
:101D30004B4501D0FF27B1E72946D8F80C00FFF743
:101D400047FF10B1013FFFB2A8E7FF27A6E704262F
:101D50003046BDE8F88330B583B00446019105688C
:101D600001E001330193019B1A782F2AF9D05C2AF4
:101D7000F7D00022A2601B781F2B1ED901A9204694
:101D8000FFF798FD034600BB2046FFF771FF94F86C
:101D90002F200346E0B912F0040F16D1A37913F0F7
:101DA000100F1CD005F134016369C3F30803194413
:101DB0002846FEF732FFA060E0E7802384F82F304A
:101DC00011462046FFF770FB0346184603B030BDAE
:101DD0000428FAD112F0040FF7D10523F5E7052303
:101DE000F3E700002DE9F04385B0066890F82F3046
:101DF00013F0A00F40F08A800746002400E0013471
:101E0000F36833F81430002BF9D107F124080C22C1
:101E1000414601A8FEF7E8FD9DF80F3013F0010FD1
:101E20001CD0402387F82F30012500E00135632DB9
:101E30000BD82B46F26801A94046FEF793FF3846BF
:101E4000FFF716FF81460028F0D0642D64D0B9F169
:101E5000040F5DD19DF80F3087F82F309DF80F30BB
:101E600013F0020F06D00C342D4BA3FB0434A4084E
:101E7000013400E0012421463846FFF794FC8146F6
:101E8000002845D1013C1CD1B9F1000F40D1F969BE
:101E90003046FFF743F88146002839D1202200213F
:101EA000386AFEF7ABFD0B224146386AFEF79CFD0F
:101EB00097F82F303A6A03F0180313730123F37075
:101EC00026E07969A1EB44113846FFF7EDFA814627
:101ED000F0B94046FEF79BFF0546F9693046FFF72B
:101EE0001DF881460028CFD12B46E2B2396AF0684E
:101EF000FEF7FCFE0123F37000213846FFF7CFFB0D
:101F000081460028C0D1013CE7D1BDE74FF006096A
:101F1000484605B0BDE8F0834FF00709F8E700BF79
:101F20004FECC44E70B50446FEF7CEFF054648B9E7
:101F30002378032B08D0002211466078FEF71AFDA3
:101F400000B10125284670BD2379012BF3D104F19E
:101F500034064FF4007200213046FEF74FFD4AF67A
:101F6000552104F23220FEF731FD0F493046FEF7CD
:101F700031FD0E4904F50670FEF72CFD616904F58C
:101F80000770FEF727FD216904F50870FEF722FDB2
:101F9000226A01322263012331466078FEF7DEFCBB
:101FA00000232371C7E700BF525261417272416141
:101FB00070B584B0019000911646039103A8FEF716
:101FC00036FF041E1CDB104B53F8245025B1284665
:101FD000FEF7E8FD00232B70019B0BB100221A7065
:101FE000019B094A42F8243063B1012E02D000203F
:101FF00004B070BD002201A96846FEF7E7FFF7E7CD
:102000000B20F5E70020F3E7500300202DE9F04313
:1020100091B00191002800F005811446064602F0B7
:102020003F073A4602A901A8FEF7D0FF054628B1AE
:1020300000233360284611B0BDE8F083029B039370
:10204000019903A8FFF787FE054660B99DF93B306B
:10205000002B52DB14F03E0F14BF0121002103A816
:10206000FEF7E6FC054614F01C0F5CD0002D50D0A6
:10207000042D44D047F00807002DD9D117F0080FE0
:1020800061D0FEF791FC044601460B980E30FEF736
:10209000A1FC21460B981630FEF79CFC0B9B2022DE
:1020A000DA72DDF80880DDF82C9049464046FEF7EC
:1020B000B4FD0446002249464046FEF7C1FD00211A
:1020C0000B981C30FEF786FC029B0122DA70002C74
:1020D00039D0029BD3F830800022214603A8FFF7B5
:1020E0009FFA05460028A3D141460298FEF716FF45
:1020F0000546013C029B1C6125E00625B3E7FEF77F
:10210000D1FC08B91225B5E703A8FFF76BFE054619
:10211000B0E79DF8123013F0110F13D114F0040F33
:10212000AAD0082584E7002D82D19DF8123013F043
:10213000100F73D114F0020F05D013F0010F02D06D
:10214000072575E70725002D7FF472AF17F0080FFC
:1021500001D047F04007029B1B6B73620B9BB3627D
:10216000012F94BF0021012103A8FEF7ABFC3061D1
:1021700008B902255CE7029CDDF82C804146204628
:10218000FEF74BFDB06008F11C00FEF714FCF06098
:102190000021F1623460E388B38037757175316274
:1021A000B16106F130084FF400724046FEF726FC9C
:1021B00017F0200F2ED0F46864B3B461029B5F89DE
:1021C0007F02B16801E00225E41B65B9BC420AD96F
:1021D0003046FFF701F901460128F4D9B0F1FF3F7D
:1021E000F2D10125F0E7F161002D7FF421AFC4F3B6
:1021F00008037BB1029F3846FEF7F2FC08B90225BE
:1022000016E700EB54223262012341467878FEF74C
:1022100099FB28B9002D3FF40DAF09E7042507E726
:10222000012505E7092505E72DE9F04F85B00446AE
:102230000E46174698460023C8F8003003A9FEF75B
:1022400020FE0190002840F0AE80637D0193002BBA
:1022500040F0A980237D13F0010F00F0C380E568F2
:10226000A369ED1ABD4262D33D4660E0E36A1BB14B
:102270002046FEF7C1FC6AE0E1692046FFF7ACF8B2
:1022800065E04FF0020A84F815A0CDF804A08AE0BA
:102290004FF0010A84F815A0CDF804A083E04FF0B8
:1022A000020A84F815A0CDF804A07CE094F914305B
:1022B000002B02DB4FEA4A272FE0206AA0EB09003F
:1022C0005045F7D24FF4007204F1300106EB402084
:1022D000FEF78AFBEEE7226A4A450DD094F91430E6
:1022E000002B64DB01234A4604F130010398407857
:1022F000FEF728FB00286ED1C4F82090A369C3F331
:102300000803C3F50077BD4200D22F4604F1300127
:102310003A4619443046FEF767FB3E44A3693B4406
:10232000A361D8F800303B44C8F80030ED1B002D05
:1023300039D0A169C1F30803002BDFD1039B5F896A
:10234000013F17EA512708D100298FD1A068012841
:1023500097D9B0F1FF3F9BD0E061DDF80CB0E169A7
:102360005846FEF73DFC8146002898D0B9444FEA14
:10237000552AB5F5007FAED307EB0A03BBF80A2058
:10238000934201D9A2EB070A53464A4631469BF8CD
:102390000100FEF7D7FA002888D04FF0010A84F830
:1023A00015A0CDF804A0019805B0BDE8F08F012379
:1023B00004F130019BF80100FEF7D0FA20B9237D2B
:1023C00003F07F0323758DE74FF0010A84F815A011
:1023D000CDF804A0E7E74FF0010A84F815A0CDF886
:1023E00004A0E0E707230193DDE72DE9F04F85B076
:1023F00004460E46154698460023C8F8003003A947
:10240000FEF73FFD0190002849D1637D0193002B29
:1024100045D1237D13F0020F00F0E280A369EB4267
:10242000C0F0B080DD43ADE0E36A002B3BD0204636
:10243000FEF7E2FB002800F0CE80012838D0B0F192
:10244000FF3F3CD0E061A36803B9A06094F9143069
:10245000002B3BDBDDF80CB0E1695846FEF7C0FB12
:102460008146002847D0B9444FEA552AB5F5007F88
:102470005DD307EB0A03BBF80A20934201D9A2EB14
:10248000070A53464A4631469BF80100FEF766FAB2
:10249000C0B34FF0010A84F815A0CDF804A001984C
:1024A00005B0BDE8F08FE1692046FFF753F8C1E7BA
:1024B0004FF0020A84F815A0CDF804A0EFE74FF022
:1024C000010A84F815A0CDF804A0E8E70123226AE8
:1024D00004F1300103984078FEF740FA20B9237DDB
:1024E00003F07F032375B5E74FF0010A84F815A0C8
:1024F000CDF804A0D3E74FF0020A84F815A0CDF878
:1025000004A0CCE7216AA1EB0901514502D34FEAAF
:102510004A2728E04FF4007206EB412104F1300015
:10252000FEF762FA237D03F07F032375EFE7236A4A
:102530004B4503D0A269E3689A423BD3C4F820908C
:10254000A369C3F30803C3F50077BD4200D22F4649
:1025500004F130003A4631461844FEF745FA237D2F
:1025600063F07F0323753E44A3693B44A361E268A3
:10257000934238BF1346E360D8F800303B44C8F8B4
:102580000030ED1B3DB3A169C1F30803002BD7D187
:10259000039B5F89013F17EA51277FF457AF00295A
:1025A0007FF442AFA06800287FF447AF2046FEF7D3
:1025B000D1FF3FE701234A4604F130019BF80100B7
:1025C000FEF7C0F90028B9D04FF0010A84F815A031
:1025D000CDF804A063E7237D43F0400323755EE755
:1025E000072301935BE770B582B0044601A9FEF7AB
:1025F00048FC70B9237D13F0400F0AD013F0800F10
:1026000009D1FEF7D1F90546616A0198FEF786FC0B
:1026100078B102B070BD0123226A04F13001019843
:102620004078FEF79BF940BB237D03F07F032375C1
:10263000E7E7A66AF37A43F02003F372A268314613
:102640002068FEF7FDFAE16806F11C00FEF7C2F90A
:10265000294606F11600FEF7BDF9002106F1120029
:10266000FEF7B4F9019B0122DA700198FFF75AFCDA
:10267000237D23F040032375CBE70120C9E710B584
:1026800082B00446FFF7AFFF08B102B010BD01A948
:102690002046FEF7F6FB0028F7D12069FEF762FA24
:1026A0000028F2D12060F0E730B585B00191002814
:1026B0003FD00546002203A901A8FEF787FC044687
:1026C00020B100232B60204605B030BD039B2B605A
:1026D00001992846FFF73FFB044618BB95F92F30B8
:1026E000002B08DBAB7913F0100F1AD0296A03987E
:1026F000FEF793FAA860039BDB88AB800021284695
:10270000FEF7D2FE044668B9AB6813B900232B610B
:1027100008E000212846FEF7D5F9286110B91224F7
:1027200002E00524042C02D0002CCCD0C9E70524FB
:10273000C7E70924C7E710B582B0044601A9FEF730
:10274000A0FB20B9236923B908B90023236002B094
:1027500010BD1846FEF706FAF6E770B582B00446DB
:102760000D4601A9FEF78DFB0646C0B995B10021C3
:102770002046FFF740F8042800D098B929462046A3
:10278000FFF7AEF900212046FEF789FF042806D0A6
:10279000064604E000212046FEF786FE0646304647
:1027A00002B070BD0646FAE72DE9F04182B08046DE
:1027B0000E4617460446002501E0A4466446731EF3
:1027C000AB4213DD6B46012201A93846FFF72CFD11
:1027D000009B012B0AD19DF804300D2BEDD0A446AF
:1027E0000CF8013B01350A2BE8D164460023237025
:1027F0001DB1404602B0BDE8F0810020FAE70000BC
:10280000134B5B7A13BB10B5044603F0FF00104B6B
:1028100093F809C05FFA8CFC4FF0000E03F80CE04F
:1028200093F809C003EB8C0CCCF804405C7A1C4490
:1028300022725A7A541CE4B25C7230320A703A2323
:102840004B702F238B7081F803E010BD012070477F
:102850005403002008B50022FFF7D2FF08BD00F0A6
:102860000F03000900EB800003EB4000C0B270478B
:10287000064BA3FB0023DA08134602EB8202A0EB0F
:10288000420040EA0310C0B2704700BFCDCCCCCCB0
:102890002DE9F0438BB00024059406940794089426
:1028A00009940194564B1A6B42F004021A631A6B96
:1028B00002F004020192019A02941A6B42F0800223
:1028C0001A631A6B02F080020292029A03941A6B46
:1028D00042F001021A631A6B02F001020392039A9A
:1028E00004941A6B42F002021A631B6B03F002039A
:1028F0000493049B434F22464FF40051384602F0A4
:10290000ECFA414D01221021284602F0E6FADFF8E8
:10291000FC8001224FF48051404602F0DEFA22464C
:102920004FF48061284602F0D8FA4FF40053059323
:10293000012606960794089405A9384602F0E2F9A4
:102940004FF4404305934FF40419CDF818900796BF
:1029500005A9384602F0D6F902270597CDF8189058
:10296000079605A9284602F0CDF908230593069499
:10297000079605A9284602F0C5F910230593069687
:102980000794089705A9284602F0BCF94FF4805334
:10299000059306960794089705A9404602F0B2F9F8
:1029A0004FF4007305934FF488130693079405A919
:1029B000284602F0A7F94FF4806305930696079422
:1029C000089405A9284602F09DF9224621460720D1
:1029D00001F0B6FF072001F0C3FF22462146172071
:1029E00001F0AEFF172001F0BBFF22462146282050
:1029F00001F0A6FF282001F0B3FF0BB0BDE8F08383
:102A0000003802400008024000000240000402407A
:102A100000B583B000210191094B1A6B42F480028A
:102A20001A631B6B03F480030193019B0A46382051
:102A300001F086FF382001F093FF03B05DF804FB3E
:102A40000038024008B564230322D02104480068FE
:102A500003F01CFB08B9012008BD0020FCE700BF03
:102A60001800002008B501460A2301220348006827
:102A700003F00CFBB0FA80F0400908BD20000020F4
:102A800008B50821024802F021FA024B187008BD6F
:102A9000000002407203002010B584B004460C4BC5
:102AA00093E803000290ADF80C1002A8FDF782FB3A
:102AB0004FF0FF33009383B202AA21460548006815
:102AC00002F07CFE40F2145001F042FD04B010BD53
:102AD000F4BD00082000002010B584B004460A4B65
:102AE000039303A8FDF766FB4FF0FF33009383B217
:102AF00003AA21460548006802F060FE40F2145027
:102B000001F026FD04B010BD43616C0020000020E0
:102B100010B584B004465223ADF80C3003A8FDF77D
:102B200049FB4FF0FF33009383B203AA21460348C9
:102B3000006802F043FE04B010BD00BF200000207A
:102B400010B584B004460A4B93E803000290ADF838
:102B50000C1002A8FDF72EFB4FF0FF33009383B259
:102B600002AA21460348006802F028FE04B010BD06
:102B7000FCBD0008200000202DE9F04F89B006467A
:102B80000A78303A4B78303BC2EB421002EB8002BD
:102B900003EB830303EB8304A40004EBC204A4B29D
:102BA0008B78303B03EB830304EB4304A4B2CB7874
:102BB0001C44A4B2303CA4B24A798B79303A02EB7F
:102BC000820203EB4203DBB2303BDBB205930B7AAC
:102BD0004F7A303B03EB830307EB4307FFB2303FF1
:102BE000FFB2CB7A91F80C80303B03EB830308EB08
:102BF00043085FFA88F8A8F130085FFA88F88B7B01
:102C000091F80F90303B03EB830309EB43095FFA24
:102C100089F9A9F130095FFA89F94B7C887C303B4E
:102C200003EB830300EB4300C0B23038C0B2FFF7C0
:102C30001FFE8DF81F004FF0FF3BCDF808B00125B7
:102C400001950DF11F0ACDF800A02B460022D021DE
:102C5000304602F0EDFF4846FFF70AFE8DF81F00F0
:102C6000CDF808B00195CDF800A02B462A46D0211A
:102C7000304602F0DDFF4046FFF7FAFD8DF81F00F9
:102C8000CDF808B00195CDF800A02B460222D02146
:102C9000304602F0CDFF3846FFF7EAFD8DF81F0001
:102CA000CDF808B00195CDF800A02B460422D02124
:102CB000304602F0BDFF0598FFF7DAFD8DF81F00E2
:102CC000CDF808B00195CDF800A02B460522D02103
:102CD000304602F0ADFF144BA3FB04235B096422D2
:102CE00002FB1340C0B2FFF7C3FD8DF81F00CDF803
:102CF00008B00195CDF800A02B460622D021304621
:102D000002F096FFAB238DF81F30CDF808B0019587
:102D1000CDF800A02B460722D021304602F088FFD4
:102D200009B0BDE8F08F00BF1F85EB51F0B589B049
:102D300007460E465223ADF81C3007A8FDF73AFAB5
:102D40004FF0FF33009383B207AA31461948006859
:102D500002F034FD4FF4167001F0FAFB00246423F6
:102D60000093112302AA3146124D286802F0E2FDB9
:102D70009DF80830FE2B06D10134E4B2142001F096
:102D8000E7FB092CEBD99DF80800012802D00020B0
:102D900009B0F0BDDDF80940DDF80D10DDF81120B7
:102DA000DDF815303C607960BA60FB6000233B744D
:102DB000EEE700BF2000002000B58BB0A0F26C70E1
:102DC000069001390591049203939DF830300293E7
:102DD0009DF8343001934FF0FF33099301A805F0BB
:102DE000D3FC0BB05DF804FB2DE9F04186B005463D
:102DF0004FF0FF360296012401940DF11703009362
:102E000023460622D02102F0C5FF029601940DF15F
:102E10001603009323460522D021284602F0BAFF6C
:102E2000029601940DF11503009323460422D0214C
:102E3000284602F0AFFF0296019405AB00932346AB
:102E40000222D021284602F0A5FF029601940DF13E
:102E50001303009323462246D021284602F09AFF0E
:102E6000029601940DF11203009323460022D02113
:102E7000284602F08FFF9DF81700FFF7F0FC04468C
:102E80008DF817009DF8160000F01F00FFF7E7FC13
:102E900005468DF816009DF8150000F03F00FFF77D
:102EA000DEFC06468DF815009DF8140000F03F008A
:102EB000FFF7D5FC07468DF814009DF8130000F0CD
:102EC0007F00FFF7CCFC80468DF813009DF81200C0
:102ED00000F07F00FFF7C3FC8DF812000190CDF8E1
:102EE00000803B463246294604F5FA60FFF764FF4E
:102EF00006B0BDE8F081000030B5ADF2D44D054616
:102F0000FFF7BEFD434B1C781CB920460DF2D44D93
:102F100030BD08950023099308A805F053FA04462C
:102F200003463D4A28213D4806F000FB23463C4A23
:102F3000142103A806F0FAFA01223A49A7A8FFF7DC
:102F400037F8044608B10024DFE70A2233491BA8FA
:102F5000FFF75CF8002850D11E9B002B53D0324B5A
:102F6000009303AB314A3C210BA805F0FFF80BA8F6
:102F7000FDF720F902461AAB0BA91BA8FFF735FA9B
:102F80002B4B009303AB2B4A3C210BA805F0EEF82A
:102F90000BA8FDF70FF902461AAB0BA91BA8FFF708
:102FA00024FA254B009303AB244A3C210BA805F0DF
:102FB000DDF80BA8FDF7FEF802461AAB0BA91BA81B
:102FC000FFF713FA1E4B009303AB1E4A3C210BA8DC
:102FD00005F0CCF80BA8FDF7EDF802461AAB0BA9EB
:102FE0001BA8FFF702FA1BA8FFF749FB00220D49B7
:102FF0001046FEF7DDFF012487E70022094910464D
:10300000FEF7D6FF81E71AAB12220F491BA8FFF784
:10301000ECF9A4E77203002004BE00087C03002042
:1030200024BE000864BE0008FC0300204CBE00085B
:10303000E803002058BE0008D403002068BE000842
:10304000C003002074BE000838BE000810B5144646
:1030500001EB81014900C0EBC00001F0FE01C0B2EC
:1030600001F01EFA054A012306CA204601F000FAC3
:10307000034B186801F0AEF810BD00BF000000203F
:103080001C00002038B50024954B1C70954B1C701B
:10309000C220FFF73DFDCC20FFF73AFDC420FFF72B
:1030A00037FDCE20FFF734FD204601F083F88E4A2D
:1030B00021462046FFF7CAFF8C4A01212046FFF730
:1030C000C5FF8B4A02212046FFF7C0FF844B1B78C7
:1030D000002B3DD1834B1B78002BF7D00024804B75
:1030E0001C70804B1C70204601F064F8814A214618
:1030F0002046FFF7ABFF804A01212046FFF7A6FFDD
:103100007E4A02212046FFF7A1FF7D4A0521204685
:10311000FFF79CFF724B1B78002B40F09980794D94
:10312000C4212846FFF702FE774CCE212046FFF748
:10313000FDFD2A4603210020FFF788FF22460421D7
:103140000020FFF783FF674B1B78002BE2D036E0AF
:103150000024634B1C70634B1C70204601F02AF85E
:103160006A4A21462046FFF771FF634A0121204643
:10317000FFF76CFF614A02212046FFF767FF604AB4
:1031800005212046FFF762FF554B1B78CBB9604DF8
:10319000C2212846FFF7CAFD5E4CCC212046FFF72E
:1031A000C5FD2A4603210020FFF750FF22460421D7
:1031B0000020FFF74BFF4B4B1B78002BE4D0002087
:1031C00038BD484B1B78002BF9D1C220FFF764FCB7
:1031D0000024434B1C70434B1C70204600F0EAFF58
:1031E0004A4A21462046FFF731FF4B4A012120463B
:1031F000FFF72CFF414A02212046FFF727FF404AF4
:1032000005212046FFF722FF354B1B78C3B9404DFF
:10321000C2212846FFF78AFD3E4CCC212046FFF70D
:1032200085FD2A4603210020FFF710FF22460421D6
:103230000020FFF70BFF2B4B1B78002BE4D0BEE7E1
:10324000284B1B78002BBAD1C220FFF745FC3DE785
:10325000244B1B78002BB2D1C420FFF71DFC0024A7
:103260001F4B1C701F4B1C70204600F0A3FF214A0F
:1032700021462046FFF7EAFE274A01212046FFF7B4
:10328000E5FE1E4A02212046FFF7E0FE1C4A05210A
:103290002046FFF7DBFE124B1B78C3B9194DC42142
:1032A0002846FFF743FD184CCE212046FFF73EFD90
:1032B0002A4603210020FFF7C9FE224604210020F0
:1032C000FFF7C4FE074B1B78002BE4D077E7054BD4
:1032D0001B78002B7FF473AFC420FFF7FDFBF5E6EE
:1032E0007A0300207903002084BE000890BE000805
:1032F000A0BE0008ECBE0008C0BE0008C8BE0008A2
:10330000D8BE0008D4030020C0030020B0BE0008CF
:10331000FC030020E8030020E4BE000808B54FF4D9
:10332000FA6264210148FDF775F908BDB004002078
:1033300010B5044602680E4B9A4207D023680D4A26
:1033400093420CD00C4A93420DD010BD4FF4005163
:103350000A4801F0C8FD0A4B01221A70EEE7094A3B
:1033600001211170EEE7084B01221A70EDE700BF52
:103370000048014000440140004001400008024074
:10338000730300206D0300206C03002008B5422168
:10339000FCF7F8FF122814BF0020012008BD000030
:1033A00010B586B0164C2046FDF7D9F92046FDF73A
:1033B0001AFA642001F0CCF81248FFF7E7FF20B9B1
:1033C000114B00221A7006B010BD64230593002330
:1033D000049303930723029304230193012400948D
:1033E00005A3D3E900230748FDF790F9FFF796FFFF
:1033F000054B1C702046E6E7D8B9D1190000000043
:10340000C8050020B00400207703002070B50646F0
:10341000FCF7D0FEC5B26B1EDBB2632B01D90020D6
:1034200070BD274C87224D212046FCF7BAFF0022B1
:1034300024212046FCF7B5FF412240212046FCF71D
:10344000B0FF2046FDF7E0F8F72211212046FCF7F7
:10345000A8FF2A4622212046FCF7A3FF0E21204682
:10346000FCF790FF02460D212046FCF79AFF02234D
:10347000A3752B46324600212046FCF7C7FF8B225E
:1034800001212046FCF78DFF01F05CF800F6B8340E
:103490000B4B1868FDF7BDF928B901F053F8A042AD
:1034A000F6D90020BCE7064C2046FDF7ADF889228E
:1034B00001212046FCF775FF0120A075B0E700BF91
:1034C000B004002010B5FFF7A1FF0446FFF726FF68
:1034D000204610BD2DE9F041ADF5D86D844B1E7826
:1034E00026B930460DF5D86DBDE8F081012281493D
:1034F0000DF28C40FEF75CFD064608B10026F0E7B1
:103500007D490DF58B60FFF7CFF808B900269FE0E5
:10351000002278491046FEF74BFDE2E713223946B8
:1035200012A804F0C9FE2EE00F22294602A804F0DA
:10353000C3FE44AA3C211CA8FFF736F900284AD054
:103540001CAC6E49204604F094FE4FF0000804F8CD
:1035500000806B4D2946204604F0C2FE07462946EE
:10356000404604F0BDFE04462946404604F0B8FE3D
:103570000546002FDDD0002CDBD00028D9D09DF8E7
:103580004830002BCAD05F492046FCF709FE0028CE
:10359000CAD05D492046FCF703FE80B15B49204656
:1035A000FCF7FEFD88B15A492046FCF7F9FD0028DA
:1035B000BFD10F2229460EA804F07EFEB9E70F22E4
:1035C000294606A804F078FEB3E70F2229460AA888
:1035D00004F072FEADE744A8FFF751F800241794F9
:1035E000189419941A941B94132212A917A804F082
:1035F00063FE224603E017AB5F219954013217ABFB
:103600009B5C53B1203BDBB21A2BF7D8414921FA1E
:1036100003F313F0010FEED1F0E717AC019406AB02
:10362000009302AB3C4A64212BA804F09FFD2BA819
:10363000FFF7ECFE01940EAB00930AAB374A64210E
:103640002BA804F093FD2BA8FFF7E0FE0136B6B2DD
:10365000D0A90DF58B60FFF780F8002833D19DF8D5
:103660005633002B2FD09DF8483313F0100FEFD1B5
:103670002B490DF2563004F08FFE0028E8D00122CD
:103680000DF2563144A8FEF7C1FC0028E0D100231A
:103690001293139314931593169302930393049325
:1036A000059306930793089309930A930B930C933E
:1036B0000D930E930F931093119344AA3C211CA8D1
:1036C000FFF772F835E70DF58B60FFF734F800224D
:1036D00008491046FEF76CFC3346124A64212BA8B9
:1036E00004F044FD2BA8FFF7EDFEF6B2F9E600BFAB
:1036F0007203002064BE0008FCBE00080CBF000876
:1037000010BF000814BF00081CBF000824BF000839
:103710002CBF00080120000434BF000860BF00086F
:1037200000BF00088CBF000838B50C48FCF7BFFF8D
:1037300080B10446312800D93124094D2246094977
:10374000284606F05AFA00232B55074B1C70074BEE
:1037500001221A700148FCF757FF38BDB004002061
:1037600078040020C70400207404002076030020A1
:1037700038B50446B0F5007F08D0B4F5804F0CD0C2
:10378000B4F5004F1FD0022C31D038BD224B9B7DA9
:10379000032BF2D1FFF7C8FFEFE700F0D3FE054699
:1037A0001E4B1B68C31AB3F5FA7FE9D94FF40051D9
:1037B0001B4801F098FB194B1D600123194A137037
:1037C000194A1370DCE700F0BDFE0546174B1B6875
:1037D000C31AB3F5FA7FD6D94FF40051104801F05F
:1037E00082FB124B1D60124B01221A70CBE700F0D6
:1037F000A9FE04460F4B1B68C31AB3F5FA7FC4D960
:103800004FF40051064801F06EFB0A4B1C600A4B56
:1038100001221A70B9E700BFB0040020680300203D
:10382000000802407B03002078030020640300208E
:103830007A030020600300207903002072B6FEE7BF
:1038400008B50A480A4B03600A4B436000238360B3
:10385000C3604FF48042026143618361C3610362CC
:1038600001F0CEFE00B908BDFFF7E8FF8008002098
:1038700000540040801A060008B50948094B03604F
:1038800046F2A7134360002383604FF47A72C2604C
:103890000361836103F080FE00B908BDFFF7CEFF2E
:1038A000E40500200048014008B50A480A4B0360BF
:1038B0000A4B436000238360C3604FF4804202617F
:1038C00043618361C361036201F09AFE00B908BDE0
:1038D000FFF7B4FF2C08002000580040A08601002C
:1038E00008B50A480A4B03600A4B43600023836013
:1038F000C3604FF48042026143618361C36103622C
:1039000001F07EFE00B908BDFFF798FFD807002040
:10391000005C0040A086010008B50D480D4B036017
:103920004FF48273436000238360C360036143618B
:103930004FF4007282613822C26103624362836283
:103940000A23C36203F048FA00B908BDFFF776FF07
:10395000740700200030014008B50D480D4B03608E
:103960004FF48273436000238360C360036143614B
:103970004FF400728261C3610362436283620A236F
:10398000C36203F029FA00B908BDFFF757FF00BF73
:103990001C0700200038004008B50948094B0360A7
:1039A00046F2A71343600023836047F22F52C260A0
:1039B0000361836103F0F0FD00B908BDFFF73EFF2E
:1039C0002C0600200044014000B585B00023009380
:1039D0000193029303930F480F4A026046F2A71225
:1039E0004260836041F28732C2600361836103F009
:1039F000D3FD50B94FF4805300936946054803F056
:103A000004FE20B905B05DF804FBFFF717FFFFF7D0
:103A100015FF00BF740600200040014008B50748AC
:103A2000074B03600523436040F6FF73836002F099
:103A3000F7FB00B908BDFFF701FF00BFCC0700206E
:103A40000030004000B585B000230093019302933D
:103A500003931348134A0260436083600361037653
:103A600080F82030C362104A8262C3600122C261C2
:103A700080F83030426100F019FE68B902230093EB
:103A800001230193002302936946054800F03AFEA2
:103A900020B905B05DF804FBFFF7D0FEFFF7CEFEBE
:103AA000D4080020002001400100000F00B595B0AF
:103AB0003022002108A804F0D4FB002303930493D0
:103AC00005930693079301931B4A116C41F08051B3
:103AD0001164126C02F080520192019A029317490C
:103AE0000A6822F4404242F400420A600A6802F482
:103AF00040420292029A092208924FF480320992BF
:103B000001220D920E9308A802F094FD80B90F23B4
:103B1000039301230493002105910691079103A8C3
:103B200002F0DEFF30B902F081FF15B05DF804FB52
:103B3000FFF784FEFFF782FE00380240007000406D
:103B400030B591B000F0D8FCFFF7B0FFFEF7A0FE53
:103B5000FEF75EFFFFF774FEFFF78EFEFFF7A4FE91
:103B6000FFF7BEFEFFF7D8FEFCF710FFFFF7F4FEED
:103B7000FFF712FFFFF728FFFFF750FFFFF762FF85
:103B800040F2DC5000F0E4FC844B854ADA604FF4EC
:103B900000719960834959614FF4805119615A60ED
:103BA0004FF480621A60804A12689A617F4A1360FB
:103BB000FFF7F6FB7E4B186800F036FBB0FA80F397
:103BC0005B097C4A1370FEF73DFF7B4B1870C220E7
:103BD000FEF748FF794B1870CC20FEF743FF784B77
:103BE0001870C420FEF73EFF764B1870CE20FEF70B
:103BF00039FF754B1870FEF743FF744B186803F0DC
:103C000089FB734B186803F085FB724B186803F04F
:103C100081FB4FF47A7000F09BFC6F4802F02EFBA2
:103C200096E1FFF72FFA00206C4B18706C4B187060
:103C30006C4B18706C4B187000F0BCFA98E16B4B31
:103C40001868FFF7D1F806900023079306A804F040
:103C5000B9FB0346664A12210BA805F067FC8FE109
:103C60000BAA00210846FFF7F1F9624C624B1B7862
:103C70000593554B1B780493524B1B780393504B81
:103C80001B7802934D4B1B7801934B4B1B78009391
:103C90005A4B1B785A4A1421204604F067FA2246F0
:103CA00001210020FFF7D2F9564A02210020FFF738
:103CB000CDF9554A02210720FFF7C8F9534A0321DD
:103CC0000020FFF7C3F9524A03210720FFF7BEF98E
:103CD000504B00221A70414B1B78ABB9404B1B78FC
:103CE000DBB9404B1B78002B00F052814A4A05217A
:103CF0000620FFF7ABF9FFF7EDFB484B02221A70E5
:103D0000384B00221A7043E1454A05210620FFF78F
:103D10009DF9324B00221A703AE1424A05210620F1
:103D2000FFF794F92F4B00221A7031E13E4A3F4BC6
:103D30001B6813801B0C9370384B00221A703C4B8D
:103D400001221A703EE1384A3A4B1B6813801B0C63
:103D50009370324B00221A70354B01221A7031E1F8
:103D6000314A354B1B6813801B0C93702B4B002280
:103D70001A7027E12C4A05210F20FFF767F92C4B19
:103D800000221A7023E12D4A04210020FFF75EF97A
:103D90002B4A04210020FFF759F920E1C805002033
:103DA000000002400004024014000020B004002083
:103DB0001C00002075030020740300207103002004
:103DC000700300206F0300206E030020100000200D
:103DD0000C00002008000020CC0700207B030020FE
:103DE0007A030020790300207803002018000020C7
:103DF000A4BF0008A4030020720300207703002062
:103E0000B8BF0008FC030020E8030020D403002012
:103E1000C003002073030020D4BF0008B8030020B3
:103E200020BF000830BF0008BC030020DCBF000832
:103E3000B9030020E0BF0008E4BF0008E8BF0008A5
:103E4000780400209A48FFF73DFB9A4B02221A7033
:103E5000994B00221A70994B1B78002B55D0984B28
:103E60001B78002B40F0EF80964B1B78002B40F026
:103E7000EE80954B1B78002B40F0ED80934B1B7828
:103E8000002B40F0EC804FF4167000F061FB8C4B7F
:103E90001B78002B40F0E7808A4B1B78002B40F00A
:103EA000E780894B1B78002B40F0E780874B1B781D
:103EB000002B40F0E780824B1B78002B40F0E7801E
:103EC000804B1B78002B40F0E6807F4B1B78002B4B
:103ED00040F0E5807D4B1B78002B40F0E4807C4B6C
:103EE0001B7823B17B4B1B78002B40F021817A4B50
:103EF0001B7823B1764B1B78002B00F039816F4B78
:103F000000221A706B4B01221A70744B1B78E3B1BC
:103F1000734C744B0093744B744A6421204604F034
:103F200025F92046FFF772FA714B0093714B724AE4
:103F30006421204604F01AF92046FFF7C3FA5D4BCE
:103F400002221A70654B00221A706C4802F096F932
:103F5000FEF796FD5A4B1B7853B15B4B1B783BB178
:103F6000674B1B7823B15C4B1B78002B7FF459AE59
:103F7000584B1B7823B1634B1B78002B7FF45FAE4B
:103F8000554B1B7823B15F4B1B78002B7FF468AE39
:103F9000514B1B78DBB1474B1B78022B3FF4C6AE6D
:103FA000032B3FF4D0AE012B7FF4DAAE564A574BC9
:103FB0001B6813801B0C93703E4B00221A70544BED
:103FC00001221A70524B1B78002B7FF4D3AE3A4B70
:103FD0001B7823B1404B1B78002B7FF4D4AE364BBB
:103FE0001B78002B3FF437AF4A494B48FCF7D8F811
:103FF00000283FF427AF49494748FCF7D1F8E0B122
:1040000008224749444804F045F900287FF420AFCE
:1040100006AC444D0FCD0FC42B6824F8023B1B0C9B
:10402000237006A9404B1868FEF7A6FD3F48FFF72E
:1040300049FA204B02221A700AE7FFF74BFA1D4B90
:1040400002221A7004E7C220FEF762FD0CE7CC20C2
:10405000FEF75EFD0DE7C420FEF75AFD0EE7CE2009
:10406000FEF756FD0FE7C2211F48FEF75FFE13E77C
:10407000CC211C48FEF75AFE13E7C4211D48FEF769
:1040800055FE13E7CE211A48FEF750FE13E7C22073
:10409000FEF756FD14E7CC20FEF752FD15E7C420CD
:1040A000FEF74EFD16E7CE20FEF74AFD17E700BFEC
:1040B00008C00008B8030020760300206C0300202D
:1040C00071030020700300206F0300206E030020A6
:1040D0007203002074030020750300206D0300208C
:1040E00010040020E8030020FC03002050C000085A
:1040F000C0030020D403002078C00008CC070020B3
:104100007803002073030020BC030020D8BF000800
:10411000B9030020FCBF00087804002020C000087C
:1041200030C0000884040020180000203CC00008B3
:10413000124802F0A3F8124B1868FEF755FEFEF77E
:10414000DBFE50B10F4B1B78002B3FF4D0AE0E4A74
:1041500005210020FEF77AFFC9E60A4B1B78002BE9
:104160003FF4C5AE094A05210020FEF76FFFBEE609
:10417000064A05210020FEF769FFC0E6CC070020B3
:10418000180000207503002048C000084CC000083B
:1041900000B587B08DF817100A230293012301930D
:1041A0000DF1170200920022782101F041FD07B0C5
:1041B0005DF804FB002303E0FF21054AD1540133DD
:1041C000B3F5806F03D20028F6D10146F5E77047BA
:1041D0002409002030B585B0054600241DE0A4F177
:1041E0005001C9B22846FFF7D3FF00212846FFF748
:1041F000CFFF10212846FFF7CBFF642302938023D3
:104200000193084B03EBC413009301234022782150
:10421000284601F00DFD0134E4B2072CDFD905B0CA
:1042200030BD00BF2409002038B50446642000F0EA
:104230008FF9AE212046FFF7ABFF0546202120462F
:10424000FFF7A6FF054410212046FFF7A1FF054414
:10425000B0212046FFF79CFF0544C8212046FFF708
:1042600097FF054400212046FFF792FF05441021E7
:104270002046FFF78DFF054440212046FFF788FFC9
:10428000054481212046FFF783FF0544FF21204696
:10429000FFF77EFF0544A1212046FFF779FF054483
:1042A000A6212046FFF774FF0544A8212046FFF70A
:1042B0006FFF05443F212046FFF76AFF0544A42114
:1042C0002046FFF765FF0544D3212046FFF760FF36
:1042D000054400212046FFF75BFF0544D521204619
:1042E000FFF756FF0544F0212046FFF751FF054434
:1042F000D9212046FFF74CFF054422212046FFF735
:1043000047FF0544DA212046FFF742FF054412210A
:104310002046FFF73DFF0544DB212046FFF738FF2D
:10432000054420212046FFF733FF05448D21204618
:10433000FFF72EFF054414212046FFF729FF05440F
:10434000AF212046FFF724FFE84201D0012038BD0D
:104350000020FFF72FFF2046FFF73CFF034B002014
:104360001880588001225A71F1E700BF1C09002013
:1043700010F0800F25D13F2923D810B4114B1B79A1
:1043800013B1B2FA82F25209012A0FD0CB0800EB26
:10439000C3100D4C225C01F0070101238B40DB436D
:1043A0005BB2134023545DF8044B7047CB0800EB1D
:1043B000C310054C235C01F007018A4013432354CA
:1043C000F1E770471C090020240900202DE9F0477F
:1043D00082B0814602A800E906009846234B1B885C
:1043E0009DF8006033447F2B3BDC204B5B889DF8BD
:1043F00001A053443F2B36DC00251FE01B4B1888DF
:10440000598829442044B8FA88F25209C9B2C0B286
:10441000FFF7AEFF0134A6420FD907FA04F313F4F5
:10442000004FEBD0114B188859882944204442464C
:10443000C9B2C0B2FFF79CFFECE70135AA4508D925
:10444000A9F1200303FB0A53019A32F813700024E8
:10445000E1E7064A138833441380484602B0BDE8BA
:10446000F0870020FAE70020F8E700BF1C090020D1
:1044700030B583B0044602A800E906001D4600E0FE
:104480000134207848B12B4602AA12E90600FFF752
:104490009DFF024620788242F2D003B030BD00007A
:1044A000014B1880598070471C09002010B5044644
:1044B0000E4B1A784FF47A73B3FBF2F30C4A106880
:1044C000B0FBF3F000F050FA68B90F2C01D90120CD
:1044D0000AE0002221464FF0FF3000F031FA054B90
:1044E0001C60002000E0012010BD00BF240000205F
:1044F000300000202800002008B50B4B1A6842F459
:1045000000721A601A6842F480621A601A6842F4F3
:1045100080721A60032000F001FA0F20FFF7C6FF37
:1045200001F0B2FE002008BD003C0240034A1168C1
:10453000034B1B780B441360704700BF240D002011
:1045400024000020014B1868704700BF240D002094
:1045500038B50446FFF7F6FF0546B4F1FF3F02D039
:10456000044B1B781C44FFF7EDFF401BA042FAD31D
:1045700038BD00BF240000204A4B5A6822F4403264
:104580005A605A6841680A435A600268536823F4C3
:104590008073536002685368016943EA01235360E2
:1045A0000268536823F0407353600268536881685F
:1045B0000B4353600268936823F4006393600268BE
:1045C0009368C1680B439360826A374B9A4257D015
:1045D0000268936823F07063936002689368816A4D
:1045E0000B4393600268936823F040539360026822
:1045F0009368C16A0B4393600268936823F00203D7
:10460000936002689368017E43EA4103936090F8E7
:104610002030002B3FD00268536843F4006353609E
:104620000268536823F46043536001684B68426A30
:10463000013A43EA42334B600268D36A23F47003C1
:10464000D3620168CB6AC269013A43EA0253CB6282
:104650000268936823F4007393600268936890F88B
:10466000301043EA412393600268936823F4806327
:10467000936002689368416943EA812393607047BD
:104680000268936823F0706393600268936823F074
:1046900040539360B0E70268536823F400635360AB
:1046A000CAE700BF002301400100000F38B310B576
:1046B0000446036C43B1236C13F0100F0BD00120A0
:1046C000002384F83C3010BD01F0FAFD0023636440
:1046D00084F83C30EFE7236C23F4885323F0020383
:1046E00043F0020323642046FFF746FF0020606486
:1046F000236C23F0030343F001032364E0E701206C
:104700007047000030B482B00022019290F83C2043
:10471000012A00F0B6800346012280F83C200A6896
:10472000092A40D90468E06892B202EB42021E3ABC
:104730004FF0070C0CFA02F220EA0202E2601C6859
:10474000E0680A8802EB42021E3A8D6805FA02F21E
:104750000243E2604A68062A3CD81C68606B02EBA0
:104760008202053A4FF01F0C0CFA02F220EA020214
:1047700062631C68606B4A6802EB8202053AB1F81A
:1047800000C00CFA02F20243626318683E4A90428B
:1047900050D018683C4A904255D0002083F83C0025
:1047A00002B030BC70470468206992B202EB42024A
:1047B0004FF0070C0CFA02F220EA020222611C6898
:1047C00020690A8802EB42028D6805FA02F2024370
:1047D0002261BFE70C2A16D81D68286B02EB820203
:1047E000233A1F2404FA02F220EA02022A631D6817
:1047F000286B4A6802EB8202233A0C8804FA02F220
:1048000002432A63C1E71D68E86A02EB8202413A6B
:104810001F2404FA02F220EA0202EA621D68E86A32
:104820004A6802EB8202413A0C8804FA02F202431F
:10483000EA62AAE70A68122AABD11448426842F435
:1048400080024260A5E70A68103A012AA5D80F48FD
:10485000426842F4000242600A68102A9DD10C4A64
:1048600012680C49A1FB0212920C02EB8202520068
:10487000019202E0019A013A0192019A002AF9D1CB
:104880008BE702208CE700BF00200140002301409D
:104890003000002083DE1B43002807DB00F01F02EE
:1048A000400901239340024A42F82030704700BF7C
:1048B00000E100E0002808DB0901C9B200F1604016
:1048C00000F5614080F80013704700F00F00090107
:1048D000C9B2014B1954704714ED00E000B500F067
:1048E0000700C0F1070CBCF1040F28BF4FF0040C07
:1048F000031D062B0FD9C31E4FF0FF3E0EFA0CF01E
:1049000021EA000199400EFA03FE22EA0E0241EA72
:1049100002005DF804FB0023EEE70000074AD368BD
:1049200023F4E0631B041B0C000200F4E06003436B
:1049300043F0BF6343F40033D360704700ED00E001
:1049400010B50446054BD868C0F30220FFF7C6FF38
:1049500001462046FFF7AEFF10BD00BF00ED00E0AE
:1049600008B5FFF799FF08BD0138B0F1807F0BD281
:104970004FF0E0235861054AF02182F8231000200F
:10498000986107221A6170470120704700ED00E02E
:1049900010B40368D9B210390A4AA2FB01421209C5
:1049A000094CA25CC2655F2907D96FF30903043380
:1049B0008365806D5DF8044B70476FF30903836571
:1049C000F7E700BFABAAAAAA9CC80008836A82695D
:1049D00092B9012B0AD0022B02D00BB100207047F4
:1049E000C36A13F0807F28D100207047C36AB3F1F7
:1049F000C07F24D000207047B2F5005F09D0022BA1
:104A000025D9032B25D1C36A13F0807F23D1002041
:104A10007047032B03D8DFE803F01404140A0020C6
:104A20007047C36A13F0807F0DD100207047C36ABE
:104A3000B3F1C07F09D000207047012070470120EA
:104A40007047012070470120704701207047012006
:104A500070470020704701207047000070B5044681
:104A6000FFF770FD002C5BD00546022384F835303B
:104A7000002384F834302268136823F001031360A4
:104A800023681A6812F0010F0AD0FFF75BFD431B81
:104A9000052BF5D920236365032084F8350070BD0C
:104AA0001A68204911406268A0680243E068024326
:104AB0002069024360690243A0690243E06902433E
:104AC000206A02430A43616A04291ED01A602668DC
:104AD000756925F00705636A1D43042B07D1A36A96
:104AE0001D43E36A1BB12046FFF770FF90B9756163
:104AF0002046FFF74DFFE26D3F2393408360002087
:104B00006065012384F83530C9E7E16A206B014311
:104B10000A43DBE740236365012084F83500BEE7E4
:104B20000120BCE73F8010F0F0B583B004460023BD
:104B30000193724B1D68724BA3FB0535AD0A876D5F
:104B40003E68C26D08239340334210D003681A6850
:104B500012F0040F0BD01A6822F004021A60C26D22
:104B600008239340BB60436D43F001034365E26D4E
:104B700001239340334209D02268526912F0800F1A
:104B800004D0BB60636D43F002036365E26D0423F0
:104B90009340334209D02268126812F0020F04D009
:104BA000BB60636D43F004036365E26D10239340C3
:104BB000334224D02268126812F0080F1FD0BB6065
:104BC00023681A6812F4802F0DD01B6813F4002F8D
:104BD00004D1236C9BB12046984710E0A36C73B1BD
:104BE000204698470BE01A6812F4807F03D11A68B8
:104BF00022F008021A60236C0BB120469847E26D40
:104C000020239340334255D02268126812F0100FCF
:104C100050D0BB6094F83530DBB2052B0ED0236842
:104C20001A6812F4802F33D01B6813F4002F2AD196
:104C3000636C002B3ED0204698473BE02268136807
:104C400023F0160313602268536923F08003536135
:104C5000236CA3B12268136823F008031360E26D8C
:104C60003F239340BB60012384F83530002384F850
:104C70003430236D002B3FD0204698473CE0A36C96
:104C8000002BE7D1EBE7E36BA3B12046984711E097
:104C90001A6812F4807F09D11A6822F010021A6093
:104CA000012384F83530002384F83430E36B0BB1F2
:104CB00020469847636DFBB1636D13F0010F17D069
:104CC000052384F835302268136823F0010313604C
:104CD000019B01330193AB4204D823681B6813F096
:104CE000010FF5D1012384F83530002384F83430E6
:104CF000E36C0BB12046984703B0F0BD30000020B4
:104D0000B5814E1B00230F2B00F2D78070B582B007
:104D100065E085684FEA430E032404FA0EF425EAA1
:104D20000405CC6804FA0EF42C438460446824EA39
:104D300002044A68C2F300129A40224342605CE0D7
:104D4000DC08083450F8242003F00705AD004FF0CC
:104D50000F0E0EFA05FE22EA0E0E0A69AA4042EA7A
:104D60000E0240F824205CE0042200E0002202FA57
:104D70000EF22A430234514D45F82420504A9468DB
:104D80006FEA0C0224EA0C054E6816F4801F01D06D
:104D90004CEA04054A4CA560E46802EA04054E6842
:104DA00016F4001F01D04CEA0405454CE560646828
:104DB00002EA04054E6816F4003F01D04CEA0405EF
:104DC0003F4C6560246822404D6815F4803F01D057
:104DD0004CEA04023A4C226001330F2B6BD80122BB
:104DE0009A400C6804EA020C32EA0404F4D14C68DC
:104DF00004F00304013C012C8BD94A6802F0030241
:104E0000032A09D0C4685D000322AA4024EA0204F0
:104E10008A68AA402243C2604A6802F00302022A5A
:104E20008ED004684FEA430E032202FA0EF224EAFF
:104E300002044A6802F0030202FA0EF22243026000
:104E40004A6812F4403FC7D0002201921D4A546CB8
:104E500044F480445464526C02F480420192019AFA
:104E60009C08A51C154A52F8255003F0030E4FEA82
:104E70008E0E0F2202FA0EF225EA0205124A904225
:104E80003FF474AF02F5806290420ED002F580626A
:104E900090420CD002F5806290420AD002F5806206
:104EA00090423FF461AF072261E701225FE70222EF
:104EB0005DE703225BE702B070BD70470038014038
:104EC000003C0140003802400000024003691942E2
:104ED00001D001207047002070470AB181617047FE
:104EE000090481617047436901EA030221EA030171
:104EF00041EA02418161704708B5054B5B69034295
:104F000000D108BD024B5861FEF732FCF9E700BF43
:104F1000003C014003685A6912F4806F01D10020FF
:104F200070476FF480625A6100230363202280F887
:104F30003D2080F83E30026C42F00402026480F8AA
:104F40003C30012070472DE9F04106460C461746DB
:104F500098463BE0FFF7F6FA069BC01A404502D898
:104F6000B8F1000F32D1012D18D033689B6924EAC3
:104F700003039BB2B3FA83F35B099F4226D100235C
:104F80003363202286F83D2086F83E30326C42F0B2
:104F90002002326486F83C30012027E033685B69E8
:104FA00024EA03039BB2B3FA83F35B09E5E73368B2
:104FB0005B6924EA030C1FFA8CFCBCFA8CFC4FEAF8
:104FC0005C1C674511D1B8F1FF3FC3D1C4F307455D
:104FD000012DECD033689B6924EA030C1FFA8CFC8A
:104FE000BCFA8CFC4FEA5C1CEBE70020BDE8F081CA
:104FF0002DE9F84305460E469046994653E01A6857
:1050000042F400721A602B686FF480625A610023C8
:105010002B63202285F83D2085F83E302A6C42F033
:1050200004022A6485F83C3001204AE0FFF78AFA3E
:10503000A0EB0900404502D8B8F1000F33D1012F91
:1050400017D02B689B6926EA03039BB2003B18BF6D
:10505000012343B300232B63202285F83D2085F8EC
:105060003E302A6C42F020022A6485F83C30012050
:1050700027E02B685B6926EA03039BB2003B18BF5D
:105080000123E6E72B689C6926EA0404A4B2003CED
:1050900018BF0124A4B12B685A6912F4806FAED1F5
:1050A000B8F1FF3FC2D1C6F30747012FEAD12B6801
:1050B0005C6926EA0404A4B2003C18BF0124E9E7B5
:1050C0000020BDE8F8830000F0B583B004460D462B
:1050D00016461F46C36A082B0DD0012B0BD013F5C3
:1050E000803F08D0036B122B0AD10268136843F487
:1050F0008073136004E02268136843F480731360C4
:105100000097334600224FF001112046FFF71BFFA6
:1051100080B92369B3F5804F16D1236805F0FE05E9
:105120001D613B46324613492046FFF761FFF8B93F
:1051300003B0F0BD23681B6813F4807F02D04FF4E6
:10514000007323640320F3E7EB11226803F00603E6
:1051500043F0F00313613B46324607492046FFF710
:1051600047FF18B92368EDB21D61DAE70120DFE7D8
:105170000120DDE702000100080001002DE9F041F7
:1051800084B004460D4616461F46C26A01680B6885
:1051900043F480630B60082A0DD0012A0BD012F56E
:1051A000803F08D0036B112B0AD10268136843F4C7
:1051B0008073136004E02268136843F48073136003
:1051C0000097334600224FF001112046FFF7BBFE47
:1051D00098B92369B3F5804F19D1236845F00105CB
:1051E000EDB21D613B4632462A492046FFF700FFDB
:1051F00000284CD104B0BDE8F08123681B6813F48B
:10520000807F02D04FF4007323640320F2E74FEA5B
:10521000E51808F00608236848F0F0021A613B46DA
:1052200032461D492046FFF7E3FE08B10120E1E7C1
:105230002368EDB21D613B46324616492046FFF712
:10524000D7FE08B10120D5E70022039223685969EF
:105250000391996903910399196841F48071196068
:10526000009733464FF001112046FFF76CFE20B93E
:10527000226848F0F1031361B4E723681B6813F454
:10528000807F02D04FF4007323640320B2E7012033
:10529000B0E700BF020001000800010070B504463D
:1052A0000D46164623685B6913F0800F21D1204616
:1052B000FFF730FEF8B9B5F1FF3FF3D0FFF742F941
:1052C000801BA84201D8002DECD123685B6913F044
:1052D000800FE7D100232363202284F83D2084F847
:1052E0003E30226C42F02002226484F83C300120DF
:1052F00000E0002070BD0120FCE700002DE9F04334
:1053000085B004460D4691461F46DDF830800D9E5F
:105310000368196841F480711960009643460022C1
:105320004FF00111FFF70FFE60B9236805F0FE058D
:105330001D613346424626492046FFF759FE68B1B3
:10534000012008E023681B6813F4807F02D04FF42B
:1053500000732364032005B0BDE8F08300230393AA
:1053600023685A6903929B690393039B3246414623
:105370002046FFF793FF30B9012F0FD123685FFA62
:1053800089F61E61E7E7236C042B01D00120E2E7D8
:105390002268136843F400731360F7E723684FEA49
:1053A00019221A61324641462046FFF777FF20B99D
:1053B00023685FFA89F61E61CDE7236C042B01D0C8
:1053C0000120C8E72268136843F400731360F7E70D
:1053D000020001002DE9F04784B004460D46164650
:1053E00099460C9FDDF834800268136843F48063AB
:1053F00013600368196841F480711960CDF800806A
:105400003B4600224FF00111FFF79DFD70B95FFA96
:1054100085FA236805F0FE051D6143463A46414979
:105420002046FFF7E5FD68B1012008E023681B680E
:1054300013F4807F02D04FF400732364032004B080
:10544000BDE8F0870023039323685A6903929B69A0
:105450000393039B424639462046FFF71FFF80B95E
:10546000B9F1010F18D12368F6B21E6142463946E0
:105470002046FFF713FF68B3236C042B24D00120D0
:10548000DDE7236C042B01D00120D8E722681368E4
:1054900043F400731360F7E72368320A1A61424647
:1054A00039462046FFF7FAFE18B92368F6B21E61A6
:1054B000DCE7236C042B01D00120C0E722681368CD
:1054C00043F400731360F7E72268136843F4007332
:1054D0001360D4E72268136843F480731360CDF837
:1054E00000803B4600224FF001112046FFF72BFDC4
:1054F00068B922684AF00103136143463A460949F4
:105500002046FFF775FD002899D0012097E7236812
:105510001B6813F4807F02D04FF4007323640320D0
:105520008DE700BF0200010070B504460D46164627
:1055300023685B6913F0040F21D12046FFF7EAFCD2
:10554000F8B9B5F1FF3FF3D0FEF7FCFF801BA8428E
:1055500001D8002DECD123685B6913F0040FE7D16B
:1055600000232363202284F83D2084F83E30226CFF
:1055700042F02002226484F83C30012000E0002048
:1055800070BD0120FCE770B504460D46164614E0D8
:105590006FF010025A6100232363202284F83D201B
:1055A00084F83E30226C226484F83C30012025E0EF
:1055B00023685B6913F0400F10D02368586910F01E
:1055C000400F1AD1586910F0100FE1D1FEF7BAFF61
:1055D000801BA842ECD8002DEFD1E9E7002323631C
:1055E000202284F83D2084F83E30226C42F02002D4
:1055F000226484F83C30012000E0002070BD0000EF
:10560000002800F0CC8070B5044690F83D30002BA7
:1056100077D0242384F83D302268136823F00103F7
:1056200013602268136843F4004313602268136810
:1056300023F40043136001F009FB62685A4B9A425D
:1056400064D85A4B98428CBF00230123002B40F0B2
:10565000A8805749A1FB00318B0C25686A6822F0AD
:105660003F0242EA91426A6021680A6A22F03F02E0
:1056700066684D4DAE424FD8013313430B6221682B
:10568000CA6922F44F4222F0FF026568464B9D42F0
:105690004CD8431E6D00B3FBF5F3013340F6FC70AC
:1056A000034278D0C3F30B031A43CA6121680B6825
:1056B00023F0C003E269206A024313430B602168B0
:1056C0008B6823F4034323F0FF032269E06802435D
:1056D00013438B602168CB6823F0FF036269A069E4
:1056E00002431343CB602268136843F00103136045
:1056F00000202064202384F83D30206384F83E009D
:1057000070BD80F83C3000F00FFE82E7294B9842D4
:105710008CBF0023012399E74FF4967505FB03F333
:10572000254DA5FB03539B090133A6E7A668BEB927
:10573000431E05EB450CB3FBFCF30133C3F30B0332
:10574000B3FA83F35B0943BBC6B9431E05EB4505BA
:10575000B3FBF5F30133C3F30B0343F40043A3E7B7
:10576000431E05EB850C0CEB8C0CB3FBFCF30133F7
:10577000C3F30B03B3FA83F35B09E4E7431E05EBC2
:10578000850505EB8505B3FBF5F30133C3F30B0387
:1057900043F4404388E7042386E7012384E701209C
:1057A00070470120ACE700BFA08601007F841E0087
:1057B00083DE1B43FF083D00D34D62102DE9F0430B
:1057C00085B004460F46914698460C9EFEF7BAFEF9
:1057D000054694F83D00C0B2202804D00227384680
:1057E00005B0BDE8F0830095192301224F492046FA
:1057F000FFF7A9FB002840F0928094F83C30012B81
:1058000000F08F80012384F83C3023681A6812F07E
:10581000010F03D11A6842F001021A60226813686E
:1058200023F400631360212384F83D30102384F8AF
:105830003E3000232364C4F82490A4F82A80638DAA
:1058400023853B4BE3622B46324639462046FFF721
:105850003BFC0746002866D10023039323685A695E
:1058600003929B690393039B11E0236C042B01D0EB
:105870000127B4E72268136843F400731360F7E765
:105880002A4631462046FFF74FFE00282ED1238DB1
:10589000002B36D02A4631462046FFF7FFFC002871
:1058A000E3D1626A236812781A61606A431C6362FA
:1058B000618D89B2013989B26185238D013B9BB22B
:1058C00023852268516911F0040FD9D0002BD7D05D
:1058D00043781361636A01336362638D9BB2013B5A
:1058E0009BB26385238D013B2385C9E7236C042B81
:1058F00001D0012773E72268136843F40073136033
:10590000F7E72268136843F400731360202384F8D8
:105910003D30002384F83E3084F83C305FE70227B6
:105920005DE702275BE7012759E700BF020010008F
:105930000000FFFF2DE9F04387B004460F46914673
:1059400098460E9EFEF7FEFD054694F83D00C0B257
:10595000202804D00227384607B0BDE8F083009520
:105960001923012289492046FFF7EDFA002840F06B
:105970004F8194F83C30012B00F04C81012384F8D6
:105980003C3023681A6812F0010F03D11A6842F004
:1059900001021A602268136823F400631360222353
:1059A00084F83D30102384F83E3000232364C4F88B
:1059B0002490A4F82A80638D2385754BE3622B46DF
:1059C000324639462046FFF7D9FB0746002840F00B
:1059D0002381238D5BB9029323685A6902929A69E5
:1059E0000292029A1A6842F400721A607AE0012B5D
:1059F0000FD0022B1FD02268136843F4806313601A
:105A00000023059323685A6905929B690593059BBA
:105A100068E02268136823F4806313600023039313
:105A200023685A6903929A690392039A1A6842F4A6
:105A300000721A6056E02268136823F480631360D2
:105A40002268136843F400631360002304932368FF
:105A50005A6904929B690493049B43E02A463146A9
:105A60002046FFF790FD002840F0D88023681A698F
:105A7000636A1A70636A01336362238D013B238575
:105A8000638D9BB2013B9BB263852BE0009533464F
:105A9000002240492046FFF756FA002840F0C08017
:105AA0002268136843F40073136023681A69636AF9
:105AB0001A70626A531C6362238D013B2385638DD8
:105AC0009BB2013B9BB2638523681B695370636A79
:105AD00001336362238D013B2385638D9BB2013BC0
:105AE0009BB26385218D002900F08980032953D85A
:105AF0000129B3D00229C9D0009533460022254997
:105B00002046FFF720FA002840F08C8022681368B6
:105B100023F48063136023681A69636A1A70636AE6
:105B200001336362238D013B2385618D89B2013985
:105B300089B2618500953346002216492046FFF759
:105B400002FA002870D12268136843F400731360CE
:105B500023681A69636A1A70626A531C6362238D30
:105B6000013B2385638D9BB2013B9BB26385236818
:105B70001B695370636A01336362238D013B238584
:105B8000638D9BB2013B9BB26385ABE702001000C3
:105B90000000FFFF040001002A4631462046FFF7BF
:105BA000F2FC002842D123681A69636A1A70636A9A
:105BB00001336362228D013A92B22285638D9BB2DA
:105BC000013B9BB263852368596911F0040F89D0AA
:105BD000032A0FD023681A69636A1A70636A013353
:105BE0006362238D013B2385638D9BB2013B9BB296
:105BF000638577E71A6822F480621A60EAE7202357
:105C000084F83D30002384F83E3084F83C30A2E62E
:105C10000227A0E602279EE601279CE601279AE6D6
:105C2000012798E6012796E6012794E6012792E6E8
:105C30002DE9F04383B004460F46904699460C9EEA
:105C4000FEF780FC054694F83D00C0B2202803D042
:105C5000022003B0BDE8F0830095192301224B49CF
:105C60002046FFF770F9002840F0898094F83C3016
:105C7000012B00F08680012384F83C3023681A68E9
:105C800012F0010F03D11A6842F001021A60226873
:105C9000136823F400631360212384F83D3040230C
:105CA00084F83E30002323640A9B6362BDF82C30E5
:105CB0006385638D2385364BE362019500964B46E1
:105CC000424639462046FFF719FB00285BD1238D59
:105CD000002B35D02A4631462046FFF7DFFA20BB9D
:105CE000626A236812781A61626A531C6362218DAA
:105CF000013989B22185638D9BB2013B9BB26385DB
:105D00002368586910F0040FE1D00029DFD05278E1
:105D10001A61636A01336362238D013B2385638DBE
:105D20009BB2013B9BB26385D1E7236C042B01D06E
:105D300001208EE72268136843F400731360F7E7CD
:105D40002A4631462046FFF7EFFB50B1236C042B67
:105D500001D001207DE72268136843F400731360CB
:105D6000F7E72268136843F400731360202384F874
:105D70003D30002384F83E3084F83C3069E702204F
:105D800067E7022065E7012063E700BF020010001B
:105D90000000FFFF2DE9F04387B004460F46904610
:105DA0009946109EFEF7CEFB054694F83D00C0B222
:105DB000202804D00227384607B0BDE8F0830095BC
:105DC0001923012288492046FFF7BDF8002840F03A
:105DD0004D8194F83C30012B00F04A81012384F876
:105DE0003C3023681A6812F0010F03D11A6842F0A0
:105DF00001021A602268136823F4006313602223EF
:105E000084F83D30402384F83E30002323640E9B09
:105E10006362BDF83C306385638D2385734BE36219
:105E2000019500964B46424639462046FFF7D2FA86
:105E30000746002840F01E81238D5BB9029323683A
:105E40005A6902929A690292029A1A6842F400729E
:105E50001A6075E0012B0AD0022B1AD0002305939B
:105E600023685A6905929B690593059B68E022683F
:105E7000136823F4806313600023039323685A6933
:105E800003929A690392039A1A6842F400721A60A4
:105E900056E02268136823F4806313602268136855
:105EA00043F4006313600023049323685A69049247
:105EB0009B690493049B43E02A4631462046FFF742
:105EC00062FB002840F0D88023681A69636A1A7060
:105ED000636A01336362238D013B2385638D9BB22B
:105EE000013B9BB263852BE000953346002240497D
:105EF0002046FFF728F8002840F0C0802268136889
:105F000043F40073136023681A69636A1A70626A43
:105F1000531C6362238D013B2385638D9BB2013B40
:105F20009BB2638523681B695370636A01336362A4
:105F3000238D013B2385638D9BB2013B9BB263851F
:105F4000238D002B00F08980032B53D8012BB3D075
:105F5000022BC9D000953346002225492046FEF782
:105F6000F2FF002840F08C802268136823F48063DD
:105F7000136023681A69636A1A70636A0133636283
:105F8000238D013B2385638D9BB2013B9BB26385CF
:105F900000953346002216492046FEF7D4FF00281C
:105FA00070D12268136843F40073136023681A6980
:105FB000636A1A70626A531C6362238D013B2385F6
:105FC000638D9BB2013B9BB2638523681B69537051
:105FD000636A01336362238D013B2385638D9BB22A
:105FE000013B9BB26385ABE7020010000000FFFF9E
:105FF000040001002A4631462046FFF7C4FA002873
:1060000042D123681A69636A1A70636A0133636252
:10601000228D013A92B22285638D9BB2013B9BB2E5
:1060200063852368596911F0040F89D0032A0FD0C2
:1060300023681A69636A1A70636A01336362238D85
:10604000013B2385638D9BB2013B9BB2638577E760
:106050001A6822F480621A60EAE7202384F83D304F
:10606000002384F83E3084F83C30A4E60227A2E600
:106070000227A0E601279EE601279CE601279AE673
:10608000012798E6012796E6012794E62DE9F043DB
:1060900085B00446884691461D46FEF753FA94F8AB
:1060A0003D30DBB2202B03D0022005B0BDE8F083E9
:1060B000064600901923012257492046FEF743FF68
:1060C000002840F0A08094F83C30012B00F09D8027
:1060D000012384F83C3023681A6812F0010F03D1C1
:1060E0001A6842F001021A602268136823F4006300
:1060F0001360242384F83D3000272764474BE36274
:1061000040E023681B6813F4807F02D04FF40073D3
:1061100023640320C9E7A02384F83D302268536933
:10612000C3F340035269C2F3802294F83DC05FFA82
:106130008CFCBCF1A00F09D043B93AB9FEF702FAC2
:10614000801BA842E7D8002DE8D1E4E7202384F89B
:106150003D3023685A6912F0020F31D11A6842F4B7
:1061600000721A6023686FF480625A6100961923E6
:10617000012229492046FEF7E6FE002849D10137D1
:106180004F4538D22268136843F480731360009639
:106190002B4600224FF001112046FEF7D4FE0028C6
:1061A000AFD1236808F0FE021A61FEF7CBF906466C
:1061B00022685369C3F340035269C2F38022B4E7F3
:1061C0001A6842F400721A600023039323685A6924
:1061D00003929B690393039B0096192301220E49A6
:1061E0002046FEF7B0FE90B9202384F83D3000230E
:1061F00084F83C3059E7202384F83D30002384F8AC
:106200003C30012051E702204FE702204DE70120FA
:106210004BE7012049E700BF020010000000FFFF2C
:1062200050B338B5044603684CF6CC421A60036894
:1062300045F255521A60036842685A6003688268E2
:106240009A60FEF77FF905462368DA6812F0030FBB
:106250000DD0FEF777F9401B41F601039842F3D9C0
:106260002368DB6813F0030FEED0032003E04AF647
:10627000AA221A60002038BD0120704703684AF640
:10628000AA221A600020704782B0002100910B4BB7
:106290005A6C42F480425A645A6C02F48042009272
:1062A000009A01911A6C42F080521A641B6C03F040
:1062B00080530193019B02B0704700BF0038024039
:1062C00000B589B0002303930493059306930793C5
:1062D000026803F1804303F590339A4202D009B07B
:1062E0005DF804FB0021019103F58C335A6C42F4F4
:1062F00080725A645A6C02F480720192019A02917F
:106300001A6B42F001021A631B6B03F00103029344
:10631000029B042303930323049303A90148FEF77C
:10632000F1FCDCE7000002402DE9F0418CB00023D5
:106330000793089309930A930B9303684D4A93427A
:1063400008D04D4A934228D04C4A934258D00CB0C2
:10635000BDE8F08100250095494C236B43F0020312
:106360002363236B03F002030093009BC023079376
:106370001223089303230A9304230B9307A941488C
:10638000FEF7C0FC0195236C43F400132364236CD7
:1063900003F400130193019BD9E700250295384CC3
:1063A000236B43F002032363236B03F00203029386
:1063B000029B4FF4806307934FF01208CDF82080C2
:1063C00003270A9704230B932E4E07A93046FEF7A6
:1063D00099FC08230793CDF8208009950A97092393
:1063E0000B9307A93046FEF78DFC0395236C43F40D
:1063F00080032364236C03F480030393039BA6E7C9
:10640000002504951E4C236B43F001032363236B8B
:1064100003F001030493049B0595236B43F00203EF
:106420002363236B03F002030593059B4FF48073F2
:1064300007931227089703260A9604230B9307A9AC
:106440001148FEF75FFC10230793089709950A96F9
:1064500009230B9307A90B48FEF754FC0695236C00
:1064600043F400032364236C03F400030693069BA8
:106470006DE700BF0054004000580040005C004041
:1064800000380240000402400000024030B58BB0EA
:106490000023059306930793089309930368344AEE
:1064A000934204D0334A93423ED00BB030BD0446F1
:1064B00000250195304B5A6C42F480525A645A6C54
:1064C00002F480520192019A02951A6B42F0010285
:1064D0001A631B6B03F001030293029BE0230593F5
:1064E00002230693032308930523099305A9234850
:1064F000FEF708FC2248234B03604FF0C063436063
:106500008560C5604FF48063036145618561C56145
:1065100005624562FEF7A2FA18B9194BE3649C6361
:10652000C3E7FDF78BF9F8E700210391124B1A6CD2
:1065300042F480421A641A6C02F480420392039A75
:1065400004911A6B42F002021A631B6B03F0020300
:106550000493049B4FF460430593022306930323A3
:1065600008930523099305A90748FEF7CBFB9CE791
:106570000030014000380040003802400000024076
:10658000BC060020106402400004024000B585B043
:106590000368244A934208D0234A934219D0234ADD
:1065A00093422AD005B05DF804FB00210191204BF5
:1065B0005A6C42F480325A645B6C03F4803301936A
:1065C000019B0A461820FEF7BBF91820FEF7C8F910
:1065D000E8E700210291164B5A6C42F400325A64EB
:1065E0005B6C03F400330293029B0A461920FEF70A
:1065F000A7F91920FEF7B4F9D4E7002103910C4B59
:106600005A6C42F480225A645B6C03F48023039337
:10661000039B0A461A20FEF793F91A20FEF7A0F909
:10662000C0E700BF00400140004401400048014075
:1066300000380240002800F0E08170B582B00446C6
:10664000036813F0010F3BD09F4B9B6803F00C03D2
:10665000042B2CD09C4B9B6803F00C03082B21D0FF
:106660006368B3F5803F4FD0B3F5A02F52D0964B5F
:106670001A6822F480321A601A6822F480221A60A2
:106680006368002B50D0FDF75DFF05468E4B1B68FD
:1066900013F4003F14D1FDF755FF401B6428F5D9D2
:1066A0000320B1E1884B5B6813F4800FD8D0864B90
:1066B0001B6813F4003F03D06368002B00F09F8138
:1066C000236813F0020F54D07F4B9B6813F00C0F1C
:1066D0003ED07D4B9B6803F00C03082B33D0E3685E
:1066E000002B68D0794B01221A60FDF72BFF05467D
:1066F000754B1B6813F0020F54D1FDF723FF401BAD
:106700000228F5D903207FE16F4A136843F48033F0
:106710001360B5E76C4B1A6842F480221A601A685D
:1067200042F480321A60ABE7FDF70CFF0546664B7A
:106730001B6813F4003FC3D0FDF704FF401B64281F
:10674000F5D9032060E1604B5B6813F4800FC6D17C
:106750005D4B1B6813F0020F03D0E368012B40F080
:106760005081594A136823F0F803216943EAC103B1
:106770001360236813F0080F42D063696BB3534B67
:106780000122C3F8802EFDF7DDFE05464E4B5B6F00
:1067900013F0020F34D1FDF7D5FE401B0228F5D9C6
:1067A000032031E1484A136823F0F803216943EAE2
:1067B000C1031360DDE7454B00221A60FDF7C2FEFE
:1067C0000546414B1B6813F0020FD2D0FDF7BAFE0D
:1067D000401B0228F5D9032016E13C4B0022C3F8E8
:1067E000802EFDF7AFFE0546374B5B6F13F0020FAF
:1067F00006D0FDF7A7FE401B0228F5D9032003E1D0
:10680000236813F0040F77D02F4B1B6C13F0805FBD
:1068100033D1002301932C4B1A6C42F080521A643E
:106820001B6C03F080530193019B0125284B1B68CF
:1068300013F4807F23D0A368012B34D0052B38D0EC
:10684000214B1A6F22F001021A671A6F22F004021C
:106850001A67A368002B3DD0FDF774FE06461A4B5D
:106860001B6F13F0020F46D1FDF76CFE801B41F247
:1068700088339842F3D90320C6E00025D6E7144AAE
:10688000136843F480731360FDF75CFE0646104BFB
:106890001B6813F4807FCED1FDF754FE801B0228C5
:1068A000F5D90320B0E0084A136F43F001031367E2
:1068B000CFE7054B1A6F42F004021A671A6F42F0D5
:1068C00001021A67C5E700BF0038024000004742D6
:1068D00000700040FDF736FE0646524B1B6F13F06A
:1068E000020F08D0FDF72EFE801B41F2883398423C
:1068F000F3D9032088E0EDB9A369002B00F0838071
:10690000484A926802F00C02082A51D0022B17D094
:10691000454B00221A66FDF715FE0446414B1B68E5
:1069200013F0007F42D0FDF70DFE001B0228F5D9C1
:10693000032069E03B4A136C23F080531364DBE7C8
:10694000394B00221A66FDF7FDFD0546354B1B68E5
:1069500013F0007F06D0FDF7F5FD401B0228F5D9A6
:10696000032051E0E369226A1343626A43EA821317
:10697000A26A5208013A43EA0243E26A43EA026326
:10698000284A5360284B01221A66FDF7DBFD0446B6
:10699000244B1B6813F0007F06D1FDF7D3FD001BCD
:1069A0000228F5D903202FE000202DE000202BE065
:1069B000012B2BD01B4B5B6803F48001E2699142F1
:1069C00026D103F03F02216A8A4223D1616A47F649
:1069D000C0721A40B2EB811F1ED103F44031A26A8B
:1069E0005208013AB1EB024F18D103F07063E26A2A
:1069F000B3EB026F14D1002006E0012070470120A4
:106A000002E0012000E0002002B070BD0120FBE7A1
:106A10000120F9E70120F7E70120F5E70120F3E77E
:106A20000120F1E70038024000004742014B0122FB
:106A3000DA6470470000474208B5264B9B6803F0B4
:106A40000C03042B41D0082B41D1224B5A6802F091
:106A50003F025B6813F4800F12D01E4B5968C1F3DC
:106A600088111D480023A1FB0001F9F751FC194BC7
:106A70005B68C3F3014301335B00B0FBF3F008BD77
:106A8000144B5868C0F388104FEA401CBCEB000C54
:106A90006EEB0E0E4FEA8E1343EA9C634FEA8C11A5
:106AA000B1EB0C0163EB0E03DB0043EA5173C90049
:106AB00011EB000C43F10003990200234FEA8C20F4
:106AC00041EA9C51F9F724FCD1E70348D7E7034892
:106AD000D5E700BF0038024040787D010024F40073
:106AE000002800F09B8070B50D4604464F4B1B6894
:106AF00003F007038B4208D2CBB24C4A13701368E1
:106B000003F007038B4240F08B80236813F0020FE1
:106B100017D013F0040F04D0454A936843F4E053B0
:106B20009360236813F0080F04D0414A936843F43C
:106B3000604393603E4A936823F0F003A1680B43DF
:106B40009360236813F0010F32D06368012B21D0CA
:106B50009A1E012A25D9364A126812F0020F61D016
:106B600033498A6822F0030213438B60FDF7EAFC85
:106B700006462F4B9B6803F00C036268B3EB820F51
:106B800016D0FDF7DFFC801B41F288339842F0D924
:106B9000032042E0264A126812F4003FE0D10120AF
:106BA0003BE0234A126812F0007FD9D1012034E083
:106BB0001E4B1B6803F00703AB4207D9EAB21B4B1D
:106BC0001A701B6803F00703AB422DD1236813F042
:106BD000040F06D0164A936823F4E053E1680B4390
:106BE0009360236813F0080F07D0114A936823F4C9
:106BF0006043216943EAC1039360FFF71DFF0C4B1B
:106C00009B68C3F303130B4AD35CD8400A4B18604C
:106C10000A4B1868FDF74AFC002070BD0120704740
:106C20000120FAE70120F8E70120F6E7003C0240E6
:106C300000380240ACC800083000002028000020C6
:106C4000014B1868704700BF3000002008B5FFF7FF
:106C5000F7FF044B9B68C3F38223034AD35CD840FD
:106C600008BD00BF00380240A4C8000870470000FB
:106C700008B5064BDB6813F0800F00D108BDFFF7A5
:106C8000F5FF024B80229A73F8E700BF00380240FC
:106C90002DE9F04782B00546884617461E46FDF7A7
:106CA00051FC0A9B1B1A03EB0609FDF74BFC8246BD
:106CB000284B1B68C3F3CB3309FB03F301932B6809
:106CC0009C6838EA04040CBF01230023BB423DD07A
:106CD000B6F1FF3FF3D0FDF735FCA0EB0A004845C5
:106CE00003D2019B73BB9946E9E72A68536823F0F6
:106CF000E00353606B68B3F5827F0BD0AB6AB3F5EA
:106D0000005F14D0012385F85130002385F85030FE
:106D100003201CE0AB68B3F5004F02D0B3F5806FE1
:106D2000ECD12A68136823F040031360E6E72A6871
:106D3000136823F4005313602A68136843F4005364
:106D40001360DFE7019B013B0193B8E7002002B02D
:106D5000BDE8F0873000002070B584B004460D46D1
:106D6000164600920B4601220221FFF791FFD0B98F
:106D7000174B1B68174AA2FB03235B0D4FF47A7273
:106D800002FB03F303936368B3F5827F11D0039B87
:106D90003BB1039B013B039323689B6813F0800F77
:106DA000F5D104B070BD636D43F02003636503202B
:106DB000F7E700962B46002280212046FFF768FF68
:106DC0000028EED0636D43F0200363650320E8E7FD
:106DD00030000020819F5E1600285AD010B504466E
:106DE000436A33B94368B3F5827F05D00023C3619A
:106DF00002E00023036143610023A36294F8513051
:106E0000002B40D0022384F851302268136823F00D
:106E100040031360636803F48273A26802F40442BF
:106E20001343E26802F400621343226902F0020293
:106E30001343626902F001021343A26902F4007273
:106E40001343E26902F038021343226A02F080021F
:106E50001343A26A02F40052216813430B60638B50
:106E600003F00403626A02F01002216813434B60CE
:106E70002268D36923F40063D36100206065012395
:106E800084F8513010BD84F850302046FFF7FEFAE8
:106E9000B8E7012070472DE9F04383B004468946E6
:106EA00090461D46FDF74EFB94F85160F6B2012E58
:106EB00040F0CC800746B9F1000F00F0C880B8F16F
:106EC000000F00F0C48094F85030012B00F0C38014
:106ED000012384F85030032384F851300023636584
:106EE000C4F83090A4F83480A4F83680A363A38754
:106EF000E38763642364A368B3F5004F1ED023685F
:106F00001A6812F0400F03D11A6842F040021A606A
:106F1000E368B3F5006F1CD0636813B1B8F1010FDB
:106F20005FD1226B236812781A73236B01332363BA
:106F3000E38E9BB2013B9BB2E38652E0226813686A
:106F400023F0400313602268136843F48043136006
:106F5000D5E7636813B1B8F1010F15D1226B23682F
:106F60001288DA60236B02332363E38E9BB2013B0A
:106F70009BB2E38608E0FDF7E5FAC01BA84202D306
:106F8000B5F1FF3F15D1A5B1E38E9BB2002B42D0E6
:106F900023689A6812F0020FEDD0226B1288DA6033
:106FA000236B02332363E38E9BB2013B9BB2E386E8
:106FB000EAE7012384F85130002384F85030032697
:106FC00045E0226B12781A73236B01332363B4F804
:106FD00036C01FFA8CFC0CF1FF3C1FFA8CFCA4F8A5
:106FE00036C0E38E9BB2B3B123689A6812F0020FE9
:106FF000E7D1FDF7A7FAC01BA84202D3B5F1FF3FC6
:1070000001D1002DEDD1012384F85130002384F803
:10701000503003261BE03A4629462046FFF79CFEE7
:1070200008B120236365A36833B901932368DA6844
:1070300001929B680193019B012384F85130002346
:1070400084F85030636D13B9002600E00226304604
:1070500003B0BDE8F0830226F9E72DE9F04383B0E1
:107060000446884691461F460A9DFDF76BFA064680
:1070700094F85130DBB26268012B0AD0B2F5827FFE
:1070800040F00581A268002A40F00581042B40F001
:107090000481B8F1000F00F00281B9F1000F00F097
:1070A0000081002F00F0FF8094F85030012B00F099
:1070B000FC80012384F8503094F85130DBB2042B6B
:1070C00002D0052384F8513000236365C4F838905A
:1070D000E787A787C4F83080E786A78623646364C0
:1070E00023681A6812F0400F03D11A6842F0400278
:1070F0001A60E368B3F5006F11D063680BB1012F1C
:107100000BD1226B236812781A73236B013323632C
:10711000E38E9BB2013B9BB2E386012771E063687B
:107120000BB1012F0BD1226B23681288DA60236B1D
:1071300002332363E38E9BB2013B9BB2E3860127BC
:107140001BE023689A6812F0010F0ED0E28F92B212
:107150005AB1DA68A36B1A80A36B0233A363E38F7F
:107160009BB2013B9BB2E3870127FDF7EBF9801B44
:10717000A84202D3B5F1FF3F1ED1E38E9BB21BB9EB
:10718000E38F9BB2002B62D023689A6812F0020F43
:10719000D7D0E28E92B2002AD3D0002FD1D0226B6A
:1071A0001288DA60236B02332363E38E9BB2013BC8
:1071B0009BB2E3860027C4E7012384F85130002303
:1071C00084F85030032063E023689A6812F0010FBE
:1071D0000ED0E28F92B25AB1DA68A36B1A70A36B29
:1071E0000133A363E38F9BB2013B9BB2E38701278B
:1071F000FDF7A8F9831BAB4202D3B5F1FF3F1ED1C7
:10720000EDB1E38E9BB213B9E38F9BB2FBB1236860
:107210009A6812F0020FD7D0E28E92B2002AD3D031
:10722000002FD1D0226B12781A73236B01332363A2
:10723000E38E9BB2013B9BB2E3860027C4E70123A8
:1072400084F85130002384F85030032020E0324687
:1072500029462046FFF780FD90B9A36833B9019312
:107260002368DA6801929B680193019B012384F8EB
:107270005130002384F85030636D4BB1012007E09A
:1072800020236365002384F85030012000E00220B1
:1072900003B0BDE8F0830220FAE70220F8E70120FE
:1072A000F6E70120F4E70120F2E70220F0E790F88A
:1072B0005100704710B4036A046A24F001040462A8
:1072C000846924F0F00C4CEA021223F00A030B4309
:1072D000826103625DF8044B704710B4036A046A6C
:1072E00024F010040462846924F4704C4CEA0232E5
:1072F00023F0A00343EA0113826103625DF8044BAB
:107300007047836823F070030B4343F007038360E7
:107310007047000090F83D30DBB2012B2FD10223E3
:1073200080F83D300268D36843F00103D3600368FE
:10733000154A934218D0B3F1804F15D0A2F57C4284
:10734000934211D002F5806293420DD002F5806223
:10735000934209D002F59A32934205D01A6842F05E
:1073600001021A60002070479A6802F00702062A9C
:1073700007D01A6842F001021A600020704701200D
:1073800070470020704700BF000001407047704701
:107390007047704770B504460368DE681D6915F0D4
:1073A000020F10D016F0020F0DD06FF002021A611A
:1073B0000123037703689B6913F0030F5ED0FFF787
:1073C000E6FF0023237715F0040F12D016F0040F08
:1073D0000FD023686FF004021A6102232377236819
:1073E0009B6913F4407F4FD02046FFF7D0FF002366
:1073F000237715F0080F12D016F0080F0FD023686E
:107400006FF008021A61042323772368DB6913F005
:10741000030F40D02046FFF7BAFF0023237715F073
:10742000100F12D016F0100F0FD023686FF010025B
:107430001A61082323772368DB6913F4407F31D076
:107440002046FFF7A4FF0023237715F0010F02D099
:1074500016F0010F2DD115F0800F02D016F0800F1D
:107460002FD115F0400F02D016F0400F31D115F09A
:10747000200F02D016F0200F33D170BDFFF786FF2A
:107480002046FFF785FF9CE72046FFF77FFF204659
:10749000FFF77EFFABE72046FFF778FF2046FFF7B8
:1074A00077FFBAE72046FFF771FF2046FFF770FF2E
:1074B000C9E723686FF001021A612046FBF738FF25
:1074C000C9E723686FF080021A61204600F01DF9B9
:1074D000C7E723686FF040021A612046FFF759FFA3
:1074E000C5E723686FF020021A61204600F00CF90E
:1074F000C3E700000368274A90420ED0B0F1804FE6
:107500000BD0A2F57C42904207D002F580629042F7
:1075100003D002F58062904203D123F070034A68E1
:1075200013431C4A90421AD0B0F1804F17D0A2F5F5
:107530007C42904213D002F5806290420FD002F557
:10754000806290420BD002F59A32904207D002F549
:107550008062904203D002F58062904203D123F40E
:107560004073CA68134323F080034A6913438A684F
:10757000C2620A688262074A904207D0026842F0FB
:107580000402026001224261036070470A690263DB
:10759000F4E700BF0000014040B310B5044690F886
:1075A0003D30F3B1022384F83D30214651F8040BFD
:1075B000FFF7A0FF012384F8463084F83E3084F8BA
:1075C0003F3084F8403084F8413084F8423084F809
:1075D000433084F8443084F8453084F83D3000204E
:1075E00010BD80F83C30FEF7D1FFDBE7012070478B
:1075F00010B4846824F47F4C42EA03220A4342EA2E
:107600000C0282605DF8044B704790F83C30012B0F
:1076100078D010B50446012380F83C30022380F86E
:107620003D300268936823F47F4323F0770393602F
:107630000B68602B4CD023D8402B54D011D8202B72
:1076400003D00AD80BB1102B05D119462068FFF7DB
:1076500058FE002028E0012026E0302BF5D0012044
:1076600022E0502B0AD1CA6849680068FFF722FE61
:1076700050212068FFF745FE002015E0012013E0AF
:10768000B3F5805F3AD0B3F5005F14D0702B37D1DB
:10769000CB684A6889680068FFF7AAFF2268936888
:1076A00043F0770393600020012384F83D300023EA
:1076B00084F83C3010BDCB684A6889680068FFF7E1
:1076C00097FF2268936843F4804393600020EBE7C0
:1076D000CA6849680068FFF700FE60212068FFF76C
:1076E00010FE0020E0E7CA6849680068FFF7E2FD85
:1076F00040212068FFF705FE0020D5E70020D3E7F2
:107700000120D1E7022070477047704708B5FFF7A6
:10771000AFFAFEE7FEE7FEE7FEE7FEE770477047D9
:10772000704708B5FCF702FF08BD08B50220FDF759
:10773000E3FB08BD08B54FF40070FDF7DDFB08BDA5
:1077400008B50248FFF726FE08BD00BF74060020FA
:1077500008B50248FFF71EFE08BD00BF2C0600203A
:1077600008B50248FFF716FE08BD00BFE40500207B
:1077700008B54FF48040FDF7BFFB4FF40040FDF724
:10778000BBFB08BD08B50248FDF7CEF908BD00BF38
:10779000BC0600200120704708B502F0F7F9162357
:1077A00003604FF0FF3008BD08B54FF0FF31FFF721
:1077B000F3FFFEE770B50C461646002506E0AFF372
:1077C0000080214601F8010B01350C46B542F6DB7D
:1077D000304670BD70B50C461646002504E014F81E
:1077E000010BAFF300800135B542F8DB304670BDC8
:1077F0004FF0FF3070474FF400534B60002070474C
:10780000012070470020704710B503460C4A0D490F
:107810000D48006840B10C4800680344521A934276
:1078200006D8094A136010BD0748084C0460F2E707
:1078300002F0ACF90C2303604FF0FF30F3E700BF18
:1078400000800120000400002C0D0020B00E00205C
:10785000034AD2F8883043F47003C2F88830704786
:1078600000ED00E008B500F025F908BD08B500F00E
:10787000D7F908BD08B500F0DDF908BD08B500F07E
:107880001FFA08BD08B500F073FA08BD00B587B04F
:107890008DF80F003223009301230DF117020DF133
:1078A0000F010448FFF7D9FB9DF8170007B05DF8FA
:1078B00004FB00BF7407002070B50646FCF742FECB
:1078C0000546FF20FFF7E2FF0446FF2804D0FCF73F
:1078D00039FE401BB042F4D3FF2C14BF002001201E
:1078E00070BD70B506460D46002404E0FF20FFF78A
:1078F000CDFF30550134AC42F8D370BD08B501223C
:1079000010210348FDF7E9FAFF20FFF7BFFF08BD8C
:107910000000024010B5002210210948FDF7DDFAF1
:10792000FF20FFF7B3FF4FF4FA70FFF7C5FF10B168
:107930000124204610BD0446FFF7E0FFF9E700BF31
:107940000000024038B504460D4610F0800F1DD1EE
:107950000C2C04D0FFF7D2FFFFF7DCFFB0B344F0EC
:107960004000FFF793FF280EFFF790FFC5F3074095
:10797000FFF78CFFC5F30720FFF788FFE8B2FFF79A
:1079800085FF64B1082C1BD0012009E000F07F04C2
:1079900000213720FFF7D6FF0128D9D90FE0952025
:1079A000FFF774FF0C2C0DD00A24FF20FFF76EFFA9
:1079B00010F0800F03D0631E13F0FF04F5D138BD23
:1079C0008720EDE7FF20FFF761FFEDE7FF20F6E7F7
:1079D00008B54FF0FF338AB201460248FFF75BFA61
:1079E00008BD00BF7407002038B505460C464FF4AB
:1079F000FA70FFF761FF00B938BD2046FFF746FF78
:107A0000FD2C01D10120F7E74FF400712846FFF764
:107A1000DFFFFF20FFF73AFFFF20FFF737FFFF20D0
:107A2000FFF734FF00F01F00052801D10120E3E734
:107A30000020E1E710B50446FCF784FD024B186016
:107A4000024B1C6010BD00BF340D0020300D002023
:107A500008B5FCF777FD054B1B68C01A044B1B6883
:107A600098422CBF0020012008BD00BF340D00202B
:107A7000300D002070B505460E46C820FFF7DAFF2E
:107A8000FF20FFF703FF0446FF2803D1FFF7E0FFC5
:107A90000028F5D1FE2C01D0002070BD31462846CB
:107AA000FFF71FFFFF20FFF7F1FEFF20FFF7EEFEBD
:107AB0000120F2E7002840F0AB80564B1B7813F012
:107AC000020F09D170B582B0534B1A68136843F0A6
:107AD000380313600A2408E04E4B1878C0B2704790
:107AE000FF20FFF7D3FE013CE4B2002CF8D10021C7
:107AF0000846FFF727FF0546012817D0474B1C70A3
:107B0000FFF7FCFE002C7FD0434B1A68136823F06C
:107B1000380343F0100313603E4A137803F0FE036A
:107B200013703C4B1878C0B202B070BD4FF47A703D
:107B3000FFF780FF4FF4D5710820FFF703FF0128FE
:107B40003ED1254609E0FF20FFF7A0FE05F108031E
:107B50006B4403F8040C0135EDB2032DF3D99DF805
:107B60000630012BCAD19DF80730AA2BC6D1FFF7EA
:107B70006FFF30B14FF08041A920FFF7E3FE0028EE
:107B8000F5D1FFF765FF08B90446B7E700213A20B1
:107B9000FFF7D8FE054650B1B0E7FF20FFF776FEAD
:107BA00005F108036B4403F8040C0135EDB2032D15
:107BB000F3D99DF8043013F0400F23D00C249DE737
:107BC0000021A920FFF7BEFE01280ED92E46FFF79F
:107BD0003FFF28B100212846FFF7B4FE0028F6D168
:107BE000FFF736FF20B9044688E70226A925EEE70D
:107BF0004FF400711020FFF7A5FE00287FF47EAF40
:107C000034467BE7042479E7024B01221A7088E7A7
:107C1000012070474800002074070020380D002024
:107C200018B9034B1878C0B270470120704700BFE5
:107C300048000020002839D138B50D461C46002BDD
:107C400036D01D4B1B7813F0010F33D11B4B1B7823
:107C500013F0080F00D15202012C18D01146122047
:107C6000FFF770FE68B94FF400712846FFF702FF76
:107C700018B105F50075013CF5D100210C20FFF786
:107C800061FEFFF73BFE201E18BF012038BD1146E4
:107C90001120FFF757FE0028F3D14FF4007128465A
:107CA000FFF7E8FE0028ECD00024EAE70420704744
:107CB0000420EBE70320E9E748000020380D00200E
:107CC000002848D170B50D4616461C46002B44D0FE
:107CD000254B1B7813F0010F41D1234B1B7813F078
:107CE000040F3ED1214B1B7813F0080F00D1560230
:107CF000012C1BD013F0060F26D131461920FFF7B7
:107D000021FE68B9FC212846FFF76EFE18B105F583
:107D10000075013CF6D1FD210020FFF765FEC0B1E2
:107D2000FFF7ECFD201E18BF012070BD3146182062
:107D3000FFF708FE0028F3D1FE212846FFF754FE86
:107D40000028EDD00024EBE721469720FFF7FAFD4D
:107D5000D3E70124E4E7042070470420E5E703208B
:107D6000E3E70220E1E700BF48000020380D0020D3
:107D700070B584B0002840F004810D461646834B50
:107D80001B7813F0010F40F0FE80042900F2ED8013
:107D9000DFE811F005000C00EB005400AF00FFF726
:107DA000B9FD002840F0E380012406E0002109200D
:107DB000FFF7C8FD044628B12C46FFF79FFD20467B
:107DC00004B070BD10216846FFF754FE002800F093
:107DD000D0809DF800309B09012B1FD09DF8052015
:107DE00002F00F029DF80A3002EBD3129DF8093021
:107DF0005B0003F006031A449DF808109DF8073055
:107E00009B0003EB91139DF80610890201F4406179
:107E10000B440133073A93403360CEE79DF80930B5
:107E20009DF8082003EB02239DF80720120402F4BA
:107E30007C12134401339B023360BEE7544B1B7822
:107E400013F0040F20D000218D20FFF77BFD08B137
:107E50000124B2E7FF20FFF719FD10216846FFF764
:107E600009FE78B90124A8E7FF20FFF70FFD013CC8
:107E7000E4B2002CF8D19DF80A2012091023934097
:107E800033609AE73024F4E700210920FFF75AFD18
:107E9000054608B1012490E710216846FFF7EAFD86
:107EA000002868D03A4B1C7814F0020411D09DF8D9
:107EB0000A305B0003F07E039DF80B2003EBD21326
:107EC00001339DF80D209209013A934033602C460E
:107ED00073E79DF80A20C2F384029DF80B10CB00D3
:107EE00003F0180303EB5113013302FB0333336038
:107EF00063E7274B1B7813F0060F01D101245CE7E1
:107F00006A460B21FFF734FFB8BB9DF800309B0990
:107F100004D19DF80A3013F0400F30D031687468F6
:107F20001B4B1B7813F0080F01D14902640220207B
:107F3000FFF708FD08B101243FE721462120FFF7A4
:107F400001FD08B1012438E700212620FFF7FAFCE3
:107F5000044608B1012430E747F23050FFF7ACFC8B
:107F600000287FF42AAF012427E7042425E72C46C4
:107F700023E72C4621E701241FE701241DE7012404
:107F80001BE704241BE7032419E700BF4800002077
:107F9000380D0020DFF834D0FFF75AFC0C480D49AB
:107FA0000D4A002302E0D458C4500433C4188C4254
:107FB000F9D30A4A0A4C002301E013600432A242BA
:107FC000FBD301F0E9FDFBF7BBFD7047008001200A
:107FD000000000200801002014CF00080801002044
:107FE000AC0E0020FEE70000002310B50446C0E9F7
:107FF0000033C0E90433836081814366C2818361B9
:10800000194608225C3000F02CF90D4B63620D4BD1
:10801000A3620D4BE3620D4B23630D4B24629C4224
:1080200006D003F16802944202D0D0339C4205D1BD
:1080300004F15800BDE8104001F0D2BD10BD00BFF2
:10804000D9810008FF810008378200085B820008A0
:108050003C0D0020024A0349034800F069B800BF04
:108060004C000020D1A600086400002041680C4BA1
:10807000994210B5044601D002F02AFBA168094BD1
:10808000994202D0204602F023FBE168064B994258
:1080900004D02046BDE8104002F01ABB10BD00BF5E
:1080A0003C0D0020A40D00200C0E002010B50B4B41
:1080B0000B4C0C4A1A60204600220421FFF794FF63
:1080C00004F1680001220921FFF78EFF04F1D000BE
:1080D0000222BDE810401221FFF786BF740E002077
:1080E0003C0D002055800008014801F07BBD00BF19
:1080F000A30E0020014801F077BD00BFA30E0020B1
:1081000010B50446FFF7F0FF236A1BB1BDE810402D
:10811000FFF7F0BF044B2362044B1B68002BF5D123
:10812000FFF7C4FFF2E700BF6D800008740E002067
:108130002DE9F8430746884614460026D4E9019500
:10814000B9F1010905D52468002CF7D13046BDE806
:10815000F883AB89012B07D9B5F90E30013303D071
:1081600029463846C04706436835E9E70CB430B5C0
:10817000184B0C1E1D689DB008DA8B232B604FF046
:10818000FF301DB0BDE8304002B070474FF40273BD
:10819000ADF814304FF000031B9314BF04F1FF330C
:1081A0002346049307934FF6FF7302900690ADF8B1
:1081B0001630209A21AB02A92846019301F07CFFDA
:1081C000431CBCBF8B232B60002CDAD0029B002207
:1081D0001A70D6E76000002010B50C46B1F90E10F9
:1081E00001F0B0FC0028ABBF636DA3891B1823F41A
:1081F0008053ACBF6365A38110BD002070472DE99B
:10820000F0411F468B89DB0505460C46164605D511
:10821000B1F90E100223002201F082FCA389B4F907
:108220000E1023F48053A38132463B462846BDE816
:10823000F04101F099BC10B50C46B1F90E1001F0F7
:108240006FFC431CA38915BF606523F4805343F47E
:108250008053A38118BFA38110BDB1F90E1001F0A6
:108260004FBC02440346934200D1704703F8011B00
:10827000F9E770B503461E4613F8014B44B14A1E98
:1082800001E0A54204D012F8015F002DF9D1F2E718
:10829000301A70BD10B56AB10139841810F8012B7D
:1082A00011F8013F9A4203D1A04201D0002AF5D132
:1082B000D01A10BD1046FCE710B50139034632B1A3
:1082C00011F8014F03F8014B013A002CF7D11A4481
:1082D0000021934200D110BD03F8011BF9E7000013
:1082E000164B2DE9F0411F687C6C05460E46ECB933
:1082F000502001F04DFD0246786420B9104B114822
:108300005B2101F08DFCC0E90044C0E90244C0E9F2
:108310000444C0E90A44C0E90C44C0E90E44C0E981
:108320001044C0E912448461047744627A6C314697
:1083300028460123BDE8F04100F006B860000020A7
:10834000BCC80008D3C80008F0B5044608B91468D2
:1083500044B1204614F8015B0F4617F8016B1EB9B3
:1083600065B91560002005E0B542F6D1002BF0D1CB
:1083700014600370F0BD1C460CE01DB9274614F8CC
:10838000013B0E4616F8015BAB42F6D1002BF2D052
:1083900000233B701460EDE70A7870B56AB970BDD0
:1083A0009A4209D10C46054614F8013F002BF6D03D
:1083B00015F8016F9E42F7D001300378002BEFD102
:1083C0001846ECE738B50B4B1D686B6B044653B988
:1083D000242001F0DDFC0246686320B9064B074803
:1083E000322101F01DFC696B2046BDE8384000F0E9
:1083F00007B800BF60000020BCC8000857C90008CB
:108400002DE9F0410C46074602F0E2F92146054607
:10841000384602F0E1F943699907044603F26C78A3
:1084200006D1642298FBF2F302FB1383002B71D177
:108430004FF4C87298FBF2F302FB1383B3FA83F391
:108440005B095E42644B06F030061E4401F024F9DD
:1084500001F02EF9614B1B68002B6AD06B68434515
:108460005AD1D7E900232F68D5E90801002F5BD145
:10847000824273EB01015EDB012323622B6D616895
:108480004FF4616293FBF2F002FB10333C2293FB4A
:10849000F2F502FB153223689B1AA2682360491B80
:1084A000121A3B2B6160A26051DD013161603C3BDF
:1084B000236063683B2B50DD0132A2603C3B63606C
:1084C000A368172B4FDDE2690132E261A269013234
:1084D000072AA8BF0022A261E268183B0132A3600C
:1084E0002369E26056F823108A420EDD0B2BA2EBC3
:1084F0000102E26003F1010209BF63692261002207
:10850000013302BF22616361E26101F0CBF82046D2
:10851000BDE8F081012394E7404601F009F8002806
:108520009FD14FF0FF3304E0824273EB010102DA86
:108530000023236209E0D5E9120182428B41B4BFD6
:10854000012300232362002B98D1AB6A97E7002B0D
:10855000AFDA013961603C33AAE7002BB0DA013AA7
:10856000A2603C33ABE7002BCFDAE269013AE2616B
:10857000A269013A48BF0622A261E2681833013AB3
:10858000E260A360002AC0D12369013B05D42361C6
:10859000236956F82330E360B7E70B23236163694F
:1085A0005A1E6261920703F26B7305D1642193FB3B
:1085B000F1F201FB123262B94FF4C87293FBF2F18F
:1085C00002FB1133B3FA83F35B0903F5B673E3617E
:1085D000DEE70123F9E700BFA4CC0008980E0020D5
:1085E000F7B501683B29044611D93C22684601F0E1
:1085F00035FB019A63680099002A0B446360BBBF96
:108600003C3203F1FF3322602260B8BF63606168CF
:108610003B2911D93C22684601F020FB019AA3684E
:108620000099002A0B44A360BBBF3C3203F1FF3327
:1086300062606260B8BFA360A168172911D91822CF
:10864000684601F00BFB019AE3680099002A0B448D
:10865000E360BBBF183203F1FF33A260A260B8BF72
:10866000E36021690B2911D90C22684601F0F6FA62
:10867000019A63690099002A0B446361BBBF0C3205
:1086800003F1FF3322612261B8BF636163699A0716
:108690001CD1642193FBF1F201FB1232C2B903F247
:1086A0006C734FF4C87293FBF2F102FB1133002B91
:1086B0000CBF1D231C23E268002A0BDC314D0B206C
:1086C0006421E668002E30DD03B0F0BD1C23F2E724
:1086D0001D23F0E72B4DD4E90312012A14BF55F8EE
:1086E000220018468142EFDD0132091A0C2AE160AE
:1086F0002261F0D1636900215A1C216191076261F6
:108700003CD1642192FBF1F001FB1022002A37D109
:1087100003F26D734FF4C87293FBF2F102FB113355
:10872000002B0CBF1D231C23D5E72269013A2261CF
:10873000013216D163695A1E9707C4E9040219D1A0
:1087400092FBF1F701FB1722B2B903F26B734FF4FE
:10875000C87293FBF2F702FB1733002B0CBF1D23EB
:108760001C232269012A14BF55F822201A463244DC
:10877000E260A6E71C23F4E71D23F2E71C23AAE727
:108780001D23A8E774CC00082DE9F04F85B00746FB
:1087900002F01EF881463846FFF722FFD7E9004372
:1087A0003C2202FB0344BB687D694FF4616202FB1B
:1087B0000344D7E90363C04A52F82320013E012B4A
:1087C000164411DDA9070FD1642295FBF2F302FBD9
:1087D000135343B905F26C734FF4C87293FBF2F173
:1087E00002FB113303B9013605F51C53103344F66F
:1087F00020629342FE6100F26A81462D40F38E8032
:10880000462340F26D1C64214FF4C8709A077FD153
:1088100093FBF1F201FB1232002A7CD103F26C725D
:1088200092FBF0FE00FB1E22002A0CBF4FF4B77231
:10883000624601339D421644E8D1A04B4FEAE478EA
:10884000C6FB034800F028FF00F032FF9C4B1B687A
:10885000002B00F04381D7F820A078695346012B04
:10886000A8BF01230193D9F8043000F26C70834251
:1088700040F09680D9E90821D9F85000D9F84CC0C9
:10888000131A0393D9F848300293029AD9F8283082
:1088900061EBE07BB2EB030E6CEBE371744578EBBC
:1088A000010280F28580D9F80020002A00F08D8036
:1088B000039A944278EB0B02C0F20D81744578EB79
:1088C0000101B4BF4FF0010B4FF0000BBAF1000FE4
:1088D00080F28780BBF1010F40F00281D9F850305F
:1088E0001C1948EBE3784FF0010B00F0DBFE043677
:1088F000072396FBF3F3C3EBC303F61A00F1E580FD
:10890000C7F820B0BE612046414605B0BDE8F08FF3
:1089100040F26D128DE74FF4B7728AE78DD0452390
:1089200040F26D1C64214FF4C87012E062BB93FBEF
:10893000F1F201FB123252BB03F26C7292FBF0FEB9
:1089400000FB1E22002A0CBF4FF4B7726246B61A13
:10895000013B9D4203F00302E8DBDAB9642295FB98
:10896000F2F302FB1353C3B905F26C734FF4C872F0
:1089700093FBF2F102FB1133002B40F26D1308BFA1
:108980004FF4B773F61A58E740F26D12DFE74FF471
:10899000B772DCE740F26D13F4E74FF4B773F1E719
:1089A00000F0C6FD00287FF465AFDDF804B091E764
:1089B000029A121A02924FEAE0726CEB020C029ACF
:1089C000944278EB0C0CF0DB6DE7039A944278EB61
:1089D0000B02FFF673AFBAF1000FFFF67FAF4FF057
:1089E000010B019A82EA0B0ABAF1010F7FF472AF10
:1089F000BBF1000F37D01B1A3A681A441C193A60B1
:108A00003846FA68019248EBE378FFF7E9FDFB6826
:108A1000019A9B1A3FF45EAF012B26DCB3F1FF3FB6
:108A2000A8BF9A46FB691AEB0303564426D56B1E72
:108A300099071DD1642293FBF2F102FB1133D3B9E4
:108A40004FF4C87305F26B7595FBF3F203FB1255F7
:108A5000002D40F26D1318BF4FF4B673FB6139E778
:108A60004FF0000BBDE7C31AC6E74FF0FF3AD9E756
:108A70004FF4B673F2E740F26D13EFE7AA0717D190
:108A8000642195FBF1F201FB1252DAB94FF4C8727E
:108A900005F26C7595FBF2F102FB1155002D40F2C9
:108AA0006D1208BF4FF4B7729342A8BF9B1AD5E767
:108AB00040F26D12F8E700BF44CC0008805101007D
:108AC000980E00204FF4B772EEE7073618E74FF024
:108AD000FF34A04617E7BAF1000FC1DA4FF0000BE0
:108AE000D9F828301C1948EBE378FEE64269002AE1
:108AF00040F26C73A8BF6FF063031344920705D173
:108B0000642193FBF1F201FB1232CAB94FF4C8722F
:108B100093FBF2F102FB1133B3FA83F35B09D0E963
:108B20000602400000EB0210184441F2A263984292
:108B300027D011DC01280ADCC043C00F4042704737
:108B40000123ECE7104BC34043F3000070470A38A1
:108B50001728F7D90020704741F2B463984206DC29
:108B600041F2B1639842D4BF002001207047A0F5C4
:108B7000B65002381528EDD8044BC34003F001006D
:108B800070470120704700BFCF00CC001F002A00B3
:108B90002DE9F04F8FB01E46002307460D46029385
:108BA0001C461378002B00F0AA84252B1FD192F8C5
:108BB0000190B9F1300F24D0B9F12B0F21D002F17F
:108BC00001084FF0000998F80020313A082A1BD814
:108BD0000A22404606A901F009FADDF8188002468B
:108BE00098F80010452911D108F1010810E0691E1C
:108BF000A14240F25D813B55013204F1010A544625
:108C0000CFE702F10208DEE70022E9E74F29EBD0C7
:108C100098F80000A0F12501552900F24981DFE80C
:108C200011F0660447014701470147014701470129
:108C300047014701470147014701470147014701F4
:108C400047014701470147014701470147014701E4
:108C5000470147014701470147017500A300DC00B8
:108C6000280147015901CB014E0255024701470136
:108C700047016D024701470178024701A80230030E
:108C80003A0366036E03D403D800EA033C044701A9
:108C90004701470147014701470156008D00BA00CF
:108CA0001D011D0147017E018D00470166024E0234
:108CB00055026A026F0247017802A102D000B10298
:108CC00032035903A003CB03D400DC03FF03B369D1
:108CD000AD4A183352F823B05846F7F76BFA0BF148
:108CE000FF3B04EB000A6B1EA24507D198F8003049
:108CF000002B00F0058408F1010280E7A34240F256
:108D0000D7801BF8012F3A550134EDE7B2699E4B2D
:108D100003EB8203D3F87CB05846F7F74BFA0BF11C
:108D2000FF3B04EB000A6B1EA245DFD0A34240F2DA
:108D3000BF801BF8012F3A550134F5E7924B326999
:108D400053F822B05846F7F735FA0BF1FF3B04EB26
:108D5000000A6B1EA245C9D0A34240F2A9801BF8AD
:108D6000012F3A550134F5E73369874A0C3352F83D
:108D700023B05846F7F71EFA0BF1FF3B04EB000A4D
:108D80006B1EA245B2D0A34240F292801BF8012F85
:108D90003A550134F5E77C4BD3F8A0A05046F7F7DD
:108DA00009FA9AF80030002B00F03D833346524612
:108DB000291B3819FFF7ECFE002879DD04EB000AC7
:108DC00094E7714BD3F8E4A0E8E76F4BD3F89CA08D
:108DD000E4E76D4BD3F898A0E0E7D6F814A06B4910
:108DE0008A45ACBF4FF0000B4FF0010BBAF1000FFA
:108DF00012DB64209AFBF0F01330B9F1000F15D0AC
:108E0000632828DD624B6349B9F12B0F0CBF9C46E8
:108E10008C46DFF89CE10DE00AF26C70039200F0E2
:108E2000FAFE6421039A90FBF1F0E6E7DFF864C1F3
:108E3000DFF880E1584B0190022A2CBFCBEB0201F6
:108E4000CBF10201514A00919245A8BF6346724698
:108E5000291B381923E0DFF83CC1DAE74F49504AB3
:108E6000F368642818BF0A46291B3819FFF77EF9F2
:108E700017E070693369002803F1010A07EB040B5E
:108E8000F368A5EB040919DB642290FBF2FC02FBFA
:108E90001C00444ACDE90030494653465846FFF786
:108EA00065F9002804DB00EB040A55453FF61EAFC8
:108EB0004FF0000A50460FB0BDE8F08F00F26C7022
:108EC000039300F0A8FE6422039B90FBF2FC0CFBD2
:108ED0001200DEE725218DF81810B9F1000F0BD034
:108EE000052A8DF8199017D80DF11A002E4900F0B7
:108EF0007CFE334606AA5BE72B238DF8193004234A
:108F00002A4A1E210DF11A00FFF730F90028EBDD87
:108F10000DF11A031844E9E7931FE5D0F0E7304656
:108F2000FFF7E4FD82467069002811DB642390FBA3
:108F3000F3F203FB1200642382449AFBF3F203FB77
:108F400012AA9A44BAFBF3F203FB12A3144A8BE76A
:108F500000F26C7000F05FFE6423BAF1000F90FB2A
:108F6000F3F202FB130007DA7269A3F2CF739A429D
:108F7000B8BF4FF0010ADEE7DDD07269034B9A42B9
:108F8000B8BF4FF0FF3AD6E704CD000894F8FFFFD2
:108F9000E9C90008F4CB00083BCC0008EBC9000885
:108FA000F9C90008EFC9000802CA0008FEC9000894
:108FB000E1C90008DAC900087169BA48059281421E
:108FC000ACBF002301233046CDE90331FFF78EFD0E
:108FD0000499059A0029824642DB4FF0640B91FB0D
:108FE000FBFB0BF1130B7069002846DB4FF0640CA0
:108FF00090FBFCFE0CFB1E00BAF1000F4CDA71690D
:10900000A94B994203DA4FF0010ACDF80CA0824433
:10901000BAF1FF3F4BD10BF1FF3B4FF0630A039BCB
:10902000642101FB0BAA002B40F0EB81B9F12B0F5F
:1090300004D142F20F718A4500F2698206A9252007
:109040000870B9F1000F40F0E781481C974903927E
:1090500000F0CBFD039ACDF800A0134606AA8CE0E1
:1090600001F26C700592049100F0D5FD4FF0640C94
:10907000DDE9041290FBFCFBB5E700F26C70CDE972
:10908000042100F0C8FD4FF0640CDDE9042190FBE1
:10909000FCFE0EFB1C00AFE7B9D0824B9942B4BF77
:1090A000012300230393B8BF4FF0FF3AAFE7BAF1B3
:1090B000640F04BF0BF1010B4FF0000AAFE77C49CE
:1090C0007C4AB3686B2818BF0A46CDE6B36863B123
:1090D0000C2B04D00C2193FBF1F201FB12337549E8
:1090E000734A492818BF0A46BEE60C23F7E7F3691E
:1090F000714A0133B8E63369013327E7736825E71E
:109100006B1E9C42BFF4D4AE04F1010A0A233B5506
:10911000ECE5B3680B2B694BD4BF0022012203EBB3
:109120008203D3F8A4B05846F7F744F804EB000ADA
:1091300063480BF1FF3B691EA2453FF4D7ADA14246
:109140007FF6B6AE98F800201BF8013F502A06D1F2
:10915000C25C02F00302012A08BF2033DBB23B5598
:109160000134E9E70322336993FBF2F3554A0133F3
:109170007AE673680093B368534A291B3819FEF7DF
:10918000F5FF8EE6336A002B78DB00F085FA029B50
:109190000BB900F08DFA01F01BFB336A002BD4BF32
:1091A00000220122282302FB0333C358C3F1000A23
:1091B00000F078FA012302937269B2F145034FEA95
:1091C000E27C6CF1000CBCF1000FA5EB040107EB95
:1091D000040002DA03334CF1000C9B0843EA8C7361
:1091E00002F1FF3E4FF0640B4FEAAC0C9EFBFBFE1E
:1091F000B3EB0E036CEBEE7C4FF4C87B02F22B1E3C
:109200009EFBFBFE13EB0E034CEBEE7C463A40F26A
:109210006D1E0EFB02F29B184CEBE27CF269D6F855
:1092200004B09B184FF0180E4CEBE27CA3FB0E230E
:109230000EFB0C33D6F808C012EB0C0243EBEC73B8
:109240004FF03C0CA2FB0C2E0CFB03EE12EB0B03BD
:109250004EEBEB72A3FB0CE30CFB0233D6F800C021
:109260001EEB0C0243EBEC73B2EB0A0263EBEA7306
:10927000CDE90023154AFEF779FF12E64FF0000A08
:109280009AE7336862E66B1E9C42BFF411AE04F1AC
:10929000010A09233BE73368019373680093B368BD
:1092A0000B4AD5E594F8FFFF95F8FFFF0ACA0008BE
:1092B000F9C90008EBC900080ECA000804CD00086F
:1092C00001CE000813CA000822CA000818CA000804
:1092D0001DCA00086B1E9C42BFF4EAADB3691BB9FE
:1092E000372304F1010A12E73033DBB2F9E7F369FF
:1092F000B26907339B1A072293FBF2F326E6304646
:10930000FFF7F4FBB26932B1013A0028F36926DCB9
:1093100003D10A33EEE70622F7E7D21A7369002B6E
:1093200040F26B71A8BF6FF064010B44990705D13F
:10933000642093FBF0F100FB113171B94FF4C87157
:1093400093FBF1F001FB1033B3FA83F35B09D21AFC
:10935000042ACCBF34233523F8E50123F7E70123A2
:10936000F4E56C49039206A800F03FFC06A8F6F766
:1093700021FF06AB03EB000A0AF1010AD346B9F15B
:10938000000F09D0039A03F80090052A01D9931F12
:1093900006D161495846AAE506AA2B231354042393
:1093A0000EA95E4AA1EB0A015046FEF7DFFE002837
:1093B000C8BF0AEB000BECE76B1E9C42BFF478AD14
:1093C000B36904F1010A3033A1E6B2691AB1013A76
:1093D000F36907338EE70622FAE77069002805DB98
:1093E000642390FBF3F202FB1303AFE500F26C7011
:1093F00000F011FCF4E771694948814209DAA0EBF9
:10940000010A2D218DF8181002B1013A0DF1190150
:1094100015E601F26C7A09E63023881C4B7015E6DC
:10942000336A002B01DAA24660E400F035F9029BB2
:109430000BB900F03DF901F0CBF9336A002BD4BF32
:1094400000220122282302FB033307EB040AC3583E
:10945000C3F1000900F026F93C2399FBF3F000F07A
:1094600092FC3C23A5EB040B90FBF3F202FB1300F0
:1094700000902C4A4FF461635946504699FBF3F330
:10948000FEF774FE0028FFF613AD00EB040A554505
:109490007FF60EAD0123029328E4336A002BC2DB72
:1094A00000F0FAF8029B0BB900F002F9336A1E4A89
:1094B000002BD4BF00230123A24652F82390484634
:1094C000F6F778FE09F1FF3920446B1E504502D1B2
:1094D00000F0E8F8DEE7534506D919F8012F07F840
:1094E0000A200AF1010AF1E700F0DCF8E0E46B1E63
:1094F0009C42BFF4DDAC04F1010A252307E6A24635
:10950000002D3FF4D7AC002307F80A30D2E44946D7
:1095100078E700BF2CCA00088ACB0008FEC9000803
:1095200094F8FFFF34CA000858000020FFF730BB52
:109530002DE9F843044601F04BF940F2B1739C4227
:1095400040F3A3806FF4F6616518A4F2B27340F2A1
:109550006D12AD1002FB03556FF4C8666FF0630225
:10956000A4F26D7393FBF2F31D44A319484E4460BB
:109570004FF4C8720146B3FBF2F300F150071D44EB
:109580000B7AD1F814C04A2B38D1A20705EB0C0393
:1095900006D14FF0640E94FBFEF20EFB124232B97C
:1095A0004FF4C87E94FBFEF20EFB12421ABBBCF1D4
:1095B0003B0FD4BF4FF0000C4FF0010C6344013B54
:1095C0008A694FEAE27CC3FB062C8B6AD2184CEB0B
:1095D000E373C1E9082328318F42D1D1D0E9084390
:1095E000D0E912128C429341B4BF012300230360DF
:1095F0000120BDE8F8834FF0000CDFE7442B02D1D7
:1096000005EB0C03DCE7A30705D1642294FBF2F31E
:1096100002FB134393BB4FF4C87294FBF2F302FBBB
:109620001343B3FA83F35B09DFF868E0D1F80C90D9
:109630005B4203F030032A464FF00008734408F100
:109640000108C14553F828E01ADC02F10408072399
:1096500098FBF3F3C3EBC303A8EB0303BCEB030CCE
:109660000B6903F1FF3348BF0CF1070CC3EBC303D5
:109670009C44F44506DA02EB0C03A1E70123D3E78F
:109680007244DCE7ACF1070CF3E70020B1E700BF60
:1096900080510100A0CC0008014800F0A2BA00BF30
:1096A000A00E0020014800F09EBA00BFA00E0020CE
:1096B000014B186800F002B8600000202DE9F04F5F
:1096C0008DB0074601F084F8BC49BD4D04463846CC
:1096D00000F052FB064610BBBA4BBB4A1860BB4BAE
:1096E000A0621860BA4B2065C3E900224A2100221B
:1096F0000023C4E90300C4E90500C4E90D00C4E97E
:109700000F00C4E90823C4E912232868217284F8F1
:10971000301000F045FB2E600DB0BDE8F08F2968D9
:10972000002940F08E80286800F03AFB3046F6F7BA
:1097300041FD411C384600F05DFB2860002840F0E8
:109740008680A24ADFF88882DFF878A200231360BF
:10975000A04ACAF8003000200021C8E90022C4E96C
:109760000333C4E90533C4E90801C4E90D33C4E98E
:109770000F33C4E912014A222272A36284F8302016
:10978000236533783A2B08BF013633783C2B62D1FE
:10979000751C914A91490AAB284600F0D3FF002876
:1097A000BADD0A9BDA1E072AB6D8EB5C3E2BB3D192
:1097B00002360A9BF518F35C2D2B5AD101354FF078
:1097C000FF390023ADF81E30ADF8203008AF0AABEA
:1097D000CDE9013703930DF11E03009380490AABD5
:1097E00007AA284600F0AEFF002895DDBDF81E3020
:1097F000BDF820603C2202FB0366BDF81C304FF42C
:10980000616202FB03660A9B09FB06F605EB03098E
:10981000EB5C3C2B40F0EE8009F10105714A6F4989
:109820000AAB284600F08EFF002828DC99F80130AA
:109830003E2B24D1684BA662C8E90033CAF8006009
:109840006AE7F6F7ADFC00287FF46DAF64E73146B8
:1098500000F0CBF975E7604A63490AAB304600F087
:1098600071FF00287FF758AF0A9B033B072BA0D955
:1098700052E72B2B08BF01354FF00109A1E70A9BE6
:10988000DA1E072A3FF648AFEB5C3E2B7FF444AF6D
:1098900009F102090A9B09EB030519F803302D2B86
:1098A00040F0B78001354FF0FF390023ADF81C3090
:1098B000ADF81E30ADF820300A930AABCDE9027343
:1098C00001930DF11E03009345490AAB07AA2846F0
:1098D00000F038FF002800F3A280A6F5616304932E
:1098E0000A9B27461D444FF0000B2B782C2B08BFFA
:1098F000013595F80090B9F14D0F40F0A3800AAB07
:109900000DF12602CDE9013209AA009237490393ED
:109910000DF12202284600F015FF03287FF4FCAE6B
:10992000BDF822104B1E0B2B3FF6F6AEBDF82420DF
:10993000531E042B3FF6F0AEBDF82630062B3FF643
:10994000EBAEC7E9031287F808907B610A9B05EB31
:10995000030900254FF00203ADF81C30ADF81E508E
:10996000ADF820500A9599F800302F2B40F09680E2
:109970000AAB08AACDE901320DF11E0200921C4982
:10998000039307AA484600F0DDFEA84200F3868054
:109990004A2100220023C4E90355C4E90555C4E95E
:1099A0000823C4E90D55C4E90F55C4E912232172F7
:1099B000A56284F830102565AEE600BF40CA0008F5
:1099C000780E0020940E002043CA0008980E002054
:1099D00058000020F4CB0008880E002047CA000879
:1099E0007CCA00087C0E00205ACA000868CA000819
:1099F0007BCA00083E4A3F490AAB484600F0A2FE37
:109A000000287FF717AF0A9B033B072B7FF642AF77
:109A100082E62B2B08BF01354FF0010945E7BDF861
:109A20001E20BDF820303C2101FB0233BDF81C2074
:109A30004FF4616101FB023309FB03F34FE74FF081
:109A4000010B52E7B9F14A0F06BF01354B464423DB
:109A50000A220BA92846059300F0C8FADDF82C90DD
:109A6000059BADF82600A94514D14D23BBF1000F8D
:109A700007D1237203210223C4E90313C4F814B0ED
:109A800067E784F830300B220123C4E90D2300235B
:109A9000E3635EE780B23B7278615AE7BDF81E204F
:109AA000BDF820303C2101FB0233BDF81C204FF4EF
:109AB000616101FB0233BB610A9D28374D44BBF154
:109AC000000FBCD0049B23650B4BC8F800306068C6
:109AD000074BA662C8F80430FFF72AFDA26A236D7F
:109AE000CAF800209B1A054A18BF0123136013E629
:109AF0007C0E00205ACA0008880E0020980E002014
:109B000038B5064D0023044608462B60FDF770FE6D
:109B1000431C02D12B6803B1236038BD9C0E00208A
:109B200038B5074D04460846114600222A601A46F9
:109B3000FDF768FE431C02D12B6803B1236038BDDA
:109B40009C0E002038B5074D0446084611460022F9
:109B50002A601A46FDF72EFE431C02D12B6803B182
:109B6000236038BD9C0E002038B5074D04460846DA
:109B7000114600222A601A46FDF72CFE431C02D132
:109B80002B6803B1236038BD9C0E0020014B186880
:109B9000704700BF6000002070B50D4D0D4C641B78
:109BA000A4100026A64209D10B4D0C4C01F01EFF5B
:109BB000641BA4100026A64205D170BD55F8043BD5
:109BC00098470136EEE755F8043B98470136F2E72F
:109BD0000CCF00080CCF00080CCF000810CF0008F5
:109BE00070477047704770477047034611F8012B64
:109BF00003F8012B002AF9D170470A44914200F181
:109C0000FF3300D1704710B511F8014B03F8014F35
:109C10009142F9D110BD0028B8BF40427047000002
:109C20001FB514461A46094B1B680546D8684CB147
:109C3000074B0091CDE9013406492B4600F070FD39
:109C400000F080FE044B1C46F3E700BF60000020DC
:109C5000B9CB0008C6CB0008F4CB000810B591FBC7
:109C6000F2F402FB14110460416010BD38B50546E2
:109C7000002941D051F8043C0C1F002BB8BFE41858
:109C800000F038F91D4A136833B963601460284640
:109C9000BDE8384000F034B9A34208D92068211843
:109CA0008B4201BF19685B6809182160EDE71A460D
:109CB0005B680BB1A342FAD911685018A0420BD1CE
:109CC00020680144501883421160E0D118685B6835
:109CD000536008441060DAE702D90C232B60D6E702
:109CE000206821188B4204BF19685B68636004BF59
:109CF000091821605460CAE738BD00BFA80E0020D3
:109D00002DE9F84FDFF86CA006468946174600F0AB
:109D100021FEDAF8004034B14B46984613F8012B87
:109D20003AB13D2AF9D1304600F01AFE0020BDE8D4
:109D3000F88FA8EB0908A34654F8040B0028F2D0CA
:109D400042464946FEF7A6FA0028F4D154F8043CEE
:109D500003EB080513F808303D2BECD1DAF800309E
:109D6000ABEB03039B1030463B6000F0F9FD681C31
:109D7000DDE700BF2C00002007B501AAFFF7C0FFF8
:109D800003B05DF804FB0028B8BF404270470000F4
:109D9000024B0146186800F02DB800BF600000209B
:109DA000024B01461868FFF761BF00BF600000204A
:109DB00070B50F4E0C463168054611B900F0B2FD82
:109DC00030602146284600F0ADFD431C03D14FF022
:109DD000FF34204670BDC41C24F00304A042F8D018
:109DE000211A284600F09EFD0130F2D1EFE700BFB6
:109DF000A40E00202DE9F843CD1C25F003050835FD
:109E00000C2D38BF0C25002D064601DBA94204D9D4
:109E10000C2333600020BDE8F883DFF8D48000F025
:109E200069F8D8F800301C4644BB29463046FFF795
:109E3000BFFF431C044658D1D8F800402746002FE6
:109E400043D1002C4BD023683946304604EB03093C
:109E500000F068FD814542D121686D1A29463046DF
:109E6000FFF7A6FF01303AD023682B442360D8F8CF
:109E700000305A6862BBC8F800700FE02268521BBD
:109E800020D40B2A17D96119A342256018BF596045
:109E9000636808BFC8F8001062514B60304600F09C
:109EA0002FF804F10B00231D20F00700C21A1CBF7D
:109EB0001B1AA350AFE76268A3420CBFC8F800208A
:109EC0005A60EBE723466468AEE73C467F68B6E736
:109ED0001A465B68A342FBD100235360DEE70C23E4
:109EE0003360304600F00CF894E70560D6E700BF19
:109EF000A80E00200148FFF775BE00BFA20E00208B
:109F00000148FFF771BE00BFA20E00202DE9F0430B
:109F1000344E86460D46284615F8014B375D17F03E
:109F20000807F8D12D2C10D12C780127851C33F08F
:109F3000100015D1302C0DD1287800F0DF00582802
:109F400008D16C78023510230AE02B2C04BF2C7842
:109F5000851CECE7002BF6D1302C14BF0A23082314
:109F60004FF0FF380026B8FBF3F803FB08F96FEA5F
:109F700009093046A4F1300CBCF1090F10D8644631
:109F8000A3421EDDB6F1FF3F07D0804516D301D1B5
:109F9000A14513DB00FB0340012615F8014BE9E75F
:109FA000A4F1410CBCF1190F01D8373CE8E7A4F14A
:109FB000610CBCF1190F04D8573CE1E74FF0FF36B4
:109FC000EBE7731C06D12223CEF80030304632B9BD
:109FD000BDE8F08307B14042002AF9D006B1691EFE
:109FE0001160F5E701CE0008FFF790BF13460A465F
:109FF000014602480068FFF789BF00BF60000020EB
:10A000002DE9F0478E681F46BE420B6882460C461B
:10A0100090462DD8B1F90C2012F4906F26D06569C6
:10A02000096905EB4505A3EB010905EBD5757B1C1B
:10A030004B446D109D4238BF1D46530527D5294618
:10A04000FFF7D8FE064660B321694A46FFF7D5FD03
:10A05000A38923F4906343F08003A38126616561A3
:10A060004E44A5EB09052660A5603E46BE4200D9D8
:10A070003E4620683246414600F090FBA3689B1B99
:10A08000A3602368334423600020BDE8F0872A469C
:10A0900000F06CFC06460028E0D121695046FFF72D
:10A0A000E5FD0C23CAF80030A38943F04003A381E7
:10A0B0004FF0FF30E9E700002DE9F04F98468B891B
:10A0C0001B069DB007460D46144610D50B6973B9A3
:10A0D0004021FFF78FFE2860286130B90C233B60D8
:10A0E0004FF0FF301DB0BDE8F08F40236B610023BF
:10A0F000099320238DF82930CDF80C803023DFF828
:10A100009C818DF82A304FF0010923469A4613F8B6
:10A11000012B0AB1252AF9D1BAEB040B0BD05B460F
:10A12000224629463846FFF76BFF013000F0A78032
:10A13000099A5A4409929AF80030002B00F09F8047
:10A1400000234FF0FF32CDE905230AF1010A049301
:10A1500007938DF853301A935446052214F8011BC7
:10A160004E48F6F735F8049AD8B9D00644BF2023F4
:10A170008DF85330110744BF2B238DF853309AF8D4
:10A1800000302A2B15D0079A544600204FF00A0CB5
:10A19000214611F8013B303B092B4BD9B0B1079256
:10A1A00014E0A0EB080309FA03F313430493A24657
:10A1B000D2E7039B191D1B680391002BBBBF5B42B9
:10A1C00042F0020207930793B8BF049223782E2B24
:10A1D0000AD163782A2B32D1039B1A1D1B68039284
:10A1E00043EAE37302340593DFF8C0A02178032229
:10A1F0005046F5F7EDFF38B1049BA0EB0A00402272
:10A20000824013430134049314F8011B24488DF851
:10A2100028100622F5F7DCFF002836D0214B1BBBA7
:10A22000039B073323F0070308330393099B33444D
:10A2300009936AE70CFB02320C460120A8E70023D1
:10A240000134059319464FF00A0C204610F8012BF3
:10A25000303A092A03D9002BC6D00591C4E70CFB7C
:10A26000012104460123F0E703AB00932A460E4B7D
:10A2700004A93846AFF30080421C0646D6D1AB890C
:10A280005B063FF52DAF09982CE703AB00932A46F8
:10A29000054B04A9384600F079F8EDE7F5CB000846
:10A2A000FFCB00080000000001A00008FBCB000865
:10A2B0002DE9F047164698468A680B69DDF820902C
:10A2C0009342B8BF1346336091F8432007460C46CB
:10A2D0000AB1013333602368990642BF3368023301
:10A2E0003360256815F0060506D104F1190AE36804
:10A2F00032689B1AAB4226DC94F843302268003B5C
:10A3000018BF012392062BD404F14302414638467C
:10A31000C84701301ED02368226903F00603042BCE
:10A3200002BFE5683368ED1AA3680CBF25EAE5753E
:10A3300000259342C4BF9B1AED1800261A34B5427B
:10A340001AD1002008E00123524641463846C8474A
:10A35000013003D14FF0FF30BDE8F0870135C6E78B
:10A36000E1185A1C302081F84300224494F845102B
:10A3700082F843100233C7E701232246414638469C
:10A38000C8470130E6D00136D9E700002DE9FF4784
:10A390000F7E0C9E782F914680460C469A4601F11E
:10A3A000430207D8622F0AD8002F00F0D180582F1F
:10A3B00000F0B88004F1420684F842703AE0A7F158
:10A3C0006303152BF6D801A151F823F025A400084A
:10A3D00039A40008B5A30008B5A30008B5A3000878
:10A3E000B5A3000839A40008B5A30008B5A3000868
:10A3F000B5A30008B5A3000837A5000863A40008AA
:10A40000F1A40008B5A30008B5A3000859A50008E9
:10A41000B5A3000863A40008B5A30008B5A300080D
:10A42000F9A4000833681A1D1B68326004F1420663
:10A4300084F8423001239CE033682068191D3160A4
:10A44000060601D51D6803E04506FBD5B3F90050AB
:10A45000002D03DA2D236D4284F8433058480A2337
:10A4600011E021683368080653F8045B02D44906FA
:10A4700048BFADB26F2F5248336014BF0A23082380
:10A48000002184F843106668A660002E05DB216871
:10A490002E4321F0040121604BD01646B5FBF3F1A9
:10A4A00003FB1157C75D06F8017D2F46BB420D46E1
:10A4B000F4D9082B0BD12368DF0708D5236961681D
:10A4C0009942DEBF302306F8013C06F1FF36921BAD
:10A4D0002261CDF800A04B4603AA21464046FFF773
:10A4E000E7FE01304AD14FF0FF3004B0BDE8F087FD
:10A4F000236843F0200323603248782784F84570AE
:10A50000236831681F0651F8045B02D45F0648BF18
:10A51000ADB23160D90744BF43F0200323601DB1C1
:10A520001023ADE72648E9E7236823F020032360E2
:10A53000F6E71646BDE7336825686169181D306087
:10A540002E061B6801D5196002E06806FBD519804C
:10A55000002323611646BCE733681A1D32601E686B
:10A56000626800213046F5F733FE08B1801B606059
:10A5700063682361002384F84330AAE723693246E5
:10A5800049464046D0470130ADD023689B0713D4DD
:10A59000E068039B9842B8BF1846A6E701233246FD
:10A5A00049464046D04701309DD00135E3680399C4
:10A5B0005B1AAB42F2DCEBE7002504F11906F5E784
:10A5C00006CC000817CC0008B1F90C202DE9F041A9
:10A5D000160705460C4654D44B68002B02DC0B6C66
:10A5E000002B48DDE66A002E45D0002312F480528D
:10A5F0002F68216A2B6030D0626DA389590705D579
:10A600006368D21A636B0BB1236CD21A0023E66A1B
:10A61000216A2846B047431CA38906D129681D2911
:10A620002BD82A4ACA40D60727D500226260D9040F
:10A630002269226004D5421C01D12B6803B96065F0
:10A64000616B2F60B9B104F14403994202D02846EE
:10A65000FFF70CFB002363630DE001232846B0479E
:10A660000246501CC9D12B68002BC6D01D2B01D02F
:10A67000162B1ED12F60002022E043F040031BB2B6
:10A680001BE00F69002FF6D093070E6808BF4B69D7
:10A690000F6018BF0023A6EB07088B60B8F1000F0E
:10A6A000E9DD216AA66A43463A462846B0470028B3
:10A6B00008DCB4F90C3043F04003A3814FF0FF30C5
:10A6C000BDE8F0810744A8EB0008E7E7010040205F
:10A6D00038B50B6905460C4613B90025284638BD28
:10A6E00018B1036A0BB9FDF70BFDB4F90C30002B60
:10A6F000F3D0626ED00704D4990502D4A06DFFF7A1
:10A7000071FA28462146FFF75FFF636EDA070546B8
:10A71000E4D4A3899B05E1D4A06DFFF765FADDE7DA
:10A720000EB403B5014603AB054853F8042B00688B
:10A73000019300F043FB02B05DF804EB03B07047F7
:10A74000600000200EB470B59DB021AC00254FF420
:10A75000017254F8046BADF814201B95029006901A
:10A76000F5F728FD0B4B039007900B480B934FF622
:10A77000FF73ADF816303246234602A900680F95E4
:10A780001495019400F07AF91DB0BDE8704003B053
:10A79000704700BFFB81000860000020884210B5B0
:10A7A00001EB020402D98442234607D8431EA1428A
:10A7B00008D011F8012B03F8012FF8E702440146F5
:10A7C0008A4200D110BD13F8014D02F8014DF7E7A0
:10A7D00000487047B00000202DE9F0414D4A0C467A
:10A7E0000023D0E90001F5F743FD002ABCBF02F5C4
:10A7F000A83202F5C0724FF4616100F52F20B2FB60
:10A80000F1F301FB13224FF03C01ACBF00F66C20CA
:10A8100000F66B20A360B2FBF1F301FB132263602F
:10A820002260C31C072293FBF2F2C2EBC2029B1A06
:10A8300048BF07330028A361B8BFA0F50E333649DF
:10A84000AEBF90FBF1F1A3F52C7393FBF1F1334B09
:10A8500003FB010048F6AC63B0FBF3F3034440F2A2
:10A86000B45CB0FBFCF29B1A40F26D172C4AB0FBB3
:10A87000F2F264269B1AB3FBF7F2B3FBFCF3B2FBD4
:10A88000F6F5EB1A034407FB1233992003EB830719
:10A89000023703F1010EB7FBF0FC00FB0CF00230B5
:10A8A0004FF00508B0FBF8F0AEEB000040F2F95EA7
:10A8B00077458CBF6FF00907022767444FF4C87CC7
:10A8C0000CFB0121012F98BF0131B3F5997F0CD307
:10A8D000A3F59973E361A1F26C710023E060C4E910
:10A8E000047123622046BDE8F08112F0030F02D10B
:10A8F00006FB15255DB94FF4C875B2FBF5F605FBEF
:10A900001622B2FA82F252093B331344E2E70122E3
:10A91000FAE700BF80510100B13A02004FC5FDFFC8
:10A92000B03A020038B5064D0023044608462B60B5
:10A93000FCF76AFF431C02D12B6803B1236038BDCA
:10A940009C0E002008B5062000F0CEFD0120FCF78B
:10A950002BFF00000148FFF745B900BFA10E002002
:10A960000148FFF741B900BFA10E00202DE9F041D9
:10A97000074614460D4621B9BDE8F0411146FFF7E0
:10A9800039BA2AB9FFF772F925462846BDE8F081A1
:10A9900000F0C6FD8442064602D8B4EB500FF4D84E
:10A9A00021463846FFF726FA804608B94546ECE7C7
:10A9B000B4422246294628BF3246FFF71EF92946EF
:10A9C0003846FFF753F9F1E738B54B1C144603D16D
:10A9D0004FF0FF35284638BD938923F0200393813B
:10A9E000636B5268CDB28BB1A36B934208DD2368D1
:10A9F0005A1E226003F8015C636801336360E9E773
:10AA0000214600F07AFC0028F1D0E1E721692368B3
:10AA100051B1994208D213F8011CA94204D1013B5B
:10AA2000013223606260D5E7C4E90F3204F14403C8
:10AA300063630323A363234603F8465F2360012374
:10AA4000DCE710B50C46496B69B104F14403994247
:10AA500001D0FFF70BF9236C63600020606313B132
:10AA6000E36B236010BD2369236000236360A38927
:10AA700043F02003A3814FF0FF30F3E72DE9F04FBF
:10AA80000C46ADF5237D0021CDE94411A649A091E6
:10AA90000DF10408A549A64FCDF818810646A191ED
:10AAA000009392F80090B9F1000F00F0588117F868
:10AAB000093013F0080302F1010519D06368002B77
:10AAC0000FDD23681A78BA5C120701D42A46E8E73A
:10AAD000459A0132459262680133013A626023600F
:10AAE000ECE7A19B2146304698470028E9D0EDE7E6
:10AAF000B9F1250F40F085804193439353782A2B79
:10AB000002BF1023951C41930A22AA461AF8011B82
:10AB1000A1F13003092B1ED9DFF818B203225846E1
:10AB2000F5F756FB38B1419AA0EB0B0001238340A7
:10AB300013434193554615F8013B782B06D8572B04
:10AB400010D8252B5DD057D8002B75D00323479301
:10AB50000A23429388E0439B02FB0311303943915F
:10AB60005546D2E7A3F15802202AEFD801A151F8A7
:10AB700022F000BF47AC00084DAB00084DAB000809
:10AB8000A1AC00084DAB00084DAB00084DAB000870
:10AB90004DAB00084DAB00084DAB00084DAB0008B5
:10ABA000B7AC00089DAC0008FFAB0008FFAB000885
:10ABB000FFAB00084DAB000859AC00084DAB0008D6
:10ABC0004DAB00084DAB00084DAB0008C7AC00080A
:10ABD00061AC00083FAC00084DAB00084DAB00086D
:10ABE000C3AC00084DAB00089DAC00084DAB00089D
:10ABF0004DAB000847AC0008453B022BA6D8052307
:10AC000031E06368002B0DDD23681A784A4540F077
:10AC1000A680013362682360459B013A013362607C
:10AC2000459353E7A19B2146304698470028EBD037
:10AC30004498002840F08B804FF0FF308BE0419A21
:10AC400042F020024192419A42F400724192102255
:10AC50006E2B429202D905E000234293032302E0C7
:10AC600008234293042347936368002B39DD419BFB
:10AC7000590604D423681A78BA5C120738D4479B63
:10AC8000022B47DC6B46224641A9304600F0AEF964
:10AC9000012864D002287FF419AFC9E70A22D7E758
:10ACA0002946404600F0F0FA419B43F040034193AF
:10ACB00005460123D7E7419B43F04003419300231E
:10ACC000D1E70223CFE74198C3063FF5FFAE009BD3
:10ACD000459A191D00911B68C0074CBF1A801A6065
:10ACE000F4E6A19B2146304698470028BFD09FE755
:10ACF000459A013245926268013A002A626002DD9B
:10AD000001332360B6E7A19B2146304698470028CF
:10AD1000B0D08DE7042B0FDC6B46224641A93046AC
:10AD200000F0BEF9B4E700BFC9A9000843AA0008B3
:10AD300001CE0008FBCB00080A4B002B3FF4C6AE47
:10AD40006B46224641A93046AFF30080A0E7A389B5
:10AD50005B063FF571AF0DF5237DBDE8F08F44989C
:10AD6000F9E700BF000000009368013B002B10B41E
:10AD7000936008DA9469A34201DB0A2903D15DF8E4
:10AD8000044B00F0F4BA1368581C106019700846A0
:10AD90005DF8044B7047F8B506460F461446D518C3
:10ADA000AC4201D1002007E014F8011B3A463046BE
:10ADB000FFF7DAFF431CF3D1F8BD00002DE9F04F97
:10ADC0000D469DB014469846064618B1036A0BB965
:10ADD000FDF796F96B6ED90705D4AB899A0502D4B5
:10ADE000A86DFEF7FFFEAB891B0701D52B699BB948
:10ADF0002946304600F0FAFA70B16B6EDC0704D5D4
:10AE00004FF0FF301DB0BDE8F08FAB899805F7D447
:10AE1000A86DFEF7E9FEF3E70023099320238DF8E0
:10AE20002930CDF80C803023DFF8AC818DF82A3042
:10AE30004FF0010923469A4613F8012B0AB1252A3F
:10AE4000F9D1BAEB040B0BD05B46224629463046BB
:10AE5000FFF7A1FF013000F0A780099A5A44099238
:10AE60009AF80030002B00F09F8000234FF0FF3253
:10AE7000CDE905230AF1010A049307938DF85330B5
:10AE80001A935446052214F8011B5348F5F7A0F90C
:10AE9000049AD8B9D10644BF20238DF85330130744
:10AEA00044BF2B238DF853309AF800302A2B15D04D
:10AEB000079A544600204FF00A0C214611F8013B36
:10AEC000303B092B4BD9B0B1079214E0A0EB08033B
:10AED00009FA03F313430493A246D2E7039B191D17
:10AEE0001B680391002BBBBF5B4242F00202079339
:10AEF0000793B8BF049223782E2B0AD163782A2BAC
:10AF000032D1039B1A1D1B68039243EAE373023498
:10AF10000593DFF8D4A0217803225046F5F758F9BD
:10AF200038B1049BA0EB0A00402282401343013455
:10AF3000049314F8011B29488DF828100622F5F710
:10AF400047F900283FD0264B1BBB039B073323F058
:10AF5000070308330393099B3B4409936AE70CFBFF
:10AF600002320C460120A8E700230134059319465C
:10AF70004FF00A0C204610F8012B303A092A03D969
:10AF8000002BC6D00591C4E70CFB01210446012328
:10AF9000F0E703AB00932A46124B04A93046AFF307
:10AFA00000800746781CD6D16B6ED90705D4AB89D3
:10AFB0009A0502D4A86DFEF717FEAB895B063FF534
:10AFC0001FAF09981EE703AB00932A46054B04A95F
:10AFD0003046FFF7DBF9E4E7F5CB0008FFCB0008CC
:10AFE0000000000097AD0008FBCB00082DE9F843F6
:10AFF00015468A6880460C4632B98A69002A14BF11
:10B000004FF0FF3201228A602268DFF89090D1066B
:10B010005FBF1A68111D196016680027A06988B102
:10B02000012807D12B681A7863699B5C53B9002FFC
:10B0300031D022E0022820D12B681B7819F8033088
:10B040001B071AD42368DA065EBF2B681B7806F844
:10B05000013B2A686B6801322A60A268013B013A11
:10B060006B600137A26042B1002BD7DCD4F880318D
:10B070002946404698470028D0D0236813F0100393
:10B0800005D1E2680132E260A26902B1337023693E
:10B090003B4423610020BDE8F88300BF01CE0008D7
:10B0A0002DE9F04F9846744B0C468246164693E8BD
:10B0B000070087B003AB83E80700704BA169704AB3
:10B0C000032908BF1A46A36801925A1EB2F5AE7F43
:10B0D00088BF6FF4AE75274682BF03EB050940F2C7
:10B0E0005D13A36057F81C3B43F4506398BF4FF0C7
:10B0F000000923603D464FF0000B316803AB09782F
:10B1000053F82B000222F5F763F828B3BBF1010FC7
:10B1100059D162682AB92268082142F4007261603C
:10B120002260226822F4A0622260A268511EA160FF
:10B1300092B13268511C3160127805F8012B7268A7
:10B14000013A002A726007DCD4F88021314650466B
:10B150009047002840F085800BF1010BBBF1030FF5
:10B16000CBD163680BB90A236360636845496069A2
:10B17000C91A00F089F84FF0000BA3682268002B71
:10B180003DD03168606991F800C010F80C000028CB
:10B1900035D0BCF1300F24D1100522D50BF1010BB5
:10B1A000B9F1000F03D0013309F1FF39A3607368CF
:10B1B000013B002B73601BDD336801333360A368F0
:10B1C000013BA360D9E7BBF1020FAED1226802F4C4
:10B1D000C061B1F5007FBFD11021616042F480727F
:10B1E000A2E722F4106222600B7805F8013BDEE74B
:10B1F000D4F880313146504698470028DFD0236884
:10B20000D9050DD5BD4209D915F8011CD4F87C31FA
:10B2100032465046984705F1FF394D46BD4228D089
:10B22000226812F0100213D12A706368019E394619
:10B230005046B047D8F8003021681A1DC8F80020E1
:10B2400011F0200F1B680FD01860E3680133E36032
:10B250002369ED1B5D442B442361002007B0BDE84A
:10B26000F08F4FF0000BCAE7CA074CBF1880186078
:10B27000EBE70120F2E700BF04BA000825B600089A
:10B28000E99F000838CC000870B50B7804465E2BA7
:10B290000BBF4B784A1C8A1C002108BF01210138D2
:10B2A00004F1FF0500F8011FA842FBD10BB9501EA5
:10B2B00070BD81F00101E1541046024612F8015BB5
:10B2C0002D2D05D05D2D16D0002DF1D02B46F2E7A7
:10B2D00046785D2EFAD0B342F8DC02301A460132CD
:10B2E0009642A154FBDCF21A013A5D1CB342A8BF9E
:10B2F0000022AB18E1E71046DAE72DE9F0410C46F1
:10B30000496B04F1440399421DD14FF48061FEF76B
:10B3100071FD18B94FF0FF30BDE8F0814FF4806344
:10B32000A36394F84630606380F8FF3394F84530A7
:10B3300080F8FE3394F8443080F8FD3300F2FD309D
:10B3400020600020E8E7A66B77003A46FFF70EFB87
:10B3500005460028DED000EB06080146324640468E
:10B36000FEF74BFCC4E90D57C4F80080E9E7F8B5D7
:10B370000E461446054618B1036A0BB9FCF7C0FE29
:10B38000A369A360A3891A0701D5236943B921469C
:10B39000284600F02BF818B14FF0FF373846F8BDBB
:10B3A00023682269981A6369F6B28342374605DC3E
:10B3B00021462846FFF78CF90028EDD1A368013B10
:10B3C000A36023685A1C22601E706269431C9A4263
:10B3D00004D0A389DB07E1D50A2EDFD12146284618
:10B3E000FFF776F90028D9D0D6E7000038B5294B09
:10B3F000054618680C4618B1036A0BB9FCF780FEC5
:10B40000B4F90C30190722D4DA0607D409222A60CD
:10B4100043F04003A3814FF0FF3033E0580712D5CB
:10B42000616B41B104F14403994202D02846FEF712
:10B430001DFC00236363A38923F02403A38100235D
:10B44000636023692360A38943F00803A381236910
:10B450004BB9A38903F42073B3F5007F03D02146D1
:10B46000284600F007F9B4F90C3013F001020AD0B5
:10B470000022A26062695242A261226942B913F0BD
:10B480008000C5D138BD990758BF6269A260F4E752
:10B490000020F7E7600000201F2938B505460C465C
:10B4A00004D9162303604FF0FF3038BDC26B12B1D0
:10B4B00052F821304BB9284600F030F822460146B8
:10B4C0002846BDE8384000F017B8012B0AD0591CB7
:10B4D00003D1162303600120E7E7002142F824107E
:10B4E000204698470020E0E7024B01461868FFF726
:10B4F000D3BF00BF6000002038B5074D00230446CD
:10B50000084611462B60FCF747F9431C02D12B6813
:10B5100003B1236038BD00BF9C0E0020FCF73AB990
:10B5200051F8043C181F002BBCBF0B58C0187047C3
:10B53000242B2DE9F0478646904601D8012B06D1F1
:10B54000FEF724FB162303600020BDE8F087344893
:10B550000D462A4615F8014B065D16F00806F8D18F
:10B560002D2C10D12C780126951C33F0100215D10A
:10B57000302C0DD12A7802F0DF02582A08D16C78DD
:10B58000023510230AE02B2C04BF2C78951CECE725
:10B59000002BF6D1302C14BF0A23082306F1004CEF
:10B5A0000CF1FF3C0022BCFBF3F9104603FB19CA67
:10B5B000A4F13007092F0FD83C46A3421BDD571CCE
:10B5C00007D0814514D301D1A24511DB00FB034014
:10B5D000012215F8014BEBE7A4F14107192F01D81F
:10B5E000373CEAE7A4F16107192F04D8573CE4E798
:10B5F0004FF0FF32EDE7531C08D12223CEF8003084
:10B600006046B8F1000FA0D0691E06E006B14042C6
:10B61000B8F1000F99D0002AF6D1C8F8001094E7CD
:10B6200001CE0008FFF784BF70B50C46B1F90E10CB
:10B63000002996B015461E460DDAA38913F0800F37
:10B640004FF0000114BF40234FF4806300203160AD
:10B650002B6016B070BD6A4600F048F80028ECDB9D
:10B66000019901F47041A1F50053594259414FF439
:10B670008063EBE78B89F7B59D0706460C4607D537
:10B6800004F14703236023610123636103B0F0BD2C
:10B6900001AB6A46FFF7C8FF009F054639463046B2
:10B6A000FEF7A8FB48B9B4F90C309A05EED423F0A4
:10B6B000030343F00203A381E2E7A389206043F080
:10B6C0008003A381019BC4E904075BB1B4F90E10A8
:10B6D000304600F01DF828B1A38923F0030343F09E
:10B6E0000103A381A3891D43A581CFE738B5074D89
:10B6F00000230446084611462B60FCF77CF8431CE7
:10B7000002D12B6803B1236038BD00BF9C0E00201E
:10B7100038B5064D0023044608462B60FCF770F848
:10B72000431C02D12B6803B1236038BD9C0E00205E
:10B730002DE9F047089D0E4604460F46002B4AD1DE
:10B7400094468C45B2FA82F260D942B1C2F120032C
:10B75000974020FA03F30CFA02FC1F4394404FEA8F
:10B760001C4E1FFA8CF6B7FBFEF1230C0EFB117773
:10B7700043EA074301FB06F098420AD91CEB030396
:10B7800001F1FF3780F01581984240F212810239B1
:10B7900063441B1AA4B2B3FBFEF00EFB103344EA61
:10B7A000034400FB06F6A6420AD91CEB040400F190
:10B7B000FF3380F00081A64240F2FD8064440238ED
:10B7C00040EA0140A41B00211DB1D4400023C5E97B
:10B7D0000043BDE8F0878B4205D90DB1C5E90001F2
:10B7E00000210846F5E7B3FA83F1002946D1B342B8
:10B7F00002D3824200F2F580841A66EB0302012034
:10B800001746002DE5D0C5E90047E2E7002A40F0E1
:10B810009380A1EB0C034FEA1C471FFA8CFE012119
:10B82000B3FBF7F607FB1630230C43EA00430EFB8D
:10B8300006F0984208D91CEB030306F1FF3802D248
:10B84000984200F2D08046461B1AA4B2B3FBF7F030
:10B8500007FB103344EA03440EFB00FEA64508D95B
:10B860001CEB040400F1FF3302D2A64500F2B680BF
:10B870001846A4EB0E0440EA0640A5E7C1F12007F4
:10B880008B4022FA07FC4CEA030C06FA01FE20FA70
:10B8900007F426FA07F344EA0E0400FA01F84FEA27
:10B8A0001C404FEA1449B3FBF0FE1FFA8CF600FB74
:10B8B0001E3349EA03430EFB06F9994502FA01F2E9
:10B8C0000BD91CEB03030EF1FF3A80F085809945FC
:10B8D00040F28280AEF1020E6344A3EB0909A4B2E8
:10B8E000B9FBF0F300FB139944EA094403FB06F6A5
:10B8F000A64208D91CEB040403F1FF3068D2A6422B
:10B9000066D9023B644443EA0E40A41BA0FB02E656
:10B91000B4427346B14652D34FD05DB1B8EB030287
:10B9200064EB090404FA07F722FA01F31F43CC4041
:10B93000C5E9007400214CE7C2F1200120FA01F3AF
:10B940000CFA02FC26FA01F1964033434FEA1C47F9
:10B950001FFA8CFEB1FBF7F007FB1016190C41EA39
:10B96000064100FB0EF68E4204FA02F408D91CEBE5
:10B97000010100F1FF382DD28E422BD902386144EB
:10B98000891B9BB2B1FBF7F607FB161143EA014393
:10B9900006FB0EF1994208D91CEB030306F1FF38B0
:10B9A00014D2994212D9023E63445B1A46EA00411E
:10B9B00036E73946EDE6184602E7F045ADD2BEEB74
:10B9C000020366EB0C060138B146A6E74646ECE7F3
:10B9D000034698E74046D3E7D6467EE764440238FC
:10B9E00047E708460DE7023E63442DE7F8B500BF80
:10B9F000F8BC08BC9E467047F8B500BFF8BC08BC50
:04BA00009E467047A7
:10BA04003ACC00083DCC000840CC000801000000FE
:10BA140001020304000102030405060708090000EB
:10BA2400060708090A0B0C00FFFCF9F67D1D01004E
:10BA3400632C001E9601A01E5A01001F0806101F49
:10BA44000606201F0806301F0806401F0606511F61
:10BA54000700591F521F5B1F541F5D1F561F5F1F96
:10BA6400601F0806701F0E00BA1FBB1FC81FC91F26
:10BA7400CA1FCB1FDA1FDB1FF81FF91FEA1FEB1FBA
:10BA8400FA1FFB1F801F0806901F0806A01F080648
:10BA9400B01F0400B81FB91FB21FBC1FCC1F010088
:10BAA400C31FD01F0206E01F0206E51F0100EC1FA2
:10BAB400F21F0100FC1F4E210100322170211002EF
:10BAC400842101008321D0241A05302C2F04602CFA
:10BAD4000201672C0601752C0201802C6401002DE3
:10BAE400260841FF1A03000061001A03E00017034F
:10BAF400F8000703FF000100780100013001320162
:10BB04000601390110014A012E0179010601800163
:10BB14004D00430281018201820184018401860176
:10BB24008701870189018A018B018B018D018E01B7
:10BB34008F0190019101910193019401F601960105
:10BB44009701980198013D029B019C019D012002EF
:10BB54009F01A001A001A201A201A401A401A601C8
:10BB6400A701A701A901AA01AB01AC01AC01AE0177
:10BB7400AF01AF01B101B201B301B301B501B50128
:10BB8400B701B801B801BA01BB01BC01BC01BE01D7
:10BB9400F701C001C101C201C301C401C501C4014F
:10BBA400C701C801C701CA01CB01CA01CD011001F7
:10BBB400DD0101008E01DE011201F3010300F10138
:10BBC400F401F401F8012801220212013A020900E9
:10BBD400652C3B023B023D02662C3F0240024102BF
:10BBE400410246020A0153024000810186015502C6
:10BBF40089018A0158028F015A0290015C025D0298
:10BC04005E025F02930161026202940164026502B2
:10BC140066026702970196016A02622C6C026D0249
:10BC24006E029C01700271029D01730274029F01F5
:10BC340076027702780279027A027B027C02642C13
:10BC44007E027F02A60181028202A901840285028A
:10BC540086028702AE014402B101B20145028D029F
:10BC64008E028F0290029102B7017B030300FD0351
:10BC7400FE03FF03AC0304008603880389038A03DD
:10BC8400B1031103C2030200A303A303C403080303
:10BC9400CC0303008C038E038F03D8031801F20333
:10BCA4000A00F903F303F403F503F603F703F703B8
:10BCB400F903FA03FA033004200350041007600464
:10BCC40022018A043601C1040E01CF040100C0041C
:10BCD400D00444016105260400000000C700FC00F4
:10BCE400E900E200E400E000E500E700EA00EB0020
:10BCF400E800EF00EE00EC00C400C500C900E60057
:10BD0400C600F400F600F200FB00F900FF00D600C4
:10BD1400DC00F800A300D800D7009201E100ED0098
:10BD2400F300FA00F100D100AA00BA00BF00AE008F
:10BD3400AC00BD00BC00A100AB00BB009125922566
:10BD4400932502252425C100C200C000A900632553
:10BD5400512557255D25A200A5001025142534255D
:10BD64002C251C2500253C25E300C3005A25542519
:10BD740069256625602550256C25A400F000D000B7
:10BD8400CA00CB00C8003101CD00CE00CF00182579
:10BD94000C2588258425A600CC008025D300DF004F
:10BDA400D400D200F500D500B500FE00DE00DA00B4
:10BDB400DB00D900FD00DD00AF00B400AD00B10030
:10BDC4001720BE00B600A700F700B800B000A80016
:10BDD400B700B900B300B200A025A000222A3A3C63
:10BDE4003E3F7C7F000000002B2C3B3D5B5D000050
:10BDF40043616C2C30000000536C656570000000DA
:10BE040025792D256D2D25642D25482D254D2D2590
:10BE1400532D52454144494E472E4353560000008A
:10BE240025592D256D2D25642025483A254D3A2583
:10BE340053000000446174652C53656E736F722C5B
:10BE440056616C75650A000025732C444F5F312CD4
:10BE540025730A0025732C5254445F312C25730A30
:10BE64000000000025732C444F5F322C25730A0018
:10BE740025732C5254445F322C25730A00000000B1
:10BE840043616C204D6F6465000000005042322015
:10BE9400666F7220444F20312C3200005042332010
:10BEA400666F7220444F20332C34000043616C20B1
:10BEB40053656E736F7220312C320000302520439D
:10BEC400414C0000504232205768656E2073746CF8
:10BED40000000000504233204578697400000000DF
:10BEE40061746D2043414C0043616C2053656E7353
:10BEF4006F7220332C3400002F000000524541445F
:10BF0400494E472E435356000D0A00002C000000F2
:10BF1400444F5F31000000005254445F3100000080
:10BF2400444F5F32000000005254445F320000006E
:10BF3400545950453A322C42554F593A302C4348C3
:10BF4400414D4245523A302C444F3A25732C5254B9
:10BF5400443A25732C54533A2573000054595045E0
:10BF64003A322C42554F593A302C4348414D4245C0
:10BF7400523A312C444F3A25732C5254443A257387
:10BF84002C54533A25730000545950453A342C42EA
:10BF9400554F593A302C434F554E543A25750000AD
:10BFA40025642F256D2F25792025483A254D3A25DE
:10BFB400530000004C3A25752C523A25752C413A11
:10BFC40025752575257525752C533A2575000000B2
:10BFD400330000004D520000545800005354000038
:10BFE4004E4100002020202020202020202020203E
:10BFF4002020202020200000434D443A4241545444
:10C0040045525900545950453A332C42554F593AE8
:10C01400302C4241543A332E39390000434D443ACE
:10C024004441544144554D5000000000434D443AAE
:10C0340053594E430000000053796E635F41434BF4
:10C0440000000000535420005354460054595045F6
:10C054003A312C42554F593A302C4348414D4245D0
:10C06400523A302C444F3A25732C5254443A257397
:10C0740000000000545950453A312C42554F593A6A
:10C08400302C4348414D4245523A312C444F3A25D5
:10C09400732C5254443A2573000000000103050731
:10C0A400090E10121416181C1E00000043554541B9
:10C0B4004141414345454549494941414592924F92
:10C0C4004F4F5555594F554F9C4F9E9F41494F5582
:10C0D400A5A5A6A7A8A9AAABACADAEAFB0B1B2B3A3
:10C0E400B4414141B8B9BABBBCBDBEBFC0C1C2C3F3
:10C0F400C4C54141C8C9CACBCCCDCECFD1D14545A9
:10C104004549494949D9DADBDCDD49DF4FE14F4F85
:10C114004F4FE6E8E85555555959EEEFF0F1F2F373
:10C12400F4F5F6F7F8F9FAFBFCFDFEFF0000000059
:10C1340000000000000000000000000000000000FB
:10C14400001000100010001000100010000000107B
:10C154000000000000280028002800000000000063
:10C16400000000000000000000240024007C0024E3
:10C174000048007C004800480000000000380054DB
:10C18400005000380014005400540038001000001F
:10C194000020005400580030002800540014000807
:10C1A400000000000010002800280010003400489F
:10C1B40000480034000000000010001000100000CF
:10C1C4000000000000000000000000000008001053
:10C1D4000020002000200020002000200010000883
:10C1E40000200010000800080008000800080008EB
:10C1F400001000200010003800100028000000008B
:10C20400000000000000000000000000001000100A
:10C21400007C00100010000000000000000000007E
:10C2240000000000000000000000001000100010DA
:10C2340000000000000000000000003800000000C2
:10C2440000000000000000000000000000000000EA
:10C25400000000100000000000080008001000109A
:10C2640000100010002000200000000000380044EE
:10C27400004400540044004400440038000000001E
:10C2840000100030005000100010001000100010CA
:10C2940000000000003800440044000400080010BE
:10C2A4000020007C00000000003800440004001856
:10C2B40000040004004400380000000000080018D6
:10C2C400002800280048007C000800080000000046
:10C2D400007C004000400078000400040044003862
:10C2E400000000000038004400400078004400448E
:10C2F4000044003800000000007C00040008001026
:10C30400001000200020002000000000003800443D
:10C314000044003800440044004400380000000099
:10C324000038004400440044003C00040044003849
:10C3340000000000000000000010000000000000E9
:10C3440000000010000000000000000000000010C9
:10C3540000000000000000100010001000000000A9
:10C36400000C003000400030000C00000000000011
:10C37400000000000000007C0000007C00000000C1
:10C384000000000000000000006000180004001815
:10C3940000600000000000000038004400040008B1
:10C3A40000100010000000100000000000380044DD
:10C3B400004C0054005C00400040003800000000C5
:10C3C40000100028002800280028007C00440044B5
:10C3D4000000000000780044004400780044004459
:10C3E4000044007800000000003800440040004091
:10C3F4000040004000440038000000000070004885
:10C404000044004400440044004800700000000060
:10C41400007C00400040007C004000400040007C64
:10C4240000000000007C0040004000780040004014
:10C43400004000400000000000380044004000407C
:10C44400005C004400440038000000000044004444
:10C454000044007C00440044004400440000000008
:10C4640000380010001000100010001000100038F8
:10C4740000000000000400040004000400040004A0
:10C4840000440038000000000044004800500060F0
:10C4940000500048004800440000000000400040F4
:10C4A40000400040004000400040007C00000000CC
:10C4B4000044006C006C00540044004400440044F8
:10C4C4000000000000440064006400540054004C68
:10C4D400004C0044000000000038004400440044C4
:10C4E4000044004400440038000000000078004488
:10C4F4000044004400780040004000400000000078
:10C50400003800440044004400440044005400380F
:10C51400000400000078004400440044007800480F
:10C52400004800440000000000380044004000308F
:10C53400000800040044003800000000007C0010E3
:10C544000010001000100010001000100000000087
:10C5540000440044004400440044004400440038C3
:10C564000000000000440044004400280028002883
:10C574000010001000000000004400440054005467
:10C584000054006C0028002800000000004400282B
:10C5940000280010001000280028004400000000BB
:10C5A400004400440028002800100010001000106F
:10C5B40000000000007C00040008001000100020AF
:10C5C4000040007C00000000001800100010001063
:10C5D40000100010001000100010001800200020AF
:10C5E40000100010001000100008000800000000F7
:10C5F4000030001000100010001000100010001097
:10C604000010003000100028002800440000000042
:10C614000000000000000000000000000000000016
:10C624000000000000000000000000FE00200010D8
:10C6340000000000000000000000000000000000F6
:10C644000000000000380044003C0044004C00346A
:10C654000000000000400040005800640044004412
:10C66400006400580000000000000000003800448E
:10C6740000400040004400380000000000040004B2
:10C684000034004C00440044004C0034000000001E
:10C694000000000000380044007C004000440038E2
:10C6A40000000000000C0010007C001000100010BE
:10C6B4000010001000000000000000000034004CD6
:10C6C40000440044004C0034000400780040004062
:10C6D400005800640044004400440044000000008A
:10C6E4000010000000700010001000100010001076
:10C6F4000000000000100000007000100010001086
:10C7040000100010001000E00040004000480050FD
:10C714000060005000480044000000000070001059
:10C7240000100010001000100010001000000000A5
:10C7340000000000007800540054005400540054D9
:10C7440000000000000000000058006400440044A1
:10C7540000440044000000000000000000380044D1
:10C7640000440044004400380000000000000000C1
:10C774000058006400440044006400580040004035
:10C78400000000000034004C00440044004C00341D
:10C794000004000400000000005800640040004051
:10C7A4000040004000000000000000000038004489
:10C7B4000030000800440038000000000020002081
:10C7C4000078002000200020002000180000000055
:10C7D400000000000044004400440044004C0034C5
:10C7E400000000000000000000440044002800286D
:10C7F4000028001000000000000000000054005455
:10C804000054006C00280028000000000000000014
:10C81400004400280010001000280044000000001C
:10C82400000000000044004400280028001000100C
:10C834000010006000000000007C000800100020D0
:10C844000040007C000000000018001000100010E0
:10C85400002000200010001000100018001000102C
:10C864000010001000100010001000100010001044
:10C874000030001000100010000800080010001024
:10C88400001000300000000000000074004C0000A4
:10C89400000000000000000000061016000610163C
:10C8A400000000000102030400000000000000007A
:10C8B40001020304060708095245454E54206D61E0
:10C8C4006C6C6F6320737563636565646564002FC6
:10C8D4005F5F772F61726D2D6E6F6E652D6561627E
:10C8E400692D6763632D787061636B2F61726D2DA1
:10C8F4006E6F6E652D656162692D6763632D787057
:10C9040061636B2F6275696C642D617373657473F5
:10C914002F6275696C642F77696E33322D783634E3
:10C924002F736F75726365732F6E65776C69622DF3
:10C9340063796777696E2F6E65776C69622F6C69AE
:10C9440062632F737472696E672F737472746F6B82
:10C954002E63002F5F5F772F61726D2D6E6F6E6592
:10C964002D656162692D6763632D787061636B2F38
:10C9740061726D2D6E6F6E652D656162692D6763E1
:10C98400632D787061636B2F6275696C642D6173BC
:10C99400736574732F6275696C642F77696E3332B3
:10C9A4002D7836342F736F75726365732F6E6577C8
:10C9B4006C69622D63796777696E2F6E65776C6930
:10C9C400622F6C6962632F74696D652F6C636C747C
:10C9D400696D652E63002573252E2A640025732551
:10C9E400302E2A64002B0025326400252E32642F59
:10C9F400252E32642F252E326400256C7500592DA6
:10CA0400256D2D2564002E2A7500252E33640025FE
:10CA14002E316400256C6C6400252E32643A252E78
:10CA240032643A252E32640025652D25622D2500B9
:10CA3400252B30336C64252E326C6400545A004725
:10CA44004D54002531315B2D2B302D39412D5A6148
:10CA54002D7A5D256E002531315B412D5A612D7A89
:10CA64005D256E004D256875256E2E256875256E2D
:10CA74002E256875256E002F256875256E3A256864
:10CA840075256E3A256875256E004A616E00466507
:10CA940062004D617200417072004D6179004A7507
:10CAA4006E004A756C0041756700536570004F63F2
:10CAB40074004E6F7600446563004A616E7561725E
:10CAC40079004665627275617279004D61726368BE
:10CAD40000417072696C004A756E65004A756C7924
:10CAE400004175677573740053657074656D626594
:10CAF40072004F63746F626572004E6F76656D628B
:10CB0400657200446563656D6265720053756E00FD
:10CB14004D6F6E0054756500576564005468750068
:10CB2400467269005361740053756E646179004DF7
:10CB34006F6E64617900547565736461790057653B
:10CB4400646E6573646179005468757273646179A5
:10CB54000046726964617900536174757264617925
:10CB64000025483A254D3A255300256D2F25642F7D
:10CB740025790025612025622025652025483A2550
:10CB84004D3A255320255900414D00504D00256153
:10CB94002025622025652025483A254D3A25532035
:10CBA400255A202559006D640025493A254D3A251A
:10CBB40053202570002C2066756E6374696F6E3A7D
:10CBC4002000617373657274696F6E20222573226D
:10CBD400206661696C65643A2066696C652022256B
:10CBE40073222C206C696E65202564257325730AD5
:10CBF40000232D302B2000686C4C00656667454689
:10CC040047003031323334353637383941424344C2
:10CC14004546003031323334353637383961626352
:10CC240064656600412D46612D66383930313233F2
:10CC3400343536375D002B2D003030007858000035
:10CC4400000000001F0000003B0000005A0000002C
:10CC54007800000097000000B5000000D400000038
:10CC6400F300000011010000300100004E0100003B
:10CC74001F0000001C0000001F0000001E00000038
:10CC84001F0000001E0000001F0000001F00000025
:10CC94001E0000001F0000001E0000001F00000016
:10CCA4001F0000001C0000001F0000001E00000008
:10CCB4001F0000001E0000001F0000001F000000F5
:10CCC4001E0000001F0000001E0000001F000000E6
:10CCD4001F0000001D0000001F0000001E000000D7
:10CCE4001F0000001E0000001F0000001F000000C5
:10CCF4001E0000001F0000001E0000001F000000B6
:10CD04008ECA000892CA000896CA00089ACA000887
:10CD14009ECA0008A2CA0008A6CA0008AACA000837
:10CD2400AECA0008B2CA0008B6CA0008BACA0008E7
:10CD3400BECA0008C6CA0008CFCA0008D5CA00087F
:10CD44009ECA0008DBCA0008E0CA0008E5CA000859
:10CD5400ECCA0008F6CA0008FECA000807CB00089F
:10CD640010CB000814CB000818CB00081CCB00081B
:10CD740020CB000824CB000828CB00082CCB0008CB
:10CD840033CB00083ACB000842CB00084CCB000858
:10CD940055CB00085CCB000865CB00086ECB0008BF
:10CDA40077CB00088CCB00088FCB000892CB00080F
:10CDB400BECA0008C6CA0008CFCA0008D5CA0008FF
:10CDC4009ECA0008DBCA0008E0CA0008E5CA0008D9
:10CDD400ECCA0008F6CA0008FECA000807CB00081F
:10CDE400AACB0008ADCB0008F4CB0008F4CB0008B4
:10CDF400F4CB0008F4CB0008F4CB0008002020207A
:10CE040020202020202028282828282020202020F6
:10CE140020202020202020202020202020881010C6
:10CE24001010101010101010101010101004040422
:10CE340004040404040404101010101010104141E0
:10CE440041414141010101010101010101010101CE
:10CE540001010101010101011010101010104242E2
:10CE6400424242420202020202020202020202029E
:10CE7400020202020202020210101010200000003E
:10CE8400000000000000000000000000000000009E
:10CE9400000000000000000000000000000000008E
:10CEA400000000000000000000000000000000007E
:10CEB400000000000000000000000000000000006E
:10CEC400000000000000000000000000000000005E
:10CED400000000000000000000000000000000004E
:10CEE400000000000000000000000000000000003E
:10CEF400000000000000000000000000000000002E
:08CF04009C32FF7F01000000D8
:04CF0C0069030008AD
:04CF100045030008CD
:10CF1400070A000030C10008740600202C06002017
:10CF2400E40500201C0700202C08002080080020B5
:10CF3400D80700200100000010000000280D002088
:10CF44000024F400657800086D78000875780008FE
:10CF54007D780008857800080100000000000000CA
:10CF6400030000003C0D002043CA000843CA000827
:10CF740064000020000000003C0D0020A40D0020EF
:10CF84000C0E002000000000000000000000000063
:10CF9400000000000000000000000000000000008D
:10CFA400000000000000000000000000000000007D
:10CFB400000000000000000000000000000000006D
:10CFC40001000000000000004A0000000000000012
:10CFD400000000000000000000000000000000004D
:10CFE400000000000000000000000000000000003D
:10CFF4004A000000000000000000000000000000E3
:10D00400000000000000000000000000000000001C
:08D01400000000000000000014
:0400000508007F95DB
:00000001FF
