ARM GAS  C:\Users\joabk\AppData\Local\Temp\ccUHSZ0G.s 			page 1


   1              		.cpu cortex-m4
   2              		.arch armv7e-m
   3              		.fpu fpv4-sp-d16
   4              		.eabi_attribute 27, 1
   5              		.eabi_attribute 28, 1
   6              		.eabi_attribute 20, 1
   7              		.eabi_attribute 21, 1
   8              		.eabi_attribute 23, 3
   9              		.eabi_attribute 24, 1
  10              		.eabi_attribute 25, 1
  11              		.eabi_attribute 26, 1
  12              		.eabi_attribute 30, 1
  13              		.eabi_attribute 34, 1
  14              		.eabi_attribute 18, 4
  15              		.file	"main.c"
  16              		.text
  17              	.Ltext0:
  18              		.cfi_sections	.debug_frame
  19              		.file 1 "Core/Src/main.c"
  20              		.section	.text.bcdtodec,"ax",%progbits
  21              		.align	1
  22              		.syntax unified
  23              		.thumb
  24              		.thumb_func
  26              	bcdtodec:
  27              	.LVL0:
  28              	.LFB247:
   1:Core/Src/main.c **** /* USER CODE BEGIN Header */
   2:Core/Src/main.c **** /**
   3:Core/Src/main.c ****   ******************************************************************************
   4:Core/Src/main.c ****   * @file           : main.c
   5:Core/Src/main.c ****   * @brief          : Main program body
   6:Core/Src/main.c ****   ******************************************************************************
   7:Core/Src/main.c ****   * @attention
   8:Core/Src/main.c ****   *
   9:Core/Src/main.c ****   * Copyright (c) 2026 STMicroelectronics.
  10:Core/Src/main.c ****   * All rights reserved.
  11:Core/Src/main.c ****   *
  12:Core/Src/main.c ****   * This software is licensed under terms that can be found in the LICENSE file
  13:Core/Src/main.c ****   * in the root directory of this software component.
  14:Core/Src/main.c ****   * If no LICENSE file comes with this software, it is provided AS-IS.
  15:Core/Src/main.c ****   *
  16:Core/Src/main.c ****   ******************************************************************************
  17:Core/Src/main.c ****   */
  18:Core/Src/main.c **** /* USER CODE END Header */
  19:Core/Src/main.c **** /* Includes ------------------------------------------------------------------*/
  20:Core/Src/main.c **** #include "main.h"
  21:Core/Src/main.c **** #include "fatfs.h"
  22:Core/Src/main.c **** 
  23:Core/Src/main.c **** /* Private includes ----------------------------------------------------------*/
  24:Core/Src/main.c **** /* USER CODE BEGIN Includes */
  25:Core/Src/main.c **** #include <stdio.h>
  26:Core/Src/main.c **** #include <string.h>
  27:Core/Src/main.c **** #include <stdarg.h>
  28:Core/Src/main.c **** #include <ssd1306.h>
  29:Core/Src/main.c **** #include <fonts.h>
  30:Core/Src/main.c **** #include <SX1278.h>
ARM GAS  C:\Users\joabk\AppData\Local\Temp\ccUHSZ0G.s 			page 2


  31:Core/Src/main.c **** #include <time.h>
  32:Core/Src/main.c **** 
  33:Core/Src/main.c **** /* USER CODE END Includes */
  34:Core/Src/main.c **** 
  35:Core/Src/main.c **** /* Private typedef -----------------------------------------------------------*/
  36:Core/Src/main.c **** /* USER CODE BEGIN PTD */
  37:Core/Src/main.c **** 
  38:Core/Src/main.c **** /* USER CODE END PTD */
  39:Core/Src/main.c **** 
  40:Core/Src/main.c **** /* Private define ------------------------------------------------------------*/
  41:Core/Src/main.c **** /* USER CODE BEGIN PD */
  42:Core/Src/main.c **** #define RTC_Addr 0x68 << 1 
  43:Core/Src/main.c **** 
  44:Core/Src/main.c **** #define RTC_Year 0x06
  45:Core/Src/main.c **** #define RTC_Month 0x05
  46:Core/Src/main.c **** #define RTC_Day 0x04
  47:Core/Src/main.c **** #define RTC_Hour 0x02
  48:Core/Src/main.c **** #define RTC_Minute 0x01
  49:Core/Src/main.c **** #define RTC_Second 0x00 
  50:Core/Src/main.c **** 
  51:Core/Src/main.c **** #define RTC_MAGIC_REG  0x07   // DS3231 spare register (alarm/control area)
  52:Core/Src/main.c **** #define RTC_MAGIC_VAL  0xAB   // arbitrary flag value
  53:Core/Src/main.c **** 
  54:Core/Src/main.c **** #define DO_1_Addr 0x61 << 1
  55:Core/Src/main.c **** #define RTD_1_Addr 0x66 << 1
  56:Core/Src/main.c **** #define DO_2_Addr 0x62 << 1
  57:Core/Src/main.c **** #define RTD_2_Addr 0x67 << 1
  58:Core/Src/main.c **** 
  59:Core/Src/main.c **** #define ADC_RESOLUTION        4095.0f
  60:Core/Src/main.c **** #define VREF_MV               3300.0f
  61:Core/Src/main.c **** #define VOLTAGE_DIVIDER_RATIO 2.0f
  62:Core/Src/main.c **** #define SOC_FULL_MV           4200.0f
  63:Core/Src/main.c **** #define SOC_EMPTY_MV          3000.0f
  64:Core/Src/main.c **** #define ADC_NUM_SAMPLES       16
  65:Core/Src/main.c **** #define SOC_DISCONNECTED_MV   100.0f
  66:Core/Src/main.c **** 
  67:Core/Src/main.c **** /* USER CODE END PD */
  68:Core/Src/main.c **** 
  69:Core/Src/main.c **** /* Private macro -------------------------------------------------------------*/
  70:Core/Src/main.c **** /* USER CODE BEGIN PM */
  71:Core/Src/main.c **** 
  72:Core/Src/main.c **** /* USER CODE END PM */
  73:Core/Src/main.c **** 
  74:Core/Src/main.c **** /* Private variables ---------------------------------------------------------*/
  75:Core/Src/main.c **** ADC_HandleTypeDef hadc1;
  76:Core/Src/main.c **** 
  77:Core/Src/main.c **** I2C_HandleTypeDef hi2c1;
  78:Core/Src/main.c **** I2C_HandleTypeDef hi2c2;
  79:Core/Src/main.c **** I2C_HandleTypeDef hi2c3;
  80:Core/Src/main.c **** 
  81:Core/Src/main.c **** IWDG_HandleTypeDef hiwdg;
  82:Core/Src/main.c **** 
  83:Core/Src/main.c **** SPI_HandleTypeDef hspi1;
  84:Core/Src/main.c **** SPI_HandleTypeDef hspi2;
  85:Core/Src/main.c **** DMA_HandleTypeDef hdma_spi1_rx;
  86:Core/Src/main.c **** 
  87:Core/Src/main.c **** TIM_HandleTypeDef htim9;
ARM GAS  C:\Users\joabk\AppData\Local\Temp\ccUHSZ0G.s 			page 3


  88:Core/Src/main.c **** TIM_HandleTypeDef htim10;
  89:Core/Src/main.c **** TIM_HandleTypeDef htim11;
  90:Core/Src/main.c **** 
  91:Core/Src/main.c **** /* USER CODE BEGIN PV */
  92:Core/Src/main.c **** I2C_HandleTypeDef *Atlas_I2C = &hi2c3;
  93:Core/Src/main.c **** I2C_HandleTypeDef *Oled_I2C = &hi2c1;
  94:Core/Src/main.c **** I2C_HandleTypeDef *RTC_I2C = &hi2c2;
  95:Core/Src/main.c **** 
  96:Core/Src/main.c **** SPI_HandleTypeDef *MicroSD_SPI = &hspi1;
  97:Core/Src/main.c **** SPI_HandleTypeDef *Lora_SPI = &hspi2;
  98:Core/Src/main.c **** 
  99:Core/Src/main.c **** 
 100:Core/Src/main.c **** TIM_HandleTypeDef *LED_Tim = &htim11;
 101:Core/Src/main.c **** TIM_HandleTypeDef *Live_Tim = &htim10;
 102:Core/Src/main.c **** TIM_HandleTypeDef *Measure_Tim = &htim9;
 103:Core/Src/main.c **** 
 104:Core/Src/main.c **** /* USER CODE END PV */
 105:Core/Src/main.c **** 
 106:Core/Src/main.c **** /* Private function prototypes -----------------------------------------------*/
 107:Core/Src/main.c **** void SystemClock_Config(void);
 108:Core/Src/main.c **** static void MX_GPIO_Init(void);
 109:Core/Src/main.c **** static void MX_DMA_Init(void);
 110:Core/Src/main.c **** static void MX_I2C1_Init(void);
 111:Core/Src/main.c **** static void MX_TIM11_Init(void);
 112:Core/Src/main.c **** static void MX_I2C2_Init(void);
 113:Core/Src/main.c **** static void MX_I2C3_Init(void);
 114:Core/Src/main.c **** static void MX_SPI1_Init(void);
 115:Core/Src/main.c **** static void MX_SPI2_Init(void);
 116:Core/Src/main.c **** static void MX_TIM10_Init(void);
 117:Core/Src/main.c **** static void MX_TIM9_Init(void);
 118:Core/Src/main.c **** static void MX_IWDG_Init(void);
 119:Core/Src/main.c **** static void MX_ADC1_Init(void);
 120:Core/Src/main.c **** /* USER CODE BEGIN PFP */
 121:Core/Src/main.c **** 
 122:Core/Src/main.c **** // ===============================
 123:Core/Src/main.c **** // Timer Interrupt Handler
 124:Core/Src/main.c **** // ===============================
 125:Core/Src/main.c **** void HAL_TIM_PeriodElapsedCallback(TIM_HandleTypeDef *htim);
 126:Core/Src/main.c **** 
 127:Core/Src/main.c **** // ===============================
 128:Core/Src/main.c **** // Lora Functions
 129:Core/Src/main.c **** // ===============================
 130:Core/Src/main.c **** uint8_t LoRa_Init();
 131:Core/Src/main.c **** uint8_t LoRa_Detect(SX1278_t *module);
 132:Core/Src/main.c **** uint8_t LoRa_TX(const char message[50]);
 133:Core/Src/main.c **** uint8_t LoRa_TX_Continuous(const char message[50]);
 134:Core/Src/main.c **** static void LoRa_ArmRX();
 135:Core/Src/main.c **** void LoRa_RX();
 136:Core/Src/main.c **** static uint8_t SD_DataDump(void);
 137:Core/Src/main.c **** // ===============================
 138:Core/Src/main.c **** // RTC Functions
 139:Core/Src/main.c **** // ===============================
 140:Core/Src/main.c **** static uint8_t RTC_Detect();
 141:Core/Src/main.c **** static uint8_t bcdtodec(const uint8_t val);
 142:Core/Src/main.c **** static uint8_t dectobcd(const uint8_t val);
 143:Core/Src/main.c **** static uint32_t RTC_Get_Time(I2C_HandleTypeDef *hi2c);
 144:Core/Src/main.c **** static void RTC_Set_Time_Once(I2C_HandleTypeDef *hi2c);
ARM GAS  C:\Users\joabk\AppData\Local\Temp\ccUHSZ0G.s 			page 4


 145:Core/Src/main.c **** static void RTC_Set_Time(I2C_HandleTypeDef *hi2c,char *Time);
 146:Core/Src/main.c **** static uint32_t get_unix_timestamp(uint16_t year, uint8_t month, uint8_t day, uint8_t hour, uint8_t
 147:Core/Src/main.c **** 
 148:Core/Src/main.c **** // ===============================
 149:Core/Src/main.c **** // OLED Functions
 150:Core/Src/main.c **** // ===============================
 151:Core/Src/main.c **** static void write_OLED(uint8_t pos_x, uint8_t pos_y, char text[18]);
 152:Core/Src/main.c **** 
 153:Core/Src/main.c **** // ===============================
 154:Core/Src/main.c **** // SD Card Functions
 155:Core/Src/main.c **** // ===============================
 156:Core/Src/main.c **** static uint8_t SD_Detect();
 157:Core/Src/main.c **** static uint8_t SD_Write();
 158:Core/Src/main.c **** static uint8_t SD_Read();
 159:Core/Src/main.c **** 
 160:Core/Src/main.c **** // ===============================
 161:Core/Src/main.c **** // Atlas scientific Functions
 162:Core/Src/main.c **** // ===============================
 163:Core/Src/main.c **** static uint8_t Atlas_Detect(uint16_t device_addr);
 164:Core/Src/main.c **** static void Atlas_Wake(uint16_t device_addr);
 165:Core/Src/main.c **** static void Atlas_Sleep(uint16_t device_addr);
 166:Core/Src/main.c **** static uint8_t Atlas_Read_Val(char *Output_buffer, uint16_t device_addr);
 167:Core/Src/main.c **** static uint8_t Calibrate_Atlas();
 168:Core/Src/main.c **** 
 169:Core/Src/main.c **** // ===============================
 170:Core/Src/main.c **** // Battery Measure Functions
 171:Core/Src/main.c **** // ===============================
 172:Core/Src/main.c **** static uint32_t ADC_ReadRaw_Averaged(void);
 173:Core/Src/main.c **** static float ADC_RawToMillivolts(uint32_t raw);
 174:Core/Src/main.c **** static float ADC_CalculateSoCPercent(float voltage_mv);
 175:Core/Src/main.c **** static void LCD_DisplaySoC(float adc_mv, float battery_mv, float soc_percent);
 176:Core/Src/main.c **** 
 177:Core/Src/main.c **** /* USER CODE END PFP */
 178:Core/Src/main.c **** 
 179:Core/Src/main.c **** /* Private user code ---------------------------------------------------------*/
 180:Core/Src/main.c **** /* USER CODE BEGIN 0 */
 181:Core/Src/main.c **** 
 182:Core/Src/main.c **** // ===============================
 183:Core/Src/main.c **** // Lora Variables
 184:Core/Src/main.c **** // ===============================
 185:Core/Src/main.c **** SX1278_hw_t SX1278_hw;
 186:Core/Src/main.c **** SX1278_t SX1278;
 187:Core/Src/main.c **** 
 188:Core/Src/main.c **** char LoRa_RX_Buffer[50];
 189:Core/Src/main.c **** uint8_t LoRa_RX_Length;
 190:Core/Src/main.c **** 
 191:Core/Src/main.c **** char LoRa_TX_Buffer[100];
 192:Core/Src/main.c **** uint8_t LoRa_TX_Buffer_Length;
 193:Core/Src/main.c **** 
 194:Core/Src/main.c **** //uint8_t master;
 195:Core/Src/main.c **** //uint8_t ret;
 196:Core/Src/main.c **** 
 197:Core/Src/main.c **** //uint8_t message;
 198:Core/Src/main.c **** //uint8_t message_length;
 199:Core/Src/main.c **** 
 200:Core/Src/main.c **** 
 201:Core/Src/main.c **** // ===============================
ARM GAS  C:\Users\joabk\AppData\Local\Temp\ccUHSZ0G.s 			page 5


 202:Core/Src/main.c **** // Atlas Variables
 203:Core/Src/main.c **** // ===============================
 204:Core/Src/main.c **** char Atlas_Buffer_1[17];
 205:Core/Src/main.c **** char Atlas_Buffer_2[17];
 206:Core/Src/main.c **** char Atlas_Buffer_3[17];
 207:Core/Src/main.c **** char Atlas_Buffer_4[17];
 208:Core/Src/main.c **** 
 209:Core/Src/main.c **** // ===============================
 210:Core/Src/main.c **** // General Variables
 211:Core/Src/main.c **** // ===============================
 212:Core/Src/main.c **** //uint8_t count = 0;
 213:Core/Src/main.c **** char mode_buffer[3];
 214:Core/Src/main.c **** uint8_t Main_Mode_Changed = 0;
 215:Core/Src/main.c **** uint8_t Main_Mode = 0;
 216:Core/Src/main.c **** uint8_t Buoy_ID = 0;
 217:Core/Src/main.c **** uint8_t Num_Buoys = 1;
 218:Core/Src/main.c **** char connected_buffer[20];
 219:Core/Src/main.c **** static char SD_filename[40] = "";  // max 8.3 = "YYMMDD.CSV\0" = 11 chars
 220:Core/Src/main.c **** 
 221:Core/Src/main.c **** uint8_t PB1_Flag = 0;
 222:Core/Src/main.c **** uint8_t PB2_Flag = 0;
 223:Core/Src/main.c **** uint8_t PB3_Flag = 0;
 224:Core/Src/main.c **** 
 225:Core/Src/main.c **** uint8_t Calibrate_Flag = 0; 
 226:Core/Src/main.c **** 
 227:Core/Src/main.c **** uint8_t StartLive_Flag = 0;
 228:Core/Src/main.c **** uint8_t Current_Second = 0;
 229:Core/Src/main.c **** 
 230:Core/Src/main.c **** 
 231:Core/Src/main.c **** // ================================================================================================
 232:Core/Src/main.c **** // Flags
 233:Core/Src/main.c **** // ================================================================================================
 234:Core/Src/main.c **** 
 235:Core/Src/main.c **** // ===============================
 236:Core/Src/main.c **** // Lora Flags
 237:Core/Src/main.c **** // ===============================
 238:Core/Src/main.c **** uint8_t LoRa_Connected = 0;
 239:Core/Src/main.c **** uint8_t LoRa_RX_Flag = 0;
 240:Core/Src/main.c **** uint8_t LoRa_RX_Mode = 0;
 241:Core/Src/main.c **** uint8_t LoRa_RX_Counter = 0;
 242:Core/Src/main.c **** 
 243:Core/Src/main.c **** // ===============================
 244:Core/Src/main.c **** // OLED Flags
 245:Core/Src/main.c **** // ===============================
 246:Core/Src/main.c **** uint8_t OLED_Connected = 0;
 247:Core/Src/main.c **** 
 248:Core/Src/main.c **** // ===============================
 249:Core/Src/main.c **** // RTC Flags
 250:Core/Src/main.c **** // ===============================
 251:Core/Src/main.c **** uint8_t RTC_Connected = 0;
 252:Core/Src/main.c **** uint8_t RTC_Update_Oled = 0;
 253:Core/Src/main.c **** 
 254:Core/Src/main.c **** // ===============================
 255:Core/Src/main.c **** // SD Flags
 256:Core/Src/main.c **** // ===============================
 257:Core/Src/main.c **** uint8_t SD_Connected = 0;
 258:Core/Src/main.c **** 
ARM GAS  C:\Users\joabk\AppData\Local\Temp\ccUHSZ0G.s 			page 6


 259:Core/Src/main.c **** // ===============================
 260:Core/Src/main.c **** // Atlas Flags
 261:Core/Src/main.c **** // ===============================
 262:Core/Src/main.c **** uint8_t Atlas1_Connected = 0;
 263:Core/Src/main.c **** uint8_t Atlas2_Connected = 0;
 264:Core/Src/main.c **** uint8_t Atlas3_Connected = 0;
 265:Core/Src/main.c **** uint8_t Atlas4_Connected = 0;
 266:Core/Src/main.c **** 
 267:Core/Src/main.c **** uint8_t Atlas_Send_live = 0;
 268:Core/Src/main.c **** uint8_t Atlas_measure = 0;
 269:Core/Src/main.c **** 
 270:Core/Src/main.c **** /* USER CODE END 0 */
 271:Core/Src/main.c **** 
 272:Core/Src/main.c **** /**
 273:Core/Src/main.c ****   * @brief  The application entry point.
 274:Core/Src/main.c ****   * @retval int
 275:Core/Src/main.c ****   */
 276:Core/Src/main.c **** int main(void)
 277:Core/Src/main.c **** {
 278:Core/Src/main.c **** 
 279:Core/Src/main.c ****   /* USER CODE BEGIN 1 */
 280:Core/Src/main.c **** 
 281:Core/Src/main.c ****   /* USER CODE END 1 */
 282:Core/Src/main.c **** 
 283:Core/Src/main.c ****   /* MCU Configuration--------------------------------------------------------*/
 284:Core/Src/main.c **** 
 285:Core/Src/main.c ****   /* Reset of all peripherals, Initializes the Flash interface and the Systick. */
 286:Core/Src/main.c ****   HAL_Init();
 287:Core/Src/main.c **** 
 288:Core/Src/main.c ****   /* USER CODE BEGIN Init */
 289:Core/Src/main.c **** 
 290:Core/Src/main.c ****   /* USER CODE END Init */
 291:Core/Src/main.c **** 
 292:Core/Src/main.c ****   /* Configure the system clock */
 293:Core/Src/main.c ****   SystemClock_Config();
 294:Core/Src/main.c **** 
 295:Core/Src/main.c ****   /* USER CODE BEGIN SysInit */
 296:Core/Src/main.c **** 
 297:Core/Src/main.c ****   /* USER CODE END SysInit */
 298:Core/Src/main.c **** 
 299:Core/Src/main.c ****   /* Initialize all configured peripherals */
 300:Core/Src/main.c ****   MX_GPIO_Init();
 301:Core/Src/main.c ****   MX_DMA_Init();
 302:Core/Src/main.c ****   MX_I2C1_Init();
 303:Core/Src/main.c ****   MX_TIM11_Init();
 304:Core/Src/main.c ****   MX_I2C2_Init();
 305:Core/Src/main.c ****   MX_I2C3_Init();
 306:Core/Src/main.c ****   MX_SPI1_Init();
 307:Core/Src/main.c ****   MX_FATFS_Init();
 308:Core/Src/main.c ****   MX_SPI2_Init();
 309:Core/Src/main.c ****   MX_TIM10_Init();
 310:Core/Src/main.c ****   MX_TIM9_Init();
 311:Core/Src/main.c ****   MX_IWDG_Init();
 312:Core/Src/main.c ****   MX_ADC1_Init();
 313:Core/Src/main.c ****   /* USER CODE BEGIN 2 */
 314:Core/Src/main.c ****   HAL_Delay(1500);
 315:Core/Src/main.c **** 
ARM GAS  C:\Users\joabk\AppData\Local\Temp\ccUHSZ0G.s 			page 7


 316:Core/Src/main.c ****   //initialize LoRa module
 317:Core/Src/main.c ****   SX1278_hw.dio0.port = Lora_IRQ_GPIO_Port;
 318:Core/Src/main.c ****   SX1278_hw.dio0.pin = Lora_IRQ_Pin;
 319:Core/Src/main.c ****   SX1278_hw.nss.port = Lora_CS_GPIO_Port;
 320:Core/Src/main.c ****   SX1278_hw.nss.pin = Lora_CS_Pin;
 321:Core/Src/main.c ****   SX1278_hw.reset.port = Lora_Reset_GPIO_Port;
 322:Core/Src/main.c ****   SX1278_hw.reset.pin = Lora_Reset_Pin;
 323:Core/Src/main.c ****   SX1278_hw.spi = Lora_SPI;
 324:Core/Src/main.c **** 
 325:Core/Src/main.c ****   SX1278.hw = &SX1278_hw;
 326:Core/Src/main.c ****   LoRa_Init();
 327:Core/Src/main.c ****   
 328:Core/Src/main.c ****   //Initilise OLED Screen
 329:Core/Src/main.c ****   OLED_Connected = !ssd1306_Init(Oled_I2C); // Initilise the Oled module
 330:Core/Src/main.c ****  
 331:Core/Src/main.c ****   //Initilise the RTC One time when the system is flashed with firmware
 332:Core/Src/main.c ****   RTC_Connected = RTC_Detect();
 333:Core/Src/main.c ****   //if (RTC_Connected) RTC_Set_Time_Once(RTC_I2C);
 334:Core/Src/main.c **** 
 335:Core/Src/main.c ****   
 336:Core/Src/main.c **** 
 337:Core/Src/main.c ****   Atlas1_Connected = Atlas_Detect(DO_1_Addr);
 338:Core/Src/main.c ****   Atlas2_Connected = Atlas_Detect(RTD_1_Addr);
 339:Core/Src/main.c ****   Atlas3_Connected = Atlas_Detect(DO_2_Addr);
 340:Core/Src/main.c ****   Atlas4_Connected = Atlas_Detect(RTD_2_Addr);
 341:Core/Src/main.c **** 
 342:Core/Src/main.c ****   //SD CARD CODE 
 343:Core/Src/main.c **** 
 344:Core/Src/main.c ****   
 345:Core/Src/main.c ****   SD_Detect();
 346:Core/Src/main.c **** 
 347:Core/Src/main.c ****   // if(SD_Connected)
 348:Core/Src/main.c ****   // {
 349:Core/Src/main.c **** 
 350:Core/Src/main.c ****   //   FATFS FatFs;
 351:Core/Src/main.c ****   //   FIL fil;
 352:Core/Src/main.c ****   //   FRESULT fres;
 353:Core/Src/main.c ****   //   BYTE readBuf[30];
 354:Core/Src/main.c **** 
 355:Core/Src/main.c ****   
 356:Core/Src/main.c ****   //   fres = f_mount(&FatFs, "", 1); //1=mount now  //Open the file system
 357:Core/Src/main.c ****   //   if (fres != FR_OK) {
 358:Core/Src/main.c ****   //     while(1);
 359:Core/Src/main.c ****   //   }
 360:Core/Src/main.c **** 
 361:Core/Src/main.c ****   //   fres = f_open(&fil, "write.txt", FA_WRITE | FA_OPEN_ALWAYS | FA_CREATE_ALWAYS);
 362:Core/Src/main.c **** 
 363:Core/Src/main.c ****   //   strncpy((char*)readBuf,"a new file is made!",19);
 364:Core/Src/main.c ****   //   UINT bytesWrote;
 365:Core/Src/main.c ****   //   fres = f_write(&fil,readBuf,19,&bytesWrote);
 366:Core/Src/main.c ****     
 367:Core/Src/main.c **** 
 368:Core/Src/main.c ****   //   f_close(&fil);
 369:Core/Src/main.c ****     
 370:Core/Src/main.c ****   // }
 371:Core/Src/main.c ****   
 372:Core/Src/main.c **** 
ARM GAS  C:\Users\joabk\AppData\Local\Temp\ccUHSZ0G.s 			page 8


 373:Core/Src/main.c ****   HAL_TIM_Base_Start_IT(LED_Tim); //Start the timer for the LED with interrupt mode
 374:Core/Src/main.c ****   HAL_TIM_Base_Start_IT(Live_Tim); 
 375:Core/Src/main.c ****   HAL_TIM_Base_Start_IT(Measure_Tim);
 376:Core/Src/main.c **** 
 377:Core/Src/main.c ****   uint32_t curr_time;
 378:Core/Src/main.c ****   //uint16_t Counter = 0;
 379:Core/Src/main.c ****   char time_buffer[18];
 380:Core/Src/main.c **** 
 381:Core/Src/main.c ****   HAL_Delay(1000);
 382:Core/Src/main.c ****   HAL_IWDG_Refresh(&hiwdg);
 383:Core/Src/main.c **** 
 384:Core/Src/main.c ****   /* USER CODE END 2 */
 385:Core/Src/main.c **** 
 386:Core/Src/main.c ****   /* Infinite loop */
 387:Core/Src/main.c ****   /* USER CODE BEGIN WHILE */
 388:Core/Src/main.c ****   while (1)
 389:Core/Src/main.c ****   {
 390:Core/Src/main.c **** 
 391:Core/Src/main.c ****     SD_Detect();
 392:Core/Src/main.c **** 
 393:Core/Src/main.c ****     if (Atlas1_Connected&&Atlas3_Connected&&Calibrate_Flag&&OLED_Connected)
 394:Core/Src/main.c ****     {
 395:Core/Src/main.c ****       Calibrate_Atlas();
 396:Core/Src/main.c ****       PB1_Flag = 0;
 397:Core/Src/main.c ****       PB2_Flag = 0;
 398:Core/Src/main.c ****       PB3_Flag = 0;
 399:Core/Src/main.c ****       Calibrate_Flag = 0;
 400:Core/Src/main.c ****       ssd1306_Fill(Black);
 401:Core/Src/main.c ****     }
 402:Core/Src/main.c **** 
 403:Core/Src/main.c **** // ================================================================================================
 404:Core/Src/main.c **** // Update RTC OLED Display
 405:Core/Src/main.c **** // ================================================================================================
 406:Core/Src/main.c ****     if (RTC_Connected&&RTC_Update_Oled)
 407:Core/Src/main.c ****     {
 408:Core/Src/main.c ****       curr_time = RTC_Get_Time(RTC_I2C);
 409:Core/Src/main.c **** 
 410:Core/Src/main.c ****       struct tm *tm_info;
 411:Core/Src/main.c ****       time_t raw_time = (time_t)curr_time;
 412:Core/Src/main.c **** 
 413:Core/Src/main.c ****       // 1. Break the timestamp down into the tm struct
 414:Core/Src/main.c ****       tm_info = localtime(&raw_time);
 415:Core/Src/main.c ****       strftime(time_buffer, sizeof(time_buffer), "%d/%m/%y %H:%M:%S", tm_info);
 416:Core/Src/main.c ****       Current_Second = tm_info ->tm_sec;
 417:Core/Src/main.c ****     }
 418:Core/Src/main.c **** 
 419:Core/Src/main.c ****     if (OLED_Connected&&RTC_Update_Oled)
 420:Core/Src/main.c ****     {
 421:Core/Src/main.c ****       write_OLED(0,0,time_buffer);
 422:Core/Src/main.c **** 
 423:Core/Src/main.c ****       snprintf(connected_buffer,sizeof(connected_buffer), "L:%u,R:%u,A:%u%u%u%u,S:%u",LoRa_Connecte
 424:Core/Src/main.c ****       write_OLED(0,1,connected_buffer);
 425:Core/Src/main.c **** 
 426:Core/Src/main.c ****       write_OLED(0,2,Atlas_Buffer_1);
 427:Core/Src/main.c ****       write_OLED(7,2,Atlas_Buffer_2);
 428:Core/Src/main.c ****       write_OLED(0,3,Atlas_Buffer_3);
 429:Core/Src/main.c ****       write_OLED(7,3,Atlas_Buffer_4);
ARM GAS  C:\Users\joabk\AppData\Local\Temp\ccUHSZ0G.s 			page 9


 430:Core/Src/main.c **** 
 431:Core/Src/main.c **** 
 432:Core/Src/main.c ****       RTC_Update_Oled = 0;
 433:Core/Src/main.c **** 
 434:Core/Src/main.c ****       if(PB1_Flag)
 435:Core/Src/main.c ****       {
 436:Core/Src/main.c ****         write_OLED(6,5,"1");
 437:Core/Src/main.c ****         PB1_Flag = 0;
 438:Core/Src/main.c ****       }
 439:Core/Src/main.c ****       else if(PB2_Flag)
 440:Core/Src/main.c ****       {
 441:Core/Src/main.c ****         write_OLED(6,5,"2");
 442:Core/Src/main.c ****         PB3_Flag = 0;
 443:Core/Src/main.c ****       }
 444:Core/Src/main.c ****       else if(PB3_Flag)
 445:Core/Src/main.c ****       {
 446:Core/Src/main.c ****         write_OLED(6,5,"3");
 447:Core/Src/main.c ****         SD_DataDump();
 448:Core/Src/main.c ****         Main_Mode = 2;
 449:Core/Src/main.c ****         PB3_Flag = 0;
 450:Core/Src/main.c ****       }
 451:Core/Src/main.c ****     }
 452:Core/Src/main.c **** 
 453:Core/Src/main.c **** 
 454:Core/Src/main.c **** // ================================================================================================
 455:Core/Src/main.c **** // Display the current mode on the OLED if present.
 456:Core/Src/main.c **** // ================================================================================================
 457:Core/Src/main.c ****     if (OLED_Connected)
 458:Core/Src/main.c ****     {
 459:Core/Src/main.c ****       switch (Main_Mode) {
 460:Core/Src/main.c ****         case 1:
 461:Core/Src/main.c ****           snprintf(mode_buffer,sizeof(mode_buffer),"MR");
 462:Core/Src/main.c ****           Main_Mode = 0;
 463:Core/Src/main.c ****           Main_Mode_Changed = 1;
 464:Core/Src/main.c ****           break;
 465:Core/Src/main.c ****         case 2:
 466:Core/Src/main.c ****           snprintf(mode_buffer,sizeof(mode_buffer),"TX");
 467:Core/Src/main.c ****           Main_Mode = 0;
 468:Core/Src/main.c ****           Main_Mode_Changed = 1;
 469:Core/Src/main.c ****           break;
 470:Core/Src/main.c ****         case 3:
 471:Core/Src/main.c ****           snprintf(mode_buffer,sizeof(mode_buffer),"ST");
 472:Core/Src/main.c ****           Main_Mode = 0;
 473:Core/Src/main.c ****           Main_Mode_Changed = 1;
 474:Core/Src/main.c ****           break;
 475:Core/Src/main.c ****         default:
 476:Core/Src/main.c ****           snprintf(mode_buffer,sizeof(mode_buffer),"NA");
 477:Core/Src/main.c ****           Main_Mode = 0;
 478:Core/Src/main.c ****       }
 479:Core/Src/main.c **** 
 480:Core/Src/main.c ****       if (Main_Mode_Changed)
 481:Core/Src/main.c ****       {
 482:Core/Src/main.c ****         write_OLED(15,5,mode_buffer);
 483:Core/Src/main.c ****         Main_Mode_Changed = 0;
 484:Core/Src/main.c ****       }
 485:Core/Src/main.c ****     }
 486:Core/Src/main.c **** 
ARM GAS  C:\Users\joabk\AppData\Local\Temp\ccUHSZ0G.s 			page 10


 487:Core/Src/main.c **** 
 488:Core/Src/main.c **** 
 489:Core/Src/main.c **** 
 490:Core/Src/main.c ****     if(LoRa_RX_Flag&&OLED_Connected)
 491:Core/Src/main.c ****     {
 492:Core/Src/main.c ****       //clear the OLED screen to display the new RX
 493:Core/Src/main.c ****       write_OLED(0,4,"                  ");
 494:Core/Src/main.c ****       write_OLED(0,4,LoRa_RX_Buffer);
 495:Core/Src/main.c ****     }
 496:Core/Src/main.c **** 
 497:Core/Src/main.c ****     if(LoRa_RX_Flag)
 498:Core/Src/main.c ****     {
 499:Core/Src/main.c ****       //Check the rx buffer to see if command sent, and respond accordingly
 500:Core/Src/main.c ****       if(strcmp(LoRa_RX_Buffer,"CMD:BATTERY")==0)
 501:Core/Src/main.c ****       {
 502:Core/Src/main.c ****         LoRa_TX("TYPE:3,BUOY:0,BAT:3.99");
 503:Core/Src/main.c ****         Main_Mode = 2;
 504:Core/Src/main.c ****       }
 505:Core/Src/main.c ****       else if (strcmp(LoRa_RX_Buffer,"CMD:DATADUMP")==0)
 506:Core/Src/main.c ****       {
 507:Core/Src/main.c ****         // LoRa_TX_Continuous("TYPE:2,BUOY:0,CHAMBER:0,DO:9999,RTD:9999,TS:3999_01_01_12_30_10");
 508:Core/Src/main.c ****         // LoRa_TX_Continuous("TYPE:2,BUOY:0,CHAMBER:1,DO:8888,RTD:8888,TS:3999_01_01_12_30_10");
 509:Core/Src/main.c ****         // LoRa_TX("TYPE:4,BUOY:0,COUNT:2");
 510:Core/Src/main.c ****         SD_DataDump();
 511:Core/Src/main.c ****         Main_Mode = 2;
 512:Core/Src/main.c ****       }
 513:Core/Src/main.c ****       else if (strncmp(LoRa_RX_Buffer,"CMD:SYNC",8)==0)
 514:Core/Src/main.c ****       {
 515:Core/Src/main.c ****         char time[19];
 516:Core/Src/main.c ****         memcpy(time,LoRa_RX_Buffer+12,19);
 517:Core/Src/main.c ****         RTC_Set_Time(RTC_I2C,time);
 518:Core/Src/main.c ****         LoRa_TX("Sync_ACK");
 519:Core/Src/main.c ****         StartLive_Flag = 1;
 520:Core/Src/main.c ****         Main_Mode = 2;
 521:Core/Src/main.c ****       }
 522:Core/Src/main.c ****       LoRa_RX_Flag = 0;
 523:Core/Src/main.c **** 
 524:Core/Src/main.c ****     }
 525:Core/Src/main.c **** 
 526:Core/Src/main.c **** // ================================================================================================
 527:Core/Src/main.c **** // Read the atlas sensors and send live readings
 528:Core/Src/main.c **** // ================================================================================================
 529:Core/Src/main.c ****     if(Atlas_measure)
 530:Core/Src/main.c ****     {  
 531:Core/Src/main.c ****       if (Atlas1_Connected) Atlas_Wake(DO_1_Addr);
 532:Core/Src/main.c ****       if (Atlas2_Connected) Atlas_Wake(RTD_1_Addr);
 533:Core/Src/main.c ****       if (Atlas3_Connected) Atlas_Wake(DO_2_Addr);
 534:Core/Src/main.c ****       if (Atlas4_Connected) Atlas_Wake(RTD_2_Addr);
 535:Core/Src/main.c **** 
 536:Core/Src/main.c ****       HAL_Delay(600);
 537:Core/Src/main.c **** 
 538:Core/Src/main.c ****       if (Atlas1_Connected) Atlas_Read_Val(Atlas_Buffer_1,DO_1_Addr);
 539:Core/Src/main.c ****       if (Atlas2_Connected) Atlas_Read_Val(Atlas_Buffer_2,RTD_1_Addr);
 540:Core/Src/main.c ****       if (Atlas3_Connected) Atlas_Read_Val(Atlas_Buffer_3,DO_2_Addr);
 541:Core/Src/main.c ****       if (Atlas4_Connected) Atlas_Read_Val(Atlas_Buffer_4,RTD_2_Addr);
 542:Core/Src/main.c **** 
 543:Core/Src/main.c ****       if (Atlas1_Connected) Atlas_Sleep(DO_1_Addr);
ARM GAS  C:\Users\joabk\AppData\Local\Temp\ccUHSZ0G.s 			page 11


 544:Core/Src/main.c ****       if (Atlas2_Connected) Atlas_Sleep(RTD_1_Addr);
 545:Core/Src/main.c ****       if (Atlas3_Connected) Atlas_Sleep(DO_2_Addr);
 546:Core/Src/main.c ****       if (Atlas4_Connected) Atlas_Sleep(RTD_2_Addr);
 547:Core/Src/main.c **** 
 548:Core/Src/main.c ****       //HAL_Delay(500);
 549:Core/Src/main.c ****       if (SD_Connected&&RTC_Connected)
 550:Core/Src/main.c ****       {
 551:Core/Src/main.c ****         HAL_IWDG_Refresh(&hiwdg);
 552:Core/Src/main.c ****         curr_time = RTC_Get_Time(RTC_I2C);
 553:Core/Src/main.c ****         if (SD_Write(curr_time))
 554:Core/Src/main.c ****         {
 555:Core/Src/main.c ****           if (OLED_Connected) write_OLED(0,5,"ST ");
 556:Core/Src/main.c ****         }
 557:Core/Src/main.c ****         else
 558:Core/Src/main.c ****         {
 559:Core/Src/main.c ****           if (OLED_Connected) write_OLED(0,5,"STF");
 560:Core/Src/main.c ****         }
 561:Core/Src/main.c ****       }
 562:Core/Src/main.c **** 
 563:Core/Src/main.c ****       if (OLED_Connected&&!SD_Connected) write_OLED(0,5,"STF");
 564:Core/Src/main.c **** 
 565:Core/Src/main.c **** 
 566:Core/Src/main.c ****       Atlas_measure = 0;
 567:Core/Src/main.c ****       Main_Mode = 1;
 568:Core/Src/main.c ****     }
 569:Core/Src/main.c ****     
 570:Core/Src/main.c ****     if (Atlas_Send_live&&StartLive_Flag&&((Current_Second%30)==((30/Num_Buoys)*Buoy_ID)))
 571:Core/Src/main.c ****     {
 572:Core/Src/main.c ****       //  // 1. Get and convert the timestamp
 573:Core/Src/main.c ****       // curr_time = RTC_Get_Time(RTC_I2C);
 574:Core/Src/main.c ****       // time_t raw_time = (time_t)curr_time;
 575:Core/Src/main.c ****       // struct tm *tm_info = localtime(&raw_time);
 576:Core/Src/main.c **** 
 577:Core/Src/main.c ****       // // 2. Format the timestamp into its own time_buffer using strftime
 578:Core/Src/main.c ****       // char ts_buffer[20];
 579:Core/Src/main.c ****       // strftime(ts_buffer, sizeof(ts_buffer), "%y_%m_%d_%H_%M_%S", tm_info);
 580:Core/Src/main.c **** 
 581:Core/Src/main.c ****       // 3. Build and send the header packet with the timestamp
 582:Core/Src/main.c ****       snprintf(LoRa_TX_Buffer, sizeof(LoRa_TX_Buffer), "TYPE:1,BUOY:0,CHAMBER:0,DO:%s,RTD:%s", Atla
 583:Core/Src/main.c ****       LoRa_TX_Continuous(LoRa_TX_Buffer);
 584:Core/Src/main.c **** 
 585:Core/Src/main.c ****       snprintf(LoRa_TX_Buffer, sizeof(LoRa_TX_Buffer), "TYPE:1,BUOY:0,CHAMBER:1,DO:%s,RTD:%s", Atla
 586:Core/Src/main.c ****       LoRa_TX(LoRa_TX_Buffer);
 587:Core/Src/main.c ****       Main_Mode = 2;
 588:Core/Src/main.c **** 
 589:Core/Src/main.c ****       Atlas_Send_live=0;
 590:Core/Src/main.c ****     }
 591:Core/Src/main.c **** 
 592:Core/Src/main.c ****     //HAL_Delay(5000);
 593:Core/Src/main.c **** 
 594:Core/Src/main.c ****     HAL_IWDG_Refresh(&hiwdg);
 595:Core/Src/main.c ****     /* USER CODE END WHILE */
 596:Core/Src/main.c **** 
 597:Core/Src/main.c ****     /* USER CODE BEGIN 3 */
 598:Core/Src/main.c ****   }
 599:Core/Src/main.c ****   /* USER CODE END 3 */
 600:Core/Src/main.c **** }
ARM GAS  C:\Users\joabk\AppData\Local\Temp\ccUHSZ0G.s 			page 12


 601:Core/Src/main.c **** 
 602:Core/Src/main.c **** /**
 603:Core/Src/main.c ****   * @brief System Clock Configuration
 604:Core/Src/main.c ****   * @retval None
 605:Core/Src/main.c ****   */
 606:Core/Src/main.c **** void SystemClock_Config(void)
 607:Core/Src/main.c **** {
 608:Core/Src/main.c ****   RCC_OscInitTypeDef RCC_OscInitStruct = {0};
 609:Core/Src/main.c ****   RCC_ClkInitTypeDef RCC_ClkInitStruct = {0};
 610:Core/Src/main.c **** 
 611:Core/Src/main.c ****   /** Configure the main internal regulator output voltage
 612:Core/Src/main.c ****   */
 613:Core/Src/main.c ****   __HAL_RCC_PWR_CLK_ENABLE();
 614:Core/Src/main.c ****   __HAL_PWR_VOLTAGESCALING_CONFIG(PWR_REGULATOR_VOLTAGE_SCALE2);
 615:Core/Src/main.c **** 
 616:Core/Src/main.c ****   /** Initializes the RCC Oscillators according to the specified parameters
 617:Core/Src/main.c ****   * in the RCC_OscInitTypeDef structure.
 618:Core/Src/main.c ****   */
 619:Core/Src/main.c ****   RCC_OscInitStruct.OscillatorType = RCC_OSCILLATORTYPE_LSI|RCC_OSCILLATORTYPE_HSE;
 620:Core/Src/main.c ****   RCC_OscInitStruct.HSEState = RCC_HSE_ON;
 621:Core/Src/main.c ****   RCC_OscInitStruct.LSIState = RCC_LSI_ON;
 622:Core/Src/main.c ****   RCC_OscInitStruct.PLL.PLLState = RCC_PLL_NONE;
 623:Core/Src/main.c ****   if (HAL_RCC_OscConfig(&RCC_OscInitStruct) != HAL_OK)
 624:Core/Src/main.c ****   {
 625:Core/Src/main.c ****     Error_Handler();
 626:Core/Src/main.c ****   }
 627:Core/Src/main.c **** 
 628:Core/Src/main.c ****   /** Initializes the CPU, AHB and APB buses clocks
 629:Core/Src/main.c ****   */
 630:Core/Src/main.c ****   RCC_ClkInitStruct.ClockType = RCC_CLOCKTYPE_HCLK|RCC_CLOCKTYPE_SYSCLK
 631:Core/Src/main.c ****                               |RCC_CLOCKTYPE_PCLK1|RCC_CLOCKTYPE_PCLK2;
 632:Core/Src/main.c ****   RCC_ClkInitStruct.SYSCLKSource = RCC_SYSCLKSOURCE_HSE;
 633:Core/Src/main.c ****   RCC_ClkInitStruct.AHBCLKDivider = RCC_SYSCLK_DIV1;
 634:Core/Src/main.c ****   RCC_ClkInitStruct.APB1CLKDivider = RCC_HCLK_DIV1;
 635:Core/Src/main.c ****   RCC_ClkInitStruct.APB2CLKDivider = RCC_HCLK_DIV1;
 636:Core/Src/main.c **** 
 637:Core/Src/main.c ****   if (HAL_RCC_ClockConfig(&RCC_ClkInitStruct, FLASH_LATENCY_0) != HAL_OK)
 638:Core/Src/main.c ****   {
 639:Core/Src/main.c ****     Error_Handler();
 640:Core/Src/main.c ****   }
 641:Core/Src/main.c **** 
 642:Core/Src/main.c ****   /** Enables the Clock Security System
 643:Core/Src/main.c ****   */
 644:Core/Src/main.c ****   HAL_RCC_EnableCSS();
 645:Core/Src/main.c **** }
 646:Core/Src/main.c **** 
 647:Core/Src/main.c **** /**
 648:Core/Src/main.c ****   * @brief ADC1 Initialization Function
 649:Core/Src/main.c ****   * @param None
 650:Core/Src/main.c ****   * @retval None
 651:Core/Src/main.c ****   */
 652:Core/Src/main.c **** static void MX_ADC1_Init(void)
 653:Core/Src/main.c **** {
 654:Core/Src/main.c **** 
 655:Core/Src/main.c ****   /* USER CODE BEGIN ADC1_Init 0 */
 656:Core/Src/main.c **** 
 657:Core/Src/main.c ****   /* USER CODE END ADC1_Init 0 */
ARM GAS  C:\Users\joabk\AppData\Local\Temp\ccUHSZ0G.s 			page 13


 658:Core/Src/main.c **** 
 659:Core/Src/main.c ****   ADC_ChannelConfTypeDef sConfig = {0};
 660:Core/Src/main.c **** 
 661:Core/Src/main.c ****   /* USER CODE BEGIN ADC1_Init 1 */
 662:Core/Src/main.c **** 
 663:Core/Src/main.c ****   /* USER CODE END ADC1_Init 1 */
 664:Core/Src/main.c **** 
 665:Core/Src/main.c ****   /** Configure the global features of the ADC (Clock, Resolution, Data Alignment and number of con
 666:Core/Src/main.c ****   */
 667:Core/Src/main.c ****   hadc1.Instance = ADC1;
 668:Core/Src/main.c ****   hadc1.Init.ClockPrescaler = ADC_CLOCK_SYNC_PCLK_DIV2;
 669:Core/Src/main.c ****   hadc1.Init.Resolution = ADC_RESOLUTION_12B;
 670:Core/Src/main.c ****   hadc1.Init.ScanConvMode = DISABLE;
 671:Core/Src/main.c ****   hadc1.Init.ContinuousConvMode = DISABLE;
 672:Core/Src/main.c ****   hadc1.Init.DiscontinuousConvMode = DISABLE;
 673:Core/Src/main.c ****   hadc1.Init.ExternalTrigConvEdge = ADC_EXTERNALTRIGCONVEDGE_NONE;
 674:Core/Src/main.c ****   hadc1.Init.ExternalTrigConv = ADC_SOFTWARE_START;
 675:Core/Src/main.c ****   hadc1.Init.DataAlign = ADC_DATAALIGN_RIGHT;
 676:Core/Src/main.c ****   hadc1.Init.NbrOfConversion = 1;
 677:Core/Src/main.c ****   hadc1.Init.DMAContinuousRequests = DISABLE;
 678:Core/Src/main.c ****   hadc1.Init.EOCSelection = ADC_EOC_SINGLE_CONV;
 679:Core/Src/main.c ****   if (HAL_ADC_Init(&hadc1) != HAL_OK)
 680:Core/Src/main.c ****   {
 681:Core/Src/main.c ****     Error_Handler();
 682:Core/Src/main.c ****   }
 683:Core/Src/main.c **** 
 684:Core/Src/main.c ****   /** Configure for the selected ADC regular channel its corresponding rank in the sequencer and it
 685:Core/Src/main.c ****   */
 686:Core/Src/main.c ****   sConfig.Channel = ADC_CHANNEL_2;
 687:Core/Src/main.c ****   sConfig.Rank = 1;
 688:Core/Src/main.c ****   sConfig.SamplingTime = ADC_SAMPLETIME_3CYCLES;
 689:Core/Src/main.c ****   if (HAL_ADC_ConfigChannel(&hadc1, &sConfig) != HAL_OK)
 690:Core/Src/main.c ****   {
 691:Core/Src/main.c ****     Error_Handler();
 692:Core/Src/main.c ****   }
 693:Core/Src/main.c ****   /* USER CODE BEGIN ADC1_Init 2 */
 694:Core/Src/main.c **** 
 695:Core/Src/main.c ****   /* USER CODE END ADC1_Init 2 */
 696:Core/Src/main.c **** 
 697:Core/Src/main.c **** }
 698:Core/Src/main.c **** 
 699:Core/Src/main.c **** /**
 700:Core/Src/main.c ****   * @brief I2C1 Initialization Function
 701:Core/Src/main.c ****   * @param None
 702:Core/Src/main.c ****   * @retval None
 703:Core/Src/main.c ****   */
 704:Core/Src/main.c **** static void MX_I2C1_Init(void)
 705:Core/Src/main.c **** {
 706:Core/Src/main.c **** 
 707:Core/Src/main.c ****   /* USER CODE BEGIN I2C1_Init 0 */
 708:Core/Src/main.c **** 
 709:Core/Src/main.c ****   /* USER CODE END I2C1_Init 0 */
 710:Core/Src/main.c **** 
 711:Core/Src/main.c ****   /* USER CODE BEGIN I2C1_Init 1 */
 712:Core/Src/main.c **** 
 713:Core/Src/main.c ****   /* USER CODE END I2C1_Init 1 */
 714:Core/Src/main.c ****   hi2c1.Instance = I2C1;
ARM GAS  C:\Users\joabk\AppData\Local\Temp\ccUHSZ0G.s 			page 14


 715:Core/Src/main.c ****   hi2c1.Init.ClockSpeed = 400000;
 716:Core/Src/main.c ****   hi2c1.Init.DutyCycle = I2C_DUTYCYCLE_2;
 717:Core/Src/main.c ****   hi2c1.Init.OwnAddress1 = 0;
 718:Core/Src/main.c ****   hi2c1.Init.AddressingMode = I2C_ADDRESSINGMODE_7BIT;
 719:Core/Src/main.c ****   hi2c1.Init.DualAddressMode = I2C_DUALADDRESS_DISABLE;
 720:Core/Src/main.c ****   hi2c1.Init.OwnAddress2 = 0;
 721:Core/Src/main.c ****   hi2c1.Init.GeneralCallMode = I2C_GENERALCALL_DISABLE;
 722:Core/Src/main.c ****   hi2c1.Init.NoStretchMode = I2C_NOSTRETCH_DISABLE;
 723:Core/Src/main.c ****   if (HAL_I2C_Init(&hi2c1) != HAL_OK)
 724:Core/Src/main.c ****   {
 725:Core/Src/main.c ****     Error_Handler();
 726:Core/Src/main.c ****   }
 727:Core/Src/main.c ****   /* USER CODE BEGIN I2C1_Init 2 */
 728:Core/Src/main.c **** 
 729:Core/Src/main.c ****   /* USER CODE END I2C1_Init 2 */
 730:Core/Src/main.c **** 
 731:Core/Src/main.c **** }
 732:Core/Src/main.c **** 
 733:Core/Src/main.c **** /**
 734:Core/Src/main.c ****   * @brief I2C2 Initialization Function
 735:Core/Src/main.c ****   * @param None
 736:Core/Src/main.c ****   * @retval None
 737:Core/Src/main.c ****   */
 738:Core/Src/main.c **** static void MX_I2C2_Init(void)
 739:Core/Src/main.c **** {
 740:Core/Src/main.c **** 
 741:Core/Src/main.c ****   /* USER CODE BEGIN I2C2_Init 0 */
 742:Core/Src/main.c **** 
 743:Core/Src/main.c ****   /* USER CODE END I2C2_Init 0 */
 744:Core/Src/main.c **** 
 745:Core/Src/main.c ****   /* USER CODE BEGIN I2C2_Init 1 */
 746:Core/Src/main.c **** 
 747:Core/Src/main.c ****   /* USER CODE END I2C2_Init 1 */
 748:Core/Src/main.c ****   hi2c2.Instance = I2C2;
 749:Core/Src/main.c ****   hi2c2.Init.ClockSpeed = 100000;
 750:Core/Src/main.c ****   hi2c2.Init.DutyCycle = I2C_DUTYCYCLE_2;
 751:Core/Src/main.c ****   hi2c2.Init.OwnAddress1 = 0;
 752:Core/Src/main.c ****   hi2c2.Init.AddressingMode = I2C_ADDRESSINGMODE_7BIT;
 753:Core/Src/main.c ****   hi2c2.Init.DualAddressMode = I2C_DUALADDRESS_DISABLE;
 754:Core/Src/main.c ****   hi2c2.Init.OwnAddress2 = 0;
 755:Core/Src/main.c ****   hi2c2.Init.GeneralCallMode = I2C_GENERALCALL_DISABLE;
 756:Core/Src/main.c ****   hi2c2.Init.NoStretchMode = I2C_NOSTRETCH_DISABLE;
 757:Core/Src/main.c ****   if (HAL_I2C_Init(&hi2c2) != HAL_OK)
 758:Core/Src/main.c ****   {
 759:Core/Src/main.c ****     Error_Handler();
 760:Core/Src/main.c ****   }
 761:Core/Src/main.c ****   /* USER CODE BEGIN I2C2_Init 2 */
 762:Core/Src/main.c **** 
 763:Core/Src/main.c ****   /* USER CODE END I2C2_Init 2 */
 764:Core/Src/main.c **** 
 765:Core/Src/main.c **** }
 766:Core/Src/main.c **** 
 767:Core/Src/main.c **** /**
 768:Core/Src/main.c ****   * @brief I2C3 Initialization Function
 769:Core/Src/main.c ****   * @param None
 770:Core/Src/main.c ****   * @retval None
 771:Core/Src/main.c ****   */
ARM GAS  C:\Users\joabk\AppData\Local\Temp\ccUHSZ0G.s 			page 15


 772:Core/Src/main.c **** static void MX_I2C3_Init(void)
 773:Core/Src/main.c **** {
 774:Core/Src/main.c **** 
 775:Core/Src/main.c ****   /* USER CODE BEGIN I2C3_Init 0 */
 776:Core/Src/main.c **** 
 777:Core/Src/main.c ****   /* USER CODE END I2C3_Init 0 */
 778:Core/Src/main.c **** 
 779:Core/Src/main.c ****   /* USER CODE BEGIN I2C3_Init 1 */
 780:Core/Src/main.c **** 
 781:Core/Src/main.c ****   /* USER CODE END I2C3_Init 1 */
 782:Core/Src/main.c ****   hi2c3.Instance = I2C3;
 783:Core/Src/main.c ****   hi2c3.Init.ClockSpeed = 100000;
 784:Core/Src/main.c ****   hi2c3.Init.DutyCycle = I2C_DUTYCYCLE_2;
 785:Core/Src/main.c ****   hi2c3.Init.OwnAddress1 = 0;
 786:Core/Src/main.c ****   hi2c3.Init.AddressingMode = I2C_ADDRESSINGMODE_7BIT;
 787:Core/Src/main.c ****   hi2c3.Init.DualAddressMode = I2C_DUALADDRESS_DISABLE;
 788:Core/Src/main.c ****   hi2c3.Init.OwnAddress2 = 0;
 789:Core/Src/main.c ****   hi2c3.Init.GeneralCallMode = I2C_GENERALCALL_DISABLE;
 790:Core/Src/main.c ****   hi2c3.Init.NoStretchMode = I2C_NOSTRETCH_DISABLE;
 791:Core/Src/main.c ****   if (HAL_I2C_Init(&hi2c3) != HAL_OK)
 792:Core/Src/main.c ****   {
 793:Core/Src/main.c ****     Error_Handler();
 794:Core/Src/main.c ****   }
 795:Core/Src/main.c ****   /* USER CODE BEGIN I2C3_Init 2 */
 796:Core/Src/main.c **** 
 797:Core/Src/main.c ****   /* USER CODE END I2C3_Init 2 */
 798:Core/Src/main.c **** 
 799:Core/Src/main.c **** }
 800:Core/Src/main.c **** 
 801:Core/Src/main.c **** /**
 802:Core/Src/main.c ****   * @brief IWDG Initialization Function
 803:Core/Src/main.c ****   * @param None
 804:Core/Src/main.c ****   * @retval None
 805:Core/Src/main.c ****   */
 806:Core/Src/main.c **** static void MX_IWDG_Init(void)
 807:Core/Src/main.c **** {
 808:Core/Src/main.c **** 
 809:Core/Src/main.c ****   /* USER CODE BEGIN IWDG_Init 0 */
 810:Core/Src/main.c **** 
 811:Core/Src/main.c ****   /* USER CODE END IWDG_Init 0 */
 812:Core/Src/main.c **** 
 813:Core/Src/main.c ****   /* USER CODE BEGIN IWDG_Init 1 */
 814:Core/Src/main.c **** 
 815:Core/Src/main.c ****   /* USER CODE END IWDG_Init 1 */
 816:Core/Src/main.c ****   hiwdg.Instance = IWDG;
 817:Core/Src/main.c ****   hiwdg.Init.Prescaler = IWDG_PRESCALER_256;
 818:Core/Src/main.c ****   hiwdg.Init.Reload = 3750;
 819:Core/Src/main.c ****   if (HAL_IWDG_Init(&hiwdg) != HAL_OK)
 820:Core/Src/main.c ****   {
 821:Core/Src/main.c ****     Error_Handler();
 822:Core/Src/main.c ****   }
 823:Core/Src/main.c ****   /* USER CODE BEGIN IWDG_Init 2 */
 824:Core/Src/main.c **** 
 825:Core/Src/main.c ****   /* USER CODE END IWDG_Init 2 */
 826:Core/Src/main.c **** 
 827:Core/Src/main.c **** }
 828:Core/Src/main.c **** 
ARM GAS  C:\Users\joabk\AppData\Local\Temp\ccUHSZ0G.s 			page 16


 829:Core/Src/main.c **** /**
 830:Core/Src/main.c ****   * @brief SPI1 Initialization Function
 831:Core/Src/main.c ****   * @param None
 832:Core/Src/main.c ****   * @retval None
 833:Core/Src/main.c ****   */
 834:Core/Src/main.c **** static void MX_SPI1_Init(void)
 835:Core/Src/main.c **** {
 836:Core/Src/main.c **** 
 837:Core/Src/main.c ****   /* USER CODE BEGIN SPI1_Init 0 */
 838:Core/Src/main.c **** 
 839:Core/Src/main.c ****   /* USER CODE END SPI1_Init 0 */
 840:Core/Src/main.c **** 
 841:Core/Src/main.c ****   /* USER CODE BEGIN SPI1_Init 1 */
 842:Core/Src/main.c **** 
 843:Core/Src/main.c ****   /* USER CODE END SPI1_Init 1 */
 844:Core/Src/main.c ****   /* SPI1 parameter configuration*/
 845:Core/Src/main.c ****   hspi1.Instance = SPI1;
 846:Core/Src/main.c ****   hspi1.Init.Mode = SPI_MODE_MASTER;
 847:Core/Src/main.c ****   hspi1.Init.Direction = SPI_DIRECTION_2LINES;
 848:Core/Src/main.c ****   hspi1.Init.DataSize = SPI_DATASIZE_8BIT;
 849:Core/Src/main.c ****   hspi1.Init.CLKPolarity = SPI_POLARITY_LOW;
 850:Core/Src/main.c ****   hspi1.Init.CLKPhase = SPI_PHASE_1EDGE;
 851:Core/Src/main.c ****   hspi1.Init.NSS = SPI_NSS_SOFT;
 852:Core/Src/main.c ****   hspi1.Init.BaudRatePrescaler = SPI_BAUDRATEPRESCALER_256;
 853:Core/Src/main.c ****   hspi1.Init.FirstBit = SPI_FIRSTBIT_MSB;
 854:Core/Src/main.c ****   hspi1.Init.TIMode = SPI_TIMODE_DISABLE;
 855:Core/Src/main.c ****   hspi1.Init.CRCCalculation = SPI_CRCCALCULATION_DISABLE;
 856:Core/Src/main.c ****   hspi1.Init.CRCPolynomial = 10;
 857:Core/Src/main.c ****   if (HAL_SPI_Init(&hspi1) != HAL_OK)
 858:Core/Src/main.c ****   {
 859:Core/Src/main.c ****     Error_Handler();
 860:Core/Src/main.c ****   }
 861:Core/Src/main.c ****   /* USER CODE BEGIN SPI1_Init 2 */
 862:Core/Src/main.c **** 
 863:Core/Src/main.c ****   /* USER CODE END SPI1_Init 2 */
 864:Core/Src/main.c **** 
 865:Core/Src/main.c **** }
 866:Core/Src/main.c **** 
 867:Core/Src/main.c **** /**
 868:Core/Src/main.c ****   * @brief SPI2 Initialization Function
 869:Core/Src/main.c ****   * @param None
 870:Core/Src/main.c ****   * @retval None
 871:Core/Src/main.c ****   */
 872:Core/Src/main.c **** static void MX_SPI2_Init(void)
 873:Core/Src/main.c **** {
 874:Core/Src/main.c **** 
 875:Core/Src/main.c ****   /* USER CODE BEGIN SPI2_Init 0 */
 876:Core/Src/main.c **** 
 877:Core/Src/main.c ****   /* USER CODE END SPI2_Init 0 */
 878:Core/Src/main.c **** 
 879:Core/Src/main.c ****   /* USER CODE BEGIN SPI2_Init 1 */
 880:Core/Src/main.c **** 
 881:Core/Src/main.c ****   /* USER CODE END SPI2_Init 1 */
 882:Core/Src/main.c ****   /* SPI2 parameter configuration*/
 883:Core/Src/main.c ****   hspi2.Instance = SPI2;
 884:Core/Src/main.c ****   hspi2.Init.Mode = SPI_MODE_MASTER;
 885:Core/Src/main.c ****   hspi2.Init.Direction = SPI_DIRECTION_2LINES;
ARM GAS  C:\Users\joabk\AppData\Local\Temp\ccUHSZ0G.s 			page 17


 886:Core/Src/main.c ****   hspi2.Init.DataSize = SPI_DATASIZE_8BIT;
 887:Core/Src/main.c ****   hspi2.Init.CLKPolarity = SPI_POLARITY_LOW;
 888:Core/Src/main.c ****   hspi2.Init.CLKPhase = SPI_PHASE_1EDGE;
 889:Core/Src/main.c ****   hspi2.Init.NSS = SPI_NSS_SOFT;
 890:Core/Src/main.c ****   hspi2.Init.BaudRatePrescaler = SPI_BAUDRATEPRESCALER_2;
 891:Core/Src/main.c ****   hspi2.Init.FirstBit = SPI_FIRSTBIT_MSB;
 892:Core/Src/main.c ****   hspi2.Init.TIMode = SPI_TIMODE_DISABLE;
 893:Core/Src/main.c ****   hspi2.Init.CRCCalculation = SPI_CRCCALCULATION_DISABLE;
 894:Core/Src/main.c ****   hspi2.Init.CRCPolynomial = 10;
 895:Core/Src/main.c ****   if (HAL_SPI_Init(&hspi2) != HAL_OK)
 896:Core/Src/main.c ****   {
 897:Core/Src/main.c ****     Error_Handler();
 898:Core/Src/main.c ****   }
 899:Core/Src/main.c ****   /* USER CODE BEGIN SPI2_Init 2 */
 900:Core/Src/main.c **** 
 901:Core/Src/main.c ****   /* USER CODE END SPI2_Init 2 */
 902:Core/Src/main.c **** 
 903:Core/Src/main.c **** }
 904:Core/Src/main.c **** 
 905:Core/Src/main.c **** /**
 906:Core/Src/main.c ****   * @brief TIM9 Initialization Function
 907:Core/Src/main.c ****   * @param None
 908:Core/Src/main.c ****   * @retval None
 909:Core/Src/main.c ****   */
 910:Core/Src/main.c **** static void MX_TIM9_Init(void)
 911:Core/Src/main.c **** {
 912:Core/Src/main.c **** 
 913:Core/Src/main.c ****   /* USER CODE BEGIN TIM9_Init 0 */
 914:Core/Src/main.c **** 
 915:Core/Src/main.c ****   /* USER CODE END TIM9_Init 0 */
 916:Core/Src/main.c **** 
 917:Core/Src/main.c ****   TIM_ClockConfigTypeDef sClockSourceConfig = {0};
 918:Core/Src/main.c **** 
 919:Core/Src/main.c ****   /* USER CODE BEGIN TIM9_Init 1 */
 920:Core/Src/main.c **** 
 921:Core/Src/main.c ****   /* USER CODE END TIM9_Init 1 */
 922:Core/Src/main.c ****   htim9.Instance = TIM9;
 923:Core/Src/main.c ****   htim9.Init.Prescaler = 24999;
 924:Core/Src/main.c ****   htim9.Init.CounterMode = TIM_COUNTERMODE_UP;
 925:Core/Src/main.c ****   htim9.Init.Period = 4999;
 926:Core/Src/main.c ****   htim9.Init.ClockDivision = TIM_CLOCKDIVISION_DIV1;
 927:Core/Src/main.c ****   htim9.Init.AutoReloadPreload = TIM_AUTORELOAD_PRELOAD_DISABLE;
 928:Core/Src/main.c ****   if (HAL_TIM_Base_Init(&htim9) != HAL_OK)
 929:Core/Src/main.c ****   {
 930:Core/Src/main.c ****     Error_Handler();
 931:Core/Src/main.c ****   }
 932:Core/Src/main.c ****   sClockSourceConfig.ClockSource = TIM_CLOCKSOURCE_INTERNAL;
 933:Core/Src/main.c ****   if (HAL_TIM_ConfigClockSource(&htim9, &sClockSourceConfig) != HAL_OK)
 934:Core/Src/main.c ****   {
 935:Core/Src/main.c ****     Error_Handler();
 936:Core/Src/main.c ****   }
 937:Core/Src/main.c ****   /* USER CODE BEGIN TIM9_Init 2 */
 938:Core/Src/main.c **** 
 939:Core/Src/main.c ****   /* USER CODE END TIM9_Init 2 */
 940:Core/Src/main.c **** 
 941:Core/Src/main.c **** }
 942:Core/Src/main.c **** 
ARM GAS  C:\Users\joabk\AppData\Local\Temp\ccUHSZ0G.s 			page 18


 943:Core/Src/main.c **** /**
 944:Core/Src/main.c ****   * @brief TIM10 Initialization Function
 945:Core/Src/main.c ****   * @param None
 946:Core/Src/main.c ****   * @retval None
 947:Core/Src/main.c ****   */
 948:Core/Src/main.c **** static void MX_TIM10_Init(void)
 949:Core/Src/main.c **** {
 950:Core/Src/main.c **** 
 951:Core/Src/main.c ****   /* USER CODE BEGIN TIM10_Init 0 */
 952:Core/Src/main.c **** 
 953:Core/Src/main.c ****   /* USER CODE END TIM10_Init 0 */
 954:Core/Src/main.c **** 
 955:Core/Src/main.c ****   /* USER CODE BEGIN TIM10_Init 1 */
 956:Core/Src/main.c **** 
 957:Core/Src/main.c ****   /* USER CODE END TIM10_Init 1 */
 958:Core/Src/main.c ****   htim10.Instance = TIM10;
 959:Core/Src/main.c ****   htim10.Init.Prescaler = 24999;
 960:Core/Src/main.c ****   htim10.Init.CounterMode = TIM_COUNTERMODE_UP;
 961:Core/Src/main.c ****   htim10.Init.Period = 29999;
 962:Core/Src/main.c ****   htim10.Init.ClockDivision = TIM_CLOCKDIVISION_DIV1;
 963:Core/Src/main.c ****   htim10.Init.AutoReloadPreload = TIM_AUTORELOAD_PRELOAD_DISABLE;
 964:Core/Src/main.c ****   if (HAL_TIM_Base_Init(&htim10) != HAL_OK)
 965:Core/Src/main.c ****   {
 966:Core/Src/main.c ****     Error_Handler();
 967:Core/Src/main.c ****   }
 968:Core/Src/main.c ****   /* USER CODE BEGIN TIM10_Init 2 */
 969:Core/Src/main.c **** 
 970:Core/Src/main.c ****   /* USER CODE END TIM10_Init 2 */
 971:Core/Src/main.c **** 
 972:Core/Src/main.c **** }
 973:Core/Src/main.c **** 
 974:Core/Src/main.c **** /**
 975:Core/Src/main.c ****   * @brief TIM11 Initialization Function
 976:Core/Src/main.c ****   * @param None
 977:Core/Src/main.c ****   * @retval None
 978:Core/Src/main.c ****   */
 979:Core/Src/main.c **** static void MX_TIM11_Init(void)
 980:Core/Src/main.c **** {
 981:Core/Src/main.c **** 
 982:Core/Src/main.c ****   /* USER CODE BEGIN TIM11_Init 0 */
 983:Core/Src/main.c **** 
 984:Core/Src/main.c ****   /* USER CODE END TIM11_Init 0 */
 985:Core/Src/main.c **** 
 986:Core/Src/main.c ****   /* USER CODE BEGIN TIM11_Init 1 */
 987:Core/Src/main.c **** 
 988:Core/Src/main.c ****   /* USER CODE END TIM11_Init 1 */
 989:Core/Src/main.c ****   htim11.Instance = TIM11;
 990:Core/Src/main.c ****   htim11.Init.Prescaler = 24999;
 991:Core/Src/main.c ****   htim11.Init.CounterMode = TIM_COUNTERMODE_UP;
 992:Core/Src/main.c ****   htim11.Init.Period = 1000;
 993:Core/Src/main.c ****   htim11.Init.ClockDivision = TIM_CLOCKDIVISION_DIV1;
 994:Core/Src/main.c ****   htim11.Init.AutoReloadPreload = TIM_AUTORELOAD_PRELOAD_DISABLE;
 995:Core/Src/main.c ****   if (HAL_TIM_Base_Init(&htim11) != HAL_OK)
 996:Core/Src/main.c ****   {
 997:Core/Src/main.c ****     Error_Handler();
 998:Core/Src/main.c ****   }
 999:Core/Src/main.c ****   /* USER CODE BEGIN TIM11_Init 2 */
ARM GAS  C:\Users\joabk\AppData\Local\Temp\ccUHSZ0G.s 			page 19


1000:Core/Src/main.c **** 
1001:Core/Src/main.c **** 
1002:Core/Src/main.c ****   /* USER CODE END TIM11_Init 2 */
1003:Core/Src/main.c **** 
1004:Core/Src/main.c **** }
1005:Core/Src/main.c **** 
1006:Core/Src/main.c **** /**
1007:Core/Src/main.c ****   * Enable DMA controller clock
1008:Core/Src/main.c ****   */
1009:Core/Src/main.c **** static void MX_DMA_Init(void)
1010:Core/Src/main.c **** {
1011:Core/Src/main.c **** 
1012:Core/Src/main.c ****   /* DMA controller clock enable */
1013:Core/Src/main.c ****   __HAL_RCC_DMA2_CLK_ENABLE();
1014:Core/Src/main.c **** 
1015:Core/Src/main.c ****   /* DMA interrupt init */
1016:Core/Src/main.c ****   /* DMA2_Stream0_IRQn interrupt configuration */
1017:Core/Src/main.c ****   HAL_NVIC_SetPriority(DMA2_Stream0_IRQn, 0, 0);
1018:Core/Src/main.c ****   HAL_NVIC_EnableIRQ(DMA2_Stream0_IRQn);
1019:Core/Src/main.c **** 
1020:Core/Src/main.c **** }
1021:Core/Src/main.c **** 
1022:Core/Src/main.c **** /**
1023:Core/Src/main.c ****   * @brief GPIO Initialization Function
1024:Core/Src/main.c ****   * @param None
1025:Core/Src/main.c ****   * @retval None
1026:Core/Src/main.c ****   */
1027:Core/Src/main.c **** static void MX_GPIO_Init(void)
1028:Core/Src/main.c **** {
1029:Core/Src/main.c ****   GPIO_InitTypeDef GPIO_InitStruct = {0};
1030:Core/Src/main.c ****   /* USER CODE BEGIN MX_GPIO_Init_1 */
1031:Core/Src/main.c **** 
1032:Core/Src/main.c ****   /* USER CODE END MX_GPIO_Init_1 */
1033:Core/Src/main.c **** 
1034:Core/Src/main.c ****   /* GPIO Ports Clock Enable */
1035:Core/Src/main.c ****   __HAL_RCC_GPIOC_CLK_ENABLE();
1036:Core/Src/main.c ****   __HAL_RCC_GPIOH_CLK_ENABLE();
1037:Core/Src/main.c ****   __HAL_RCC_GPIOA_CLK_ENABLE();
1038:Core/Src/main.c ****   __HAL_RCC_GPIOB_CLK_ENABLE();
1039:Core/Src/main.c **** 
1040:Core/Src/main.c ****   /*Configure GPIO pin Output Level */
1041:Core/Src/main.c ****   HAL_GPIO_WritePin(LED_Board_GPIO_Port, LED_Board_Pin, GPIO_PIN_RESET);
1042:Core/Src/main.c **** 
1043:Core/Src/main.c ****   /*Configure GPIO pin Output Level */
1044:Core/Src/main.c ****   HAL_GPIO_WritePin(SD_CS_GPIO_Port, SD_CS_Pin, GPIO_PIN_SET);
1045:Core/Src/main.c **** 
1046:Core/Src/main.c ****   /*Configure GPIO pin Output Level */
1047:Core/Src/main.c ****   HAL_GPIO_WritePin(Lora_CS_GPIO_Port, Lora_CS_Pin, GPIO_PIN_SET);
1048:Core/Src/main.c **** 
1049:Core/Src/main.c ****   /*Configure GPIO pin Output Level */
1050:Core/Src/main.c ****   HAL_GPIO_WritePin(Lora_Reset_GPIO_Port, Lora_Reset_Pin, GPIO_PIN_RESET);
1051:Core/Src/main.c **** 
1052:Core/Src/main.c ****   /*Configure GPIO pin : LED_Board_Pin */
1053:Core/Src/main.c ****   GPIO_InitStruct.Pin = LED_Board_Pin;
1054:Core/Src/main.c ****   GPIO_InitStruct.Mode = GPIO_MODE_OUTPUT_PP;
1055:Core/Src/main.c ****   GPIO_InitStruct.Pull = GPIO_NOPULL;
1056:Core/Src/main.c ****   GPIO_InitStruct.Speed = GPIO_SPEED_FREQ_LOW;
ARM GAS  C:\Users\joabk\AppData\Local\Temp\ccUHSZ0G.s 			page 20


1057:Core/Src/main.c ****   HAL_GPIO_Init(LED_Board_GPIO_Port, &GPIO_InitStruct);
1058:Core/Src/main.c **** 
1059:Core/Src/main.c ****   /*Configure GPIO pins : PB_1_Pin PB_2_Pin */
1060:Core/Src/main.c ****   GPIO_InitStruct.Pin = PB_1_Pin|PB_2_Pin;
1061:Core/Src/main.c ****   GPIO_InitStruct.Mode = GPIO_MODE_IT_FALLING;
1062:Core/Src/main.c ****   GPIO_InitStruct.Pull = GPIO_PULLUP;
1063:Core/Src/main.c ****   HAL_GPIO_Init(GPIOC, &GPIO_InitStruct);
1064:Core/Src/main.c **** 
1065:Core/Src/main.c ****   /*Configure GPIO pin : PB_3_Pin */
1066:Core/Src/main.c ****   GPIO_InitStruct.Pin = PB_3_Pin;
1067:Core/Src/main.c ****   GPIO_InitStruct.Mode = GPIO_MODE_IT_FALLING;
1068:Core/Src/main.c ****   GPIO_InitStruct.Pull = GPIO_PULLUP;
1069:Core/Src/main.c ****   HAL_GPIO_Init(PB_3_GPIO_Port, &GPIO_InitStruct);
1070:Core/Src/main.c **** 
1071:Core/Src/main.c ****   /*Configure GPIO pin : SD_CD_Pin */
1072:Core/Src/main.c ****   GPIO_InitStruct.Pin = SD_CD_Pin;
1073:Core/Src/main.c ****   GPIO_InitStruct.Mode = GPIO_MODE_INPUT;
1074:Core/Src/main.c ****   GPIO_InitStruct.Pull = GPIO_PULLUP;
1075:Core/Src/main.c ****   HAL_GPIO_Init(SD_CD_GPIO_Port, &GPIO_InitStruct);
1076:Core/Src/main.c **** 
1077:Core/Src/main.c ****   /*Configure GPIO pin : SD_CS_Pin */
1078:Core/Src/main.c ****   GPIO_InitStruct.Pin = SD_CS_Pin;
1079:Core/Src/main.c ****   GPIO_InitStruct.Mode = GPIO_MODE_OUTPUT_PP;
1080:Core/Src/main.c ****   GPIO_InitStruct.Pull = GPIO_NOPULL;
1081:Core/Src/main.c ****   GPIO_InitStruct.Speed = GPIO_SPEED_FREQ_HIGH;
1082:Core/Src/main.c ****   HAL_GPIO_Init(SD_CS_GPIO_Port, &GPIO_InitStruct);
1083:Core/Src/main.c **** 
1084:Core/Src/main.c ****   /*Configure GPIO pin : Lora_CS_Pin */
1085:Core/Src/main.c ****   GPIO_InitStruct.Pin = Lora_CS_Pin;
1086:Core/Src/main.c ****   GPIO_InitStruct.Mode = GPIO_MODE_OUTPUT_PP;
1087:Core/Src/main.c ****   GPIO_InitStruct.Pull = GPIO_NOPULL;
1088:Core/Src/main.c ****   GPIO_InitStruct.Speed = GPIO_SPEED_FREQ_HIGH;
1089:Core/Src/main.c ****   HAL_GPIO_Init(Lora_CS_GPIO_Port, &GPIO_InitStruct);
1090:Core/Src/main.c **** 
1091:Core/Src/main.c ****   /*Configure GPIO pin : Lora_IRQ_Pin */
1092:Core/Src/main.c ****   GPIO_InitStruct.Pin = Lora_IRQ_Pin;
1093:Core/Src/main.c ****   GPIO_InitStruct.Mode = GPIO_MODE_IT_RISING;
1094:Core/Src/main.c ****   GPIO_InitStruct.Pull = GPIO_NOPULL;
1095:Core/Src/main.c ****   HAL_GPIO_Init(Lora_IRQ_GPIO_Port, &GPIO_InitStruct);
1096:Core/Src/main.c **** 
1097:Core/Src/main.c ****   /*Configure GPIO pin : Lora_Reset_Pin */
1098:Core/Src/main.c ****   GPIO_InitStruct.Pin = Lora_Reset_Pin;
1099:Core/Src/main.c ****   GPIO_InitStruct.Mode = GPIO_MODE_OUTPUT_PP;
1100:Core/Src/main.c ****   GPIO_InitStruct.Pull = GPIO_NOPULL;
1101:Core/Src/main.c ****   GPIO_InitStruct.Speed = GPIO_SPEED_FREQ_LOW;
1102:Core/Src/main.c ****   HAL_GPIO_Init(Lora_Reset_GPIO_Port, &GPIO_InitStruct);
1103:Core/Src/main.c **** 
1104:Core/Src/main.c ****   /* EXTI interrupt init*/
1105:Core/Src/main.c ****   HAL_NVIC_SetPriority(EXTI1_IRQn, 0, 0);
1106:Core/Src/main.c ****   HAL_NVIC_EnableIRQ(EXTI1_IRQn);
1107:Core/Src/main.c **** 
1108:Core/Src/main.c ****   HAL_NVIC_SetPriority(EXTI9_5_IRQn, 0, 0);
1109:Core/Src/main.c ****   HAL_NVIC_EnableIRQ(EXTI9_5_IRQn);
1110:Core/Src/main.c **** 
1111:Core/Src/main.c ****   HAL_NVIC_SetPriority(EXTI15_10_IRQn, 0, 0);
1112:Core/Src/main.c ****   HAL_NVIC_EnableIRQ(EXTI15_10_IRQn);
1113:Core/Src/main.c **** 
ARM GAS  C:\Users\joabk\AppData\Local\Temp\ccUHSZ0G.s 			page 21


1114:Core/Src/main.c ****   /* USER CODE BEGIN MX_GPIO_Init_2 */
1115:Core/Src/main.c **** 
1116:Core/Src/main.c ****   /* USER CODE END MX_GPIO_Init_2 */
1117:Core/Src/main.c **** }
1118:Core/Src/main.c **** 
1119:Core/Src/main.c **** /* USER CODE BEGIN 4 */
1120:Core/Src/main.c **** // ===============================================================================================
1121:Core/Src/main.c **** // Timer Interrupt Handler
1122:Core/Src/main.c **** // ===============================================================================================
1123:Core/Src/main.c **** void HAL_TIM_PeriodElapsedCallback(TIM_HandleTypeDef *htim)
1124:Core/Src/main.c **** {
1125:Core/Src/main.c ****   if (htim->Instance == TIM11)
1126:Core/Src/main.c ****   {
1127:Core/Src/main.c ****     HAL_GPIO_TogglePin(LED_Board_GPIO_Port,LED_Board_Pin);
1128:Core/Src/main.c ****     RTC_Update_Oled = 1;
1129:Core/Src/main.c ****   }
1130:Core/Src/main.c ****   if (htim->Instance == TIM10)
1131:Core/Src/main.c ****   {
1132:Core/Src/main.c ****     Atlas_Send_live = 1;
1133:Core/Src/main.c ****   }
1134:Core/Src/main.c ****   if (htim->Instance == TIM9)
1135:Core/Src/main.c ****   {
1136:Core/Src/main.c ****     Atlas_measure = 1;
1137:Core/Src/main.c ****   }
1138:Core/Src/main.c **** }
1139:Core/Src/main.c **** 
1140:Core/Src/main.c **** // ===============================================================================================
1141:Core/Src/main.c **** // GPIO Interrupt Handler
1142:Core/Src/main.c **** // ===============================================================================================
1143:Core/Src/main.c **** 
1144:Core/Src/main.c **** void HAL_GPIO_EXTI_Callback(uint16_t GPIO_Pin)
1145:Core/Src/main.c **** {
1146:Core/Src/main.c ****   if(GPIO_Pin == Lora_IRQ_Pin) // Check which pin triggered the interrupt
1147:Core/Src/main.c ****   {
1148:Core/Src/main.c ****     //LoRa_RX();
1149:Core/Src/main.c ****     if(SX1278.status == RX)   // only handle RxDone when actually in RX
1150:Core/Src/main.c ****     {
1151:Core/Src/main.c ****       LoRa_RX();
1152:Core/Src/main.c ****     } 
1153:Core/Src/main.c ****   }
1154:Core/Src/main.c ****   if(GPIO_Pin == PB_1_Pin)
1155:Core/Src/main.c ****   {
1156:Core/Src/main.c ****     static uint32_t last_press_time1 = 0;
1157:Core/Src/main.c ****     uint32_t current_time1 = HAL_GetTick(); 
1158:Core/Src/main.c **** 
1159:Core/Src/main.c ****     if ((current_time1 - last_press_time1) > 500) // 200ms debounce delay
1160:Core/Src/main.c ****     {
1161:Core/Src/main.c ****       HAL_GPIO_TogglePin(LED_Board_GPIO_Port,LED_Board_Pin);
1162:Core/Src/main.c ****       last_press_time1 = current_time1;
1163:Core/Src/main.c ****       PB1_Flag = 1;
1164:Core/Src/main.c ****       Calibrate_Flag = 1;
1165:Core/Src/main.c ****     }
1166:Core/Src/main.c ****   }
1167:Core/Src/main.c ****   if(GPIO_Pin == PB_2_Pin)
1168:Core/Src/main.c ****   {
1169:Core/Src/main.c ****     static uint32_t last_press_time2 = 0;
1170:Core/Src/main.c ****     uint32_t current_time2 = HAL_GetTick(); 
ARM GAS  C:\Users\joabk\AppData\Local\Temp\ccUHSZ0G.s 			page 22


1171:Core/Src/main.c **** 
1172:Core/Src/main.c ****     if ((current_time2 - last_press_time2) > 500) // 200ms debounce delay
1173:Core/Src/main.c ****     {
1174:Core/Src/main.c ****       HAL_GPIO_TogglePin(LED_Board_GPIO_Port,LED_Board_Pin);
1175:Core/Src/main.c ****       last_press_time2 = current_time2;
1176:Core/Src/main.c ****       PB2_Flag = 1;
1177:Core/Src/main.c ****     }
1178:Core/Src/main.c ****   }
1179:Core/Src/main.c ****   if(GPIO_Pin == PB_3_Pin)
1180:Core/Src/main.c ****   {
1181:Core/Src/main.c ****     static uint32_t last_press_time3 = 0;
1182:Core/Src/main.c ****     uint32_t current_time3 = HAL_GetTick(); 
1183:Core/Src/main.c **** 
1184:Core/Src/main.c ****     if ((current_time3 - last_press_time3) > 500) // 200ms debounce delay
1185:Core/Src/main.c ****     {
1186:Core/Src/main.c ****       HAL_GPIO_TogglePin(LED_Board_GPIO_Port,LED_Board_Pin);
1187:Core/Src/main.c ****       last_press_time3 = current_time3;
1188:Core/Src/main.c ****       PB3_Flag = 1;
1189:Core/Src/main.c ****     }
1190:Core/Src/main.c ****   }
1191:Core/Src/main.c **** }
1192:Core/Src/main.c **** 
1193:Core/Src/main.c **** // ===============================================================================================
1194:Core/Src/main.c **** // Lora Functions
1195:Core/Src/main.c **** // ===============================================================================================
1196:Core/Src/main.c **** uint8_t LoRa_Init()
1197:Core/Src/main.c **** {
1198:Core/Src/main.c **** 
1199:Core/Src/main.c ****   SX1278_hw_init(&SX1278_hw);
1200:Core/Src/main.c **** 
1201:Core/Src/main.c ****   // Step 2: perform a hard reset and wait for module to boot
1202:Core/Src/main.c ****   SX1278_hw_Reset(&SX1278_hw);   // pulls reset low then high, waits 100ms internally
1203:Core/Src/main.c ****   HAL_Delay(100);         
1204:Core/Src/main.c ****   if (LoRa_Detect(&SX1278))
1205:Core/Src/main.c ****   {
1206:Core/Src/main.c ****     SX1278_init(&SX1278, 433175000, SX1278_POWER_17DBM, SX1278_LORA_SF_10,
1207:Core/Src/main.c ****     SX1278_LORA_BW_125KHZ, SX1278_LORA_CR_4_5, SX1278_LORA_CRC_EN, 100);
1208:Core/Src/main.c **** 
1209:Core/Src/main.c ****     LoRa_ArmRX();
1210:Core/Src/main.c **** 
1211:Core/Src/main.c ****     LoRa_Connected = 1;
1212:Core/Src/main.c ****     return 1;
1213:Core/Src/main.c ****   }
1214:Core/Src/main.c ****   else
1215:Core/Src/main.c ****   {
1216:Core/Src/main.c ****     LoRa_Connected = 0;
1217:Core/Src/main.c ****     return 0;
1218:Core/Src/main.c ****   }
1219:Core/Src/main.c **** }
1220:Core/Src/main.c **** 
1221:Core/Src/main.c **** uint8_t LoRa_Detect(SX1278_t *module)
1222:Core/Src/main.c **** {
1223:Core/Src/main.c ****   uint8_t version = SX1278_SPIRead(module, REG_LR_VERSION);
1224:Core/Src/main.c ****   return (version == 0x12) ? 1 : 0;
1225:Core/Src/main.c **** }
1226:Core/Src/main.c **** 
1227:Core/Src/main.c **** 
ARM GAS  C:\Users\joabk\AppData\Local\Temp\ccUHSZ0G.s 			page 23


1228:Core/Src/main.c **** // uint8_t LoRa_TX(char *message)
1229:Core/Src/main.c **** // {
1230:Core/Src/main.c **** //   uint8_t msg_len = strlen(message);
1231:Core/Src/main.c **** //   if (msg_len == 0 || msg_len > 100) return 0;
1232:Core/Src/main.c **** 
1233:Core/Src/main.c **** //   if (SX1278_LoRaEntryTx(&SX1278, msg_len, 2000))
1234:Core/Src/main.c **** //   {
1235:Core/Src/main.c **** //     uint8_t result =  SX1278_LoRaTxPacket(&SX1278, (uint8_t*)message, msg_len, 2000);
1236:Core/Src/main.c **** //     LoRa_ArmRX();
1237:Core/Src/main.c **** //     return result;
1238:Core/Src/main.c **** //   }
1239:Core/Src/main.c **** //   return 0;
1240:Core/Src/main.c **** //}
1241:Core/Src/main.c **** 
1242:Core/Src/main.c **** uint8_t LoRa_TX(const char *message)
1243:Core/Src/main.c **** {
1244:Core/Src/main.c ****     uint8_t result = LoRa_TX_Continuous(message);
1245:Core/Src/main.c ****     LoRa_ArmRX();
1246:Core/Src/main.c ****     return result;
1247:Core/Src/main.c **** }
1248:Core/Src/main.c **** 
1249:Core/Src/main.c **** // uint8_t LoRa_TX_Continuous(char *message)
1250:Core/Src/main.c **** // {
1251:Core/Src/main.c **** //   uint8_t msg_len = strlen(message);
1252:Core/Src/main.c **** //   if (msg_len == 0 || msg_len > 100) return 0;
1253:Core/Src/main.c **** 
1254:Core/Src/main.c **** //   if (SX1278_LoRaEntryTx(&SX1278, msg_len, 2000))
1255:Core/Src/main.c **** //   {
1256:Core/Src/main.c **** //     uint8_t result =  SX1278_LoRaTxPacket(&SX1278, (uint8_t*)message, msg_len, 2000);
1257:Core/Src/main.c **** //     //LoRa_ArmRX();
1258:Core/Src/main.c **** //     return result;
1259:Core/Src/main.c **** //   }
1260:Core/Src/main.c **** //   return 0;
1261:Core/Src/main.c **** // }
1262:Core/Src/main.c **** 
1263:Core/Src/main.c **** uint8_t LoRa_TX_Continuous(const char *message)
1264:Core/Src/main.c **** {
1265:Core/Src/main.c ****     uint8_t msg_len = strlen(message);
1266:Core/Src/main.c ****     if (msg_len == 0 || msg_len > 100) return 0;
1267:Core/Src/main.c **** 
1268:Core/Src/main.c ****     // Lightweight TX setup — no SX1278_config, no 15ms delay
1269:Core/Src/main.c ****     SX1278_SPIWrite(&SX1278, REG_LR_PADAC,        0x87);  // PA boost
1270:Core/Src/main.c ****     SX1278_SPIWrite(&SX1278, LR_RegHopPeriod,     0x00);
1271:Core/Src/main.c ****     SX1278_SPIWrite(&SX1278, REG_LR_DIOMAPPING1,  0x41);  // DIO0 = TxDone
1272:Core/Src/main.c ****     SX1278_clearLoRaIrq(&SX1278);
1273:Core/Src/main.c ****     SX1278_SPIWrite(&SX1278, LR_RegIrqFlagsMask,  0xF7);
1274:Core/Src/main.c ****     SX1278_SPIWrite(&SX1278, LR_RegPayloadLength,  msg_len);
1275:Core/Src/main.c **** 
1276:Core/Src/main.c ****     uint8_t addr = SX1278_SPIRead(&SX1278, LR_RegFifoTxBaseAddr);
1277:Core/Src/main.c ****     SX1278_SPIWrite(&SX1278, LR_RegFifoAddrPtr, addr);
1278:Core/Src/main.c **** 
1279:Core/Src/main.c ****     SX1278.status = TX;  // set before firing so EXTI handler ignores DIO0
1280:Core/Src/main.c **** 
1281:Core/Src/main.c ****     // Write payload and fire
1282:Core/Src/main.c ****     SX1278_SPIBurstWrite(&SX1278, 0x00, (uint8_t*)message, msg_len);
1283:Core/Src/main.c ****     SX1278_SPIWrite(&SX1278, LR_RegOpMode, 0x8B);  // TX mode
1284:Core/Src/main.c **** 
ARM GAS  C:\Users\joabk\AppData\Local\Temp\ccUHSZ0G.s 			page 24


1285:Core/Src/main.c ****     // Poll for TxDone
1286:Core/Src/main.c ****     uint32_t deadline = HAL_GetTick() + 3000;
1287:Core/Src/main.c ****     while (!SX1278_hw_GetDIO0(SX1278.hw))
1288:Core/Src/main.c ****     {
1289:Core/Src/main.c ****         if (HAL_GetTick() > deadline) return 0;
1290:Core/Src/main.c ****     }
1291:Core/Src/main.c **** 
1292:Core/Src/main.c ****     SX1278_clearLoRaIrq(&SX1278);
1293:Core/Src/main.c ****     SX1278_SPIWrite(&SX1278, LR_RegOpMode, 0x89);  // back to LoRa standby
1294:Core/Src/main.c ****     SX1278.status = STANDBY;
1295:Core/Src/main.c **** 
1296:Core/Src/main.c ****     return 1;
1297:Core/Src/main.c **** }
1298:Core/Src/main.c **** 
1299:Core/Src/main.c **** // uint8_t LoRa_TX(char message[50])
1300:Core/Src/main.c **** // {
1301:Core/Src/main.c **** //   //message_length = sprintf(Lora_buffer, "Hello May, Chamber ID:0001, DO: 21.5, RTD: 31.0, DO: 
1302:Core/Src/main.c **** //   message_length = strlen(message);
1303:Core/Src/main.c **** 
1304:Core/Src/main.c **** //   if (message_length == 0 || message_length > 50)
1305:Core/Src/main.c **** //     return 0;  // guard against empty or oversized messages
1306:Core/Src/main.c **** 
1307:Core/Src/main.c **** //   if (LoRa_Detect(&SX1278))
1308:Core/Src/main.c **** //   {
1309:Core/Src/main.c **** //     ret = SX1278_LoRaEntryTx(&SX1278, message_length, 2000);
1310:Core/Src/main.c **** //     if (ret)
1311:Core/Src/main.c **** //     {
1312:Core/Src/main.c **** //       ret = SX1278_LoRaTxPacket(&SX1278, (uint8_t*) message, message_length, 2000);
1313:Core/Src/main.c **** 
1314:Core/Src/main.c **** //       SX1278_LoRaEntryRx(&SX1278, 100, 2000);
1315:Core/Src/main.c **** 
1316:Core/Src/main.c **** //       if(ret) return 1;
1317:Core/Src/main.c **** //       else return 0;
1318:Core/Src/main.c **** //     }
1319:Core/Src/main.c **** //     else return 0;
1320:Core/Src/main.c **** //   }
1321:Core/Src/main.c **** //   else
1322:Core/Src/main.c **** //   {
1323:Core/Src/main.c **** //     LoRa_Connected = 0;
1324:Core/Src/main.c **** //     return 0;
1325:Core/Src/main.c **** //   }
1326:Core/Src/main.c **** // }
1327:Core/Src/main.c **** 
1328:Core/Src/main.c **** // uint8_t LoRa_TX(char message[50])
1329:Core/Src/main.c **** // {
1330:Core/Src/main.c **** //   uint8_t msg_len = strlen(message);
1331:Core/Src/main.c **** 
1332:Core/Src/main.c **** //   if (msg_len == 0 || msg_len > 50)
1333:Core/Src/main.c **** //     return 0;
1334:Core/Src/main.c **** 
1335:Core/Src/main.c **** //   // Switch directly to TX mode without calling SX1278_LoRaEntryTx
1336:Core/Src/main.c **** //   // which calls SX1278_config (15ms sleep + full reconfigure) every time
1337:Core/Src/main.c **** //   SX1278_SPIWrite(&SX1278, REG_LR_PADAC, 0x87);              // TX power
1338:Core/Src/main.c **** //   SX1278_SPIWrite(&SX1278, LR_RegHopPeriod, 0x00);           // no FHSS
1339:Core/Src/main.c **** //   SX1278_SPIWrite(&SX1278, REG_LR_DIOMAPPING1, 0x41);        // DIO0 = TxDone
1340:Core/Src/main.c **** //   SX1278_clearLoRaIrq(&SX1278);
1341:Core/Src/main.c **** //   SX1278_SPIWrite(&SX1278, LR_RegIrqFlagsMask, 0xF7);        // unmask TxDone
ARM GAS  C:\Users\joabk\AppData\Local\Temp\ccUHSZ0G.s 			page 25


1342:Core/Src/main.c **** //   SX1278_SPIWrite(&SX1278, LR_RegPayloadLength, msg_len);
1343:Core/Src/main.c **** 
1344:Core/Src/main.c **** //   // Point FIFO to TX base
1345:Core/Src/main.c **** //   uint8_t addr = SX1278_SPIRead(&SX1278, LR_RegFifoTxBaseAddr);
1346:Core/Src/main.c **** //   SX1278_SPIWrite(&SX1278, LR_RegFifoAddrPtr, addr);
1347:Core/Src/main.c **** 
1348:Core/Src/main.c **** //   // Write payload to FIFO
1349:Core/Src/main.c **** //   SX1278_SPIBurstWrite(&SX1278, 0x00, (uint8_t*)message, msg_len);
1350:Core/Src/main.c **** 
1351:Core/Src/main.c **** //   // Fire TX
1352:Core/Src/main.c **** //   SX1278_SPIWrite(&SX1278, LR_RegOpMode, 0x8b);
1353:Core/Src/main.c **** 
1354:Core/Src/main.c **** //   // Wait for TxDone on DIO0 with timeout
1355:Core/Src/main.c **** //   uint32_t timeout = 500;
1356:Core/Src/main.c **** //   while (!SX1278_hw_GetDIO0(SX1278.hw))
1357:Core/Src/main.c **** //   {
1358:Core/Src/main.c **** //     if (--timeout == 0)
1359:Core/Src/main.c **** //     {
1360:Core/Src/main.c **** //       SX1278_hw_Reset(SX1278.hw);
1361:Core/Src/main.c **** //       // Full reinit needed after reset
1362:Core/Src/main.c **** //       SX1278_init(&SX1278, 433175000, SX1278_POWER_11DBM, SX1278_LORA_SF_7,
1363:Core/Src/main.c **** //           SX1278_LORA_BW_125KHZ, SX1278_LORA_CR_4_5, SX1278_LORA_CRC_EN, 100);
1364:Core/Src/main.c **** //       LoRa_ArmRX();
1365:Core/Src/main.c **** //       return 0;
1366:Core/Src/main.c **** //     }
1367:Core/Src/main.c **** //     SX1278_hw_DelayMs(1);
1368:Core/Src/main.c **** //   }
1369:Core/Src/main.c **** 
1370:Core/Src/main.c **** //   SX1278_clearLoRaIrq(&SX1278);
1371:Core/Src/main.c **** 
1372:Core/Src/main.c **** //   // Re-arm RX directly — no reconfigure
1373:Core/Src/main.c **** //   LoRa_ArmRX();
1374:Core/Src/main.c **** 
1375:Core/Src/main.c **** //   return 1;
1376:Core/Src/main.c **** // }
1377:Core/Src/main.c **** 
1378:Core/Src/main.c **** // static void LoRa_ArmRX()
1379:Core/Src/main.c **** // {
1380:Core/Src/main.c **** //     SX1278_SPIWrite(&SX1278, REG_LR_PADAC, 0x84);
1381:Core/Src/main.c **** //     SX1278_SPIWrite(&SX1278, LR_RegHopPeriod, 0xFF);
1382:Core/Src/main.c **** //     SX1278_SPIWrite(&SX1278, REG_LR_DIOMAPPING1, 0x01);        // DIO0 = RxDone
1383:Core/Src/main.c **** //     SX1278_SPIWrite(&SX1278, LR_RegIrqFlagsMask, 0x3F);        // unmask RxDone
1384:Core/Src/main.c **** //     SX1278_clearLoRaIrq(&SX1278);
1385:Core/Src/main.c **** //     SX1278_SPIWrite(&SX1278, LR_RegPayloadLength, 100);
1386:Core/Src/main.c **** //     uint8_t addr = SX1278_SPIRead(&SX1278, LR_RegFifoRxBaseAddr);
1387:Core/Src/main.c **** //     SX1278_SPIWrite(&SX1278, LR_RegFifoAddrPtr, addr);
1388:Core/Src/main.c **** //     SX1278_SPIWrite(&SX1278, LR_RegOpMode, 0x8d);              // continuous RX
1389:Core/Src/main.c **** //     SX1278.status = RX;
1390:Core/Src/main.c **** // }
1391:Core/Src/main.c **** 
1392:Core/Src/main.c **** static void LoRa_ArmRX()
1393:Core/Src/main.c **** {
1394:Core/Src/main.c ****   SX1278_LoRaEntryRx(&SX1278, 100, 2000);
1395:Core/Src/main.c **** }
1396:Core/Src/main.c **** 
1397:Core/Src/main.c **** // void LoRa_RX()
1398:Core/Src/main.c **** // {
ARM GAS  C:\Users\joabk\AppData\Local\Temp\ccUHSZ0G.s 			page 26


1399:Core/Src/main.c **** //   // Read packet out of the FIFO immediately
1400:Core/Src/main.c **** //   LoRa_RX_Length = SX1278_LoRaRxPacket(&SX1278);
1401:Core/Src/main.c **** 
1402:Core/Src/main.c **** //   if (LoRa_RX_Length > 0)
1403:Core/Src/main.c **** //   {
1404:Core/Src/main.c **** 
1405:Core/Src/main.c **** //     // Copy out of the module's internal time_buffer and null-terminate
1406:Core/Src/main.c **** //     if (LoRa_RX_Length >= sizeof(LoRa_RX_Buffer)) LoRa_RX_Length = sizeof(LoRa_RX_Buffer) - 1;
1407:Core/Src/main.c **** //     memcpy(LoRa_RX_Buffer, SX1278.rxBuffer, LoRa_RX_Length);
1408:Core/Src/main.c **** //     LoRa_RX_Buffer[LoRa_RX_Length] = '\0';  // always null-terminate
1409:Core/Src/main.c **** //     LoRa_RX_Flag = 1;  // signal main loop to process it
1410:Core/Src/main.c **** //     LoRa_RX_Counter++;
1411:Core/Src/main.c **** //   }
1412:Core/Src/main.c **** 
1413:Core/Src/main.c **** //   // Re-arm the receiver for the next packet
1414:Core/Src/main.c **** //   // Can't call SX1278_LoRaEntryRx here (it uses HAL_Delay)
1415:Core/Src/main.c **** //   // Instead just reset the FIFO pointer and clear IRQ
1416:Core/Src/main.c **** //   uint8_t addr = SX1278_SPIRead(&SX1278, LR_RegFifoRxBaseAddr);
1417:Core/Src/main.c **** //   SX1278_SPIWrite(&SX1278, LR_RegFifoAddrPtr, addr);
1418:Core/Src/main.c **** //   SX1278_clearLoRaIrq(&SX1278);
1419:Core/Src/main.c **** 
1420:Core/Src/main.c **** //   LoRa_ArmRX();
1421:Core/Src/main.c **** // }
1422:Core/Src/main.c **** 
1423:Core/Src/main.c **** void LoRa_RX()
1424:Core/Src/main.c **** {
1425:Core/Src/main.c ****     uint8_t len = SX1278_LoRaRxPacket(&SX1278);
1426:Core/Src/main.c ****     if (len > 0)
1427:Core/Src/main.c ****     {
1428:Core/Src/main.c ****         if (len >= sizeof(LoRa_RX_Buffer))
1429:Core/Src/main.c ****             len = sizeof(LoRa_RX_Buffer) - 1;
1430:Core/Src/main.c ****         memcpy(LoRa_RX_Buffer, SX1278.rxBuffer, len);
1431:Core/Src/main.c ****         LoRa_RX_Buffer[len] = '\0';
1432:Core/Src/main.c ****         LoRa_RX_Length = len;
1433:Core/Src/main.c ****         LoRa_RX_Flag = 1;
1434:Core/Src/main.c ****         //LoRa_RX_Counter++;
1435:Core/Src/main.c ****     }
1436:Core/Src/main.c ****     SX1278_clearLoRaIrq(&SX1278);
1437:Core/Src/main.c **** }
1438:Core/Src/main.c **** 
1439:Core/Src/main.c **** static uint8_t SD_DataDump(void)
1440:Core/Src/main.c **** {
1441:Core/Src/main.c ****     if (!SD_Connected) return 0;
1442:Core/Src/main.c **** 
1443:Core/Src/main.c ****     FATFS   FatFs;
1444:Core/Src/main.c ****     DIR     dir;
1445:Core/Src/main.c ****     FILINFO fno;
1446:Core/Src/main.c ****     FIL     fil;
1447:Core/Src/main.c ****     FRESULT fres;
1448:Core/Src/main.c **** 
1449:Core/Src/main.c ****     fres = f_mount(&FatFs, "", 1);
1450:Core/Src/main.c ****     if (fres != FR_OK) return 0;
1451:Core/Src/main.c **** 
1452:Core/Src/main.c ****     fres = f_opendir(&dir, "/");
1453:Core/Src/main.c ****     if (fres != FR_OK) { f_mount(NULL, "", 0); return 0; }
1454:Core/Src/main.c **** 
1455:Core/Src/main.c ****     uint16_t count = 0;
ARM GAS  C:\Users\joabk\AppData\Local\Temp\ccUHSZ0G.s 			page 27


1456:Core/Src/main.c ****     char tx_buf[100];
1457:Core/Src/main.c **** 
1458:Core/Src/main.c ****     while (1)
1459:Core/Src/main.c ****     {
1460:Core/Src/main.c ****         fres = f_readdir(&dir, &fno);
1461:Core/Src/main.c ****         // End of directory or error
1462:Core/Src/main.c ****         if (fres != FR_OK || fno.fname[0] == '\0') break;
1463:Core/Src/main.c ****         // Skip directories and non-CSV files
1464:Core/Src/main.c ****         if (fno.fattrib & AM_DIR) continue;
1465:Core/Src/main.c ****         if (strstr(fno.fname, "READING.CSV") == NULL) continue;
1466:Core/Src/main.c **** 
1467:Core/Src/main.c ****         // Open the file
1468:Core/Src/main.c ****         fres = f_open(&fil, fno.fname, FA_READ);
1469:Core/Src/main.c ****         if (fres != FR_OK) continue;
1470:Core/Src/main.c **** 
1471:Core/Src/main.c ****         // --- Parse the CSV ---
1472:Core/Src/main.c ****         // File format (after header):
1473:Core/Src/main.c ****         //   2025-05-10 12:30:00,DO_1,8.45
1474:Core/Src/main.c ****         //   2025-05-10 12:30:00,RTD_1,22.1
1475:Core/Src/main.c ****         //   2025-05-10 12:30:00,DO_2,7.90
1476:Core/Src/main.c ****         //   2025-05-10 12:30:00,RTD_2,21.5
1477:Core/Src/main.c **** 
1478:Core/Src/main.c ****         char line[60];
1479:Core/Src/main.c ****         char ts[20]   = "";
1480:Core/Src/main.c ****         char do1[16]  = "";
1481:Core/Src/main.c ****         char rtd1[16] = "";
1482:Core/Src/main.c ****         char do2[16]  = "";
1483:Core/Src/main.c ****         char rtd2[16] = "";
1484:Core/Src/main.c **** 
1485:Core/Src/main.c ****         // Skip header line
1486:Core/Src/main.c ****         f_gets(line, sizeof(line), &fil);
1487:Core/Src/main.c **** 
1488:Core/Src/main.c ****         // Read the 4 data lines
1489:Core/Src/main.c ****         while (f_gets(line, sizeof(line), &fil))
1490:Core/Src/main.c ****         {
1491:Core/Src/main.c ****             // Remove trailing newline
1492:Core/Src/main.c ****             line[strcspn(line, "\r\n")] = '\0';
1493:Core/Src/main.c **** 
1494:Core/Src/main.c ****             // Split: "YYYY-MM-DD HH:MM:SS,SENSOR,VALUE"
1495:Core/Src/main.c ****             char *col1 = strtok(line, ",");   // timestamp
1496:Core/Src/main.c ****             char *col2 = strtok(NULL, ",");   // sensor name
1497:Core/Src/main.c ****             char *col3 = strtok(NULL, ",");   // value
1498:Core/Src/main.c **** 
1499:Core/Src/main.c ****             if (!col1 || !col2 || !col3) continue;
1500:Core/Src/main.c **** 
1501:Core/Src/main.c ****             // Capture timestamp from first row (all rows share same timestamp)
1502:Core/Src/main.c ****             if (ts[0] == '\0') strncpy(ts, col1, sizeof(ts)-1);
1503:Core/Src/main.c **** 
1504:Core/Src/main.c ****             if      (strcmp(col2, "DO_1")  == 0) strncpy(do1,  col3, sizeof(do1)-1);
1505:Core/Src/main.c ****             else if (strcmp(col2, "RTD_1") == 0) strncpy(rtd1, col3, sizeof(rtd1)-1);
1506:Core/Src/main.c ****             else if (strcmp(col2, "DO_2")  == 0) strncpy(do2,  col3, sizeof(do2)-1);
1507:Core/Src/main.c ****             else if (strcmp(col2, "RTD_2") == 0) strncpy(rtd2, col3, sizeof(rtd2)-1);
1508:Core/Src/main.c ****         }
1509:Core/Src/main.c **** 
1510:Core/Src/main.c ****         f_close(&fil);
1511:Core/Src/main.c **** 
1512:Core/Src/main.c ****         // Convert timestamp "YYYY-MM-DD HH:MM:SS" → "YYYY_MM_DD_HH_MM_SS"
ARM GAS  C:\Users\joabk\AppData\Local\Temp\ccUHSZ0G.s 			page 28


1513:Core/Src/main.c ****         // Replace spaces, dashes, colons with underscores
1514:Core/Src/main.c ****         char ts_fmt[20] = "";
1515:Core/Src/main.c ****         strncpy(ts_fmt, ts, sizeof(ts_fmt)-1);
1516:Core/Src/main.c ****         for (int i = 0; ts_fmt[i]; i++) {
1517:Core/Src/main.c ****             if (ts_fmt[i] == ' ' || ts_fmt[i] == '-' || ts_fmt[i] == ':')
1518:Core/Src/main.c ****                 ts_fmt[i] = '_';
1519:Core/Src/main.c ****         }
1520:Core/Src/main.c **** 
1521:Core/Src/main.c ****         // Transmit Chamber 0 (DO_1 / RTD_1)
1522:Core/Src/main.c ****         snprintf(tx_buf, sizeof(tx_buf),
1523:Core/Src/main.c ****                  "TYPE:2,BUOY:0,CHAMBER:0,DO:%s,RTD:%s,TS:%s",
1524:Core/Src/main.c ****                  do1, rtd1, ts_fmt);
1525:Core/Src/main.c ****         LoRa_TX_Continuous(tx_buf);
1526:Core/Src/main.c **** 
1527:Core/Src/main.c ****         // Transmit Chamber 1 (DO_2 / RTD_2)
1528:Core/Src/main.c ****         snprintf(tx_buf, sizeof(tx_buf),
1529:Core/Src/main.c ****                  "TYPE:2,BUOY:0,CHAMBER:1,DO:%s,RTD:%s,TS:%s",
1530:Core/Src/main.c ****                  do2, rtd2, ts_fmt);
1531:Core/Src/main.c ****         LoRa_TX_Continuous(tx_buf);
1532:Core/Src/main.c **** 
1533:Core/Src/main.c ****         count++;
1534:Core/Src/main.c ****     }
1535:Core/Src/main.c **** 
1536:Core/Src/main.c ****     f_closedir(&dir);
1537:Core/Src/main.c ****     f_mount(NULL, "", 0);
1538:Core/Src/main.c **** 
1539:Core/Src/main.c ****     // Send the end-of-dump summary (count = number of readings, not packets)
1540:Core/Src/main.c ****     snprintf(tx_buf, sizeof(tx_buf), "TYPE:4,BUOY:0,COUNT:%u", count);
1541:Core/Src/main.c ****     LoRa_TX(tx_buf);
1542:Core/Src/main.c **** 
1543:Core/Src/main.c ****     return count;
1544:Core/Src/main.c **** }
1545:Core/Src/main.c **** 
1546:Core/Src/main.c **** // ===============================================================================================
1547:Core/Src/main.c **** // RTC Funtions
1548:Core/Src/main.c **** // ===============================================================================================
1549:Core/Src/main.c **** //function to convert binary coded decimal to normal decimal value.
1550:Core/Src/main.c **** static uint8_t RTC_Detect()
1551:Core/Src/main.c **** {
1552:Core/Src/main.c ****   if (HAL_I2C_IsDeviceReady(RTC_I2C, RTC_Addr, 3, 100) == HAL_OK) {
1553:Core/Src/main.c ****     return 1;
1554:Core/Src/main.c ****   } else {
1555:Core/Src/main.c ****     return 0;
1556:Core/Src/main.c ****   }
1557:Core/Src/main.c **** }
1558:Core/Src/main.c **** 
1559:Core/Src/main.c **** static uint8_t bcdtodec(const uint8_t val)
1560:Core/Src/main.c **** {
  29              		.loc 1 1560 1 view -0
  30              		.cfi_startproc
  31              		@ args = 0, pretend = 0, frame = 0
  32              		@ frame_needed = 0, uses_anonymous_args = 0
  33              		@ link register save eliminated.
1561:Core/Src/main.c ****   return ((val / 16 * 10) + (val % 16));
  34              		.loc 1 1561 3 view .LVU1
  35              		.loc 1 1561 34 is_stmt 0 view .LVU2
  36 0000 00F00F03 		and	r3, r0, #15
ARM GAS  C:\Users\joabk\AppData\Local\Temp\ccUHSZ0G.s 			page 29


  37              		.loc 1 1561 27 view .LVU3
  38 0004 0009     		lsrs	r0, r0, #4
  39              	.LVL1:
  40              		.loc 1 1561 27 view .LVU4
  41 0006 00EB8000 		add	r0, r0, r0, lsl #2
  42 000a 03EB4000 		add	r0, r3, r0, lsl #1
1562:Core/Src/main.c **** }
  43              		.loc 1 1562 1 view .LVU5
  44 000e C0B2     		uxtb	r0, r0
  45 0010 7047     		bx	lr
  46              		.cfi_endproc
  47              	.LFE247:
  49              		.section	.text.decimalbcd,"ax",%progbits
  50              		.align	1
  51              		.syntax unified
  52              		.thumb
  53              		.thumb_func
  55              	decimalbcd:
  56              	.LVL2:
  57              	.LFB248:
1563:Core/Src/main.c **** 
1564:Core/Src/main.c **** static uint8_t decimalbcd(uint8_t val)
1565:Core/Src/main.c **** {
  58              		.loc 1 1565 1 is_stmt 1 view -0
  59              		.cfi_startproc
  60              		@ args = 0, pretend = 0, frame = 0
  61              		@ frame_needed = 0, uses_anonymous_args = 0
  62              		@ link register save eliminated.
1566:Core/Src/main.c ****     return ((val / 10) << 4) | (val % 10);
  63              		.loc 1 1566 5 view .LVU7
  64              		.loc 1 1566 30 is_stmt 0 view .LVU8
  65 0000 064B     		ldr	r3, .L3
  66 0002 A3FB0023 		umull	r2, r3, r3, r0
  67 0006 DA08     		lsrs	r2, r3, #3
  68 0008 1346     		mov	r3, r2
  69 000a 02EB8202 		add	r2, r2, r2, lsl #2
  70 000e A0EB4200 		sub	r0, r0, r2, lsl #1
  71              	.LVL3:
  72              		.loc 1 1566 30 view .LVU9
  73 0012 40EA0310 		orr	r0, r0, r3, lsl #4
1567:Core/Src/main.c **** }
  74              		.loc 1 1567 1 view .LVU10
  75 0016 C0B2     		uxtb	r0, r0
  76 0018 7047     		bx	lr
  77              	.L4:
  78 001a 00BF     		.align	2
  79              	.L3:
  80 001c CDCCCCCC 		.word	-858993459
  81              		.cfi_endproc
  82              	.LFE248:
  84              		.section	.text.MX_GPIO_Init,"ax",%progbits
  85              		.align	1
  86              		.syntax unified
  87              		.thumb
  88              		.thumb_func
  90              	MX_GPIO_Init:
  91              	.LFB236:
ARM GAS  C:\Users\joabk\AppData\Local\Temp\ccUHSZ0G.s 			page 30


1028:Core/Src/main.c ****   GPIO_InitTypeDef GPIO_InitStruct = {0};
  92              		.loc 1 1028 1 is_stmt 1 view -0
  93              		.cfi_startproc
  94              		@ args = 0, pretend = 0, frame = 40
  95              		@ frame_needed = 0, uses_anonymous_args = 0
  96 0000 2DE9F043 		push	{r4, r5, r6, r7, r8, r9, lr}
  97              		.cfi_def_cfa_offset 28
  98              		.cfi_offset 4, -28
  99              		.cfi_offset 5, -24
 100              		.cfi_offset 6, -20
 101              		.cfi_offset 7, -16
 102              		.cfi_offset 8, -12
 103              		.cfi_offset 9, -8
 104              		.cfi_offset 14, -4
 105 0004 8BB0     		sub	sp, sp, #44
 106              		.cfi_def_cfa_offset 72
1029:Core/Src/main.c ****   /* USER CODE BEGIN MX_GPIO_Init_1 */
 107              		.loc 1 1029 3 view .LVU12
1029:Core/Src/main.c ****   /* USER CODE BEGIN MX_GPIO_Init_1 */
 108              		.loc 1 1029 20 is_stmt 0 view .LVU13
 109 0006 0024     		movs	r4, #0
 110 0008 0594     		str	r4, [sp, #20]
 111 000a 0694     		str	r4, [sp, #24]
 112 000c 0794     		str	r4, [sp, #28]
 113 000e 0894     		str	r4, [sp, #32]
 114 0010 0994     		str	r4, [sp, #36]
1035:Core/Src/main.c ****   __HAL_RCC_GPIOH_CLK_ENABLE();
 115              		.loc 1 1035 3 is_stmt 1 view .LVU14
 116              	.LBB4:
1035:Core/Src/main.c ****   __HAL_RCC_GPIOH_CLK_ENABLE();
 117              		.loc 1 1035 3 view .LVU15
 118 0012 0194     		str	r4, [sp, #4]
1035:Core/Src/main.c ****   __HAL_RCC_GPIOH_CLK_ENABLE();
 119              		.loc 1 1035 3 view .LVU16
 120 0014 564B     		ldr	r3, .L7
 121 0016 1A6B     		ldr	r2, [r3, #48]
 122 0018 42F00402 		orr	r2, r2, #4
 123 001c 1A63     		str	r2, [r3, #48]
1035:Core/Src/main.c ****   __HAL_RCC_GPIOH_CLK_ENABLE();
 124              		.loc 1 1035 3 view .LVU17
 125 001e 1A6B     		ldr	r2, [r3, #48]
 126 0020 02F00402 		and	r2, r2, #4
 127 0024 0192     		str	r2, [sp, #4]
1035:Core/Src/main.c ****   __HAL_RCC_GPIOH_CLK_ENABLE();
 128              		.loc 1 1035 3 view .LVU18
 129 0026 019A     		ldr	r2, [sp, #4]
 130              	.LBE4:
1035:Core/Src/main.c ****   __HAL_RCC_GPIOH_CLK_ENABLE();
 131              		.loc 1 1035 3 view .LVU19
1036:Core/Src/main.c ****   __HAL_RCC_GPIOA_CLK_ENABLE();
 132              		.loc 1 1036 3 view .LVU20
 133              	.LBB5:
1036:Core/Src/main.c ****   __HAL_RCC_GPIOA_CLK_ENABLE();
 134              		.loc 1 1036 3 view .LVU21
 135 0028 0294     		str	r4, [sp, #8]
1036:Core/Src/main.c ****   __HAL_RCC_GPIOA_CLK_ENABLE();
 136              		.loc 1 1036 3 view .LVU22
ARM GAS  C:\Users\joabk\AppData\Local\Temp\ccUHSZ0G.s 			page 31


 137 002a 1A6B     		ldr	r2, [r3, #48]
 138 002c 42F08002 		orr	r2, r2, #128
 139 0030 1A63     		str	r2, [r3, #48]
1036:Core/Src/main.c ****   __HAL_RCC_GPIOA_CLK_ENABLE();
 140              		.loc 1 1036 3 view .LVU23
 141 0032 1A6B     		ldr	r2, [r3, #48]
 142 0034 02F08002 		and	r2, r2, #128
 143 0038 0292     		str	r2, [sp, #8]
1036:Core/Src/main.c ****   __HAL_RCC_GPIOA_CLK_ENABLE();
 144              		.loc 1 1036 3 view .LVU24
 145 003a 029A     		ldr	r2, [sp, #8]
 146              	.LBE5:
1036:Core/Src/main.c ****   __HAL_RCC_GPIOA_CLK_ENABLE();
 147              		.loc 1 1036 3 view .LVU25
1037:Core/Src/main.c ****   __HAL_RCC_GPIOB_CLK_ENABLE();
 148              		.loc 1 1037 3 view .LVU26
 149              	.LBB6:
1037:Core/Src/main.c ****   __HAL_RCC_GPIOB_CLK_ENABLE();
 150              		.loc 1 1037 3 view .LVU27
 151 003c 0394     		str	r4, [sp, #12]
1037:Core/Src/main.c ****   __HAL_RCC_GPIOB_CLK_ENABLE();
 152              		.loc 1 1037 3 view .LVU28
 153 003e 1A6B     		ldr	r2, [r3, #48]
 154 0040 42F00102 		orr	r2, r2, #1
 155 0044 1A63     		str	r2, [r3, #48]
1037:Core/Src/main.c ****   __HAL_RCC_GPIOB_CLK_ENABLE();
 156              		.loc 1 1037 3 view .LVU29
 157 0046 1A6B     		ldr	r2, [r3, #48]
 158 0048 02F00102 		and	r2, r2, #1
 159 004c 0392     		str	r2, [sp, #12]
1037:Core/Src/main.c ****   __HAL_RCC_GPIOB_CLK_ENABLE();
 160              		.loc 1 1037 3 view .LVU30
 161 004e 039A     		ldr	r2, [sp, #12]
 162              	.LBE6:
1037:Core/Src/main.c ****   __HAL_RCC_GPIOB_CLK_ENABLE();
 163              		.loc 1 1037 3 view .LVU31
1038:Core/Src/main.c **** 
 164              		.loc 1 1038 3 view .LVU32
 165              	.LBB7:
1038:Core/Src/main.c **** 
 166              		.loc 1 1038 3 view .LVU33
 167 0050 0494     		str	r4, [sp, #16]
1038:Core/Src/main.c **** 
 168              		.loc 1 1038 3 view .LVU34
 169 0052 1A6B     		ldr	r2, [r3, #48]
 170 0054 42F00202 		orr	r2, r2, #2
 171 0058 1A63     		str	r2, [r3, #48]
1038:Core/Src/main.c **** 
 172              		.loc 1 1038 3 view .LVU35
 173 005a 1B6B     		ldr	r3, [r3, #48]
 174 005c 03F00203 		and	r3, r3, #2
 175 0060 0493     		str	r3, [sp, #16]
1038:Core/Src/main.c **** 
 176              		.loc 1 1038 3 view .LVU36
 177 0062 049B     		ldr	r3, [sp, #16]
 178              	.LBE7:
1038:Core/Src/main.c **** 
ARM GAS  C:\Users\joabk\AppData\Local\Temp\ccUHSZ0G.s 			page 32


 179              		.loc 1 1038 3 view .LVU37
1041:Core/Src/main.c **** 
 180              		.loc 1 1041 3 view .LVU38
 181 0064 434F     		ldr	r7, .L7+4
 182 0066 2246     		mov	r2, r4
 183 0068 4FF40051 		mov	r1, #8192
 184 006c 3846     		mov	r0, r7
 185 006e FFF7FEFF 		bl	HAL_GPIO_WritePin
 186              	.LVL4:
1044:Core/Src/main.c **** 
 187              		.loc 1 1044 3 view .LVU39
 188 0072 414D     		ldr	r5, .L7+8
 189 0074 0122     		movs	r2, #1
 190 0076 1021     		movs	r1, #16
 191 0078 2846     		mov	r0, r5
 192 007a FFF7FEFF 		bl	HAL_GPIO_WritePin
 193              	.LVL5:
1047:Core/Src/main.c **** 
 194              		.loc 1 1047 3 view .LVU40
 195 007e DFF8FC80 		ldr	r8, .L7+12
 196 0082 0122     		movs	r2, #1
 197 0084 4FF48051 		mov	r1, #4096
 198 0088 4046     		mov	r0, r8
 199 008a FFF7FEFF 		bl	HAL_GPIO_WritePin
 200              	.LVL6:
1050:Core/Src/main.c **** 
 201              		.loc 1 1050 3 view .LVU41
 202 008e 2246     		mov	r2, r4
 203 0090 4FF48061 		mov	r1, #1024
 204 0094 2846     		mov	r0, r5
 205 0096 FFF7FEFF 		bl	HAL_GPIO_WritePin
 206              	.LVL7:
1053:Core/Src/main.c ****   GPIO_InitStruct.Mode = GPIO_MODE_OUTPUT_PP;
 207              		.loc 1 1053 3 view .LVU42
1053:Core/Src/main.c ****   GPIO_InitStruct.Mode = GPIO_MODE_OUTPUT_PP;
 208              		.loc 1 1053 23 is_stmt 0 view .LVU43
 209 009a 4FF40053 		mov	r3, #8192
 210 009e 0593     		str	r3, [sp, #20]
1054:Core/Src/main.c ****   GPIO_InitStruct.Pull = GPIO_NOPULL;
 211              		.loc 1 1054 3 is_stmt 1 view .LVU44
1054:Core/Src/main.c ****   GPIO_InitStruct.Pull = GPIO_NOPULL;
 212              		.loc 1 1054 24 is_stmt 0 view .LVU45
 213 00a0 0126     		movs	r6, #1
 214 00a2 0696     		str	r6, [sp, #24]
1055:Core/Src/main.c ****   GPIO_InitStruct.Speed = GPIO_SPEED_FREQ_LOW;
 215              		.loc 1 1055 3 is_stmt 1 view .LVU46
1055:Core/Src/main.c ****   GPIO_InitStruct.Speed = GPIO_SPEED_FREQ_LOW;
 216              		.loc 1 1055 24 is_stmt 0 view .LVU47
 217 00a4 0794     		str	r4, [sp, #28]
1056:Core/Src/main.c ****   HAL_GPIO_Init(LED_Board_GPIO_Port, &GPIO_InitStruct);
 218              		.loc 1 1056 3 is_stmt 1 view .LVU48
1056:Core/Src/main.c ****   HAL_GPIO_Init(LED_Board_GPIO_Port, &GPIO_InitStruct);
 219              		.loc 1 1056 25 is_stmt 0 view .LVU49
 220 00a6 0894     		str	r4, [sp, #32]
1057:Core/Src/main.c **** 
 221              		.loc 1 1057 3 is_stmt 1 view .LVU50
 222 00a8 05A9     		add	r1, sp, #20
ARM GAS  C:\Users\joabk\AppData\Local\Temp\ccUHSZ0G.s 			page 33


 223 00aa 3846     		mov	r0, r7
 224 00ac FFF7FEFF 		bl	HAL_GPIO_Init
 225              	.LVL8:
1060:Core/Src/main.c ****   GPIO_InitStruct.Mode = GPIO_MODE_IT_FALLING;
 226              		.loc 1 1060 3 view .LVU51
1060:Core/Src/main.c ****   GPIO_InitStruct.Mode = GPIO_MODE_IT_FALLING;
 227              		.loc 1 1060 23 is_stmt 0 view .LVU52
 228 00b0 4FF44043 		mov	r3, #49152
 229 00b4 0593     		str	r3, [sp, #20]
1061:Core/Src/main.c ****   GPIO_InitStruct.Pull = GPIO_PULLUP;
 230              		.loc 1 1061 3 is_stmt 1 view .LVU53
1061:Core/Src/main.c ****   GPIO_InitStruct.Pull = GPIO_PULLUP;
 231              		.loc 1 1061 24 is_stmt 0 view .LVU54
 232 00b6 4FF40419 		mov	r9, #2162688
 233 00ba CDF81890 		str	r9, [sp, #24]
1062:Core/Src/main.c ****   HAL_GPIO_Init(GPIOC, &GPIO_InitStruct);
 234              		.loc 1 1062 3 is_stmt 1 view .LVU55
1062:Core/Src/main.c ****   HAL_GPIO_Init(GPIOC, &GPIO_InitStruct);
 235              		.loc 1 1062 24 is_stmt 0 view .LVU56
 236 00be 0796     		str	r6, [sp, #28]
1063:Core/Src/main.c **** 
 237              		.loc 1 1063 3 is_stmt 1 view .LVU57
 238 00c0 05A9     		add	r1, sp, #20
 239 00c2 3846     		mov	r0, r7
 240 00c4 FFF7FEFF 		bl	HAL_GPIO_Init
 241              	.LVL9:
1066:Core/Src/main.c ****   GPIO_InitStruct.Mode = GPIO_MODE_IT_FALLING;
 242              		.loc 1 1066 3 view .LVU58
1066:Core/Src/main.c ****   GPIO_InitStruct.Mode = GPIO_MODE_IT_FALLING;
 243              		.loc 1 1066 23 is_stmt 0 view .LVU59
 244 00c8 0227     		movs	r7, #2
 245 00ca 0597     		str	r7, [sp, #20]
1067:Core/Src/main.c ****   GPIO_InitStruct.Pull = GPIO_PULLUP;
 246              		.loc 1 1067 3 is_stmt 1 view .LVU60
1067:Core/Src/main.c ****   GPIO_InitStruct.Pull = GPIO_PULLUP;
 247              		.loc 1 1067 24 is_stmt 0 view .LVU61
 248 00cc CDF81890 		str	r9, [sp, #24]
1068:Core/Src/main.c ****   HAL_GPIO_Init(PB_3_GPIO_Port, &GPIO_InitStruct);
 249              		.loc 1 1068 3 is_stmt 1 view .LVU62
1068:Core/Src/main.c ****   HAL_GPIO_Init(PB_3_GPIO_Port, &GPIO_InitStruct);
 250              		.loc 1 1068 24 is_stmt 0 view .LVU63
 251 00d0 0796     		str	r6, [sp, #28]
1069:Core/Src/main.c **** 
 252              		.loc 1 1069 3 is_stmt 1 view .LVU64
 253 00d2 05A9     		add	r1, sp, #20
 254 00d4 2846     		mov	r0, r5
 255 00d6 FFF7FEFF 		bl	HAL_GPIO_Init
 256              	.LVL10:
1072:Core/Src/main.c ****   GPIO_InitStruct.Mode = GPIO_MODE_INPUT;
 257              		.loc 1 1072 3 view .LVU65
1072:Core/Src/main.c ****   GPIO_InitStruct.Mode = GPIO_MODE_INPUT;
 258              		.loc 1 1072 23 is_stmt 0 view .LVU66
 259 00da 0823     		movs	r3, #8
 260 00dc 0593     		str	r3, [sp, #20]
1073:Core/Src/main.c ****   GPIO_InitStruct.Pull = GPIO_PULLUP;
 261              		.loc 1 1073 3 is_stmt 1 view .LVU67
1073:Core/Src/main.c ****   GPIO_InitStruct.Pull = GPIO_PULLUP;
ARM GAS  C:\Users\joabk\AppData\Local\Temp\ccUHSZ0G.s 			page 34


 262              		.loc 1 1073 24 is_stmt 0 view .LVU68
 263 00de 0694     		str	r4, [sp, #24]
1074:Core/Src/main.c ****   HAL_GPIO_Init(SD_CD_GPIO_Port, &GPIO_InitStruct);
 264              		.loc 1 1074 3 is_stmt 1 view .LVU69
1074:Core/Src/main.c ****   HAL_GPIO_Init(SD_CD_GPIO_Port, &GPIO_InitStruct);
 265              		.loc 1 1074 24 is_stmt 0 view .LVU70
 266 00e0 0796     		str	r6, [sp, #28]
1075:Core/Src/main.c **** 
 267              		.loc 1 1075 3 is_stmt 1 view .LVU71
 268 00e2 05A9     		add	r1, sp, #20
 269 00e4 2846     		mov	r0, r5
 270 00e6 FFF7FEFF 		bl	HAL_GPIO_Init
 271              	.LVL11:
1078:Core/Src/main.c ****   GPIO_InitStruct.Mode = GPIO_MODE_OUTPUT_PP;
 272              		.loc 1 1078 3 view .LVU72
1078:Core/Src/main.c ****   GPIO_InitStruct.Mode = GPIO_MODE_OUTPUT_PP;
 273              		.loc 1 1078 23 is_stmt 0 view .LVU73
 274 00ea 1023     		movs	r3, #16
 275 00ec 0593     		str	r3, [sp, #20]
1079:Core/Src/main.c ****   GPIO_InitStruct.Pull = GPIO_NOPULL;
 276              		.loc 1 1079 3 is_stmt 1 view .LVU74
1079:Core/Src/main.c ****   GPIO_InitStruct.Pull = GPIO_NOPULL;
 277              		.loc 1 1079 24 is_stmt 0 view .LVU75
 278 00ee 0696     		str	r6, [sp, #24]
1080:Core/Src/main.c ****   GPIO_InitStruct.Speed = GPIO_SPEED_FREQ_HIGH;
 279              		.loc 1 1080 3 is_stmt 1 view .LVU76
1080:Core/Src/main.c ****   GPIO_InitStruct.Speed = GPIO_SPEED_FREQ_HIGH;
 280              		.loc 1 1080 24 is_stmt 0 view .LVU77
 281 00f0 0794     		str	r4, [sp, #28]
1081:Core/Src/main.c ****   HAL_GPIO_Init(SD_CS_GPIO_Port, &GPIO_InitStruct);
 282              		.loc 1 1081 3 is_stmt 1 view .LVU78
1081:Core/Src/main.c ****   HAL_GPIO_Init(SD_CS_GPIO_Port, &GPIO_InitStruct);
 283              		.loc 1 1081 25 is_stmt 0 view .LVU79
 284 00f2 0897     		str	r7, [sp, #32]
1082:Core/Src/main.c **** 
 285              		.loc 1 1082 3 is_stmt 1 view .LVU80
 286 00f4 05A9     		add	r1, sp, #20
 287 00f6 2846     		mov	r0, r5
 288 00f8 FFF7FEFF 		bl	HAL_GPIO_Init
 289              	.LVL12:
1085:Core/Src/main.c ****   GPIO_InitStruct.Mode = GPIO_MODE_OUTPUT_PP;
 290              		.loc 1 1085 3 view .LVU81
1085:Core/Src/main.c ****   GPIO_InitStruct.Mode = GPIO_MODE_OUTPUT_PP;
 291              		.loc 1 1085 23 is_stmt 0 view .LVU82
 292 00fc 4FF48053 		mov	r3, #4096
 293 0100 0593     		str	r3, [sp, #20]
1086:Core/Src/main.c ****   GPIO_InitStruct.Pull = GPIO_NOPULL;
 294              		.loc 1 1086 3 is_stmt 1 view .LVU83
1086:Core/Src/main.c ****   GPIO_InitStruct.Pull = GPIO_NOPULL;
 295              		.loc 1 1086 24 is_stmt 0 view .LVU84
 296 0102 0696     		str	r6, [sp, #24]
1087:Core/Src/main.c ****   GPIO_InitStruct.Speed = GPIO_SPEED_FREQ_HIGH;
 297              		.loc 1 1087 3 is_stmt 1 view .LVU85
1087:Core/Src/main.c ****   GPIO_InitStruct.Speed = GPIO_SPEED_FREQ_HIGH;
 298              		.loc 1 1087 24 is_stmt 0 view .LVU86
 299 0104 0794     		str	r4, [sp, #28]
1088:Core/Src/main.c ****   HAL_GPIO_Init(Lora_CS_GPIO_Port, &GPIO_InitStruct);
ARM GAS  C:\Users\joabk\AppData\Local\Temp\ccUHSZ0G.s 			page 35


 300              		.loc 1 1088 3 is_stmt 1 view .LVU87
1088:Core/Src/main.c ****   HAL_GPIO_Init(Lora_CS_GPIO_Port, &GPIO_InitStruct);
 301              		.loc 1 1088 25 is_stmt 0 view .LVU88
 302 0106 0897     		str	r7, [sp, #32]
1089:Core/Src/main.c **** 
 303              		.loc 1 1089 3 is_stmt 1 view .LVU89
 304 0108 05A9     		add	r1, sp, #20
 305 010a 4046     		mov	r0, r8
 306 010c FFF7FEFF 		bl	HAL_GPIO_Init
 307              	.LVL13:
1092:Core/Src/main.c ****   GPIO_InitStruct.Mode = GPIO_MODE_IT_RISING;
 308              		.loc 1 1092 3 view .LVU90
1092:Core/Src/main.c ****   GPIO_InitStruct.Mode = GPIO_MODE_IT_RISING;
 309              		.loc 1 1092 23 is_stmt 0 view .LVU91
 310 0110 4FF40073 		mov	r3, #512
 311 0114 0593     		str	r3, [sp, #20]
1093:Core/Src/main.c ****   GPIO_InitStruct.Pull = GPIO_NOPULL;
 312              		.loc 1 1093 3 is_stmt 1 view .LVU92
1093:Core/Src/main.c ****   GPIO_InitStruct.Pull = GPIO_NOPULL;
 313              		.loc 1 1093 24 is_stmt 0 view .LVU93
 314 0116 4FF48813 		mov	r3, #1114112
 315 011a 0693     		str	r3, [sp, #24]
1094:Core/Src/main.c ****   HAL_GPIO_Init(Lora_IRQ_GPIO_Port, &GPIO_InitStruct);
 316              		.loc 1 1094 3 is_stmt 1 view .LVU94
1094:Core/Src/main.c ****   HAL_GPIO_Init(Lora_IRQ_GPIO_Port, &GPIO_InitStruct);
 317              		.loc 1 1094 24 is_stmt 0 view .LVU95
 318 011c 0794     		str	r4, [sp, #28]
1095:Core/Src/main.c **** 
 319              		.loc 1 1095 3 is_stmt 1 view .LVU96
 320 011e 05A9     		add	r1, sp, #20
 321 0120 2846     		mov	r0, r5
 322 0122 FFF7FEFF 		bl	HAL_GPIO_Init
 323              	.LVL14:
1098:Core/Src/main.c ****   GPIO_InitStruct.Mode = GPIO_MODE_OUTPUT_PP;
 324              		.loc 1 1098 3 view .LVU97
1098:Core/Src/main.c ****   GPIO_InitStruct.Mode = GPIO_MODE_OUTPUT_PP;
 325              		.loc 1 1098 23 is_stmt 0 view .LVU98
 326 0126 4FF48063 		mov	r3, #1024
 327 012a 0593     		str	r3, [sp, #20]
1099:Core/Src/main.c ****   GPIO_InitStruct.Pull = GPIO_NOPULL;
 328              		.loc 1 1099 3 is_stmt 1 view .LVU99
1099:Core/Src/main.c ****   GPIO_InitStruct.Pull = GPIO_NOPULL;
 329              		.loc 1 1099 24 is_stmt 0 view .LVU100
 330 012c 0696     		str	r6, [sp, #24]
1100:Core/Src/main.c ****   GPIO_InitStruct.Speed = GPIO_SPEED_FREQ_LOW;
 331              		.loc 1 1100 3 is_stmt 1 view .LVU101
1100:Core/Src/main.c ****   GPIO_InitStruct.Speed = GPIO_SPEED_FREQ_LOW;
 332              		.loc 1 1100 24 is_stmt 0 view .LVU102
 333 012e 0794     		str	r4, [sp, #28]
1101:Core/Src/main.c ****   HAL_GPIO_Init(Lora_Reset_GPIO_Port, &GPIO_InitStruct);
 334              		.loc 1 1101 3 is_stmt 1 view .LVU103
1101:Core/Src/main.c ****   HAL_GPIO_Init(Lora_Reset_GPIO_Port, &GPIO_InitStruct);
 335              		.loc 1 1101 25 is_stmt 0 view .LVU104
 336 0130 0894     		str	r4, [sp, #32]
1102:Core/Src/main.c **** 
 337              		.loc 1 1102 3 is_stmt 1 view .LVU105
 338 0132 05A9     		add	r1, sp, #20
ARM GAS  C:\Users\joabk\AppData\Local\Temp\ccUHSZ0G.s 			page 36


 339 0134 2846     		mov	r0, r5
 340 0136 FFF7FEFF 		bl	HAL_GPIO_Init
 341              	.LVL15:
1105:Core/Src/main.c ****   HAL_NVIC_EnableIRQ(EXTI1_IRQn);
 342              		.loc 1 1105 3 view .LVU106
 343 013a 2246     		mov	r2, r4
 344 013c 2146     		mov	r1, r4
 345 013e 0720     		movs	r0, #7
 346 0140 FFF7FEFF 		bl	HAL_NVIC_SetPriority
 347              	.LVL16:
1106:Core/Src/main.c **** 
 348              		.loc 1 1106 3 view .LVU107
 349 0144 0720     		movs	r0, #7
 350 0146 FFF7FEFF 		bl	HAL_NVIC_EnableIRQ
 351              	.LVL17:
1108:Core/Src/main.c ****   HAL_NVIC_EnableIRQ(EXTI9_5_IRQn);
 352              		.loc 1 1108 3 view .LVU108
 353 014a 2246     		mov	r2, r4
 354 014c 2146     		mov	r1, r4
 355 014e 1720     		movs	r0, #23
 356 0150 FFF7FEFF 		bl	HAL_NVIC_SetPriority
 357              	.LVL18:
1109:Core/Src/main.c **** 
 358              		.loc 1 1109 3 view .LVU109
 359 0154 1720     		movs	r0, #23
 360 0156 FFF7FEFF 		bl	HAL_NVIC_EnableIRQ
 361              	.LVL19:
1111:Core/Src/main.c ****   HAL_NVIC_EnableIRQ(EXTI15_10_IRQn);
 362              		.loc 1 1111 3 view .LVU110
 363 015a 2246     		mov	r2, r4
 364 015c 2146     		mov	r1, r4
 365 015e 2820     		movs	r0, #40
 366 0160 FFF7FEFF 		bl	HAL_NVIC_SetPriority
 367              	.LVL20:
1112:Core/Src/main.c **** 
 368              		.loc 1 1112 3 view .LVU111
 369 0164 2820     		movs	r0, #40
 370 0166 FFF7FEFF 		bl	HAL_NVIC_EnableIRQ
 371              	.LVL21:
1117:Core/Src/main.c **** 
 372              		.loc 1 1117 1 is_stmt 0 view .LVU112
 373 016a 0BB0     		add	sp, sp, #44
 374              		.cfi_def_cfa_offset 28
 375              		@ sp needed
 376 016c BDE8F083 		pop	{r4, r5, r6, r7, r8, r9, pc}
 377              	.L8:
 378              		.align	2
 379              	.L7:
 380 0170 00380240 		.word	1073887232
 381 0174 00080240 		.word	1073874944
 382 0178 00000240 		.word	1073872896
 383 017c 00040240 		.word	1073873920
 384              		.cfi_endproc
 385              	.LFE236:
 387              		.section	.text.MX_DMA_Init,"ax",%progbits
 388              		.align	1
 389              		.syntax unified
ARM GAS  C:\Users\joabk\AppData\Local\Temp\ccUHSZ0G.s 			page 37


 390              		.thumb
 391              		.thumb_func
 393              	MX_DMA_Init:
 394              	.LFB235:
1010:Core/Src/main.c **** 
 395              		.loc 1 1010 1 is_stmt 1 view -0
 396              		.cfi_startproc
 397              		@ args = 0, pretend = 0, frame = 8
 398              		@ frame_needed = 0, uses_anonymous_args = 0
 399 0000 00B5     		push	{lr}
 400              		.cfi_def_cfa_offset 4
 401              		.cfi_offset 14, -4
 402 0002 83B0     		sub	sp, sp, #12
 403              		.cfi_def_cfa_offset 16
1013:Core/Src/main.c **** 
 404              		.loc 1 1013 3 view .LVU114
 405              	.LBB8:
1013:Core/Src/main.c **** 
 406              		.loc 1 1013 3 view .LVU115
 407 0004 0021     		movs	r1, #0
 408 0006 0191     		str	r1, [sp, #4]
1013:Core/Src/main.c **** 
 409              		.loc 1 1013 3 view .LVU116
 410 0008 094B     		ldr	r3, .L11
 411 000a 1A6B     		ldr	r2, [r3, #48]
 412 000c 42F48002 		orr	r2, r2, #4194304
 413 0010 1A63     		str	r2, [r3, #48]
1013:Core/Src/main.c **** 
 414              		.loc 1 1013 3 view .LVU117
 415 0012 1B6B     		ldr	r3, [r3, #48]
 416 0014 03F48003 		and	r3, r3, #4194304
 417 0018 0193     		str	r3, [sp, #4]
1013:Core/Src/main.c **** 
 418              		.loc 1 1013 3 view .LVU118
 419 001a 019B     		ldr	r3, [sp, #4]
 420              	.LBE8:
1013:Core/Src/main.c **** 
 421              		.loc 1 1013 3 view .LVU119
1017:Core/Src/main.c ****   HAL_NVIC_EnableIRQ(DMA2_Stream0_IRQn);
 422              		.loc 1 1017 3 view .LVU120
 423 001c 0A46     		mov	r2, r1
 424 001e 3820     		movs	r0, #56
 425 0020 FFF7FEFF 		bl	HAL_NVIC_SetPriority
 426              	.LVL22:
1018:Core/Src/main.c **** 
 427              		.loc 1 1018 3 view .LVU121
 428 0024 3820     		movs	r0, #56
 429 0026 FFF7FEFF 		bl	HAL_NVIC_EnableIRQ
 430              	.LVL23:
1020:Core/Src/main.c **** 
 431              		.loc 1 1020 1 is_stmt 0 view .LVU122
 432 002a 03B0     		add	sp, sp, #12
 433              		.cfi_def_cfa_offset 4
 434              		@ sp needed
 435 002c 5DF804FB 		ldr	pc, [sp], #4
 436              	.L12:
 437              		.align	2
ARM GAS  C:\Users\joabk\AppData\Local\Temp\ccUHSZ0G.s 			page 38


 438              	.L11:
 439 0030 00380240 		.word	1073887232
 440              		.cfi_endproc
 441              	.LFE235:
 443              		.section	.text.RTC_Detect,"ax",%progbits
 444              		.align	1
 445              		.syntax unified
 446              		.thumb
 447              		.thumb_func
 449              	RTC_Detect:
 450              	.LFB246:
1551:Core/Src/main.c ****   if (HAL_I2C_IsDeviceReady(RTC_I2C, RTC_Addr, 3, 100) == HAL_OK) {
 451              		.loc 1 1551 1 is_stmt 1 view -0
 452              		.cfi_startproc
 453              		@ args = 0, pretend = 0, frame = 0
 454              		@ frame_needed = 0, uses_anonymous_args = 0
 455 0000 08B5     		push	{r3, lr}
 456              		.cfi_def_cfa_offset 8
 457              		.cfi_offset 3, -8
 458              		.cfi_offset 14, -4
1552:Core/Src/main.c ****     return 1;
 459              		.loc 1 1552 3 view .LVU124
1552:Core/Src/main.c ****     return 1;
 460              		.loc 1 1552 7 is_stmt 0 view .LVU125
 461 0002 6423     		movs	r3, #100
 462 0004 0322     		movs	r2, #3
 463 0006 D021     		movs	r1, #208
 464 0008 0448     		ldr	r0, .L17
 465 000a 0068     		ldr	r0, [r0]
 466 000c FFF7FEFF 		bl	HAL_I2C_IsDeviceReady
 467              	.LVL24:
1552:Core/Src/main.c ****     return 1;
 468              		.loc 1 1552 6 discriminator 1 view .LVU126
 469 0010 08B9     		cbnz	r0, .L15
1553:Core/Src/main.c ****   } else {
 470              		.loc 1 1553 12 view .LVU127
 471 0012 0120     		movs	r0, #1
 472              	.L14:
1557:Core/Src/main.c **** 
 473              		.loc 1 1557 1 view .LVU128
 474 0014 08BD     		pop	{r3, pc}
 475              	.L15:
1555:Core/Src/main.c ****   }
 476              		.loc 1 1555 12 view .LVU129
 477 0016 0020     		movs	r0, #0
 478 0018 FCE7     		b	.L14
 479              	.L18:
 480 001a 00BF     		.align	2
 481              	.L17:
 482 001c 00000000 		.word	RTC_I2C
 483              		.cfi_endproc
 484              	.LFE246:
 486              		.section	.text.Atlas_Detect,"ax",%progbits
 487              		.align	1
 488              		.syntax unified
 489              		.thumb
 490              		.thumb_func
ARM GAS  C:\Users\joabk\AppData\Local\Temp\ccUHSZ0G.s 			page 39


 492              	Atlas_Detect:
 493              	.LVL25:
 494              	.LFB256:
1568:Core/Src/main.c **** 
1569:Core/Src/main.c **** static uint32_t RTC_Get_Time(I2C_HandleTypeDef *hi2c)
1570:Core/Src/main.c **** {
1571:Core/Src/main.c ****     uint8_t Year, Month, Day, Hour, Minute, Second;
1572:Core/Src/main.c **** 
1573:Core/Src/main.c ****     HAL_I2C_Mem_Read(hi2c, RTC_Addr, RTC_Year,   1, &Year,   1, HAL_MAX_DELAY);
1574:Core/Src/main.c ****     HAL_I2C_Mem_Read(hi2c, RTC_Addr, RTC_Month,  1, &Month,  1, HAL_MAX_DELAY);
1575:Core/Src/main.c ****     HAL_I2C_Mem_Read(hi2c, RTC_Addr, RTC_Day,    1, &Day,    1, HAL_MAX_DELAY);
1576:Core/Src/main.c ****     HAL_I2C_Mem_Read(hi2c, RTC_Addr, RTC_Hour,   1, &Hour,   1, HAL_MAX_DELAY);
1577:Core/Src/main.c ****     HAL_I2C_Mem_Read(hi2c, RTC_Addr, RTC_Minute, 1, &Minute, 1, HAL_MAX_DELAY);
1578:Core/Src/main.c ****     HAL_I2C_Mem_Read(hi2c, RTC_Addr, RTC_Second, 1, &Second, 1, HAL_MAX_DELAY);
1579:Core/Src/main.c **** 
1580:Core/Src/main.c ****     // Mask status bits BEFORE BCD conversion
1581:Core/Src/main.c ****     Year   = bcdtodec(Year);
1582:Core/Src/main.c ****     Month  = bcdtodec(Month  & 0x1F); // mask century bit
1583:Core/Src/main.c ****     Day    = bcdtodec(Day    & 0x3F);
1584:Core/Src/main.c ****     Hour   = bcdtodec(Hour   & 0x3F); // mask 12/24hr bit
1585:Core/Src/main.c ****     Minute = bcdtodec(Minute & 0x7F);
1586:Core/Src/main.c ****     Second = bcdtodec(Second & 0x7F);
1587:Core/Src/main.c **** 
1588:Core/Src/main.c ****     return get_unix_timestamp(2000 + Year, Month, Day, Hour, Minute, Second);
1589:Core/Src/main.c **** }
1590:Core/Src/main.c **** 
1591:Core/Src/main.c **** static void RTC_Set_Time_Once(I2C_HandleTypeDef *hi2c)
1592:Core/Src/main.c **** {
1593:Core/Src/main.c ****     // Check if time has already been set
1594:Core/Src/main.c ****     uint8_t magic = 0;
1595:Core/Src/main.c ****     HAL_I2C_Mem_Read(hi2c, RTC_Addr, RTC_MAGIC_REG, 1, &magic, 1, HAL_MAX_DELAY);
1596:Core/Src/main.c ****     
1597:Core/Src/main.c ****     if (magic == RTC_MAGIC_VAL)
1598:Core/Src/main.c ****         return; // Already set, skip
1599:Core/Src/main.c **** 
1600:Core/Src/main.c ****     // Parse compile-time strings into numbers
1601:Core/Src/main.c ****     // __DATE__ is "Mon DD YYYY" e.g. "Apr 22 2026"
1602:Core/Src/main.c ****     // __TIME__ is "HH:MM:SS"   e.g. "14:30:00"
1603:Core/Src/main.c ****     char date[] = __DATE__;
1604:Core/Src/main.c ****     char time[] = __TIME__;
1605:Core/Src/main.c **** 
1606:Core/Src/main.c ****     uint8_t day    = ((date[4] == ' ') ? 0 : (date[4] - '0')) * 10 + (date[5] - '0');
1607:Core/Src/main.c ****     uint16_t year  = (date[7]-'0')*1000 + (date[8]-'0')*100 + (date[9]-'0')*10 + (date[10]-'0');
1608:Core/Src/main.c ****     uint8_t hour   = (time[0]-'0')*10 + (time[1]-'0');
1609:Core/Src/main.c ****     uint8_t minute = (time[3]-'0')*10 + (time[4]-'0');
1610:Core/Src/main.c ****     uint8_t second = (time[6]-'0')*10 + (time[7]-'0');
1611:Core/Src/main.c **** 
1612:Core/Src/main.c ****     // Parse month string
1613:Core/Src/main.c ****     const char *months = "JanFebMarAprMayJunJulAugSepOctNovDec";
1614:Core/Src/main.c ****     uint8_t month = 1;
1615:Core/Src/main.c ****     for (int i = 0; i < 12; i++) {
1616:Core/Src/main.c ****         if (strncmp(&months[i*3], date, 3) == 0) {
1617:Core/Src/main.c ****             month = i + 1;
1618:Core/Src/main.c ****             break;
1619:Core/Src/main.c ****         }
1620:Core/Src/main.c ****     }
1621:Core/Src/main.c **** 
ARM GAS  C:\Users\joabk\AppData\Local\Temp\ccUHSZ0G.s 			page 40


1622:Core/Src/main.c ****     // Write to DS3231 registers in BCD
1623:Core/Src/main.c ****     uint8_t reg_val;
1624:Core/Src/main.c **** 
1625:Core/Src/main.c ****     reg_val = decimalbcd(second);
1626:Core/Src/main.c ****     HAL_I2C_Mem_Write(hi2c, RTC_Addr, RTC_Second, 1, &reg_val, 1, HAL_MAX_DELAY);
1627:Core/Src/main.c **** 
1628:Core/Src/main.c ****     reg_val = decimalbcd(minute);
1629:Core/Src/main.c ****     HAL_I2C_Mem_Write(hi2c, RTC_Addr, RTC_Minute, 1, &reg_val, 1, HAL_MAX_DELAY);
1630:Core/Src/main.c **** 
1631:Core/Src/main.c ****     reg_val = decimalbcd(hour);
1632:Core/Src/main.c ****     HAL_I2C_Mem_Write(hi2c, RTC_Addr, RTC_Hour, 1, &reg_val, 1, HAL_MAX_DELAY);
1633:Core/Src/main.c **** 
1634:Core/Src/main.c ****     reg_val = decimalbcd(day);
1635:Core/Src/main.c ****     HAL_I2C_Mem_Write(hi2c, RTC_Addr, RTC_Day, 1, &reg_val, 1, HAL_MAX_DELAY);
1636:Core/Src/main.c **** 
1637:Core/Src/main.c ****     reg_val = decimalbcd(month);
1638:Core/Src/main.c ****     HAL_I2C_Mem_Write(hi2c, RTC_Addr, RTC_Month, 1, &reg_val, 1, HAL_MAX_DELAY);
1639:Core/Src/main.c **** 
1640:Core/Src/main.c ****     reg_val = decimalbcd(year % 100); // DS3231 only stores last 2 digits
1641:Core/Src/main.c ****     HAL_I2C_Mem_Write(hi2c, RTC_Addr, RTC_Year, 1, &reg_val, 1, HAL_MAX_DELAY);
1642:Core/Src/main.c **** 
1643:Core/Src/main.c ****     // Write magic flag so we never set time again
1644:Core/Src/main.c ****     reg_val = RTC_MAGIC_VAL;
1645:Core/Src/main.c ****     HAL_I2C_Mem_Write(hi2c, RTC_Addr, RTC_MAGIC_REG, 1, &reg_val, 1, HAL_MAX_DELAY);
1646:Core/Src/main.c **** }
1647:Core/Src/main.c **** 
1648:Core/Src/main.c **** static void RTC_Set_Time(I2C_HandleTypeDef *hi2c,char *Time)
1649:Core/Src/main.c **** {
1650:Core/Src/main.c ****     // __DATE__ is "YYYY:MM:DD:HH:MM:SS"
1651:Core/Src/main.c **** 
1652:Core/Src/main.c ****     uint16_t year = (Time[0]-'0')*1000 + (Time[1]-'0')*100 + (Time[2]-'0')*10 + (Time[3]-'0');
1653:Core/Src/main.c ****     uint8_t month = (Time[5]-'0')*10 + (Time[6]-'0');
1654:Core/Src/main.c ****     uint8_t day = (Time[8]-'0')*10 + (Time[9]-'0');
1655:Core/Src/main.c ****     uint8_t hour = (Time[11]-'0')*10 + (Time[12]-'0');
1656:Core/Src/main.c ****     uint8_t minute = (Time[14]-'0')*10 + (Time[15]-'0');
1657:Core/Src/main.c ****     uint8_t second = (Time[17]-'0')*10 + (Time[18]-'0');
1658:Core/Src/main.c **** 
1659:Core/Src/main.c ****     // Write to DS3231 registers in BCD
1660:Core/Src/main.c ****     uint8_t reg_val;
1661:Core/Src/main.c **** 
1662:Core/Src/main.c ****     reg_val = decimalbcd(second);
1663:Core/Src/main.c ****     HAL_I2C_Mem_Write(hi2c, RTC_Addr, RTC_Second, 1, &reg_val, 1, HAL_MAX_DELAY);
1664:Core/Src/main.c **** 
1665:Core/Src/main.c ****     reg_val = decimalbcd(minute);
1666:Core/Src/main.c ****     HAL_I2C_Mem_Write(hi2c, RTC_Addr, RTC_Minute, 1, &reg_val, 1, HAL_MAX_DELAY);
1667:Core/Src/main.c **** 
1668:Core/Src/main.c ****     reg_val = decimalbcd(hour);
1669:Core/Src/main.c ****     HAL_I2C_Mem_Write(hi2c, RTC_Addr, RTC_Hour, 1, &reg_val, 1, HAL_MAX_DELAY);
1670:Core/Src/main.c **** 
1671:Core/Src/main.c ****     reg_val = decimalbcd(day);
1672:Core/Src/main.c ****     HAL_I2C_Mem_Write(hi2c, RTC_Addr, RTC_Day, 1, &reg_val, 1, HAL_MAX_DELAY);
1673:Core/Src/main.c **** 
1674:Core/Src/main.c ****     reg_val = decimalbcd(month);
1675:Core/Src/main.c ****     HAL_I2C_Mem_Write(hi2c, RTC_Addr, RTC_Month, 1, &reg_val, 1, HAL_MAX_DELAY);
1676:Core/Src/main.c **** 
1677:Core/Src/main.c ****     reg_val = decimalbcd(year % 100); // DS3231 only stores last 2 digits
1678:Core/Src/main.c ****     HAL_I2C_Mem_Write(hi2c, RTC_Addr, RTC_Year, 1, &reg_val, 1, HAL_MAX_DELAY);
ARM GAS  C:\Users\joabk\AppData\Local\Temp\ccUHSZ0G.s 			page 41


1679:Core/Src/main.c **** 
1680:Core/Src/main.c ****     // Write magic flag so we never set time again
1681:Core/Src/main.c ****     reg_val = RTC_MAGIC_VAL;
1682:Core/Src/main.c ****     HAL_I2C_Mem_Write(hi2c, RTC_Addr, RTC_MAGIC_REG, 1, &reg_val, 1, HAL_MAX_DELAY);
1683:Core/Src/main.c **** }
1684:Core/Src/main.c **** 
1685:Core/Src/main.c **** static uint32_t get_unix_timestamp(uint16_t year, uint8_t month, uint8_t day, 
1686:Core/Src/main.c ****                            uint8_t hour, uint8_t min, uint8_t sec) 
1687:Core/Src/main.c **** {
1688:Core/Src/main.c ****     struct tm t;
1689:Core/Src/main.c ****     time_t t_of_day;
1690:Core/Src/main.c **** 
1691:Core/Src/main.c ****     // Standard C struct tm requirements:
1692:Core/Src/main.c ****     t.tm_year = year - 1900;  // Year since 1900
1693:Core/Src/main.c ****     t.tm_mon = month - 1;     // Month, 0 - 11
1694:Core/Src/main.c ****     t.tm_mday = day;          // Day of the month
1695:Core/Src/main.c ****     t.tm_hour = hour;
1696:Core/Src/main.c ****     t.tm_min = min;
1697:Core/Src/main.c ****     t.tm_sec = sec;
1698:Core/Src/main.c ****     t.tm_isdst = -1;          // Is Daylight Savings Time on? -1 = let the library decide
1699:Core/Src/main.c **** 
1700:Core/Src/main.c ****     t_of_day = mktime(&t);
1701:Core/Src/main.c **** 
1702:Core/Src/main.c ****     return (uint32_t)t_of_day;
1703:Core/Src/main.c **** }
1704:Core/Src/main.c **** 
1705:Core/Src/main.c **** // ===============================================================================================
1706:Core/Src/main.c **** // OLED Functions
1707:Core/Src/main.c **** // ===============================================================================================
1708:Core/Src/main.c **** /**
1709:Core/Src/main.c ****   * @brief OLED Write Function
1710:Core/Src/main.c ****   * @param uint8_t X_Position
1711:Core/Src/main.c ****   * @param uint8_t Y_Position
1712:Core/Src/main.c ****   * @param char text[18]
1713:Core/Src/main.c ****   * @retval None
1714:Core/Src/main.c ****   */
1715:Core/Src/main.c **** static void write_OLED(uint8_t pos_x, uint8_t pos_y, char text[18])
1716:Core/Src/main.c **** {
1717:Core/Src/main.c ****   ssd1306_SetCursor(pos_x*7, pos_y*10);
1718:Core/Src/main.c ****   ssd1306_WriteString(text, Font_7x10, White); //Write some text to the Oled module
1719:Core/Src/main.c **** 
1720:Core/Src/main.c ****   ssd1306_UpdateScreen(Oled_I2C);
1721:Core/Src/main.c **** }
1722:Core/Src/main.c **** 
1723:Core/Src/main.c **** // ===============================================================================================
1724:Core/Src/main.c **** // SD Functions
1725:Core/Src/main.c **** // ===============================================================================================
1726:Core/Src/main.c **** 
1727:Core/Src/main.c **** static uint8_t SD_Detect()
1728:Core/Src/main.c **** {
1729:Core/Src/main.c ****   SD_Connected = HAL_GPIO_ReadPin(SD_CD_GPIO_Port,SD_CD_Pin);
1730:Core/Src/main.c ****   return SD_Connected;
1731:Core/Src/main.c **** }
1732:Core/Src/main.c **** 
1733:Core/Src/main.c **** static uint8_t SD_Write(uint32_t timestamp)
1734:Core/Src/main.c **** {
1735:Core/Src/main.c ****     SD_Detect();
ARM GAS  C:\Users\joabk\AppData\Local\Temp\ccUHSZ0G.s 			page 42


1736:Core/Src/main.c ****     if (!SD_Connected) return 0;
1737:Core/Src/main.c **** 
1738:Core/Src/main.c ****     FATFS   FatFs;
1739:Core/Src/main.c ****     FIL     fil;
1740:Core/Src/main.c ****     FRESULT fres;
1741:Core/Src/main.c ****     UINT    bytesWrote;
1742:Core/Src/main.c ****     char    row[60];
1743:Core/Src/main.c **** 
1744:Core/Src/main.c ****     time_t raw = (time_t)timestamp;
1745:Core/Src/main.c ****     struct tm *tm_info = localtime(&raw);
1746:Core/Src/main.c **** 
1747:Core/Src/main.c ****     // Generate the filename on the very first write of this session
1748:Core/Src/main.c **** 
1749:Core/Src/main.c **** 
1750:Core/Src/main.c ****     strftime(SD_filename, sizeof(SD_filename), "%y-%m-%d-%H-%M-%S-READING.CSV", tm_info);
1751:Core/Src/main.c **** 
1752:Core/Src/main.c ****     //if (OLED_Connected) write_OLED(0,5,"flnnm");
1753:Core/Src/main.c **** 
1754:Core/Src/main.c ****     // Human-readable timestamp for inside the CSV rows
1755:Core/Src/main.c ****     char ts[20];
1756:Core/Src/main.c ****     strftime(ts, sizeof(ts), "%Y-%m-%d %H:%M:%S", tm_info);
1757:Core/Src/main.c **** 
1758:Core/Src/main.c ****     //if (OLED_Connected) write_OLED(0,5,"timok ");
1759:Core/Src/main.c **** 
1760:Core/Src/main.c ****     fres = f_mount(&FatFs, "", 1);
1761:Core/Src/main.c ****     if (fres != FR_OK) return 0;
1762:Core/Src/main.c ****     //if (OLED_Connected) write_OLED(0,5,"mntok");
1763:Core/Src/main.c **** 
1764:Core/Src/main.c ****     fres = f_open(&fil, SD_filename, FA_WRITE | FA_CREATE_ALWAYS);
1765:Core/Src/main.c ****     if (fres != FR_OK) { f_mount(NULL, "", 0); return 0; }
1766:Core/Src/main.c **** 
1767:Core/Src/main.c ****     //if (OLED_Connected) write_OLED(0,5,"opnok");
1768:Core/Src/main.c **** 
1769:Core/Src/main.c ****     if (f_size(&fil) == 0) {
1770:Core/Src/main.c ****         char *header = "Date,Sensor,Value\n";
1771:Core/Src/main.c ****         f_write(&fil, header, strlen(header), &bytesWrote);
1772:Core/Src/main.c ****     }
1773:Core/Src/main.c **** 
1774:Core/Src/main.c ****     //f_lseek(&fil, f_size(&fil));
1775:Core/Src/main.c **** 
1776:Core/Src/main.c ****     snprintf(row, sizeof(row), "%s,DO_1,%s\n",  ts, Atlas_Buffer_1);
1777:Core/Src/main.c ****     f_write(&fil, row, strlen(row), &bytesWrote);
1778:Core/Src/main.c **** 
1779:Core/Src/main.c ****     snprintf(row, sizeof(row), "%s,RTD_1,%s\n", ts, Atlas_Buffer_2);
1780:Core/Src/main.c ****     f_write(&fil, row, strlen(row), &bytesWrote);
1781:Core/Src/main.c **** 
1782:Core/Src/main.c ****     snprintf(row, sizeof(row), "%s,DO_2,%s\n",  ts, Atlas_Buffer_3);
1783:Core/Src/main.c ****     f_write(&fil, row, strlen(row), &bytesWrote);
1784:Core/Src/main.c **** 
1785:Core/Src/main.c ****     snprintf(row, sizeof(row), "%s,RTD_2,%s\n", ts, Atlas_Buffer_4);
1786:Core/Src/main.c ****     f_write(&fil, row, strlen(row), &bytesWrote);
1787:Core/Src/main.c **** 
1788:Core/Src/main.c ****     f_close(&fil);
1789:Core/Src/main.c ****     //f_unmount("");
1790:Core/Src/main.c ****     f_mount(NULL, "", 0);
1791:Core/Src/main.c **** 
1792:Core/Src/main.c ****     //Main_Mode = 3;
ARM GAS  C:\Users\joabk\AppData\Local\Temp\ccUHSZ0G.s 			page 43


1793:Core/Src/main.c ****     //if (OLED_Connected) write_OLED(0,5,"ST");
1794:Core/Src/main.c ****     return 1;
1795:Core/Src/main.c **** }
1796:Core/Src/main.c **** 
1797:Core/Src/main.c **** // ===============================================================================================
1798:Core/Src/main.c **** // Atlas Functions
1799:Core/Src/main.c **** // ===============================================================================================
1800:Core/Src/main.c **** static uint8_t Atlas_Detect(uint16_t device_addr)
1801:Core/Src/main.c **** {
 495              		.loc 1 1801 1 is_stmt 1 view -0
 496              		.cfi_startproc
 497              		@ args = 0, pretend = 0, frame = 0
 498              		@ frame_needed = 0, uses_anonymous_args = 0
 499              		.loc 1 1801 1 is_stmt 0 view .LVU131
 500 0000 08B5     		push	{r3, lr}
 501              		.cfi_def_cfa_offset 8
 502              		.cfi_offset 3, -8
 503              		.cfi_offset 14, -4
 504 0002 0146     		mov	r1, r0
1802:Core/Src/main.c ****     return (HAL_I2C_IsDeviceReady(Atlas_I2C, device_addr, 1, 10) == HAL_OK) ? 1 : 0;
 505              		.loc 1 1802 5 is_stmt 1 view .LVU132
 506              		.loc 1 1802 13 is_stmt 0 view .LVU133
 507 0004 0A23     		movs	r3, #10
 508 0006 0122     		movs	r2, #1
 509 0008 0348     		ldr	r0, .L21
 510              	.LVL26:
 511              		.loc 1 1802 13 view .LVU134
 512 000a 0068     		ldr	r0, [r0]
 513 000c FFF7FEFF 		bl	HAL_I2C_IsDeviceReady
 514              	.LVL27:
1803:Core/Src/main.c **** }
 515              		.loc 1 1803 1 view .LVU135
 516 0010 B0FA80F0 		clz	r0, r0
 517 0014 4009     		lsrs	r0, r0, #5
 518 0016 08BD     		pop	{r3, pc}
 519              	.L22:
 520              		.align	2
 521              	.L21:
 522 0018 00000000 		.word	Atlas_I2C
 523              		.cfi_endproc
 524              	.LFE256:
 526              		.section	.text.SD_Detect,"ax",%progbits
 527              		.align	1
 528              		.syntax unified
 529              		.thumb
 530              		.thumb_func
 532              	SD_Detect:
 533              	.LFB254:
1728:Core/Src/main.c ****   SD_Connected = HAL_GPIO_ReadPin(SD_CD_GPIO_Port,SD_CD_Pin);
 534              		.loc 1 1728 1 is_stmt 1 view -0
 535              		.cfi_startproc
 536              		@ args = 0, pretend = 0, frame = 0
 537              		@ frame_needed = 0, uses_anonymous_args = 0
 538 0000 08B5     		push	{r3, lr}
 539              		.cfi_def_cfa_offset 8
 540              		.cfi_offset 3, -8
 541              		.cfi_offset 14, -4
ARM GAS  C:\Users\joabk\AppData\Local\Temp\ccUHSZ0G.s 			page 44


1729:Core/Src/main.c ****   return SD_Connected;
 542              		.loc 1 1729 3 view .LVU137
1729:Core/Src/main.c ****   return SD_Connected;
 543              		.loc 1 1729 18 is_stmt 0 view .LVU138
 544 0002 0821     		movs	r1, #8
 545 0004 0248     		ldr	r0, .L25
 546 0006 FFF7FEFF 		bl	HAL_GPIO_ReadPin
 547              	.LVL28:
1729:Core/Src/main.c ****   return SD_Connected;
 548              		.loc 1 1729 16 discriminator 1 view .LVU139
 549 000a 024B     		ldr	r3, .L25+4
 550 000c 1870     		strb	r0, [r3]
1730:Core/Src/main.c **** }
 551              		.loc 1 1730 3 is_stmt 1 view .LVU140
1731:Core/Src/main.c **** 
 552              		.loc 1 1731 1 is_stmt 0 view .LVU141
 553 000e 08BD     		pop	{r3, pc}
 554              	.L26:
 555              		.align	2
 556              	.L25:
 557 0010 00000240 		.word	1073872896
 558 0014 00000000 		.word	SD_Connected
 559              		.cfi_endproc
 560              	.LFE254:
 562              		.section	.rodata.Atlas_Calibrate_Low.str1.4,"aMS",%progbits,1
 563              		.align	2
 564              	.LC0:
 565 0000 43616C2C 		.ascii	"Cal,0\000"
 565      3000
 566              		.section	.text.Atlas_Calibrate_Low,"ax",%progbits
 567              		.align	1
 568              		.syntax unified
 569              		.thumb
 570              		.thumb_func
 572              	Atlas_Calibrate_Low:
 573              	.LVL29:
 574              	.LFB259:
1804:Core/Src/main.c **** 
1805:Core/Src/main.c **** static void Atlas_Sleep(uint16_t device_addr)
1806:Core/Src/main.c **** {
1807:Core/Src/main.c ****     char cmd[] = "Sleep";
1808:Core/Src/main.c ****     HAL_I2C_Master_Transmit(Atlas_I2C, device_addr, (uint8_t*)cmd, strlen(cmd), HAL_MAX_DELAY);
1809:Core/Src/main.c ****     // Datasheet explicitly says: do NOT try to read a response after this
1810:Core/Src/main.c **** }
1811:Core/Src/main.c **** 
1812:Core/Src/main.c **** static void Atlas_Wake(uint16_t device_addr)
1813:Core/Src/main.c **** {
1814:Core/Src/main.c ****     // Send "R" — this wakes the device AND queues a reading in one shot.
1815:Core/Src/main.c ****     // The device needs ~600ms to wake + take the reading before you read back.
1816:Core/Src/main.c ****     char cmd[] = "R";
1817:Core/Src/main.c ****     HAL_I2C_Master_Transmit(Atlas_I2C, device_addr, (uint8_t*)cmd, strlen(cmd), HAL_MAX_DELAY);
1818:Core/Src/main.c **** }
1819:Core/Src/main.c **** 
1820:Core/Src/main.c **** static void Atlas_Calibrate_Low(uint16_t device_addr)
1821:Core/Src/main.c **** {
 575              		.loc 1 1821 1 is_stmt 1 view -0
 576              		.cfi_startproc
ARM GAS  C:\Users\joabk\AppData\Local\Temp\ccUHSZ0G.s 			page 45


 577              		@ args = 0, pretend = 0, frame = 8
 578              		@ frame_needed = 0, uses_anonymous_args = 0
 579              		.loc 1 1821 1 is_stmt 0 view .LVU143
 580 0000 10B5     		push	{r4, lr}
 581              		.cfi_def_cfa_offset 8
 582              		.cfi_offset 4, -8
 583              		.cfi_offset 14, -4
 584 0002 84B0     		sub	sp, sp, #16
 585              		.cfi_def_cfa_offset 24
 586 0004 0446     		mov	r4, r0
1822:Core/Src/main.c ****     // Send "Cal,0" This calibrates the low point
1823:Core/Src/main.c ****     char cmd[] = "Cal,0";
 587              		.loc 1 1823 5 is_stmt 1 view .LVU144
 588              		.loc 1 1823 10 is_stmt 0 view .LVU145
 589 0006 0C4B     		ldr	r3, .L29
 590 0008 93E80300 		ldm	r3, {r0, r1}
 591              	.LVL30:
 592              		.loc 1 1823 10 view .LVU146
 593 000c 0290     		str	r0, [sp, #8]
 594 000e ADF80C10 		strh	r1, [sp, #12]	@ movhi
1824:Core/Src/main.c ****     HAL_I2C_Master_Transmit(Atlas_I2C, device_addr, (uint8_t*)cmd, strlen(cmd), HAL_MAX_DELAY);
 595              		.loc 1 1824 5 is_stmt 1 view .LVU147
 596              		.loc 1 1824 68 is_stmt 0 view .LVU148
 597 0012 02A8     		add	r0, sp, #8
 598 0014 FFF7FEFF 		bl	strlen
 599              	.LVL31:
 600              		.loc 1 1824 5 discriminator 1 view .LVU149
 601 0018 4FF0FF33 		mov	r3, #-1
 602 001c 0093     		str	r3, [sp]
 603 001e 83B2     		uxth	r3, r0
 604 0020 02AA     		add	r2, sp, #8
 605 0022 2146     		mov	r1, r4
 606 0024 0548     		ldr	r0, .L29+4
 607 0026 0068     		ldr	r0, [r0]
 608 0028 FFF7FEFF 		bl	HAL_I2C_Master_Transmit
 609              	.LVL32:
1825:Core/Src/main.c ****     HAL_Delay(1300);
 610              		.loc 1 1825 5 is_stmt 1 view .LVU150
 611 002c 40F21450 		movw	r0, #1300
 612 0030 FFF7FEFF 		bl	HAL_Delay
 613              	.LVL33:
1826:Core/Src/main.c **** }
 614              		.loc 1 1826 1 is_stmt 0 view .LVU151
 615 0034 04B0     		add	sp, sp, #16
 616              		.cfi_def_cfa_offset 8
 617              		@ sp needed
 618 0036 10BD     		pop	{r4, pc}
 619              	.LVL34:
 620              	.L30:
 621              		.loc 1 1826 1 view .LVU152
 622              		.align	2
 623              	.L29:
 624 0038 00000000 		.word	.LC0
 625 003c 00000000 		.word	Atlas_I2C
 626              		.cfi_endproc
 627              	.LFE259:
 629              		.section	.text.Atlas_Calibrate_High,"ax",%progbits
ARM GAS  C:\Users\joabk\AppData\Local\Temp\ccUHSZ0G.s 			page 46


 630              		.align	1
 631              		.syntax unified
 632              		.thumb
 633              		.thumb_func
 635              	Atlas_Calibrate_High:
 636              	.LVL35:
 637              	.LFB260:
1827:Core/Src/main.c **** 
1828:Core/Src/main.c **** static void Atlas_Calibrate_High(uint16_t device_addr)
1829:Core/Src/main.c **** {
 638              		.loc 1 1829 1 is_stmt 1 view -0
 639              		.cfi_startproc
 640              		@ args = 0, pretend = 0, frame = 8
 641              		@ frame_needed = 0, uses_anonymous_args = 0
 642              		.loc 1 1829 1 is_stmt 0 view .LVU154
 643 0000 10B5     		push	{r4, lr}
 644              		.cfi_def_cfa_offset 8
 645              		.cfi_offset 4, -8
 646              		.cfi_offset 14, -4
 647 0002 84B0     		sub	sp, sp, #16
 648              		.cfi_def_cfa_offset 24
 649 0004 0446     		mov	r4, r0
1830:Core/Src/main.c ****     // Send "Cal,0" This calibrates the High point
1831:Core/Src/main.c ****     char cmd[] = "Cal";
 650              		.loc 1 1831 5 is_stmt 1 view .LVU155
 651              		.loc 1 1831 10 is_stmt 0 view .LVU156
 652 0006 0A4B     		ldr	r3, .L33
 653 0008 0393     		str	r3, [sp, #12]
1832:Core/Src/main.c ****     HAL_I2C_Master_Transmit(Atlas_I2C, device_addr, (uint8_t*)cmd, strlen(cmd), HAL_MAX_DELAY);
 654              		.loc 1 1832 5 is_stmt 1 view .LVU157
 655              		.loc 1 1832 68 is_stmt 0 view .LVU158
 656 000a 03A8     		add	r0, sp, #12
 657              	.LVL36:
 658              		.loc 1 1832 68 view .LVU159
 659 000c FFF7FEFF 		bl	strlen
 660              	.LVL37:
 661              		.loc 1 1832 5 discriminator 1 view .LVU160
 662 0010 4FF0FF33 		mov	r3, #-1
 663 0014 0093     		str	r3, [sp]
 664 0016 83B2     		uxth	r3, r0
 665 0018 03AA     		add	r2, sp, #12
 666 001a 2146     		mov	r1, r4
 667 001c 0548     		ldr	r0, .L33+4
 668 001e 0068     		ldr	r0, [r0]
 669 0020 FFF7FEFF 		bl	HAL_I2C_Master_Transmit
 670              	.LVL38:
1833:Core/Src/main.c ****     HAL_Delay(1300);
 671              		.loc 1 1833 5 is_stmt 1 view .LVU161
 672 0024 40F21450 		movw	r0, #1300
 673 0028 FFF7FEFF 		bl	HAL_Delay
 674              	.LVL39:
1834:Core/Src/main.c **** }
 675              		.loc 1 1834 1 is_stmt 0 view .LVU162
 676 002c 04B0     		add	sp, sp, #16
 677              		.cfi_def_cfa_offset 8
 678              		@ sp needed
 679 002e 10BD     		pop	{r4, pc}
ARM GAS  C:\Users\joabk\AppData\Local\Temp\ccUHSZ0G.s 			page 47


 680              	.LVL40:
 681              	.L34:
 682              		.loc 1 1834 1 view .LVU163
 683              		.align	2
 684              	.L33:
 685 0030 43616C00 		.word	7102787
 686 0034 00000000 		.word	Atlas_I2C
 687              		.cfi_endproc
 688              	.LFE260:
 690              		.section	.text.Atlas_Wake,"ax",%progbits
 691              		.align	1
 692              		.syntax unified
 693              		.thumb
 694              		.thumb_func
 696              	Atlas_Wake:
 697              	.LVL41:
 698              	.LFB258:
1813:Core/Src/main.c ****     // Send "R" — this wakes the device AND queues a reading in one shot.
 699              		.loc 1 1813 1 is_stmt 1 view -0
 700              		.cfi_startproc
 701              		@ args = 0, pretend = 0, frame = 8
 702              		@ frame_needed = 0, uses_anonymous_args = 0
1813:Core/Src/main.c ****     // Send "R" — this wakes the device AND queues a reading in one shot.
 703              		.loc 1 1813 1 is_stmt 0 view .LVU165
 704 0000 10B5     		push	{r4, lr}
 705              		.cfi_def_cfa_offset 8
 706              		.cfi_offset 4, -8
 707              		.cfi_offset 14, -4
 708 0002 84B0     		sub	sp, sp, #16
 709              		.cfi_def_cfa_offset 24
 710 0004 0446     		mov	r4, r0
1816:Core/Src/main.c ****     HAL_I2C_Master_Transmit(Atlas_I2C, device_addr, (uint8_t*)cmd, strlen(cmd), HAL_MAX_DELAY);
 711              		.loc 1 1816 5 is_stmt 1 view .LVU166
1816:Core/Src/main.c ****     HAL_I2C_Master_Transmit(Atlas_I2C, device_addr, (uint8_t*)cmd, strlen(cmd), HAL_MAX_DELAY);
 712              		.loc 1 1816 10 is_stmt 0 view .LVU167
 713 0006 5223     		movs	r3, #82
 714 0008 ADF80C30 		strh	r3, [sp, #12]	@ movhi
1817:Core/Src/main.c **** }
 715              		.loc 1 1817 5 is_stmt 1 view .LVU168
1817:Core/Src/main.c **** }
 716              		.loc 1 1817 68 is_stmt 0 view .LVU169
 717 000c 03A8     		add	r0, sp, #12
 718              	.LVL42:
1817:Core/Src/main.c **** }
 719              		.loc 1 1817 68 view .LVU170
 720 000e FFF7FEFF 		bl	strlen
 721              	.LVL43:
1817:Core/Src/main.c **** }
 722              		.loc 1 1817 5 discriminator 1 view .LVU171
 723 0012 4FF0FF33 		mov	r3, #-1
 724 0016 0093     		str	r3, [sp]
 725 0018 83B2     		uxth	r3, r0
 726 001a 03AA     		add	r2, sp, #12
 727 001c 2146     		mov	r1, r4
 728 001e 0348     		ldr	r0, .L37
 729 0020 0068     		ldr	r0, [r0]
 730 0022 FFF7FEFF 		bl	HAL_I2C_Master_Transmit
ARM GAS  C:\Users\joabk\AppData\Local\Temp\ccUHSZ0G.s 			page 48


 731              	.LVL44:
1818:Core/Src/main.c **** 
 732              		.loc 1 1818 1 view .LVU172
 733 0026 04B0     		add	sp, sp, #16
 734              		.cfi_def_cfa_offset 8
 735              		@ sp needed
 736 0028 10BD     		pop	{r4, pc}
 737              	.LVL45:
 738              	.L38:
1818:Core/Src/main.c **** 
 739              		.loc 1 1818 1 view .LVU173
 740 002a 00BF     		.align	2
 741              	.L37:
 742 002c 00000000 		.word	Atlas_I2C
 743              		.cfi_endproc
 744              	.LFE258:
 746              		.section	.rodata.Atlas_Sleep.str1.4,"aMS",%progbits,1
 747              		.align	2
 748              	.LC1:
 749 0000 536C6565 		.ascii	"Sleep\000"
 749      7000
 750              		.section	.text.Atlas_Sleep,"ax",%progbits
 751              		.align	1
 752              		.syntax unified
 753              		.thumb
 754              		.thumb_func
 756              	Atlas_Sleep:
 757              	.LVL46:
 758              	.LFB257:
1806:Core/Src/main.c ****     char cmd[] = "Sleep";
 759              		.loc 1 1806 1 is_stmt 1 view -0
 760              		.cfi_startproc
 761              		@ args = 0, pretend = 0, frame = 8
 762              		@ frame_needed = 0, uses_anonymous_args = 0
1806:Core/Src/main.c ****     char cmd[] = "Sleep";
 763              		.loc 1 1806 1 is_stmt 0 view .LVU175
 764 0000 10B5     		push	{r4, lr}
 765              		.cfi_def_cfa_offset 8
 766              		.cfi_offset 4, -8
 767              		.cfi_offset 14, -4
 768 0002 84B0     		sub	sp, sp, #16
 769              		.cfi_def_cfa_offset 24
 770 0004 0446     		mov	r4, r0
1807:Core/Src/main.c ****     HAL_I2C_Master_Transmit(Atlas_I2C, device_addr, (uint8_t*)cmd, strlen(cmd), HAL_MAX_DELAY);
 771              		.loc 1 1807 5 is_stmt 1 view .LVU176
1807:Core/Src/main.c ****     HAL_I2C_Master_Transmit(Atlas_I2C, device_addr, (uint8_t*)cmd, strlen(cmd), HAL_MAX_DELAY);
 772              		.loc 1 1807 10 is_stmt 0 view .LVU177
 773 0006 0A4B     		ldr	r3, .L41
 774 0008 93E80300 		ldm	r3, {r0, r1}
 775              	.LVL47:
1807:Core/Src/main.c ****     HAL_I2C_Master_Transmit(Atlas_I2C, device_addr, (uint8_t*)cmd, strlen(cmd), HAL_MAX_DELAY);
 776              		.loc 1 1807 10 view .LVU178
 777 000c 0290     		str	r0, [sp, #8]
 778 000e ADF80C10 		strh	r1, [sp, #12]	@ movhi
1808:Core/Src/main.c ****     // Datasheet explicitly says: do NOT try to read a response after this
 779              		.loc 1 1808 5 is_stmt 1 view .LVU179
1808:Core/Src/main.c ****     // Datasheet explicitly says: do NOT try to read a response after this
ARM GAS  C:\Users\joabk\AppData\Local\Temp\ccUHSZ0G.s 			page 49


 780              		.loc 1 1808 68 is_stmt 0 view .LVU180
 781 0012 02A8     		add	r0, sp, #8
 782 0014 FFF7FEFF 		bl	strlen
 783              	.LVL48:
1808:Core/Src/main.c ****     // Datasheet explicitly says: do NOT try to read a response after this
 784              		.loc 1 1808 5 discriminator 1 view .LVU181
 785 0018 4FF0FF33 		mov	r3, #-1
 786 001c 0093     		str	r3, [sp]
 787 001e 83B2     		uxth	r3, r0
 788 0020 02AA     		add	r2, sp, #8
 789 0022 2146     		mov	r1, r4
 790 0024 0348     		ldr	r0, .L41+4
 791 0026 0068     		ldr	r0, [r0]
 792 0028 FFF7FEFF 		bl	HAL_I2C_Master_Transmit
 793              	.LVL49:
1810:Core/Src/main.c **** 
 794              		.loc 1 1810 1 view .LVU182
 795 002c 04B0     		add	sp, sp, #16
 796              		.cfi_def_cfa_offset 8
 797              		@ sp needed
 798 002e 10BD     		pop	{r4, pc}
 799              	.LVL50:
 800              	.L42:
1810:Core/Src/main.c **** 
 801              		.loc 1 1810 1 view .LVU183
 802              		.align	2
 803              	.L41:
 804 0030 00000000 		.word	.LC1
 805 0034 00000000 		.word	Atlas_I2C
 806              		.cfi_endproc
 807              	.LFE257:
 809              		.section	.text.RTC_Set_Time,"ax",%progbits
 810              		.align	1
 811              		.syntax unified
 812              		.thumb
 813              		.thumb_func
 815              	RTC_Set_Time:
 816              	.LVL51:
 817              	.LFB251:
1649:Core/Src/main.c ****     // __DATE__ is "YYYY:MM:DD:HH:MM:SS"
 818              		.loc 1 1649 1 is_stmt 1 view -0
 819              		.cfi_startproc
 820              		@ args = 0, pretend = 0, frame = 16
 821              		@ frame_needed = 0, uses_anonymous_args = 0
1649:Core/Src/main.c ****     // __DATE__ is "YYYY:MM:DD:HH:MM:SS"
 822              		.loc 1 1649 1 is_stmt 0 view .LVU185
 823 0000 2DE9F04F 		push	{r4, r5, r6, r7, r8, r9, r10, fp, lr}
 824              		.cfi_def_cfa_offset 36
 825              		.cfi_offset 4, -36
 826              		.cfi_offset 5, -32
 827              		.cfi_offset 6, -28
 828              		.cfi_offset 7, -24
 829              		.cfi_offset 8, -20
 830              		.cfi_offset 9, -16
 831              		.cfi_offset 10, -12
 832              		.cfi_offset 11, -8
 833              		.cfi_offset 14, -4
ARM GAS  C:\Users\joabk\AppData\Local\Temp\ccUHSZ0G.s 			page 50


 834 0004 89B0     		sub	sp, sp, #36
 835              		.cfi_def_cfa_offset 72
 836 0006 0646     		mov	r6, r0
1652:Core/Src/main.c ****     uint8_t month = (Time[5]-'0')*10 + (Time[6]-'0');
 837              		.loc 1 1652 5 is_stmt 1 view .LVU186
1652:Core/Src/main.c ****     uint8_t month = (Time[5]-'0')*10 + (Time[6]-'0');
 838              		.loc 1 1652 26 is_stmt 0 view .LVU187
 839 0008 0A78     		ldrb	r2, [r1]	@ zero_extendqisi2
1652:Core/Src/main.c ****     uint8_t month = (Time[5]-'0')*10 + (Time[6]-'0');
 840              		.loc 1 1652 29 view .LVU188
 841 000a 303A     		subs	r2, r2, #48
1652:Core/Src/main.c ****     uint8_t month = (Time[5]-'0')*10 + (Time[6]-'0');
 842              		.loc 1 1652 47 view .LVU189
 843 000c 4B78     		ldrb	r3, [r1, #1]	@ zero_extendqisi2
1652:Core/Src/main.c ****     uint8_t month = (Time[5]-'0')*10 + (Time[6]-'0');
 844              		.loc 1 1652 50 view .LVU190
 845 000e 303B     		subs	r3, r3, #48
1652:Core/Src/main.c ****     uint8_t month = (Time[5]-'0')*10 + (Time[6]-'0');
 846              		.loc 1 1652 40 view .LVU191
 847 0010 C2EB4210 		rsb	r0, r2, r2, lsl #5
 848              	.LVL52:
1652:Core/Src/main.c ****     uint8_t month = (Time[5]-'0')*10 + (Time[6]-'0');
 849              		.loc 1 1652 40 view .LVU192
 850 0014 02EB8002 		add	r2, r2, r0, lsl #2
 851 0018 03EB8303 		add	r3, r3, r3, lsl #2
 852 001c 03EB8304 		add	r4, r3, r3, lsl #2
 853 0020 A400     		lsls	r4, r4, #2
 854 0022 04EBC204 		add	r4, r4, r2, lsl #3
 855 0026 A4B2     		uxth	r4, r4
1652:Core/Src/main.c ****     uint8_t month = (Time[5]-'0')*10 + (Time[6]-'0');
 856              		.loc 1 1652 67 view .LVU193
 857 0028 8B78     		ldrb	r3, [r1, #2]	@ zero_extendqisi2
1652:Core/Src/main.c ****     uint8_t month = (Time[5]-'0')*10 + (Time[6]-'0');
 858              		.loc 1 1652 70 view .LVU194
 859 002a 303B     		subs	r3, r3, #48
1652:Core/Src/main.c ****     uint8_t month = (Time[5]-'0')*10 + (Time[6]-'0');
 860              		.loc 1 1652 60 view .LVU195
 861 002c 03EB8303 		add	r3, r3, r3, lsl #2
 862 0030 04EB4304 		add	r4, r4, r3, lsl #1
 863 0034 A4B2     		uxth	r4, r4
1652:Core/Src/main.c ****     uint8_t month = (Time[5]-'0')*10 + (Time[6]-'0');
 864              		.loc 1 1652 86 view .LVU196
 865 0036 CB78     		ldrb	r3, [r1, #3]	@ zero_extendqisi2
1652:Core/Src/main.c ****     uint8_t month = (Time[5]-'0')*10 + (Time[6]-'0');
 866              		.loc 1 1652 79 view .LVU197
 867 0038 1C44     		add	r4, r4, r3
 868 003a A4B2     		uxth	r4, r4
1652:Core/Src/main.c ****     uint8_t month = (Time[5]-'0')*10 + (Time[6]-'0');
 869              		.loc 1 1652 14 view .LVU198
 870 003c 303C     		subs	r4, r4, #48
 871 003e A4B2     		uxth	r4, r4
 872              	.LVL53:
1653:Core/Src/main.c ****     uint8_t day = (Time[8]-'0')*10 + (Time[9]-'0');
 873              		.loc 1 1653 5 is_stmt 1 view .LVU199
1653:Core/Src/main.c ****     uint8_t day = (Time[8]-'0')*10 + (Time[9]-'0');
 874              		.loc 1 1653 26 is_stmt 0 view .LVU200
 875 0040 4A79     		ldrb	r2, [r1, #5]	@ zero_extendqisi2
ARM GAS  C:\Users\joabk\AppData\Local\Temp\ccUHSZ0G.s 			page 51


1653:Core/Src/main.c ****     uint8_t day = (Time[8]-'0')*10 + (Time[9]-'0');
 876              		.loc 1 1653 45 view .LVU201
 877 0042 8B79     		ldrb	r3, [r1, #6]	@ zero_extendqisi2
1653:Core/Src/main.c ****     uint8_t day = (Time[8]-'0')*10 + (Time[9]-'0');
 878              		.loc 1 1653 38 view .LVU202
 879 0044 303A     		subs	r2, r2, #48
 880 0046 02EB8202 		add	r2, r2, r2, lsl #2
 881 004a 03EB4203 		add	r3, r3, r2, lsl #1
 882 004e DBB2     		uxtb	r3, r3
1653:Core/Src/main.c ****     uint8_t day = (Time[8]-'0')*10 + (Time[9]-'0');
 883              		.loc 1 1653 13 view .LVU203
 884 0050 303B     		subs	r3, r3, #48
 885 0052 DBB2     		uxtb	r3, r3
 886 0054 0593     		str	r3, [sp, #20]
 887              	.LVL54:
1654:Core/Src/main.c ****     uint8_t hour = (Time[11]-'0')*10 + (Time[12]-'0');
 888              		.loc 1 1654 5 is_stmt 1 view .LVU204
1654:Core/Src/main.c ****     uint8_t hour = (Time[11]-'0')*10 + (Time[12]-'0');
 889              		.loc 1 1654 24 is_stmt 0 view .LVU205
 890 0056 0B7A     		ldrb	r3, [r1, #8]	@ zero_extendqisi2
1654:Core/Src/main.c ****     uint8_t hour = (Time[11]-'0')*10 + (Time[12]-'0');
 891              		.loc 1 1654 43 view .LVU206
 892 0058 4F7A     		ldrb	r7, [r1, #9]	@ zero_extendqisi2
1654:Core/Src/main.c ****     uint8_t hour = (Time[11]-'0')*10 + (Time[12]-'0');
 893              		.loc 1 1654 36 view .LVU207
 894 005a 303B     		subs	r3, r3, #48
 895 005c 03EB8303 		add	r3, r3, r3, lsl #2
 896 0060 07EB4307 		add	r7, r7, r3, lsl #1
 897 0064 FFB2     		uxtb	r7, r7
1654:Core/Src/main.c ****     uint8_t hour = (Time[11]-'0')*10 + (Time[12]-'0');
 898              		.loc 1 1654 13 view .LVU208
 899 0066 303F     		subs	r7, r7, #48
 900 0068 FFB2     		uxtb	r7, r7
 901              	.LVL55:
1655:Core/Src/main.c ****     uint8_t minute = (Time[14]-'0')*10 + (Time[15]-'0');
 902              		.loc 1 1655 5 is_stmt 1 view .LVU209
1655:Core/Src/main.c ****     uint8_t minute = (Time[14]-'0')*10 + (Time[15]-'0');
 903              		.loc 1 1655 25 is_stmt 0 view .LVU210
 904 006a CB7A     		ldrb	r3, [r1, #11]	@ zero_extendqisi2
1655:Core/Src/main.c ****     uint8_t minute = (Time[14]-'0')*10 + (Time[15]-'0');
 905              		.loc 1 1655 45 view .LVU211
 906 006c 91F80C80 		ldrb	r8, [r1, #12]	@ zero_extendqisi2
1655:Core/Src/main.c ****     uint8_t minute = (Time[14]-'0')*10 + (Time[15]-'0');
 907              		.loc 1 1655 38 view .LVU212
 908 0070 303B     		subs	r3, r3, #48
 909 0072 03EB8303 		add	r3, r3, r3, lsl #2
 910 0076 08EB4308 		add	r8, r8, r3, lsl #1
 911 007a 5FFA88F8 		uxtb	r8, r8
1655:Core/Src/main.c ****     uint8_t minute = (Time[14]-'0')*10 + (Time[15]-'0');
 912              		.loc 1 1655 13 view .LVU213
 913 007e A8F13008 		sub	r8, r8, #48
 914 0082 5FFA88F8 		uxtb	r8, r8
 915              	.LVL56:
1656:Core/Src/main.c ****     uint8_t second = (Time[17]-'0')*10 + (Time[18]-'0');
 916              		.loc 1 1656 5 is_stmt 1 view .LVU214
1656:Core/Src/main.c ****     uint8_t second = (Time[17]-'0')*10 + (Time[18]-'0');
 917              		.loc 1 1656 27 is_stmt 0 view .LVU215
ARM GAS  C:\Users\joabk\AppData\Local\Temp\ccUHSZ0G.s 			page 52


 918 0086 8B7B     		ldrb	r3, [r1, #14]	@ zero_extendqisi2
1656:Core/Src/main.c ****     uint8_t second = (Time[17]-'0')*10 + (Time[18]-'0');
 919              		.loc 1 1656 47 view .LVU216
 920 0088 91F80F90 		ldrb	r9, [r1, #15]	@ zero_extendqisi2
1656:Core/Src/main.c ****     uint8_t second = (Time[17]-'0')*10 + (Time[18]-'0');
 921              		.loc 1 1656 40 view .LVU217
 922 008c 303B     		subs	r3, r3, #48
 923 008e 03EB8303 		add	r3, r3, r3, lsl #2
 924 0092 09EB4309 		add	r9, r9, r3, lsl #1
 925 0096 5FFA89F9 		uxtb	r9, r9
1656:Core/Src/main.c ****     uint8_t second = (Time[17]-'0')*10 + (Time[18]-'0');
 926              		.loc 1 1656 13 view .LVU218
 927 009a A9F13009 		sub	r9, r9, #48
 928 009e 5FFA89F9 		uxtb	r9, r9
 929              	.LVL57:
1657:Core/Src/main.c **** 
 930              		.loc 1 1657 5 is_stmt 1 view .LVU219
1657:Core/Src/main.c **** 
 931              		.loc 1 1657 27 is_stmt 0 view .LVU220
 932 00a2 4B7C     		ldrb	r3, [r1, #17]	@ zero_extendqisi2
1657:Core/Src/main.c **** 
 933              		.loc 1 1657 47 view .LVU221
 934 00a4 887C     		ldrb	r0, [r1, #18]	@ zero_extendqisi2
1657:Core/Src/main.c **** 
 935              		.loc 1 1657 40 view .LVU222
 936 00a6 303B     		subs	r3, r3, #48
 937 00a8 03EB8303 		add	r3, r3, r3, lsl #2
 938 00ac 00EB4300 		add	r0, r0, r3, lsl #1
 939 00b0 C0B2     		uxtb	r0, r0
1657:Core/Src/main.c **** 
 940              		.loc 1 1657 13 view .LVU223
 941 00b2 3038     		subs	r0, r0, #48
 942              	.LVL58:
1660:Core/Src/main.c **** 
 943              		.loc 1 1660 5 is_stmt 1 view .LVU224
1662:Core/Src/main.c ****     HAL_I2C_Mem_Write(hi2c, RTC_Addr, RTC_Second, 1, &reg_val, 1, HAL_MAX_DELAY);
 944              		.loc 1 1662 5 view .LVU225
1662:Core/Src/main.c ****     HAL_I2C_Mem_Write(hi2c, RTC_Addr, RTC_Second, 1, &reg_val, 1, HAL_MAX_DELAY);
 945              		.loc 1 1662 15 is_stmt 0 view .LVU226
 946 00b4 C0B2     		uxtb	r0, r0
1662:Core/Src/main.c ****     HAL_I2C_Mem_Write(hi2c, RTC_Addr, RTC_Second, 1, &reg_val, 1, HAL_MAX_DELAY);
 947              		.loc 1 1662 15 view .LVU227
 948 00b6 FFF7FEFF 		bl	decimalbcd
 949              	.LVL59:
1662:Core/Src/main.c ****     HAL_I2C_Mem_Write(hi2c, RTC_Addr, RTC_Second, 1, &reg_val, 1, HAL_MAX_DELAY);
 950              		.loc 1 1662 13 discriminator 1 view .LVU228
 951 00ba 8DF81F00 		strb	r0, [sp, #31]
1663:Core/Src/main.c **** 
 952              		.loc 1 1663 5 is_stmt 1 view .LVU229
 953 00be 4FF0FF3B 		mov	fp, #-1
 954 00c2 CDF808B0 		str	fp, [sp, #8]
 955 00c6 0125     		movs	r5, #1
 956 00c8 0195     		str	r5, [sp, #4]
 957 00ca 0DF11F0A 		add	r10, sp, #31
 958 00ce CDF800A0 		str	r10, [sp]
 959 00d2 2B46     		mov	r3, r5
 960 00d4 0022     		movs	r2, #0
ARM GAS  C:\Users\joabk\AppData\Local\Temp\ccUHSZ0G.s 			page 53


 961 00d6 D021     		movs	r1, #208
 962 00d8 3046     		mov	r0, r6
 963 00da FFF7FEFF 		bl	HAL_I2C_Mem_Write
 964              	.LVL60:
1665:Core/Src/main.c ****     HAL_I2C_Mem_Write(hi2c, RTC_Addr, RTC_Minute, 1, &reg_val, 1, HAL_MAX_DELAY);
 965              		.loc 1 1665 5 view .LVU230
1665:Core/Src/main.c ****     HAL_I2C_Mem_Write(hi2c, RTC_Addr, RTC_Minute, 1, &reg_val, 1, HAL_MAX_DELAY);
 966              		.loc 1 1665 15 is_stmt 0 view .LVU231
 967 00de 4846     		mov	r0, r9
 968 00e0 FFF7FEFF 		bl	decimalbcd
 969              	.LVL61:
1665:Core/Src/main.c ****     HAL_I2C_Mem_Write(hi2c, RTC_Addr, RTC_Minute, 1, &reg_val, 1, HAL_MAX_DELAY);
 970              		.loc 1 1665 13 discriminator 1 view .LVU232
 971 00e4 8DF81F00 		strb	r0, [sp, #31]
1666:Core/Src/main.c **** 
 972              		.loc 1 1666 5 is_stmt 1 view .LVU233
 973 00e8 CDF808B0 		str	fp, [sp, #8]
 974 00ec 0195     		str	r5, [sp, #4]
 975 00ee CDF800A0 		str	r10, [sp]
 976 00f2 2B46     		mov	r3, r5
 977 00f4 2A46     		mov	r2, r5
 978 00f6 D021     		movs	r1, #208
 979 00f8 3046     		mov	r0, r6
 980 00fa FFF7FEFF 		bl	HAL_I2C_Mem_Write
 981              	.LVL62:
1668:Core/Src/main.c ****     HAL_I2C_Mem_Write(hi2c, RTC_Addr, RTC_Hour, 1, &reg_val, 1, HAL_MAX_DELAY);
 982              		.loc 1 1668 5 view .LVU234
1668:Core/Src/main.c ****     HAL_I2C_Mem_Write(hi2c, RTC_Addr, RTC_Hour, 1, &reg_val, 1, HAL_MAX_DELAY);
 983              		.loc 1 1668 15 is_stmt 0 view .LVU235
 984 00fe 4046     		mov	r0, r8
 985 0100 FFF7FEFF 		bl	decimalbcd
 986              	.LVL63:
1668:Core/Src/main.c ****     HAL_I2C_Mem_Write(hi2c, RTC_Addr, RTC_Hour, 1, &reg_val, 1, HAL_MAX_DELAY);
 987              		.loc 1 1668 13 discriminator 1 view .LVU236
 988 0104 8DF81F00 		strb	r0, [sp, #31]
1669:Core/Src/main.c **** 
 989              		.loc 1 1669 5 is_stmt 1 view .LVU237
 990 0108 CDF808B0 		str	fp, [sp, #8]
 991 010c 0195     		str	r5, [sp, #4]
 992 010e CDF800A0 		str	r10, [sp]
 993 0112 2B46     		mov	r3, r5
 994 0114 0222     		movs	r2, #2
 995 0116 D021     		movs	r1, #208
 996 0118 3046     		mov	r0, r6
 997 011a FFF7FEFF 		bl	HAL_I2C_Mem_Write
 998              	.LVL64:
1671:Core/Src/main.c ****     HAL_I2C_Mem_Write(hi2c, RTC_Addr, RTC_Day, 1, &reg_val, 1, HAL_MAX_DELAY);
 999              		.loc 1 1671 5 view .LVU238
1671:Core/Src/main.c ****     HAL_I2C_Mem_Write(hi2c, RTC_Addr, RTC_Day, 1, &reg_val, 1, HAL_MAX_DELAY);
 1000              		.loc 1 1671 15 is_stmt 0 view .LVU239
 1001 011e 3846     		mov	r0, r7
 1002 0120 FFF7FEFF 		bl	decimalbcd
 1003              	.LVL65:
1671:Core/Src/main.c ****     HAL_I2C_Mem_Write(hi2c, RTC_Addr, RTC_Day, 1, &reg_val, 1, HAL_MAX_DELAY);
 1004              		.loc 1 1671 13 discriminator 1 view .LVU240
 1005 0124 8DF81F00 		strb	r0, [sp, #31]
1672:Core/Src/main.c **** 
ARM GAS  C:\Users\joabk\AppData\Local\Temp\ccUHSZ0G.s 			page 54


 1006              		.loc 1 1672 5 is_stmt 1 view .LVU241
 1007 0128 CDF808B0 		str	fp, [sp, #8]
 1008 012c 0195     		str	r5, [sp, #4]
 1009 012e CDF800A0 		str	r10, [sp]
 1010 0132 2B46     		mov	r3, r5
 1011 0134 0422     		movs	r2, #4
 1012 0136 D021     		movs	r1, #208
 1013 0138 3046     		mov	r0, r6
 1014 013a FFF7FEFF 		bl	HAL_I2C_Mem_Write
 1015              	.LVL66:
1674:Core/Src/main.c ****     HAL_I2C_Mem_Write(hi2c, RTC_Addr, RTC_Month, 1, &reg_val, 1, HAL_MAX_DELAY);
 1016              		.loc 1 1674 5 view .LVU242
1674:Core/Src/main.c ****     HAL_I2C_Mem_Write(hi2c, RTC_Addr, RTC_Month, 1, &reg_val, 1, HAL_MAX_DELAY);
 1017              		.loc 1 1674 15 is_stmt 0 view .LVU243
 1018 013e 0598     		ldr	r0, [sp, #20]
 1019 0140 FFF7FEFF 		bl	decimalbcd
 1020              	.LVL67:
1674:Core/Src/main.c ****     HAL_I2C_Mem_Write(hi2c, RTC_Addr, RTC_Month, 1, &reg_val, 1, HAL_MAX_DELAY);
 1021              		.loc 1 1674 13 discriminator 1 view .LVU244
 1022 0144 8DF81F00 		strb	r0, [sp, #31]
1675:Core/Src/main.c **** 
 1023              		.loc 1 1675 5 is_stmt 1 view .LVU245
 1024 0148 CDF808B0 		str	fp, [sp, #8]
 1025 014c 0195     		str	r5, [sp, #4]
 1026 014e CDF800A0 		str	r10, [sp]
 1027 0152 2B46     		mov	r3, r5
 1028 0154 0522     		movs	r2, #5
 1029 0156 D021     		movs	r1, #208
 1030 0158 3046     		mov	r0, r6
 1031 015a FFF7FEFF 		bl	HAL_I2C_Mem_Write
 1032              	.LVL68:
1677:Core/Src/main.c ****     HAL_I2C_Mem_Write(hi2c, RTC_Addr, RTC_Year, 1, &reg_val, 1, HAL_MAX_DELAY);
 1033              		.loc 1 1677 5 view .LVU246
1677:Core/Src/main.c ****     HAL_I2C_Mem_Write(hi2c, RTC_Addr, RTC_Year, 1, &reg_val, 1, HAL_MAX_DELAY);
 1034              		.loc 1 1677 15 is_stmt 0 view .LVU247
 1035 015e 144B     		ldr	r3, .L45
 1036 0160 A3FB0423 		umull	r2, r3, r3, r4
 1037 0164 5B09     		lsrs	r3, r3, #5
 1038 0166 6422     		movs	r2, #100
 1039 0168 02FB1340 		mls	r0, r2, r3, r4
 1040 016c C0B2     		uxtb	r0, r0
 1041 016e FFF7FEFF 		bl	decimalbcd
 1042              	.LVL69:
1677:Core/Src/main.c ****     HAL_I2C_Mem_Write(hi2c, RTC_Addr, RTC_Year, 1, &reg_val, 1, HAL_MAX_DELAY);
 1043              		.loc 1 1677 13 discriminator 1 view .LVU248
 1044 0172 8DF81F00 		strb	r0, [sp, #31]
1678:Core/Src/main.c **** 
 1045              		.loc 1 1678 5 is_stmt 1 view .LVU249
 1046 0176 CDF808B0 		str	fp, [sp, #8]
 1047 017a 0195     		str	r5, [sp, #4]
 1048 017c CDF800A0 		str	r10, [sp]
 1049 0180 2B46     		mov	r3, r5
 1050 0182 0622     		movs	r2, #6
 1051 0184 D021     		movs	r1, #208
 1052 0186 3046     		mov	r0, r6
 1053 0188 FFF7FEFF 		bl	HAL_I2C_Mem_Write
 1054              	.LVL70:
ARM GAS  C:\Users\joabk\AppData\Local\Temp\ccUHSZ0G.s 			page 55


1681:Core/Src/main.c ****     HAL_I2C_Mem_Write(hi2c, RTC_Addr, RTC_MAGIC_REG, 1, &reg_val, 1, HAL_MAX_DELAY);
 1055              		.loc 1 1681 5 view .LVU250
1681:Core/Src/main.c ****     HAL_I2C_Mem_Write(hi2c, RTC_Addr, RTC_MAGIC_REG, 1, &reg_val, 1, HAL_MAX_DELAY);
 1056              		.loc 1 1681 13 is_stmt 0 view .LVU251
 1057 018c AB23     		movs	r3, #171
 1058 018e 8DF81F30 		strb	r3, [sp, #31]
1682:Core/Src/main.c **** }
 1059              		.loc 1 1682 5 is_stmt 1 view .LVU252
 1060 0192 CDF808B0 		str	fp, [sp, #8]
 1061 0196 0195     		str	r5, [sp, #4]
 1062 0198 CDF800A0 		str	r10, [sp]
 1063 019c 2B46     		mov	r3, r5
 1064 019e 0722     		movs	r2, #7
 1065 01a0 D021     		movs	r1, #208
 1066 01a2 3046     		mov	r0, r6
 1067 01a4 FFF7FEFF 		bl	HAL_I2C_Mem_Write
 1068              	.LVL71:
1683:Core/Src/main.c **** 
 1069              		.loc 1 1683 1 is_stmt 0 view .LVU253
 1070 01a8 09B0     		add	sp, sp, #36
 1071              		.cfi_def_cfa_offset 36
 1072              		@ sp needed
 1073 01aa BDE8F08F 		pop	{r4, r5, r6, r7, r8, r9, r10, fp, pc}
 1074              	.LVL72:
 1075              	.L46:
1683:Core/Src/main.c **** 
 1076              		.loc 1 1683 1 view .LVU254
 1077 01ae 00BF     		.align	2
 1078              	.L45:
 1079 01b0 1F85EB51 		.word	1374389535
 1080              		.cfi_endproc
 1081              	.LFE251:
 1083              		.section	.text.Atlas_Read_Val,"ax",%progbits
 1084              		.align	1
 1085              		.syntax unified
 1086              		.thumb
 1087              		.thumb_func
 1089              	Atlas_Read_Val:
 1090              	.LVL73:
 1091              	.LFB261:
1835:Core/Src/main.c **** 
1836:Core/Src/main.c **** static uint8_t Atlas_Read_Val(char *Output_buffer, uint16_t device_addr)
1837:Core/Src/main.c **** {
 1092              		.loc 1 1837 1 is_stmt 1 view -0
 1093              		.cfi_startproc
 1094              		@ args = 0, pretend = 0, frame = 24
 1095              		@ frame_needed = 0, uses_anonymous_args = 0
 1096              		.loc 1 1837 1 is_stmt 0 view .LVU256
 1097 0000 F0B5     		push	{r4, r5, r6, r7, lr}
 1098              		.cfi_def_cfa_offset 20
 1099              		.cfi_offset 4, -20
 1100              		.cfi_offset 5, -16
 1101              		.cfi_offset 6, -12
 1102              		.cfi_offset 7, -8
 1103              		.cfi_offset 14, -4
 1104 0002 89B0     		sub	sp, sp, #36
 1105              		.cfi_def_cfa_offset 56
ARM GAS  C:\Users\joabk\AppData\Local\Temp\ccUHSZ0G.s 			page 56


 1106 0004 0746     		mov	r7, r0
 1107 0006 0E46     		mov	r6, r1
1838:Core/Src/main.c ****     char tx_cmd[] = "R";
 1108              		.loc 1 1838 5 is_stmt 1 view .LVU257
 1109              		.loc 1 1838 10 is_stmt 0 view .LVU258
 1110 0008 5223     		movs	r3, #82
 1111 000a ADF81C30 		strh	r3, [sp, #28]	@ movhi
1839:Core/Src/main.c ****     HAL_I2C_Master_Transmit(Atlas_I2C, device_addr, (uint8_t*)tx_cmd, strlen(tx_cmd), HAL_MAX_DELAY
 1112              		.loc 1 1839 5 is_stmt 1 view .LVU259
 1113              		.loc 1 1839 71 is_stmt 0 view .LVU260
 1114 000e 07A8     		add	r0, sp, #28
 1115              	.LVL74:
 1116              		.loc 1 1839 71 view .LVU261
 1117 0010 FFF7FEFF 		bl	strlen
 1118              	.LVL75:
 1119              		.loc 1 1839 5 discriminator 1 view .LVU262
 1120 0014 4FF0FF33 		mov	r3, #-1
 1121 0018 0093     		str	r3, [sp]
 1122 001a 83B2     		uxth	r3, r0
 1123 001c 07AA     		add	r2, sp, #28
 1124 001e 3146     		mov	r1, r6
 1125 0020 1948     		ldr	r0, .L54
 1126 0022 0068     		ldr	r0, [r0]
 1127 0024 FFF7FEFF 		bl	HAL_I2C_Master_Transmit
 1128              	.LVL76:
1840:Core/Src/main.c **** 
1841:Core/Src/main.c ****     HAL_Delay(600);
 1129              		.loc 1 1841 5 is_stmt 1 view .LVU263
 1130 0028 4FF41670 		mov	r0, #600
 1131 002c FFF7FEFF 		bl	HAL_Delay
 1132              	.LVL77:
1842:Core/Src/main.c **** 
1843:Core/Src/main.c ****     uint8_t raw[17];  // 1 byte response code + up to 16 bytes data
 1133              		.loc 1 1843 5 view .LVU264
1844:Core/Src/main.c ****     uint8_t retries = 0;
 1134              		.loc 1 1844 5 view .LVU265
 1135              		.loc 1 1844 13 is_stmt 0 view .LVU266
 1136 0030 0024     		movs	r4, #0
 1137              	.LVL78:
 1138              	.L49:
1845:Core/Src/main.c **** 
1846:Core/Src/main.c ****     do {
 1139              		.loc 1 1846 5 is_stmt 1 view .LVU267
1847:Core/Src/main.c ****         HAL_I2C_Master_Receive(Atlas_I2C, device_addr, raw, sizeof(raw), 100);
 1140              		.loc 1 1847 9 view .LVU268
 1141 0032 6423     		movs	r3, #100
 1142 0034 0093     		str	r3, [sp]
 1143 0036 1123     		movs	r3, #17
 1144 0038 02AA     		add	r2, sp, #8
 1145 003a 3146     		mov	r1, r6
 1146 003c 124D     		ldr	r5, .L54
 1147 003e 2868     		ldr	r0, [r5]
 1148 0040 FFF7FEFF 		bl	HAL_I2C_Master_Receive
 1149              	.LVL79:
1848:Core/Src/main.c **** 
1849:Core/Src/main.c ****         if (raw[0] != 254) break;  // 254 = still processing, anything else = done
 1150              		.loc 1 1849 9 view .LVU269
ARM GAS  C:\Users\joabk\AppData\Local\Temp\ccUHSZ0G.s 			page 57


 1151              		.loc 1 1849 16 is_stmt 0 view .LVU270
 1152 0044 9DF80830 		ldrb	r3, [sp, #8]	@ zero_extendqisi2
 1153              		.loc 1 1849 12 view .LVU271
 1154 0048 FE2B     		cmp	r3, #254
 1155 004a 06D1     		bne	.L48
1850:Core/Src/main.c **** 
1851:Core/Src/main.c ****         retries++;
 1156              		.loc 1 1851 9 is_stmt 1 view .LVU272
 1157              		.loc 1 1851 16 is_stmt 0 view .LVU273
 1158 004c 0134     		adds	r4, r4, #1
 1159              	.LVL80:
 1160              		.loc 1 1851 16 view .LVU274
 1161 004e E4B2     		uxtb	r4, r4
 1162              	.LVL81:
1852:Core/Src/main.c ****         HAL_Delay(20);
 1163              		.loc 1 1852 9 is_stmt 1 view .LVU275
 1164 0050 1420     		movs	r0, #20
 1165 0052 FFF7FEFF 		bl	HAL_Delay
 1166              	.LVL82:
1853:Core/Src/main.c ****     } while (retries < 10);
 1167              		.loc 1 1853 22 view .LVU276
 1168 0056 092C     		cmp	r4, #9
 1169 0058 EBD9     		bls	.L49
 1170              	.L48:
1854:Core/Src/main.c **** 
1855:Core/Src/main.c ****     // raw[0] is the response code, raw[1...] is the ASCII string
1856:Core/Src/main.c ****     if (raw[0] == 1) {
 1171              		.loc 1 1856 5 view .LVU277
 1172              		.loc 1 1856 12 is_stmt 0 view .LVU278
 1173 005a 9DF80800 		ldrb	r0, [sp, #8]	@ zero_extendqisi2
 1174              		.loc 1 1856 8 view .LVU279
 1175 005e 0128     		cmp	r0, #1
 1176 0060 02D0     		beq	.L53
1857:Core/Src/main.c ****         memcpy(Output_buffer, (char*)&raw[1], sizeof(raw) - 1);
1858:Core/Src/main.c ****         Output_buffer[sizeof(raw) - 1] = '\0';
1859:Core/Src/main.c ****         return 1;  // success
1860:Core/Src/main.c ****     }
1861:Core/Src/main.c **** 
1862:Core/Src/main.c ****     return 0;  // error
 1177              		.loc 1 1862 12 view .LVU280
 1178 0062 0020     		movs	r0, #0
 1179              	.LVL83:
 1180              	.L50:
1863:Core/Src/main.c **** }
 1181              		.loc 1 1863 1 view .LVU281
 1182 0064 09B0     		add	sp, sp, #36
 1183              		.cfi_remember_state
 1184              		.cfi_def_cfa_offset 20
 1185              		@ sp needed
 1186 0066 F0BD     		pop	{r4, r5, r6, r7, pc}
 1187              	.LVL84:
 1188              	.L53:
 1189              		.cfi_restore_state
1857:Core/Src/main.c ****         memcpy(Output_buffer, (char*)&raw[1], sizeof(raw) - 1);
 1190              		.loc 1 1857 9 is_stmt 1 view .LVU282
 1191 0068 DDF80940 		ldr	r4, [sp, #9]	@ unaligned
 1192              	.LVL85:
ARM GAS  C:\Users\joabk\AppData\Local\Temp\ccUHSZ0G.s 			page 58


1857:Core/Src/main.c ****         memcpy(Output_buffer, (char*)&raw[1], sizeof(raw) - 1);
 1193              		.loc 1 1857 9 is_stmt 0 view .LVU283
 1194 006c DDF80D10 		ldr	r1, [sp, #13]	@ unaligned
 1195 0070 DDF81120 		ldr	r2, [sp, #17]	@ unaligned
 1196 0074 DDF81530 		ldr	r3, [sp, #21]	@ unaligned
 1197 0078 3C60     		str	r4, [r7]	@ unaligned
 1198 007a 7960     		str	r1, [r7, #4]	@ unaligned
 1199 007c BA60     		str	r2, [r7, #8]	@ unaligned
 1200 007e FB60     		str	r3, [r7, #12]	@ unaligned
1858:Core/Src/main.c ****         return 1;  // success
 1201              		.loc 1 1858 9 is_stmt 1 view .LVU284
1858:Core/Src/main.c ****         return 1;  // success
 1202              		.loc 1 1858 40 is_stmt 0 view .LVU285
 1203 0080 0023     		movs	r3, #0
 1204 0082 3B74     		strb	r3, [r7, #16]
1859:Core/Src/main.c ****     }
 1205              		.loc 1 1859 9 is_stmt 1 view .LVU286
1859:Core/Src/main.c ****     }
 1206              		.loc 1 1859 16 is_stmt 0 view .LVU287
 1207 0084 EEE7     		b	.L50
 1208              	.L55:
 1209 0086 00BF     		.align	2
 1210              	.L54:
 1211 0088 00000000 		.word	Atlas_I2C
 1212              		.cfi_endproc
 1213              	.LFE261:
 1215              		.section	.text.get_unix_timestamp,"ax",%progbits
 1216              		.align	1
 1217              		.syntax unified
 1218              		.thumb
 1219              		.thumb_func
 1221              	get_unix_timestamp:
 1222              	.LVL86:
 1223              	.LFB252:
1687:Core/Src/main.c ****     struct tm t;
 1224              		.loc 1 1687 1 is_stmt 1 view -0
 1225              		.cfi_startproc
 1226              		@ args = 8, pretend = 0, frame = 40
 1227              		@ frame_needed = 0, uses_anonymous_args = 0
1687:Core/Src/main.c ****     struct tm t;
 1228              		.loc 1 1687 1 is_stmt 0 view .LVU289
 1229 0000 00B5     		push	{lr}
 1230              		.cfi_def_cfa_offset 4
 1231              		.cfi_offset 14, -4
 1232 0002 8BB0     		sub	sp, sp, #44
 1233              		.cfi_def_cfa_offset 48
1688:Core/Src/main.c ****     time_t t_of_day;
 1234              		.loc 1 1688 5 is_stmt 1 view .LVU290
1689:Core/Src/main.c **** 
 1235              		.loc 1 1689 5 view .LVU291
1692:Core/Src/main.c ****     t.tm_mon = month - 1;     // Month, 0 - 11
 1236              		.loc 1 1692 5 view .LVU292
1692:Core/Src/main.c ****     t.tm_mon = month - 1;     // Month, 0 - 11
 1237              		.loc 1 1692 22 is_stmt 0 view .LVU293
 1238 0004 A0F26C70 		subw	r0, r0, #1900
 1239              	.LVL87:
1692:Core/Src/main.c ****     t.tm_mon = month - 1;     // Month, 0 - 11
ARM GAS  C:\Users\joabk\AppData\Local\Temp\ccUHSZ0G.s 			page 59


 1240              		.loc 1 1692 15 view .LVU294
 1241 0008 0690     		str	r0, [sp, #24]
1693:Core/Src/main.c ****     t.tm_mday = day;          // Day of the month
 1242              		.loc 1 1693 5 is_stmt 1 view .LVU295
1693:Core/Src/main.c ****     t.tm_mday = day;          // Day of the month
 1243              		.loc 1 1693 22 is_stmt 0 view .LVU296
 1244 000a 0139     		subs	r1, r1, #1
 1245              	.LVL88:
1693:Core/Src/main.c ****     t.tm_mday = day;          // Day of the month
 1246              		.loc 1 1693 14 view .LVU297
 1247 000c 0591     		str	r1, [sp, #20]
1694:Core/Src/main.c ****     t.tm_hour = hour;
 1248              		.loc 1 1694 5 is_stmt 1 view .LVU298
1694:Core/Src/main.c ****     t.tm_hour = hour;
 1249              		.loc 1 1694 15 is_stmt 0 view .LVU299
 1250 000e 0492     		str	r2, [sp, #16]
1695:Core/Src/main.c ****     t.tm_min = min;
 1251              		.loc 1 1695 5 is_stmt 1 view .LVU300
1695:Core/Src/main.c ****     t.tm_min = min;
 1252              		.loc 1 1695 15 is_stmt 0 view .LVU301
 1253 0010 0393     		str	r3, [sp, #12]
1696:Core/Src/main.c ****     t.tm_sec = sec;
 1254              		.loc 1 1696 5 is_stmt 1 view .LVU302
1696:Core/Src/main.c ****     t.tm_sec = sec;
 1255              		.loc 1 1696 14 is_stmt 0 view .LVU303
 1256 0012 9DF83030 		ldrb	r3, [sp, #48]	@ zero_extendqisi2
 1257              	.LVL89:
1696:Core/Src/main.c ****     t.tm_sec = sec;
 1258              		.loc 1 1696 14 view .LVU304
 1259 0016 0293     		str	r3, [sp, #8]
1697:Core/Src/main.c ****     t.tm_isdst = -1;          // Is Daylight Savings Time on? -1 = let the library decide
 1260              		.loc 1 1697 5 is_stmt 1 view .LVU305
1697:Core/Src/main.c ****     t.tm_isdst = -1;          // Is Daylight Savings Time on? -1 = let the library decide
 1261              		.loc 1 1697 14 is_stmt 0 view .LVU306
 1262 0018 9DF83430 		ldrb	r3, [sp, #52]	@ zero_extendqisi2
 1263 001c 0193     		str	r3, [sp, #4]
1698:Core/Src/main.c **** 
 1264              		.loc 1 1698 5 is_stmt 1 view .LVU307
1698:Core/Src/main.c **** 
 1265              		.loc 1 1698 16 is_stmt 0 view .LVU308
 1266 001e 4FF0FF33 		mov	r3, #-1
 1267 0022 0993     		str	r3, [sp, #36]
1700:Core/Src/main.c **** 
 1268              		.loc 1 1700 5 is_stmt 1 view .LVU309
1700:Core/Src/main.c **** 
 1269              		.loc 1 1700 16 is_stmt 0 view .LVU310
 1270 0024 01A8     		add	r0, sp, #4
 1271              	.LVL90:
1700:Core/Src/main.c **** 
 1272              		.loc 1 1700 16 view .LVU311
 1273 0026 FFF7FEFF 		bl	mktime
 1274              	.LVL91:
1702:Core/Src/main.c **** }
 1275              		.loc 1 1702 5 is_stmt 1 view .LVU312
1703:Core/Src/main.c **** 
 1276              		.loc 1 1703 1 is_stmt 0 view .LVU313
 1277 002a 0BB0     		add	sp, sp, #44
ARM GAS  C:\Users\joabk\AppData\Local\Temp\ccUHSZ0G.s 			page 60


 1278              		.cfi_def_cfa_offset 4
 1279              		@ sp needed
 1280 002c 5DF804FB 		ldr	pc, [sp], #4
1703:Core/Src/main.c **** 
 1281              		.loc 1 1703 1 view .LVU314
 1282              		.cfi_endproc
 1283              	.LFE252:
 1285              		.section	.text.RTC_Get_Time,"ax",%progbits
 1286              		.align	1
 1287              		.syntax unified
 1288              		.thumb
 1289              		.thumb_func
 1291              	RTC_Get_Time:
 1292              	.LVL92:
 1293              	.LFB249:
1570:Core/Src/main.c ****     uint8_t Year, Month, Day, Hour, Minute, Second;
 1294              		.loc 1 1570 1 is_stmt 1 view -0
 1295              		.cfi_startproc
 1296              		@ args = 0, pretend = 0, frame = 8
 1297              		@ frame_needed = 0, uses_anonymous_args = 0
1570:Core/Src/main.c ****     uint8_t Year, Month, Day, Hour, Minute, Second;
 1298              		.loc 1 1570 1 is_stmt 0 view .LVU316
 1299 0000 2DE9F041 		push	{r4, r5, r6, r7, r8, lr}
 1300              		.cfi_def_cfa_offset 24
 1301              		.cfi_offset 4, -24
 1302              		.cfi_offset 5, -20
 1303              		.cfi_offset 6, -16
 1304              		.cfi_offset 7, -12
 1305              		.cfi_offset 8, -8
 1306              		.cfi_offset 14, -4
 1307 0004 86B0     		sub	sp, sp, #24
 1308              		.cfi_def_cfa_offset 48
 1309 0006 0546     		mov	r5, r0
1571:Core/Src/main.c **** 
 1310              		.loc 1 1571 5 is_stmt 1 view .LVU317
1573:Core/Src/main.c ****     HAL_I2C_Mem_Read(hi2c, RTC_Addr, RTC_Month,  1, &Month,  1, HAL_MAX_DELAY);
 1311              		.loc 1 1573 5 view .LVU318
 1312 0008 4FF0FF36 		mov	r6, #-1
 1313 000c 0296     		str	r6, [sp, #8]
 1314 000e 0124     		movs	r4, #1
 1315 0010 0194     		str	r4, [sp, #4]
 1316 0012 0DF11703 		add	r3, sp, #23
 1317 0016 0093     		str	r3, [sp]
 1318 0018 2346     		mov	r3, r4
 1319 001a 0622     		movs	r2, #6
 1320 001c D021     		movs	r1, #208
 1321 001e FFF7FEFF 		bl	HAL_I2C_Mem_Read
 1322              	.LVL93:
1574:Core/Src/main.c ****     HAL_I2C_Mem_Read(hi2c, RTC_Addr, RTC_Day,    1, &Day,    1, HAL_MAX_DELAY);
 1323              		.loc 1 1574 5 view .LVU319
 1324 0022 0296     		str	r6, [sp, #8]
 1325 0024 0194     		str	r4, [sp, #4]
 1326 0026 0DF11603 		add	r3, sp, #22
 1327 002a 0093     		str	r3, [sp]
 1328 002c 2346     		mov	r3, r4
 1329 002e 0522     		movs	r2, #5
 1330 0030 D021     		movs	r1, #208
ARM GAS  C:\Users\joabk\AppData\Local\Temp\ccUHSZ0G.s 			page 61


 1331 0032 2846     		mov	r0, r5
 1332 0034 FFF7FEFF 		bl	HAL_I2C_Mem_Read
 1333              	.LVL94:
1575:Core/Src/main.c ****     HAL_I2C_Mem_Read(hi2c, RTC_Addr, RTC_Hour,   1, &Hour,   1, HAL_MAX_DELAY);
 1334              		.loc 1 1575 5 view .LVU320
 1335 0038 0296     		str	r6, [sp, #8]
 1336 003a 0194     		str	r4, [sp, #4]
 1337 003c 0DF11503 		add	r3, sp, #21
 1338 0040 0093     		str	r3, [sp]
 1339 0042 2346     		mov	r3, r4
 1340 0044 0422     		movs	r2, #4
 1341 0046 D021     		movs	r1, #208
 1342 0048 2846     		mov	r0, r5
 1343 004a FFF7FEFF 		bl	HAL_I2C_Mem_Read
 1344              	.LVL95:
1576:Core/Src/main.c ****     HAL_I2C_Mem_Read(hi2c, RTC_Addr, RTC_Minute, 1, &Minute, 1, HAL_MAX_DELAY);
 1345              		.loc 1 1576 5 view .LVU321
 1346 004e 0296     		str	r6, [sp, #8]
 1347 0050 0194     		str	r4, [sp, #4]
 1348 0052 05AB     		add	r3, sp, #20
 1349 0054 0093     		str	r3, [sp]
 1350 0056 2346     		mov	r3, r4
 1351 0058 0222     		movs	r2, #2
 1352 005a D021     		movs	r1, #208
 1353 005c 2846     		mov	r0, r5
 1354 005e FFF7FEFF 		bl	HAL_I2C_Mem_Read
 1355              	.LVL96:
1577:Core/Src/main.c ****     HAL_I2C_Mem_Read(hi2c, RTC_Addr, RTC_Second, 1, &Second, 1, HAL_MAX_DELAY);
 1356              		.loc 1 1577 5 view .LVU322
 1357 0062 0296     		str	r6, [sp, #8]
 1358 0064 0194     		str	r4, [sp, #4]
 1359 0066 0DF11303 		add	r3, sp, #19
 1360 006a 0093     		str	r3, [sp]
 1361 006c 2346     		mov	r3, r4
 1362 006e 2246     		mov	r2, r4
 1363 0070 D021     		movs	r1, #208
 1364 0072 2846     		mov	r0, r5
 1365 0074 FFF7FEFF 		bl	HAL_I2C_Mem_Read
 1366              	.LVL97:
1578:Core/Src/main.c **** 
 1367              		.loc 1 1578 5 view .LVU323
 1368 0078 0296     		str	r6, [sp, #8]
 1369 007a 0194     		str	r4, [sp, #4]
 1370 007c 0DF11203 		add	r3, sp, #18
 1371 0080 0093     		str	r3, [sp]
 1372 0082 2346     		mov	r3, r4
 1373 0084 0022     		movs	r2, #0
 1374 0086 D021     		movs	r1, #208
 1375 0088 2846     		mov	r0, r5
 1376 008a FFF7FEFF 		bl	HAL_I2C_Mem_Read
 1377              	.LVL98:
1581:Core/Src/main.c ****     Month  = bcdtodec(Month  & 0x1F); // mask century bit
 1378              		.loc 1 1581 5 view .LVU324
1581:Core/Src/main.c ****     Month  = bcdtodec(Month  & 0x1F); // mask century bit
 1379              		.loc 1 1581 14 is_stmt 0 view .LVU325
 1380 008e 9DF81700 		ldrb	r0, [sp, #23]	@ zero_extendqisi2
 1381 0092 FFF7FEFF 		bl	bcdtodec
ARM GAS  C:\Users\joabk\AppData\Local\Temp\ccUHSZ0G.s 			page 62


 1382              	.LVL99:
 1383 0096 0446     		mov	r4, r0
1581:Core/Src/main.c ****     Month  = bcdtodec(Month  & 0x1F); // mask century bit
 1384              		.loc 1 1581 12 discriminator 1 view .LVU326
 1385 0098 8DF81700 		strb	r0, [sp, #23]
1582:Core/Src/main.c ****     Day    = bcdtodec(Day    & 0x3F);
 1386              		.loc 1 1582 5 is_stmt 1 view .LVU327
1582:Core/Src/main.c ****     Day    = bcdtodec(Day    & 0x3F);
 1387              		.loc 1 1582 30 is_stmt 0 view .LVU328
 1388 009c 9DF81600 		ldrb	r0, [sp, #22]	@ zero_extendqisi2
1582:Core/Src/main.c ****     Day    = bcdtodec(Day    & 0x3F);
 1389              		.loc 1 1582 14 view .LVU329
 1390 00a0 00F01F00 		and	r0, r0, #31
 1391 00a4 FFF7FEFF 		bl	bcdtodec
 1392              	.LVL100:
 1393 00a8 0546     		mov	r5, r0
 1394              	.LVL101:
1582:Core/Src/main.c ****     Day    = bcdtodec(Day    & 0x3F);
 1395              		.loc 1 1582 12 discriminator 1 view .LVU330
 1396 00aa 8DF81600 		strb	r0, [sp, #22]
1583:Core/Src/main.c ****     Hour   = bcdtodec(Hour   & 0x3F); // mask 12/24hr bit
 1397              		.loc 1 1583 5 is_stmt 1 view .LVU331
1583:Core/Src/main.c ****     Hour   = bcdtodec(Hour   & 0x3F); // mask 12/24hr bit
 1398              		.loc 1 1583 30 is_stmt 0 view .LVU332
 1399 00ae 9DF81500 		ldrb	r0, [sp, #21]	@ zero_extendqisi2
1583:Core/Src/main.c ****     Hour   = bcdtodec(Hour   & 0x3F); // mask 12/24hr bit
 1400              		.loc 1 1583 14 view .LVU333
 1401 00b2 00F03F00 		and	r0, r0, #63
 1402 00b6 FFF7FEFF 		bl	bcdtodec
 1403              	.LVL102:
 1404 00ba 0646     		mov	r6, r0
1583:Core/Src/main.c ****     Hour   = bcdtodec(Hour   & 0x3F); // mask 12/24hr bit
 1405              		.loc 1 1583 12 discriminator 1 view .LVU334
 1406 00bc 8DF81500 		strb	r0, [sp, #21]
1584:Core/Src/main.c ****     Minute = bcdtodec(Minute & 0x7F);
 1407              		.loc 1 1584 5 is_stmt 1 view .LVU335
1584:Core/Src/main.c ****     Minute = bcdtodec(Minute & 0x7F);
 1408              		.loc 1 1584 30 is_stmt 0 view .LVU336
 1409 00c0 9DF81400 		ldrb	r0, [sp, #20]	@ zero_extendqisi2
1584:Core/Src/main.c ****     Minute = bcdtodec(Minute & 0x7F);
 1410              		.loc 1 1584 14 view .LVU337
 1411 00c4 00F03F00 		and	r0, r0, #63
 1412 00c8 FFF7FEFF 		bl	bcdtodec
 1413              	.LVL103:
 1414 00cc 0746     		mov	r7, r0
1584:Core/Src/main.c ****     Minute = bcdtodec(Minute & 0x7F);
 1415              		.loc 1 1584 12 discriminator 1 view .LVU338
 1416 00ce 8DF81400 		strb	r0, [sp, #20]
1585:Core/Src/main.c ****     Second = bcdtodec(Second & 0x7F);
 1417              		.loc 1 1585 5 is_stmt 1 view .LVU339
1585:Core/Src/main.c ****     Second = bcdtodec(Second & 0x7F);
 1418              		.loc 1 1585 30 is_stmt 0 view .LVU340
 1419 00d2 9DF81300 		ldrb	r0, [sp, #19]	@ zero_extendqisi2
1585:Core/Src/main.c ****     Second = bcdtodec(Second & 0x7F);
 1420              		.loc 1 1585 14 view .LVU341
 1421 00d6 00F07F00 		and	r0, r0, #127
 1422 00da FFF7FEFF 		bl	bcdtodec
ARM GAS  C:\Users\joabk\AppData\Local\Temp\ccUHSZ0G.s 			page 63


 1423              	.LVL104:
 1424 00de 8046     		mov	r8, r0
1585:Core/Src/main.c ****     Second = bcdtodec(Second & 0x7F);
 1425              		.loc 1 1585 12 discriminator 1 view .LVU342
 1426 00e0 8DF81300 		strb	r0, [sp, #19]
1586:Core/Src/main.c **** 
 1427              		.loc 1 1586 5 is_stmt 1 view .LVU343
1586:Core/Src/main.c **** 
 1428              		.loc 1 1586 30 is_stmt 0 view .LVU344
 1429 00e4 9DF81200 		ldrb	r0, [sp, #18]	@ zero_extendqisi2
1586:Core/Src/main.c **** 
 1430              		.loc 1 1586 14 view .LVU345
 1431 00e8 00F07F00 		and	r0, r0, #127
 1432 00ec FFF7FEFF 		bl	bcdtodec
 1433              	.LVL105:
1586:Core/Src/main.c **** 
 1434              		.loc 1 1586 12 discriminator 1 view .LVU346
 1435 00f0 8DF81200 		strb	r0, [sp, #18]
1588:Core/Src/main.c **** }
 1436              		.loc 1 1588 5 is_stmt 1 view .LVU347
1588:Core/Src/main.c **** }
 1437              		.loc 1 1588 12 is_stmt 0 view .LVU348
 1438 00f4 0190     		str	r0, [sp, #4]
 1439 00f6 CDF80080 		str	r8, [sp]
 1440 00fa 3B46     		mov	r3, r7
 1441 00fc 3246     		mov	r2, r6
 1442 00fe 2946     		mov	r1, r5
 1443 0100 04F5FA60 		add	r0, r4, #2000
 1444 0104 FFF7FEFF 		bl	get_unix_timestamp
 1445              	.LVL106:
1589:Core/Src/main.c **** 
 1446              		.loc 1 1589 1 view .LVU349
 1447 0108 06B0     		add	sp, sp, #24
 1448              		.cfi_def_cfa_offset 24
 1449              		@ sp needed
 1450 010a BDE8F081 		pop	{r4, r5, r6, r7, r8, pc}
 1451              		.cfi_endproc
 1452              	.LFE249:
 1454              		.section	.rodata.SD_Write.str1.4,"aMS",%progbits,1
 1455              		.align	2
 1456              	.LC2:
 1457 0000 25792D25 		.ascii	"%y-%m-%d-%H-%M-%S-READING.CSV\000"
 1457      6D2D2564 
 1457      2D25482D 
 1457      254D2D25 
 1457      532D5245 
 1458 001e 0000     		.align	2
 1459              	.LC3:
 1460 0020 25592D25 		.ascii	"%Y-%m-%d %H:%M:%S\000"
 1460      6D2D2564 
 1460      2025483A 
 1460      254D3A25 
 1460      5300
 1461 0032 0000     		.align	2
 1462              	.LC4:
 1463 0034 00       		.ascii	"\000"
 1464 0035 000000   		.align	2
ARM GAS  C:\Users\joabk\AppData\Local\Temp\ccUHSZ0G.s 			page 64


 1465              	.LC5:
 1466 0038 44617465 		.ascii	"Date,Sensor,Value\012\000"
 1466      2C53656E 
 1466      736F722C 
 1466      56616C75 
 1466      650A00
 1467 004b 00       		.align	2
 1468              	.LC6:
 1469 004c 25732C44 		.ascii	"%s,DO_1,%s\012\000"
 1469      4F5F312C 
 1469      25730A00 
 1470              		.align	2
 1471              	.LC7:
 1472 0058 25732C52 		.ascii	"%s,RTD_1,%s\012\000"
 1472      54445F31 
 1472      2C25730A 
 1472      00
 1473 0065 000000   		.align	2
 1474              	.LC8:
 1475 0068 25732C44 		.ascii	"%s,DO_2,%s\012\000"
 1475      4F5F322C 
 1475      25730A00 
 1476              		.align	2
 1477              	.LC9:
 1478 0074 25732C52 		.ascii	"%s,RTD_2,%s\012\000"
 1478      54445F32 
 1478      2C25730A 
 1478      00
 1479              		.section	.text.SD_Write,"ax",%progbits
 1480              		.align	1
 1481              		.syntax unified
 1482              		.thumb
 1483              		.thumb_func
 1485              	SD_Write:
 1486              	.LVL107:
 1487              	.LFB255:
1734:Core/Src/main.c ****     SD_Detect();
 1488              		.loc 1 1734 1 is_stmt 1 view -0
 1489              		.cfi_startproc
 1490              		@ args = 0, pretend = 0, frame = 1224
 1491              		@ frame_needed = 0, uses_anonymous_args = 0
1734:Core/Src/main.c ****     SD_Detect();
 1492              		.loc 1 1734 1 is_stmt 0 view .LVU351
 1493 0000 30B5     		push	{r4, r5, lr}
 1494              		.cfi_def_cfa_offset 12
 1495              		.cfi_offset 4, -12
 1496              		.cfi_offset 5, -8
 1497              		.cfi_offset 14, -4
 1498 0002 ADF2D44D 		subw	sp, sp, #1236
 1499              		.cfi_def_cfa_offset 1248
 1500 0006 0546     		mov	r5, r0
1735:Core/Src/main.c ****     if (!SD_Connected) return 0;
 1501              		.loc 1 1735 5 is_stmt 1 view .LVU352
 1502 0008 FFF7FEFF 		bl	SD_Detect
 1503              	.LVL108:
1736:Core/Src/main.c **** 
 1504              		.loc 1 1736 5 view .LVU353
ARM GAS  C:\Users\joabk\AppData\Local\Temp\ccUHSZ0G.s 			page 65


1736:Core/Src/main.c **** 
 1505              		.loc 1 1736 9 is_stmt 0 view .LVU354
 1506 000c 434B     		ldr	r3, .L70
 1507 000e 1C78     		ldrb	r4, [r3]	@ zero_extendqisi2
1736:Core/Src/main.c **** 
 1508              		.loc 1 1736 8 view .LVU355
 1509 0010 1CB9     		cbnz	r4, .L66
 1510              	.L61:
1795:Core/Src/main.c **** 
 1511              		.loc 1 1795 1 view .LVU356
 1512 0012 2046     		mov	r0, r4
 1513 0014 0DF2D44D 		addw	sp, sp, #1236
 1514              		.cfi_remember_state
 1515              		.cfi_def_cfa_offset 12
 1516              		@ sp needed
 1517 0018 30BD     		pop	{r4, r5, pc}
 1518              	.LVL109:
 1519              	.L66:
 1520              		.cfi_restore_state
1738:Core/Src/main.c ****     FIL     fil;
 1521              		.loc 1 1738 5 is_stmt 1 view .LVU357
1739:Core/Src/main.c ****     FRESULT fres;
 1522              		.loc 1 1739 5 view .LVU358
1740:Core/Src/main.c ****     UINT    bytesWrote;
 1523              		.loc 1 1740 5 view .LVU359
1741:Core/Src/main.c ****     char    row[60];
 1524              		.loc 1 1741 5 view .LVU360
1742:Core/Src/main.c **** 
 1525              		.loc 1 1742 5 view .LVU361
1744:Core/Src/main.c ****     struct tm *tm_info = localtime(&raw);
 1526              		.loc 1 1744 5 view .LVU362
1744:Core/Src/main.c ****     struct tm *tm_info = localtime(&raw);
 1527              		.loc 1 1744 12 is_stmt 0 view .LVU363
 1528 001a 0895     		str	r5, [sp, #32]
 1529 001c 0023     		movs	r3, #0
 1530 001e 0993     		str	r3, [sp, #36]
1745:Core/Src/main.c **** 
 1531              		.loc 1 1745 5 is_stmt 1 view .LVU364
1745:Core/Src/main.c **** 
 1532              		.loc 1 1745 26 is_stmt 0 view .LVU365
 1533 0020 08A8     		add	r0, sp, #32
 1534 0022 FFF7FEFF 		bl	localtime
 1535              	.LVL110:
 1536 0026 0446     		mov	r4, r0
 1537              	.LVL111:
1750:Core/Src/main.c **** 
 1538              		.loc 1 1750 5 is_stmt 1 view .LVU366
 1539 0028 0346     		mov	r3, r0
 1540 002a 3D4A     		ldr	r2, .L70+4
 1541 002c 2821     		movs	r1, #40
 1542 002e 3D48     		ldr	r0, .L70+8
 1543              	.LVL112:
1750:Core/Src/main.c **** 
 1544              		.loc 1 1750 5 is_stmt 0 view .LVU367
 1545 0030 FFF7FEFF 		bl	strftime
 1546              	.LVL113:
1755:Core/Src/main.c ****     strftime(ts, sizeof(ts), "%Y-%m-%d %H:%M:%S", tm_info);
ARM GAS  C:\Users\joabk\AppData\Local\Temp\ccUHSZ0G.s 			page 66


 1547              		.loc 1 1755 5 is_stmt 1 view .LVU368
1756:Core/Src/main.c **** 
 1548              		.loc 1 1756 5 view .LVU369
 1549 0034 2346     		mov	r3, r4
 1550 0036 3C4A     		ldr	r2, .L70+12
 1551 0038 1421     		movs	r1, #20
 1552 003a 03A8     		add	r0, sp, #12
 1553 003c FFF7FEFF 		bl	strftime
 1554              	.LVL114:
1760:Core/Src/main.c ****     if (fres != FR_OK) return 0;
 1555              		.loc 1 1760 5 view .LVU370
1760:Core/Src/main.c ****     if (fres != FR_OK) return 0;
 1556              		.loc 1 1760 12 is_stmt 0 view .LVU371
 1557 0040 0122     		movs	r2, #1
 1558 0042 3A49     		ldr	r1, .L70+16
 1559 0044 A7A8     		add	r0, sp, #668
 1560 0046 FFF7FEFF 		bl	f_mount
 1561              	.LVL115:
1761:Core/Src/main.c ****     //if (OLED_Connected) write_OLED(0,5,"mntok");
 1562              		.loc 1 1761 5 is_stmt 1 view .LVU372
1761:Core/Src/main.c ****     //if (OLED_Connected) write_OLED(0,5,"mntok");
 1563              		.loc 1 1761 8 is_stmt 0 view .LVU373
 1564 004a 0446     		mov	r4, r0
 1565              	.LVL116:
1761:Core/Src/main.c ****     //if (OLED_Connected) write_OLED(0,5,"mntok");
 1566              		.loc 1 1761 8 view .LVU374
 1567 004c 08B1     		cbz	r0, .L67
1761:Core/Src/main.c ****     //if (OLED_Connected) write_OLED(0,5,"mntok");
 1568              		.loc 1 1761 31 discriminator 1 view .LVU375
 1569 004e 0024     		movs	r4, #0
 1570 0050 DFE7     		b	.L61
 1571              	.L67:
1764:Core/Src/main.c ****     if (fres != FR_OK) { f_mount(NULL, "", 0); return 0; }
 1572              		.loc 1 1764 5 is_stmt 1 view .LVU376
1764:Core/Src/main.c ****     if (fres != FR_OK) { f_mount(NULL, "", 0); return 0; }
 1573              		.loc 1 1764 12 is_stmt 0 view .LVU377
 1574 0052 0A22     		movs	r2, #10
 1575 0054 3349     		ldr	r1, .L70+8
 1576 0056 1BA8     		add	r0, sp, #108
 1577              	.LVL117:
1764:Core/Src/main.c ****     if (fres != FR_OK) { f_mount(NULL, "", 0); return 0; }
 1578              		.loc 1 1764 12 view .LVU378
 1579 0058 FFF7FEFF 		bl	f_open
 1580              	.LVL118:
1765:Core/Src/main.c **** 
 1581              		.loc 1 1765 5 is_stmt 1 view .LVU379
1765:Core/Src/main.c **** 
 1582              		.loc 1 1765 8 is_stmt 0 view .LVU380
 1583 005c 0028     		cmp	r0, #0
 1584 005e 50D1     		bne	.L68
1769:Core/Src/main.c ****         char *header = "Date,Sensor,Value\n";
 1585              		.loc 1 1769 5 is_stmt 1 view .LVU381
1769:Core/Src/main.c ****         char *header = "Date,Sensor,Value\n";
 1586              		.loc 1 1769 9 is_stmt 0 view .LVU382
 1587 0060 1E9B     		ldr	r3, [sp, #120]
1769:Core/Src/main.c ****         char *header = "Date,Sensor,Value\n";
 1588              		.loc 1 1769 8 view .LVU383
ARM GAS  C:\Users\joabk\AppData\Local\Temp\ccUHSZ0G.s 			page 67


 1589 0062 002B     		cmp	r3, #0
 1590 0064 53D0     		beq	.L69
 1591              	.LVL119:
 1592              	.L63:
1776:Core/Src/main.c ****     f_write(&fil, row, strlen(row), &bytesWrote);
 1593              		.loc 1 1776 5 is_stmt 1 view .LVU384
 1594 0066 324B     		ldr	r3, .L70+20
 1595 0068 0093     		str	r3, [sp]
 1596 006a 03AB     		add	r3, sp, #12
 1597 006c 314A     		ldr	r2, .L70+24
 1598 006e 3C21     		movs	r1, #60
 1599 0070 0BA8     		add	r0, sp, #44
 1600 0072 FFF7FEFF 		bl	snprintf
 1601              	.LVL120:
1777:Core/Src/main.c **** 
 1602              		.loc 1 1777 5 view .LVU385
 1603 0076 0BA8     		add	r0, sp, #44
 1604 0078 FFF7FEFF 		bl	strlen
 1605              	.LVL121:
 1606 007c 0246     		mov	r2, r0
1777:Core/Src/main.c **** 
 1607              		.loc 1 1777 5 is_stmt 0 discriminator 1 view .LVU386
 1608 007e 1AAB     		add	r3, sp, #104
 1609 0080 0BA9     		add	r1, sp, #44
 1610 0082 1BA8     		add	r0, sp, #108
 1611 0084 FFF7FEFF 		bl	f_write
 1612              	.LVL122:
1779:Core/Src/main.c ****     f_write(&fil, row, strlen(row), &bytesWrote);
 1613              		.loc 1 1779 5 is_stmt 1 view .LVU387
 1614 0088 2B4B     		ldr	r3, .L70+28
 1615 008a 0093     		str	r3, [sp]
 1616 008c 03AB     		add	r3, sp, #12
 1617 008e 2B4A     		ldr	r2, .L70+32
 1618 0090 3C21     		movs	r1, #60
 1619 0092 0BA8     		add	r0, sp, #44
 1620 0094 FFF7FEFF 		bl	snprintf
 1621              	.LVL123:
1780:Core/Src/main.c **** 
 1622              		.loc 1 1780 5 view .LVU388
 1623 0098 0BA8     		add	r0, sp, #44
 1624 009a FFF7FEFF 		bl	strlen
 1625              	.LVL124:
 1626 009e 0246     		mov	r2, r0
1780:Core/Src/main.c **** 
 1627              		.loc 1 1780 5 is_stmt 0 discriminator 1 view .LVU389
 1628 00a0 1AAB     		add	r3, sp, #104
 1629 00a2 0BA9     		add	r1, sp, #44
 1630 00a4 1BA8     		add	r0, sp, #108
 1631 00a6 FFF7FEFF 		bl	f_write
 1632              	.LVL125:
1782:Core/Src/main.c ****     f_write(&fil, row, strlen(row), &bytesWrote);
 1633              		.loc 1 1782 5 is_stmt 1 view .LVU390
 1634 00aa 254B     		ldr	r3, .L70+36
 1635 00ac 0093     		str	r3, [sp]
 1636 00ae 03AB     		add	r3, sp, #12
 1637 00b0 244A     		ldr	r2, .L70+40
 1638 00b2 3C21     		movs	r1, #60
ARM GAS  C:\Users\joabk\AppData\Local\Temp\ccUHSZ0G.s 			page 68


 1639 00b4 0BA8     		add	r0, sp, #44
 1640 00b6 FFF7FEFF 		bl	snprintf
 1641              	.LVL126:
1783:Core/Src/main.c **** 
 1642              		.loc 1 1783 5 view .LVU391
 1643 00ba 0BA8     		add	r0, sp, #44
 1644 00bc FFF7FEFF 		bl	strlen
 1645              	.LVL127:
 1646 00c0 0246     		mov	r2, r0
1783:Core/Src/main.c **** 
 1647              		.loc 1 1783 5 is_stmt 0 discriminator 1 view .LVU392
 1648 00c2 1AAB     		add	r3, sp, #104
 1649 00c4 0BA9     		add	r1, sp, #44
 1650 00c6 1BA8     		add	r0, sp, #108
 1651 00c8 FFF7FEFF 		bl	f_write
 1652              	.LVL128:
1785:Core/Src/main.c ****     f_write(&fil, row, strlen(row), &bytesWrote);
 1653              		.loc 1 1785 5 is_stmt 1 view .LVU393
 1654 00cc 1E4B     		ldr	r3, .L70+44
 1655 00ce 0093     		str	r3, [sp]
 1656 00d0 03AB     		add	r3, sp, #12
 1657 00d2 1E4A     		ldr	r2, .L70+48
 1658 00d4 3C21     		movs	r1, #60
 1659 00d6 0BA8     		add	r0, sp, #44
 1660 00d8 FFF7FEFF 		bl	snprintf
 1661              	.LVL129:
1786:Core/Src/main.c **** 
 1662              		.loc 1 1786 5 view .LVU394
 1663 00dc 0BA8     		add	r0, sp, #44
 1664 00de FFF7FEFF 		bl	strlen
 1665              	.LVL130:
 1666 00e2 0246     		mov	r2, r0
1786:Core/Src/main.c **** 
 1667              		.loc 1 1786 5 is_stmt 0 discriminator 1 view .LVU395
 1668 00e4 1AAB     		add	r3, sp, #104
 1669 00e6 0BA9     		add	r1, sp, #44
 1670 00e8 1BA8     		add	r0, sp, #108
 1671 00ea FFF7FEFF 		bl	f_write
 1672              	.LVL131:
1788:Core/Src/main.c ****     //f_unmount("");
 1673              		.loc 1 1788 5 is_stmt 1 view .LVU396
 1674 00ee 1BA8     		add	r0, sp, #108
 1675 00f0 FFF7FEFF 		bl	f_close
 1676              	.LVL132:
1790:Core/Src/main.c **** 
 1677              		.loc 1 1790 5 view .LVU397
 1678 00f4 0022     		movs	r2, #0
 1679 00f6 0D49     		ldr	r1, .L70+16
 1680 00f8 1046     		mov	r0, r2
 1681 00fa FFF7FEFF 		bl	f_mount
 1682              	.LVL133:
1794:Core/Src/main.c **** }
 1683              		.loc 1 1794 5 view .LVU398
1794:Core/Src/main.c **** }
 1684              		.loc 1 1794 12 is_stmt 0 view .LVU399
 1685 00fe 0124     		movs	r4, #1
 1686 0100 87E7     		b	.L61
ARM GAS  C:\Users\joabk\AppData\Local\Temp\ccUHSZ0G.s 			page 69


 1687              	.LVL134:
 1688              	.L68:
1765:Core/Src/main.c **** 
 1689              		.loc 1 1765 26 is_stmt 1 discriminator 1 view .LVU400
 1690 0102 0022     		movs	r2, #0
 1691 0104 0949     		ldr	r1, .L70+16
 1692 0106 1046     		mov	r0, r2
 1693              	.LVL135:
1765:Core/Src/main.c **** 
 1694              		.loc 1 1765 26 is_stmt 0 discriminator 1 view .LVU401
 1695 0108 FFF7FEFF 		bl	f_mount
 1696              	.LVL136:
1765:Core/Src/main.c **** 
 1697              		.loc 1 1765 48 is_stmt 1 discriminator 1 view .LVU402
1765:Core/Src/main.c **** 
 1698              		.loc 1 1765 55 is_stmt 0 view .LVU403
 1699 010c 81E7     		b	.L61
 1700              	.LVL137:
 1701              	.L69:
 1702              	.LBB9:
1770:Core/Src/main.c ****         f_write(&fil, header, strlen(header), &bytesWrote);
 1703              		.loc 1 1770 9 is_stmt 1 view .LVU404
1771:Core/Src/main.c ****     }
 1704              		.loc 1 1771 9 view .LVU405
1771:Core/Src/main.c ****     }
 1705              		.loc 1 1771 9 is_stmt 0 discriminator 1 view .LVU406
 1706 010e 1AAB     		add	r3, sp, #104
 1707 0110 1222     		movs	r2, #18
 1708 0112 0F49     		ldr	r1, .L70+52
 1709 0114 1BA8     		add	r0, sp, #108
 1710              	.LVL138:
1771:Core/Src/main.c ****     }
 1711              		.loc 1 1771 9 discriminator 1 view .LVU407
 1712 0116 FFF7FEFF 		bl	f_write
 1713              	.LVL139:
 1714 011a A4E7     		b	.L63
 1715              	.L71:
 1716              		.align	2
 1717              	.L70:
 1718 011c 00000000 		.word	SD_Connected
 1719 0120 00000000 		.word	.LC2
 1720 0124 00000000 		.word	SD_filename
 1721 0128 20000000 		.word	.LC3
 1722 012c 34000000 		.word	.LC4
 1723 0130 00000000 		.word	Atlas_Buffer_1
 1724 0134 4C000000 		.word	.LC6
 1725 0138 00000000 		.word	Atlas_Buffer_2
 1726 013c 58000000 		.word	.LC7
 1727 0140 00000000 		.word	Atlas_Buffer_3
 1728 0144 68000000 		.word	.LC8
 1729 0148 00000000 		.word	Atlas_Buffer_4
 1730 014c 74000000 		.word	.LC9
 1731 0150 38000000 		.word	.LC5
 1732              	.LBE9:
 1733              		.cfi_endproc
 1734              	.LFE255:
 1736              		.section	.text.write_OLED,"ax",%progbits
ARM GAS  C:\Users\joabk\AppData\Local\Temp\ccUHSZ0G.s 			page 70


 1737              		.align	1
 1738              		.syntax unified
 1739              		.thumb
 1740              		.thumb_func
 1742              	write_OLED:
 1743              	.LVL140:
 1744              	.LFB253:
1716:Core/Src/main.c ****   ssd1306_SetCursor(pos_x*7, pos_y*10);
 1745              		.loc 1 1716 1 is_stmt 1 view -0
 1746              		.cfi_startproc
 1747              		@ args = 0, pretend = 0, frame = 0
 1748              		@ frame_needed = 0, uses_anonymous_args = 0
1716:Core/Src/main.c ****   ssd1306_SetCursor(pos_x*7, pos_y*10);
 1749              		.loc 1 1716 1 is_stmt 0 view .LVU409
 1750 0000 10B5     		push	{r4, lr}
 1751              		.cfi_def_cfa_offset 8
 1752              		.cfi_offset 4, -8
 1753              		.cfi_offset 14, -4
 1754 0002 1446     		mov	r4, r2
1717:Core/Src/main.c ****   ssd1306_WriteString(text, Font_7x10, White); //Write some text to the Oled module
 1755              		.loc 1 1717 3 is_stmt 1 view .LVU410
 1756 0004 01EB8101 		add	r1, r1, r1, lsl #2
 1757              	.LVL141:
1717:Core/Src/main.c ****   ssd1306_WriteString(text, Font_7x10, White); //Write some text to the Oled module
 1758              		.loc 1 1717 3 is_stmt 0 view .LVU411
 1759 0008 4900     		lsls	r1, r1, #1
 1760 000a C0EBC000 		rsb	r0, r0, r0, lsl #3
 1761              	.LVL142:
1717:Core/Src/main.c ****   ssd1306_WriteString(text, Font_7x10, White); //Write some text to the Oled module
 1762              		.loc 1 1717 3 view .LVU412
 1763 000e 01F0FE01 		and	r1, r1, #254
 1764 0012 C0B2     		uxtb	r0, r0
 1765 0014 FFF7FEFF 		bl	ssd1306_SetCursor
 1766              	.LVL143:
1718:Core/Src/main.c **** 
 1767              		.loc 1 1718 3 is_stmt 1 view .LVU413
 1768 0018 054A     		ldr	r2, .L74
 1769 001a 0123     		movs	r3, #1
 1770 001c 06CA     		ldm	r2, {r1, r2}
 1771 001e 2046     		mov	r0, r4
 1772 0020 FFF7FEFF 		bl	ssd1306_WriteString
 1773              	.LVL144:
1720:Core/Src/main.c **** }
 1774              		.loc 1 1720 3 view .LVU414
 1775 0024 034B     		ldr	r3, .L74+4
 1776 0026 1868     		ldr	r0, [r3]
 1777 0028 FFF7FEFF 		bl	ssd1306_UpdateScreen
 1778              	.LVL145:
1721:Core/Src/main.c **** 
 1779              		.loc 1 1721 1 is_stmt 0 view .LVU415
 1780 002c 10BD     		pop	{r4, pc}
 1781              	.LVL146:
 1782              	.L75:
1721:Core/Src/main.c **** 
 1783              		.loc 1 1721 1 view .LVU416
 1784 002e 00BF     		.align	2
 1785              	.L74:
ARM GAS  C:\Users\joabk\AppData\Local\Temp\ccUHSZ0G.s 			page 71


 1786 0030 00000000 		.word	Font_7x10
 1787 0034 00000000 		.word	Oled_I2C
 1788              		.cfi_endproc
 1789              	.LFE253:
 1791              		.section	.rodata.Calibrate_Atlas.str1.4,"aMS",%progbits,1
 1792              		.align	2
 1793              	.LC10:
 1794 0000 43616C20 		.ascii	"Cal Mode\000"
 1794      4D6F6465 
 1794      00
 1795 0009 000000   		.align	2
 1796              	.LC11:
 1797 000c 50423220 		.ascii	"PB2 for DO 1,2\000"
 1797      666F7220 
 1797      444F2031 
 1797      2C3200
 1798 001b 00       		.align	2
 1799              	.LC12:
 1800 001c 50423320 		.ascii	"PB3 for DO 3,4\000"
 1800      666F7220 
 1800      444F2033 
 1800      2C3400
 1801 002b 00       		.align	2
 1802              	.LC13:
 1803 002c 43616C20 		.ascii	"Cal Sensor 1,2\000"
 1803      53656E73 
 1803      6F722031 
 1803      2C3200
 1804 003b 00       		.align	2
 1805              	.LC14:
 1806 003c 30252043 		.ascii	"0% CAL\000"
 1806      414C00
 1807 0043 00       		.align	2
 1808              	.LC15:
 1809 0044 50423220 		.ascii	"PB2 When stl\000"
 1809      5768656E 
 1809      2073746C 
 1809      00
 1810 0051 000000   		.align	2
 1811              	.LC16:
 1812 0054 50423320 		.ascii	"PB3 Exit\000"
 1812      45786974 
 1812      00
 1813 005d 000000   		.align	2
 1814              	.LC17:
 1815 0060 61746D20 		.ascii	"atm CAL\000"
 1815      43414C00 
 1816              		.align	2
 1817              	.LC18:
 1818 0068 43616C20 		.ascii	"Cal Sensor 3,4\000"
 1818      53656E73 
 1818      6F722033 
 1818      2C3400
 1819              		.section	.text.Calibrate_Atlas,"ax",%progbits
 1820              		.align	1
 1821              		.syntax unified
 1822              		.thumb
ARM GAS  C:\Users\joabk\AppData\Local\Temp\ccUHSZ0G.s 			page 72


 1823              		.thumb_func
 1825              	Calibrate_Atlas:
 1826              	.LFB262:
1864:Core/Src/main.c **** 
1865:Core/Src/main.c **** 
1866:Core/Src/main.c **** static uint8_t Calibrate_Atlas()
1867:Core/Src/main.c **** {
 1827              		.loc 1 1867 1 is_stmt 1 view -0
 1828              		.cfi_startproc
 1829              		@ args = 0, pretend = 0, frame = 0
 1830              		@ frame_needed = 0, uses_anonymous_args = 0
 1831 0000 38B5     		push	{r3, r4, r5, lr}
 1832              		.cfi_def_cfa_offset 16
 1833              		.cfi_offset 3, -16
 1834              		.cfi_offset 4, -12
 1835              		.cfi_offset 5, -8
 1836              		.cfi_offset 14, -4
1868:Core/Src/main.c ****   PB2_Flag = 0;
 1837              		.loc 1 1868 3 view .LVU418
 1838              		.loc 1 1868 12 is_stmt 0 view .LVU419
 1839 0002 0024     		movs	r4, #0
 1840 0004 954B     		ldr	r3, .L95
 1841 0006 1C70     		strb	r4, [r3]
1869:Core/Src/main.c ****   PB3_Flag = 0;
 1842              		.loc 1 1869 3 is_stmt 1 view .LVU420
 1843              		.loc 1 1869 12 is_stmt 0 view .LVU421
 1844 0008 954B     		ldr	r3, .L95+4
 1845 000a 1C70     		strb	r4, [r3]
1870:Core/Src/main.c **** 
1871:Core/Src/main.c ****   Atlas_Wake(DO_1_Addr);
 1846              		.loc 1 1871 3 is_stmt 1 view .LVU422
 1847 000c C220     		movs	r0, #194
 1848 000e FFF7FEFF 		bl	Atlas_Wake
 1849              	.LVL147:
1872:Core/Src/main.c ****   Atlas_Wake(RTD_1_Addr);
 1850              		.loc 1 1872 3 view .LVU423
 1851 0012 CC20     		movs	r0, #204
 1852 0014 FFF7FEFF 		bl	Atlas_Wake
 1853              	.LVL148:
1873:Core/Src/main.c ****   Atlas_Wake(DO_2_Addr);
 1854              		.loc 1 1873 3 view .LVU424
 1855 0018 C420     		movs	r0, #196
 1856 001a FFF7FEFF 		bl	Atlas_Wake
 1857              	.LVL149:
1874:Core/Src/main.c ****   Atlas_Wake(RTD_2_Addr);
 1858              		.loc 1 1874 3 view .LVU425
 1859 001e CE20     		movs	r0, #206
 1860 0020 FFF7FEFF 		bl	Atlas_Wake
 1861              	.LVL150:
1875:Core/Src/main.c **** 
1876:Core/Src/main.c ****   ssd1306_Fill(Black);
 1862              		.loc 1 1876 3 view .LVU426
 1863 0024 2046     		mov	r0, r4
 1864 0026 FFF7FEFF 		bl	ssd1306_Fill
 1865              	.LVL151:
1877:Core/Src/main.c ****   write_OLED(0,0,"Cal Mode");
 1866              		.loc 1 1877 3 view .LVU427
ARM GAS  C:\Users\joabk\AppData\Local\Temp\ccUHSZ0G.s 			page 73


 1867 002a 8E4A     		ldr	r2, .L95+8
 1868 002c 2146     		mov	r1, r4
 1869 002e 2046     		mov	r0, r4
 1870 0030 FFF7FEFF 		bl	write_OLED
 1871              	.LVL152:
1878:Core/Src/main.c ****   write_OLED(0,1,"PB2 for DO 1,2");
 1872              		.loc 1 1878 3 view .LVU428
 1873 0034 8C4A     		ldr	r2, .L95+12
 1874 0036 0121     		movs	r1, #1
 1875 0038 2046     		mov	r0, r4
 1876 003a FFF7FEFF 		bl	write_OLED
 1877              	.LVL153:
1879:Core/Src/main.c ****   write_OLED(0,2,"PB3 for DO 3,4");
 1878              		.loc 1 1879 3 view .LVU429
 1879 003e 8B4A     		ldr	r2, .L95+16
 1880 0040 0221     		movs	r1, #2
 1881 0042 2046     		mov	r0, r4
 1882 0044 FFF7FEFF 		bl	write_OLED
 1883              	.LVL154:
 1884              	.L77:
1880:Core/Src/main.c **** 
1881:Core/Src/main.c ****   while (1)
 1885              		.loc 1 1881 3 view .LVU430
1882:Core/Src/main.c ****   {
1883:Core/Src/main.c ****     if (PB2_Flag)
 1886              		.loc 1 1883 5 view .LVU431
 1887              		.loc 1 1883 9 is_stmt 0 view .LVU432
 1888 0048 844B     		ldr	r3, .L95
 1889 004a 1B78     		ldrb	r3, [r3]	@ zero_extendqisi2
 1890              		.loc 1 1883 8 view .LVU433
 1891 004c 002B     		cmp	r3, #0
 1892 004e 3DD1     		bne	.L90
1884:Core/Src/main.c ****     {
1885:Core/Src/main.c ****       PB2_Flag = 0;
1886:Core/Src/main.c ****       PB3_Flag = 0;
1887:Core/Src/main.c ****       ssd1306_Fill(Black);
1888:Core/Src/main.c ****       write_OLED(0,0,"Cal Sensor 1,2");
1889:Core/Src/main.c ****       write_OLED(0,1,"0% CAL");
1890:Core/Src/main.c ****       write_OLED(0,2,"PB2 When stl");
1891:Core/Src/main.c ****       write_OLED(0,5,"PB3 Exit");
1892:Core/Src/main.c **** 
1893:Core/Src/main.c ****       while(!PB2_Flag)
1894:Core/Src/main.c ****       {
1895:Core/Src/main.c ****         Atlas_Read_Val(Atlas_Buffer_1,DO_1_Addr);
1896:Core/Src/main.c ****         Atlas_Read_Val(Atlas_Buffer_2,RTD_1_Addr);
1897:Core/Src/main.c **** 
1898:Core/Src/main.c ****         write_OLED(0,3,Atlas_Buffer_1);
1899:Core/Src/main.c ****         write_OLED(0,4,Atlas_Buffer_2);
1900:Core/Src/main.c **** 
1901:Core/Src/main.c ****         if (PB3_Flag) return 0;
1902:Core/Src/main.c ****       }
1903:Core/Src/main.c ****       if (PB3_Flag) return 0;
1904:Core/Src/main.c **** 
1905:Core/Src/main.c ****       Atlas_Calibrate_Low(DO_1_Addr);
1906:Core/Src/main.c **** 
1907:Core/Src/main.c ****       PB2_Flag = 0;
1908:Core/Src/main.c ****       PB3_Flag = 0;
ARM GAS  C:\Users\joabk\AppData\Local\Temp\ccUHSZ0G.s 			page 74


1909:Core/Src/main.c ****       ssd1306_Fill(Black);
1910:Core/Src/main.c ****       write_OLED(0,0,"Cal Sensor 1,2");
1911:Core/Src/main.c ****       write_OLED(0,1,"atm CAL");
1912:Core/Src/main.c ****       write_OLED(0,2,"PB2 When stl");
1913:Core/Src/main.c ****       write_OLED(0,5,"PB3 Exit");
1914:Core/Src/main.c **** 
1915:Core/Src/main.c ****       while(!PB2_Flag)
1916:Core/Src/main.c ****       {
1917:Core/Src/main.c ****         Atlas_Read_Val(Atlas_Buffer_1,DO_1_Addr);
1918:Core/Src/main.c ****         Atlas_Read_Val(Atlas_Buffer_2,RTD_1_Addr);
1919:Core/Src/main.c **** 
1920:Core/Src/main.c ****         write_OLED(0,3,Atlas_Buffer_1);
1921:Core/Src/main.c ****         write_OLED(0,4,Atlas_Buffer_2);
1922:Core/Src/main.c ****         if (PB3_Flag) return 0;
1923:Core/Src/main.c ****       }
1924:Core/Src/main.c ****       if (PB3_Flag) return 0;
1925:Core/Src/main.c **** 
1926:Core/Src/main.c ****       Atlas_Calibrate_High(DO_1_Addr);
1927:Core/Src/main.c **** 
1928:Core/Src/main.c ****     }
1929:Core/Src/main.c ****     else if (PB3_Flag)
 1893              		.loc 1 1929 10 is_stmt 1 view .LVU434
 1894              		.loc 1 1929 14 is_stmt 0 view .LVU435
 1895 0050 834B     		ldr	r3, .L95+4
 1896 0052 1B78     		ldrb	r3, [r3]	@ zero_extendqisi2
 1897              		.loc 1 1929 13 view .LVU436
 1898 0054 002B     		cmp	r3, #0
 1899 0056 F7D0     		beq	.L77
1930:Core/Src/main.c ****     {
1931:Core/Src/main.c ****       PB2_Flag = 0;
 1900              		.loc 1 1931 7 is_stmt 1 view .LVU437
 1901              		.loc 1 1931 16 is_stmt 0 view .LVU438
 1902 0058 0024     		movs	r4, #0
 1903 005a 804B     		ldr	r3, .L95
 1904 005c 1C70     		strb	r4, [r3]
1932:Core/Src/main.c ****       PB3_Flag = 0;
 1905              		.loc 1 1932 7 is_stmt 1 view .LVU439
 1906              		.loc 1 1932 16 is_stmt 0 view .LVU440
 1907 005e 804B     		ldr	r3, .L95+4
 1908 0060 1C70     		strb	r4, [r3]
1933:Core/Src/main.c ****       ssd1306_Fill(Black);
 1909              		.loc 1 1933 7 is_stmt 1 view .LVU441
 1910 0062 2046     		mov	r0, r4
 1911 0064 FFF7FEFF 		bl	ssd1306_Fill
 1912              	.LVL155:
1934:Core/Src/main.c ****       write_OLED(0,0,"Cal Sensor 3,4");
 1913              		.loc 1 1934 7 view .LVU442
 1914 0068 814A     		ldr	r2, .L95+20
 1915 006a 2146     		mov	r1, r4
 1916 006c 2046     		mov	r0, r4
 1917 006e FFF7FEFF 		bl	write_OLED
 1918              	.LVL156:
1935:Core/Src/main.c ****       write_OLED(0,1,"0% CAL");
 1919              		.loc 1 1935 7 view .LVU443
 1920 0072 804A     		ldr	r2, .L95+24
 1921 0074 0121     		movs	r1, #1
 1922 0076 2046     		mov	r0, r4
ARM GAS  C:\Users\joabk\AppData\Local\Temp\ccUHSZ0G.s 			page 75


 1923 0078 FFF7FEFF 		bl	write_OLED
 1924              	.LVL157:
1936:Core/Src/main.c ****       write_OLED(0,2,"PB2 When stl");
 1925              		.loc 1 1936 7 view .LVU444
 1926 007c 7E4A     		ldr	r2, .L95+28
 1927 007e 0221     		movs	r1, #2
 1928 0080 2046     		mov	r0, r4
 1929 0082 FFF7FEFF 		bl	write_OLED
 1930              	.LVL158:
1937:Core/Src/main.c ****       write_OLED(0,5,"PB3 Exit");
 1931              		.loc 1 1937 7 view .LVU445
 1932 0086 7D4A     		ldr	r2, .L95+32
 1933 0088 0521     		movs	r1, #5
 1934 008a 2046     		mov	r0, r4
 1935 008c FFF7FEFF 		bl	write_OLED
 1936              	.LVL159:
1938:Core/Src/main.c **** 
1939:Core/Src/main.c ****       while(!PB2_Flag)
 1937              		.loc 1 1939 7 view .LVU446
 1938              	.L85:
 1939              		.loc 1 1939 13 view .LVU447
 1940 0090 724B     		ldr	r3, .L95
 1941 0092 1B78     		ldrb	r3, [r3]	@ zero_extendqisi2
 1942 0094 002B     		cmp	r3, #0
 1943 0096 40F09980 		bne	.L91
1940:Core/Src/main.c ****       {
1941:Core/Src/main.c ****         Atlas_Read_Val(Atlas_Buffer_3,DO_2_Addr);
 1944              		.loc 1 1941 9 view .LVU448
 1945 009a 794D     		ldr	r5, .L95+36
 1946 009c C421     		movs	r1, #196
 1947 009e 2846     		mov	r0, r5
 1948 00a0 FFF7FEFF 		bl	Atlas_Read_Val
 1949              	.LVL160:
1942:Core/Src/main.c ****         Atlas_Read_Val(Atlas_Buffer_4,RTD_2_Addr);
 1950              		.loc 1 1942 9 view .LVU449
 1951 00a4 774C     		ldr	r4, .L95+40
 1952 00a6 CE21     		movs	r1, #206
 1953 00a8 2046     		mov	r0, r4
 1954 00aa FFF7FEFF 		bl	Atlas_Read_Val
 1955              	.LVL161:
1943:Core/Src/main.c **** 
1944:Core/Src/main.c ****         write_OLED(0,3,Atlas_Buffer_3);
 1956              		.loc 1 1944 9 view .LVU450
 1957 00ae 2A46     		mov	r2, r5
 1958 00b0 0321     		movs	r1, #3
 1959 00b2 0020     		movs	r0, #0
 1960 00b4 FFF7FEFF 		bl	write_OLED
 1961              	.LVL162:
1945:Core/Src/main.c ****         write_OLED(0,4,Atlas_Buffer_4);
 1962              		.loc 1 1945 9 view .LVU451
 1963 00b8 2246     		mov	r2, r4
 1964 00ba 0421     		movs	r1, #4
 1965 00bc 0020     		movs	r0, #0
 1966 00be FFF7FEFF 		bl	write_OLED
 1967              	.LVL163:
1946:Core/Src/main.c ****         if (PB3_Flag) return 0;
 1968              		.loc 1 1946 9 view .LVU452
ARM GAS  C:\Users\joabk\AppData\Local\Temp\ccUHSZ0G.s 			page 76


 1969              		.loc 1 1946 13 is_stmt 0 view .LVU453
 1970 00c2 674B     		ldr	r3, .L95+4
 1971 00c4 1B78     		ldrb	r3, [r3]	@ zero_extendqisi2
 1972              		.loc 1 1946 12 view .LVU454
 1973 00c6 002B     		cmp	r3, #0
 1974 00c8 E2D0     		beq	.L85
 1975 00ca 36E0     		b	.L80
 1976              	.L90:
1885:Core/Src/main.c ****       PB3_Flag = 0;
 1977              		.loc 1 1885 7 is_stmt 1 view .LVU455
1885:Core/Src/main.c ****       PB3_Flag = 0;
 1978              		.loc 1 1885 16 is_stmt 0 view .LVU456
 1979 00cc 0024     		movs	r4, #0
 1980 00ce 634B     		ldr	r3, .L95
 1981 00d0 1C70     		strb	r4, [r3]
1886:Core/Src/main.c ****       ssd1306_Fill(Black);
 1982              		.loc 1 1886 7 is_stmt 1 view .LVU457
1886:Core/Src/main.c ****       ssd1306_Fill(Black);
 1983              		.loc 1 1886 16 is_stmt 0 view .LVU458
 1984 00d2 634B     		ldr	r3, .L95+4
 1985 00d4 1C70     		strb	r4, [r3]
1887:Core/Src/main.c ****       write_OLED(0,0,"Cal Sensor 1,2");
 1986              		.loc 1 1887 7 is_stmt 1 view .LVU459
 1987 00d6 2046     		mov	r0, r4
 1988 00d8 FFF7FEFF 		bl	ssd1306_Fill
 1989              	.LVL164:
1888:Core/Src/main.c ****       write_OLED(0,1,"0% CAL");
 1990              		.loc 1 1888 7 view .LVU460
 1991 00dc 6A4A     		ldr	r2, .L95+44
 1992 00de 2146     		mov	r1, r4
 1993 00e0 2046     		mov	r0, r4
 1994 00e2 FFF7FEFF 		bl	write_OLED
 1995              	.LVL165:
1889:Core/Src/main.c ****       write_OLED(0,2,"PB2 When stl");
 1996              		.loc 1 1889 7 view .LVU461
 1997 00e6 634A     		ldr	r2, .L95+24
 1998 00e8 0121     		movs	r1, #1
 1999 00ea 2046     		mov	r0, r4
 2000 00ec FFF7FEFF 		bl	write_OLED
 2001              	.LVL166:
1890:Core/Src/main.c ****       write_OLED(0,5,"PB3 Exit");
 2002              		.loc 1 1890 7 view .LVU462
 2003 00f0 614A     		ldr	r2, .L95+28
 2004 00f2 0221     		movs	r1, #2
 2005 00f4 2046     		mov	r0, r4
 2006 00f6 FFF7FEFF 		bl	write_OLED
 2007              	.LVL167:
1891:Core/Src/main.c **** 
 2008              		.loc 1 1891 7 view .LVU463
 2009 00fa 604A     		ldr	r2, .L95+32
 2010 00fc 0521     		movs	r1, #5
 2011 00fe 2046     		mov	r0, r4
 2012 0100 FFF7FEFF 		bl	write_OLED
 2013              	.LVL168:
1893:Core/Src/main.c ****       {
 2014              		.loc 1 1893 7 view .LVU464
 2015              	.L79:
ARM GAS  C:\Users\joabk\AppData\Local\Temp\ccUHSZ0G.s 			page 77


1893:Core/Src/main.c ****       {
 2016              		.loc 1 1893 13 view .LVU465
 2017 0104 554B     		ldr	r3, .L95
 2018 0106 1B78     		ldrb	r3, [r3]	@ zero_extendqisi2
 2019 0108 CBB9     		cbnz	r3, .L92
1895:Core/Src/main.c ****         Atlas_Read_Val(Atlas_Buffer_2,RTD_1_Addr);
 2020              		.loc 1 1895 9 view .LVU466
 2021 010a 604D     		ldr	r5, .L95+48
 2022 010c C221     		movs	r1, #194
 2023 010e 2846     		mov	r0, r5
 2024 0110 FFF7FEFF 		bl	Atlas_Read_Val
 2025              	.LVL169:
1896:Core/Src/main.c **** 
 2026              		.loc 1 1896 9 view .LVU467
 2027 0114 5E4C     		ldr	r4, .L95+52
 2028 0116 CC21     		movs	r1, #204
 2029 0118 2046     		mov	r0, r4
 2030 011a FFF7FEFF 		bl	Atlas_Read_Val
 2031              	.LVL170:
1898:Core/Src/main.c ****         write_OLED(0,4,Atlas_Buffer_2);
 2032              		.loc 1 1898 9 view .LVU468
 2033 011e 2A46     		mov	r2, r5
 2034 0120 0321     		movs	r1, #3
 2035 0122 0020     		movs	r0, #0
 2036 0124 FFF7FEFF 		bl	write_OLED
 2037              	.LVL171:
1899:Core/Src/main.c **** 
 2038              		.loc 1 1899 9 view .LVU469
 2039 0128 2246     		mov	r2, r4
 2040 012a 0421     		movs	r1, #4
 2041 012c 0020     		movs	r0, #0
 2042 012e FFF7FEFF 		bl	write_OLED
 2043              	.LVL172:
1901:Core/Src/main.c ****       }
 2044              		.loc 1 1901 9 view .LVU470
1901:Core/Src/main.c ****       }
 2045              		.loc 1 1901 13 is_stmt 0 view .LVU471
 2046 0132 4B4B     		ldr	r3, .L95+4
 2047 0134 1B78     		ldrb	r3, [r3]	@ zero_extendqisi2
1901:Core/Src/main.c ****       }
 2048              		.loc 1 1901 12 view .LVU472
 2049 0136 002B     		cmp	r3, #0
 2050 0138 E4D0     		beq	.L79
 2051              	.L80:
1947:Core/Src/main.c ****       }
1948:Core/Src/main.c ****       if (PB3_Flag) return 0;
1949:Core/Src/main.c **** 
1950:Core/Src/main.c ****       Atlas_Calibrate_Low(DO_2_Addr);
1951:Core/Src/main.c **** 
1952:Core/Src/main.c ****       PB2_Flag = 0;
1953:Core/Src/main.c ****       PB3_Flag = 0;
1954:Core/Src/main.c ****       ssd1306_Fill(Black);
1955:Core/Src/main.c ****       write_OLED(0,0,"Cal Sensor 3,4");
1956:Core/Src/main.c ****       write_OLED(0,1,"atm CAL");
1957:Core/Src/main.c ****       write_OLED(0,2,"PB2 When stl");
1958:Core/Src/main.c ****       write_OLED(0,5,"PB3 Exit");
1959:Core/Src/main.c **** 
ARM GAS  C:\Users\joabk\AppData\Local\Temp\ccUHSZ0G.s 			page 78


1960:Core/Src/main.c ****       while(!PB2_Flag)
1961:Core/Src/main.c ****       {
1962:Core/Src/main.c ****         Atlas_Read_Val(Atlas_Buffer_3,DO_2_Addr);
1963:Core/Src/main.c ****         Atlas_Read_Val(Atlas_Buffer_4,RTD_2_Addr);
1964:Core/Src/main.c **** 
1965:Core/Src/main.c ****         write_OLED(0,3,Atlas_Buffer_3);
1966:Core/Src/main.c ****         write_OLED(0,4,Atlas_Buffer_4);
1967:Core/Src/main.c ****         if (PB3_Flag) return 0;
1968:Core/Src/main.c ****       }
1969:Core/Src/main.c ****       if (PB3_Flag) return 0;
1970:Core/Src/main.c **** 
1971:Core/Src/main.c ****       Atlas_Calibrate_High(DO_2_Addr);
1972:Core/Src/main.c **** 
1973:Core/Src/main.c ****     }
1974:Core/Src/main.c ****   }
1975:Core/Src/main.c **** 
1976:Core/Src/main.c ****   return 1;
1977:Core/Src/main.c **** }
 2052              		.loc 1 1977 1 view .LVU473
 2053 013a 0020     		movs	r0, #0
 2054 013c 38BD     		pop	{r3, r4, r5, pc}
 2055              	.L92:
1903:Core/Src/main.c **** 
 2056              		.loc 1 1903 7 is_stmt 1 view .LVU474
1903:Core/Src/main.c **** 
 2057              		.loc 1 1903 11 is_stmt 0 view .LVU475
 2058 013e 484B     		ldr	r3, .L95+4
 2059 0140 1B78     		ldrb	r3, [r3]	@ zero_extendqisi2
1903:Core/Src/main.c **** 
 2060              		.loc 1 1903 10 view .LVU476
 2061 0142 002B     		cmp	r3, #0
 2062 0144 F9D1     		bne	.L80
1905:Core/Src/main.c **** 
 2063              		.loc 1 1905 7 is_stmt 1 view .LVU477
 2064 0146 C220     		movs	r0, #194
 2065 0148 FFF7FEFF 		bl	Atlas_Calibrate_Low
 2066              	.LVL173:
1907:Core/Src/main.c ****       PB3_Flag = 0;
 2067              		.loc 1 1907 7 view .LVU478
1907:Core/Src/main.c ****       PB3_Flag = 0;
 2068              		.loc 1 1907 16 is_stmt 0 view .LVU479
 2069 014c 0024     		movs	r4, #0
 2070 014e 434B     		ldr	r3, .L95
 2071 0150 1C70     		strb	r4, [r3]
1908:Core/Src/main.c ****       ssd1306_Fill(Black);
 2072              		.loc 1 1908 7 is_stmt 1 view .LVU480
1908:Core/Src/main.c ****       ssd1306_Fill(Black);
 2073              		.loc 1 1908 16 is_stmt 0 view .LVU481
 2074 0152 434B     		ldr	r3, .L95+4
 2075 0154 1C70     		strb	r4, [r3]
1909:Core/Src/main.c ****       write_OLED(0,0,"Cal Sensor 1,2");
 2076              		.loc 1 1909 7 is_stmt 1 view .LVU482
 2077 0156 2046     		mov	r0, r4
 2078 0158 FFF7FEFF 		bl	ssd1306_Fill
 2079              	.LVL174:
1910:Core/Src/main.c ****       write_OLED(0,1,"atm CAL");
 2080              		.loc 1 1910 7 view .LVU483
ARM GAS  C:\Users\joabk\AppData\Local\Temp\ccUHSZ0G.s 			page 79


 2081 015c 4A4A     		ldr	r2, .L95+44
 2082 015e 2146     		mov	r1, r4
 2083 0160 2046     		mov	r0, r4
 2084 0162 FFF7FEFF 		bl	write_OLED
 2085              	.LVL175:
1911:Core/Src/main.c ****       write_OLED(0,2,"PB2 When stl");
 2086              		.loc 1 1911 7 view .LVU484
 2087 0166 4B4A     		ldr	r2, .L95+56
 2088 0168 0121     		movs	r1, #1
 2089 016a 2046     		mov	r0, r4
 2090 016c FFF7FEFF 		bl	write_OLED
 2091              	.LVL176:
1912:Core/Src/main.c ****       write_OLED(0,5,"PB3 Exit");
 2092              		.loc 1 1912 7 view .LVU485
 2093 0170 414A     		ldr	r2, .L95+28
 2094 0172 0221     		movs	r1, #2
 2095 0174 2046     		mov	r0, r4
 2096 0176 FFF7FEFF 		bl	write_OLED
 2097              	.LVL177:
1913:Core/Src/main.c **** 
 2098              		.loc 1 1913 7 view .LVU486
 2099 017a 404A     		ldr	r2, .L95+32
 2100 017c 0521     		movs	r1, #5
 2101 017e 2046     		mov	r0, r4
 2102 0180 FFF7FEFF 		bl	write_OLED
 2103              	.LVL178:
1915:Core/Src/main.c ****       {
 2104              		.loc 1 1915 7 view .LVU487
 2105              	.L82:
1915:Core/Src/main.c ****       {
 2106              		.loc 1 1915 13 view .LVU488
 2107 0184 354B     		ldr	r3, .L95
 2108 0186 1B78     		ldrb	r3, [r3]	@ zero_extendqisi2
 2109 0188 C3B9     		cbnz	r3, .L93
1917:Core/Src/main.c ****         Atlas_Read_Val(Atlas_Buffer_2,RTD_1_Addr);
 2110              		.loc 1 1917 9 view .LVU489
 2111 018a 404D     		ldr	r5, .L95+48
 2112 018c C221     		movs	r1, #194
 2113 018e 2846     		mov	r0, r5
 2114 0190 FFF7FEFF 		bl	Atlas_Read_Val
 2115              	.LVL179:
1918:Core/Src/main.c **** 
 2116              		.loc 1 1918 9 view .LVU490
 2117 0194 3E4C     		ldr	r4, .L95+52
 2118 0196 CC21     		movs	r1, #204
 2119 0198 2046     		mov	r0, r4
 2120 019a FFF7FEFF 		bl	Atlas_Read_Val
 2121              	.LVL180:
1920:Core/Src/main.c ****         write_OLED(0,4,Atlas_Buffer_2);
 2122              		.loc 1 1920 9 view .LVU491
 2123 019e 2A46     		mov	r2, r5
 2124 01a0 0321     		movs	r1, #3
 2125 01a2 0020     		movs	r0, #0
 2126 01a4 FFF7FEFF 		bl	write_OLED
 2127              	.LVL181:
1921:Core/Src/main.c ****         if (PB3_Flag) return 0;
 2128              		.loc 1 1921 9 view .LVU492
ARM GAS  C:\Users\joabk\AppData\Local\Temp\ccUHSZ0G.s 			page 80


 2129 01a8 2246     		mov	r2, r4
 2130 01aa 0421     		movs	r1, #4
 2131 01ac 0020     		movs	r0, #0
 2132 01ae FFF7FEFF 		bl	write_OLED
 2133              	.LVL182:
1922:Core/Src/main.c ****       }
 2134              		.loc 1 1922 9 view .LVU493
1922:Core/Src/main.c ****       }
 2135              		.loc 1 1922 13 is_stmt 0 view .LVU494
 2136 01b2 2B4B     		ldr	r3, .L95+4
 2137 01b4 1B78     		ldrb	r3, [r3]	@ zero_extendqisi2
1922:Core/Src/main.c ****       }
 2138              		.loc 1 1922 12 view .LVU495
 2139 01b6 002B     		cmp	r3, #0
 2140 01b8 E4D0     		beq	.L82
 2141 01ba BEE7     		b	.L80
 2142              	.L93:
1924:Core/Src/main.c **** 
 2143              		.loc 1 1924 7 is_stmt 1 view .LVU496
1924:Core/Src/main.c **** 
 2144              		.loc 1 1924 11 is_stmt 0 view .LVU497
 2145 01bc 284B     		ldr	r3, .L95+4
 2146 01be 1B78     		ldrb	r3, [r3]	@ zero_extendqisi2
1924:Core/Src/main.c **** 
 2147              		.loc 1 1924 10 view .LVU498
 2148 01c0 002B     		cmp	r3, #0
 2149 01c2 BAD1     		bne	.L80
1926:Core/Src/main.c **** 
 2150              		.loc 1 1926 7 is_stmt 1 view .LVU499
 2151 01c4 C220     		movs	r0, #194
 2152 01c6 FFF7FEFF 		bl	Atlas_Calibrate_High
 2153              	.LVL183:
 2154 01ca 3DE7     		b	.L77
 2155              	.L91:
1948:Core/Src/main.c **** 
 2156              		.loc 1 1948 7 view .LVU500
1948:Core/Src/main.c **** 
 2157              		.loc 1 1948 11 is_stmt 0 view .LVU501
 2158 01cc 244B     		ldr	r3, .L95+4
 2159 01ce 1B78     		ldrb	r3, [r3]	@ zero_extendqisi2
1948:Core/Src/main.c **** 
 2160              		.loc 1 1948 10 view .LVU502
 2161 01d0 002B     		cmp	r3, #0
 2162 01d2 B2D1     		bne	.L80
1950:Core/Src/main.c **** 
 2163              		.loc 1 1950 7 is_stmt 1 view .LVU503
 2164 01d4 C420     		movs	r0, #196
 2165 01d6 FFF7FEFF 		bl	Atlas_Calibrate_Low
 2166              	.LVL184:
1952:Core/Src/main.c ****       PB3_Flag = 0;
 2167              		.loc 1 1952 7 view .LVU504
1952:Core/Src/main.c ****       PB3_Flag = 0;
 2168              		.loc 1 1952 16 is_stmt 0 view .LVU505
 2169 01da 0024     		movs	r4, #0
 2170 01dc 1F4B     		ldr	r3, .L95
 2171 01de 1C70     		strb	r4, [r3]
1953:Core/Src/main.c ****       ssd1306_Fill(Black);
ARM GAS  C:\Users\joabk\AppData\Local\Temp\ccUHSZ0G.s 			page 81


 2172              		.loc 1 1953 7 is_stmt 1 view .LVU506
1953:Core/Src/main.c ****       ssd1306_Fill(Black);
 2173              		.loc 1 1953 16 is_stmt 0 view .LVU507
 2174 01e0 1F4B     		ldr	r3, .L95+4
 2175 01e2 1C70     		strb	r4, [r3]
1954:Core/Src/main.c ****       write_OLED(0,0,"Cal Sensor 3,4");
 2176              		.loc 1 1954 7 is_stmt 1 view .LVU508
 2177 01e4 2046     		mov	r0, r4
 2178 01e6 FFF7FEFF 		bl	ssd1306_Fill
 2179              	.LVL185:
1955:Core/Src/main.c ****       write_OLED(0,1,"atm CAL");
 2180              		.loc 1 1955 7 view .LVU509
 2181 01ea 214A     		ldr	r2, .L95+20
 2182 01ec 2146     		mov	r1, r4
 2183 01ee 2046     		mov	r0, r4
 2184 01f0 FFF7FEFF 		bl	write_OLED
 2185              	.LVL186:
1956:Core/Src/main.c ****       write_OLED(0,2,"PB2 When stl");
 2186              		.loc 1 1956 7 view .LVU510
 2187 01f4 274A     		ldr	r2, .L95+56
 2188 01f6 0121     		movs	r1, #1
 2189 01f8 2046     		mov	r0, r4
 2190 01fa FFF7FEFF 		bl	write_OLED
 2191              	.LVL187:
1957:Core/Src/main.c ****       write_OLED(0,5,"PB3 Exit");
 2192              		.loc 1 1957 7 view .LVU511
 2193 01fe 1E4A     		ldr	r2, .L95+28
 2194 0200 0221     		movs	r1, #2
 2195 0202 2046     		mov	r0, r4
 2196 0204 FFF7FEFF 		bl	write_OLED
 2197              	.LVL188:
1958:Core/Src/main.c **** 
 2198              		.loc 1 1958 7 view .LVU512
 2199 0208 1C4A     		ldr	r2, .L95+32
 2200 020a 0521     		movs	r1, #5
 2201 020c 2046     		mov	r0, r4
 2202 020e FFF7FEFF 		bl	write_OLED
 2203              	.LVL189:
1960:Core/Src/main.c ****       {
 2204              		.loc 1 1960 7 view .LVU513
 2205              	.L87:
1960:Core/Src/main.c ****       {
 2206              		.loc 1 1960 13 view .LVU514
 2207 0212 124B     		ldr	r3, .L95
 2208 0214 1B78     		ldrb	r3, [r3]	@ zero_extendqisi2
 2209 0216 C3B9     		cbnz	r3, .L94
1962:Core/Src/main.c ****         Atlas_Read_Val(Atlas_Buffer_4,RTD_2_Addr);
 2210              		.loc 1 1962 9 view .LVU515
 2211 0218 194D     		ldr	r5, .L95+36
 2212 021a C421     		movs	r1, #196
 2213 021c 2846     		mov	r0, r5
 2214 021e FFF7FEFF 		bl	Atlas_Read_Val
 2215              	.LVL190:
1963:Core/Src/main.c **** 
 2216              		.loc 1 1963 9 view .LVU516
 2217 0222 184C     		ldr	r4, .L95+40
 2218 0224 CE21     		movs	r1, #206
ARM GAS  C:\Users\joabk\AppData\Local\Temp\ccUHSZ0G.s 			page 82


 2219 0226 2046     		mov	r0, r4
 2220 0228 FFF7FEFF 		bl	Atlas_Read_Val
 2221              	.LVL191:
1965:Core/Src/main.c ****         write_OLED(0,4,Atlas_Buffer_4);
 2222              		.loc 1 1965 9 view .LVU517
 2223 022c 2A46     		mov	r2, r5
 2224 022e 0321     		movs	r1, #3
 2225 0230 0020     		movs	r0, #0
 2226 0232 FFF7FEFF 		bl	write_OLED
 2227              	.LVL192:
1966:Core/Src/main.c ****         if (PB3_Flag) return 0;
 2228              		.loc 1 1966 9 view .LVU518
 2229 0236 2246     		mov	r2, r4
 2230 0238 0421     		movs	r1, #4
 2231 023a 0020     		movs	r0, #0
 2232 023c FFF7FEFF 		bl	write_OLED
 2233              	.LVL193:
1967:Core/Src/main.c ****       }
 2234              		.loc 1 1967 9 view .LVU519
1967:Core/Src/main.c ****       }
 2235              		.loc 1 1967 13 is_stmt 0 view .LVU520
 2236 0240 074B     		ldr	r3, .L95+4
 2237 0242 1B78     		ldrb	r3, [r3]	@ zero_extendqisi2
1967:Core/Src/main.c ****       }
 2238              		.loc 1 1967 12 view .LVU521
 2239 0244 002B     		cmp	r3, #0
 2240 0246 E4D0     		beq	.L87
 2241 0248 77E7     		b	.L80
 2242              	.L94:
1969:Core/Src/main.c **** 
 2243              		.loc 1 1969 7 is_stmt 1 view .LVU522
1969:Core/Src/main.c **** 
 2244              		.loc 1 1969 11 is_stmt 0 view .LVU523
 2245 024a 054B     		ldr	r3, .L95+4
 2246 024c 1B78     		ldrb	r3, [r3]	@ zero_extendqisi2
1969:Core/Src/main.c **** 
 2247              		.loc 1 1969 10 view .LVU524
 2248 024e 002B     		cmp	r3, #0
 2249 0250 7FF473AF 		bne	.L80
1971:Core/Src/main.c **** 
 2250              		.loc 1 1971 7 is_stmt 1 view .LVU525
 2251 0254 C420     		movs	r0, #196
 2252 0256 FFF7FEFF 		bl	Atlas_Calibrate_High
 2253              	.LVL194:
 2254 025a F5E6     		b	.L77
 2255              	.L96:
 2256              		.align	2
 2257              	.L95:
 2258 025c 00000000 		.word	PB2_Flag
 2259 0260 00000000 		.word	PB3_Flag
 2260 0264 00000000 		.word	.LC10
 2261 0268 0C000000 		.word	.LC11
 2262 026c 1C000000 		.word	.LC12
 2263 0270 68000000 		.word	.LC18
 2264 0274 3C000000 		.word	.LC14
 2265 0278 44000000 		.word	.LC15
 2266 027c 54000000 		.word	.LC16
ARM GAS  C:\Users\joabk\AppData\Local\Temp\ccUHSZ0G.s 			page 83


 2267 0280 00000000 		.word	Atlas_Buffer_3
 2268 0284 00000000 		.word	Atlas_Buffer_4
 2269 0288 2C000000 		.word	.LC13
 2270 028c 00000000 		.word	Atlas_Buffer_1
 2271 0290 00000000 		.word	Atlas_Buffer_2
 2272 0294 60000000 		.word	.LC17
 2273              		.cfi_endproc
 2274              	.LFE262:
 2276              		.section	.text.LoRa_ArmRX,"ax",%progbits
 2277              		.align	1
 2278              		.syntax unified
 2279              		.thumb
 2280              		.thumb_func
 2282              	LoRa_ArmRX:
 2283              	.LFB243:
1393:Core/Src/main.c ****   SX1278_LoRaEntryRx(&SX1278, 100, 2000);
 2284              		.loc 1 1393 1 view -0
 2285              		.cfi_startproc
 2286              		@ args = 0, pretend = 0, frame = 0
 2287              		@ frame_needed = 0, uses_anonymous_args = 0
 2288 0000 08B5     		push	{r3, lr}
 2289              		.cfi_def_cfa_offset 8
 2290              		.cfi_offset 3, -8
 2291              		.cfi_offset 14, -4
1394:Core/Src/main.c **** }
 2292              		.loc 1 1394 3 view .LVU527
 2293 0002 4FF4FA62 		mov	r2, #2000
 2294 0006 6421     		movs	r1, #100
 2295 0008 0148     		ldr	r0, .L99
 2296 000a FFF7FEFF 		bl	SX1278_LoRaEntryRx
 2297              	.LVL195:
1395:Core/Src/main.c **** 
 2298              		.loc 1 1395 1 is_stmt 0 view .LVU528
 2299 000e 08BD     		pop	{r3, pc}
 2300              	.L100:
 2301              		.align	2
 2302              	.L99:
 2303 0010 00000000 		.word	SX1278
 2304              		.cfi_endproc
 2305              	.LFE243:
 2307              		.section	.text.HAL_TIM_PeriodElapsedCallback,"ax",%progbits
 2308              		.align	1
 2309              		.global	HAL_TIM_PeriodElapsedCallback
 2310              		.syntax unified
 2311              		.thumb
 2312              		.thumb_func
 2314              	HAL_TIM_PeriodElapsedCallback:
 2315              	.LVL196:
 2316              	.LFB237:
1124:Core/Src/main.c ****   if (htim->Instance == TIM11)
 2317              		.loc 1 1124 1 is_stmt 1 view -0
 2318              		.cfi_startproc
 2319              		@ args = 0, pretend = 0, frame = 0
 2320              		@ frame_needed = 0, uses_anonymous_args = 0
1124:Core/Src/main.c ****   if (htim->Instance == TIM11)
 2321              		.loc 1 1124 1 is_stmt 0 view .LVU530
 2322 0000 10B5     		push	{r4, lr}
ARM GAS  C:\Users\joabk\AppData\Local\Temp\ccUHSZ0G.s 			page 84


 2323              		.cfi_def_cfa_offset 8
 2324              		.cfi_offset 4, -8
 2325              		.cfi_offset 14, -4
 2326 0002 0446     		mov	r4, r0
1125:Core/Src/main.c ****   {
 2327              		.loc 1 1125 3 is_stmt 1 view .LVU531
1125:Core/Src/main.c ****   {
 2328              		.loc 1 1125 11 is_stmt 0 view .LVU532
 2329 0004 0268     		ldr	r2, [r0]
1125:Core/Src/main.c ****   {
 2330              		.loc 1 1125 6 view .LVU533
 2331 0006 0E4B     		ldr	r3, .L109
 2332 0008 9A42     		cmp	r2, r3
 2333 000a 07D0     		beq	.L106
 2334              	.LVL197:
 2335              	.L102:
1130:Core/Src/main.c ****   {
 2336              		.loc 1 1130 3 is_stmt 1 view .LVU534
1130:Core/Src/main.c ****   {
 2337              		.loc 1 1130 11 is_stmt 0 view .LVU535
 2338 000c 2368     		ldr	r3, [r4]
1130:Core/Src/main.c ****   {
 2339              		.loc 1 1130 6 view .LVU536
 2340 000e 0D4A     		ldr	r2, .L109+4
 2341 0010 9342     		cmp	r3, r2
 2342 0012 0CD0     		beq	.L107
 2343              	.L103:
1134:Core/Src/main.c ****   {
 2344              		.loc 1 1134 3 is_stmt 1 view .LVU537
1134:Core/Src/main.c ****   {
 2345              		.loc 1 1134 6 is_stmt 0 view .LVU538
 2346 0014 0C4A     		ldr	r2, .L109+8
 2347 0016 9342     		cmp	r3, r2
 2348 0018 0DD0     		beq	.L108
 2349              	.L101:
1138:Core/Src/main.c **** 
 2350              		.loc 1 1138 1 view .LVU539
 2351 001a 10BD     		pop	{r4, pc}
 2352              	.LVL198:
 2353              	.L106:
1127:Core/Src/main.c ****     RTC_Update_Oled = 1;
 2354              		.loc 1 1127 5 is_stmt 1 view .LVU540
 2355 001c 4FF40051 		mov	r1, #8192
 2356 0020 0A48     		ldr	r0, .L109+12
 2357              	.LVL199:
1127:Core/Src/main.c ****     RTC_Update_Oled = 1;
 2358              		.loc 1 1127 5 is_stmt 0 view .LVU541
 2359 0022 FFF7FEFF 		bl	HAL_GPIO_TogglePin
 2360              	.LVL200:
1128:Core/Src/main.c ****   }
 2361              		.loc 1 1128 5 is_stmt 1 view .LVU542
1128:Core/Src/main.c ****   }
 2362              		.loc 1 1128 21 is_stmt 0 view .LVU543
 2363 0026 0A4B     		ldr	r3, .L109+16
 2364 0028 0122     		movs	r2, #1
 2365 002a 1A70     		strb	r2, [r3]
 2366 002c EEE7     		b	.L102
ARM GAS  C:\Users\joabk\AppData\Local\Temp\ccUHSZ0G.s 			page 85


 2367              	.L107:
1132:Core/Src/main.c ****   }
 2368              		.loc 1 1132 5 is_stmt 1 view .LVU544
1132:Core/Src/main.c ****   }
 2369              		.loc 1 1132 21 is_stmt 0 view .LVU545
 2370 002e 094A     		ldr	r2, .L109+20
 2371 0030 0121     		movs	r1, #1
 2372 0032 1170     		strb	r1, [r2]
 2373 0034 EEE7     		b	.L103
 2374              	.L108:
1136:Core/Src/main.c ****   }
 2375              		.loc 1 1136 5 is_stmt 1 view .LVU546
1136:Core/Src/main.c ****   }
 2376              		.loc 1 1136 19 is_stmt 0 view .LVU547
 2377 0036 084B     		ldr	r3, .L109+24
 2378 0038 0122     		movs	r2, #1
 2379 003a 1A70     		strb	r2, [r3]
1138:Core/Src/main.c **** 
 2380              		.loc 1 1138 1 view .LVU548
 2381 003c EDE7     		b	.L101
 2382              	.L110:
 2383 003e 00BF     		.align	2
 2384              	.L109:
 2385 0040 00480140 		.word	1073825792
 2386 0044 00440140 		.word	1073824768
 2387 0048 00400140 		.word	1073823744
 2388 004c 00080240 		.word	1073874944
 2389 0050 00000000 		.word	RTC_Update_Oled
 2390 0054 00000000 		.word	Atlas_Send_live
 2391 0058 00000000 		.word	Atlas_measure
 2392              		.cfi_endproc
 2393              	.LFE237:
 2395              		.section	.text.LoRa_Detect,"ax",%progbits
 2396              		.align	1
 2397              		.global	LoRa_Detect
 2398              		.syntax unified
 2399              		.thumb
 2400              		.thumb_func
 2402              	LoRa_Detect:
 2403              	.LVL201:
 2404              	.LFB240:
1222:Core/Src/main.c ****   uint8_t version = SX1278_SPIRead(module, REG_LR_VERSION);
 2405              		.loc 1 1222 1 is_stmt 1 view -0
 2406              		.cfi_startproc
 2407              		@ args = 0, pretend = 0, frame = 0
 2408              		@ frame_needed = 0, uses_anonymous_args = 0
1222:Core/Src/main.c ****   uint8_t version = SX1278_SPIRead(module, REG_LR_VERSION);
 2409              		.loc 1 1222 1 is_stmt 0 view .LVU550
 2410 0000 08B5     		push	{r3, lr}
 2411              		.cfi_def_cfa_offset 8
 2412              		.cfi_offset 3, -8
 2413              		.cfi_offset 14, -4
1223:Core/Src/main.c ****   return (version == 0x12) ? 1 : 0;
 2414              		.loc 1 1223 3 is_stmt 1 view .LVU551
1223:Core/Src/main.c ****   return (version == 0x12) ? 1 : 0;
 2415              		.loc 1 1223 21 is_stmt 0 view .LVU552
 2416 0002 4221     		movs	r1, #66
ARM GAS  C:\Users\joabk\AppData\Local\Temp\ccUHSZ0G.s 			page 86


 2417 0004 FFF7FEFF 		bl	SX1278_SPIRead
 2418              	.LVL202:
1224:Core/Src/main.c **** }
 2419              		.loc 1 1224 3 is_stmt 1 view .LVU553
1225:Core/Src/main.c **** 
 2420              		.loc 1 1225 1 is_stmt 0 view .LVU554
 2421 0008 1228     		cmp	r0, #18
 2422 000a 14BF     		ite	ne
 2423 000c 0020     		movne	r0, #0
 2424              	.LVL203:
1225:Core/Src/main.c **** 
 2425              		.loc 1 1225 1 view .LVU555
 2426 000e 0120     		moveq	r0, #1
 2427 0010 08BD     		pop	{r3, pc}
 2428              		.cfi_endproc
 2429              	.LFE240:
 2431              		.section	.text.LoRa_Init,"ax",%progbits
 2432              		.align	1
 2433              		.global	LoRa_Init
 2434              		.syntax unified
 2435              		.thumb
 2436              		.thumb_func
 2438              	LoRa_Init:
 2439              	.LFB239:
1197:Core/Src/main.c **** 
 2440              		.loc 1 1197 1 is_stmt 1 view -0
 2441              		.cfi_startproc
 2442              		@ args = 0, pretend = 0, frame = 0
 2443              		@ frame_needed = 0, uses_anonymous_args = 0
 2444 0000 10B5     		push	{r4, lr}
 2445              		.cfi_def_cfa_offset 8
 2446              		.cfi_offset 4, -8
 2447              		.cfi_offset 14, -4
 2448 0002 86B0     		sub	sp, sp, #24
 2449              		.cfi_def_cfa_offset 32
1199:Core/Src/main.c **** 
 2450              		.loc 1 1199 3 view .LVU557
 2451 0004 164C     		ldr	r4, .L118+8
 2452 0006 2046     		mov	r0, r4
 2453 0008 FFF7FEFF 		bl	SX1278_hw_init
 2454              	.LVL204:
1202:Core/Src/main.c ****   HAL_Delay(100);         
 2455              		.loc 1 1202 3 view .LVU558
 2456 000c 2046     		mov	r0, r4
 2457 000e FFF7FEFF 		bl	SX1278_hw_Reset
 2458              	.LVL205:
1203:Core/Src/main.c ****   if (LoRa_Detect(&SX1278))
 2459              		.loc 1 1203 3 view .LVU559
 2460 0012 6420     		movs	r0, #100
 2461 0014 FFF7FEFF 		bl	HAL_Delay
 2462              	.LVL206:
1204:Core/Src/main.c ****   {
 2463              		.loc 1 1204 3 view .LVU560
1204:Core/Src/main.c ****   {
 2464              		.loc 1 1204 7 is_stmt 0 view .LVU561
 2465 0018 1248     		ldr	r0, .L118+12
 2466 001a FFF7FEFF 		bl	LoRa_Detect
ARM GAS  C:\Users\joabk\AppData\Local\Temp\ccUHSZ0G.s 			page 87


 2467              	.LVL207:
1204:Core/Src/main.c ****   {
 2468              		.loc 1 1204 6 discriminator 1 view .LVU562
 2469 001e 20B9     		cbnz	r0, .L117
1216:Core/Src/main.c ****     return 0;
 2470              		.loc 1 1216 5 is_stmt 1 view .LVU563
1216:Core/Src/main.c ****     return 0;
 2471              		.loc 1 1216 20 is_stmt 0 view .LVU564
 2472 0020 114B     		ldr	r3, .L118+16
 2473 0022 0022     		movs	r2, #0
 2474 0024 1A70     		strb	r2, [r3]
1217:Core/Src/main.c ****   }
 2475              		.loc 1 1217 5 is_stmt 1 view .LVU565
 2476              	.L115:
1219:Core/Src/main.c **** 
 2477              		.loc 1 1219 1 is_stmt 0 view .LVU566
 2478 0026 06B0     		add	sp, sp, #24
 2479              		.cfi_remember_state
 2480              		.cfi_def_cfa_offset 8
 2481              		@ sp needed
 2482 0028 10BD     		pop	{r4, pc}
 2483              	.L117:
 2484              		.cfi_restore_state
1206:Core/Src/main.c ****     SX1278_LORA_BW_125KHZ, SX1278_LORA_CR_4_5, SX1278_LORA_CRC_EN, 100);
 2485              		.loc 1 1206 5 is_stmt 1 view .LVU567
 2486 002a 6423     		movs	r3, #100
 2487 002c 0593     		str	r3, [sp, #20]
 2488 002e 0023     		movs	r3, #0
 2489 0030 0493     		str	r3, [sp, #16]
 2490 0032 0393     		str	r3, [sp, #12]
 2491 0034 0723     		movs	r3, #7
 2492 0036 0293     		str	r3, [sp, #8]
 2493 0038 0423     		movs	r3, #4
 2494 003a 0193     		str	r3, [sp, #4]
 2495 003c 0124     		movs	r4, #1
 2496 003e 0094     		str	r4, [sp]
 2497 0040 05A3     		adr	r3, .L118
 2498 0042 D3E90023 		ldrd	r2, [r3]
 2499 0046 0748     		ldr	r0, .L118+12
 2500 0048 FFF7FEFF 		bl	SX1278_init
 2501              	.LVL208:
1209:Core/Src/main.c **** 
 2502              		.loc 1 1209 5 view .LVU568
 2503 004c FFF7FEFF 		bl	LoRa_ArmRX
 2504              	.LVL209:
1211:Core/Src/main.c ****     return 1;
 2505              		.loc 1 1211 5 view .LVU569
1211:Core/Src/main.c ****     return 1;
 2506              		.loc 1 1211 20 is_stmt 0 view .LVU570
 2507 0050 054B     		ldr	r3, .L118+16
 2508 0052 1C70     		strb	r4, [r3]
1212:Core/Src/main.c ****   }
 2509              		.loc 1 1212 5 is_stmt 1 view .LVU571
1212:Core/Src/main.c ****   }
 2510              		.loc 1 1212 12 is_stmt 0 view .LVU572
 2511 0054 2046     		mov	r0, r4
 2512 0056 E6E7     		b	.L115
ARM GAS  C:\Users\joabk\AppData\Local\Temp\ccUHSZ0G.s 			page 88


 2513              	.L119:
 2514              		.align	3
 2515              	.L118:
 2516 0058 D8B9D119 		.word	433175000
 2517 005c 00000000 		.word	0
 2518 0060 00000000 		.word	SX1278_hw
 2519 0064 00000000 		.word	SX1278
 2520 0068 00000000 		.word	LoRa_Connected
 2521              		.cfi_endproc
 2522              	.LFE239:
 2524              		.section	.text.LoRa_TX_Continuous,"ax",%progbits
 2525              		.align	1
 2526              		.global	LoRa_TX_Continuous
 2527              		.syntax unified
 2528              		.thumb
 2529              		.thumb_func
 2531              	LoRa_TX_Continuous:
 2532              	.LVL210:
 2533              	.LFB242:
1264:Core/Src/main.c ****     uint8_t msg_len = strlen(message);
 2534              		.loc 1 1264 1 is_stmt 1 view -0
 2535              		.cfi_startproc
 2536              		@ args = 0, pretend = 0, frame = 0
 2537              		@ frame_needed = 0, uses_anonymous_args = 0
1264:Core/Src/main.c ****     uint8_t msg_len = strlen(message);
 2538              		.loc 1 1264 1 is_stmt 0 view .LVU574
 2539 0000 70B5     		push	{r4, r5, r6, lr}
 2540              		.cfi_def_cfa_offset 16
 2541              		.cfi_offset 4, -16
 2542              		.cfi_offset 5, -12
 2543              		.cfi_offset 6, -8
 2544              		.cfi_offset 14, -4
 2545 0002 0646     		mov	r6, r0
1265:Core/Src/main.c ****     if (msg_len == 0 || msg_len > 100) return 0;
 2546              		.loc 1 1265 5 is_stmt 1 view .LVU575
1265:Core/Src/main.c ****     if (msg_len == 0 || msg_len > 100) return 0;
 2547              		.loc 1 1265 23 is_stmt 0 view .LVU576
 2548 0004 FFF7FEFF 		bl	strlen
 2549              	.LVL211:
1265:Core/Src/main.c ****     if (msg_len == 0 || msg_len > 100) return 0;
 2550              		.loc 1 1265 13 discriminator 1 view .LVU577
 2551 0008 C5B2     		uxtb	r5, r0
 2552              	.LVL212:
1266:Core/Src/main.c **** 
 2553              		.loc 1 1266 5 is_stmt 1 view .LVU578
1266:Core/Src/main.c **** 
 2554              		.loc 1 1266 22 is_stmt 0 view .LVU579
 2555 000a 6B1E     		subs	r3, r5, #1
 2556 000c DBB2     		uxtb	r3, r3
1266:Core/Src/main.c **** 
 2557              		.loc 1 1266 8 view .LVU580
 2558 000e 632B     		cmp	r3, #99
 2559 0010 01D9     		bls	.L127
1266:Core/Src/main.c **** 
 2560              		.loc 1 1266 47 discriminator 1 view .LVU581
 2561 0012 0020     		movs	r0, #0
 2562              	.L121:
ARM GAS  C:\Users\joabk\AppData\Local\Temp\ccUHSZ0G.s 			page 89


1297:Core/Src/main.c **** 
 2563              		.loc 1 1297 1 view .LVU582
 2564 0014 70BD     		pop	{r4, r5, r6, pc}
 2565              	.LVL213:
 2566              	.L127:
1269:Core/Src/main.c ****     SX1278_SPIWrite(&SX1278, LR_RegHopPeriod,     0x00);
 2567              		.loc 1 1269 5 is_stmt 1 view .LVU583
 2568 0016 274C     		ldr	r4, .L129
 2569 0018 8722     		movs	r2, #135
 2570 001a 4D21     		movs	r1, #77
 2571 001c 2046     		mov	r0, r4
 2572 001e FFF7FEFF 		bl	SX1278_SPIWrite
 2573              	.LVL214:
1270:Core/Src/main.c ****     SX1278_SPIWrite(&SX1278, REG_LR_DIOMAPPING1,  0x41);  // DIO0 = TxDone
 2574              		.loc 1 1270 5 view .LVU584
 2575 0022 0022     		movs	r2, #0
 2576 0024 2421     		movs	r1, #36
 2577 0026 2046     		mov	r0, r4
 2578 0028 FFF7FEFF 		bl	SX1278_SPIWrite
 2579              	.LVL215:
1271:Core/Src/main.c ****     SX1278_clearLoRaIrq(&SX1278);
 2580              		.loc 1 1271 5 view .LVU585
 2581 002c 4122     		movs	r2, #65
 2582 002e 4021     		movs	r1, #64
 2583 0030 2046     		mov	r0, r4
 2584 0032 FFF7FEFF 		bl	SX1278_SPIWrite
 2585              	.LVL216:
1272:Core/Src/main.c ****     SX1278_SPIWrite(&SX1278, LR_RegIrqFlagsMask,  0xF7);
 2586              		.loc 1 1272 5 view .LVU586
 2587 0036 2046     		mov	r0, r4
 2588 0038 FFF7FEFF 		bl	SX1278_clearLoRaIrq
 2589              	.LVL217:
1273:Core/Src/main.c ****     SX1278_SPIWrite(&SX1278, LR_RegPayloadLength,  msg_len);
 2590              		.loc 1 1273 5 view .LVU587
 2591 003c F722     		movs	r2, #247
 2592 003e 1121     		movs	r1, #17
 2593 0040 2046     		mov	r0, r4
 2594 0042 FFF7FEFF 		bl	SX1278_SPIWrite
 2595              	.LVL218:
1274:Core/Src/main.c **** 
 2596              		.loc 1 1274 5 view .LVU588
 2597 0046 2A46     		mov	r2, r5
 2598 0048 2221     		movs	r1, #34
 2599 004a 2046     		mov	r0, r4
 2600 004c FFF7FEFF 		bl	SX1278_SPIWrite
 2601              	.LVL219:
1276:Core/Src/main.c ****     SX1278_SPIWrite(&SX1278, LR_RegFifoAddrPtr, addr);
 2602              		.loc 1 1276 5 view .LVU589
1276:Core/Src/main.c ****     SX1278_SPIWrite(&SX1278, LR_RegFifoAddrPtr, addr);
 2603              		.loc 1 1276 20 is_stmt 0 view .LVU590
 2604 0050 0E21     		movs	r1, #14
 2605 0052 2046     		mov	r0, r4
 2606 0054 FFF7FEFF 		bl	SX1278_SPIRead
 2607              	.LVL220:
 2608 0058 0246     		mov	r2, r0
 2609              	.LVL221:
1277:Core/Src/main.c **** 
ARM GAS  C:\Users\joabk\AppData\Local\Temp\ccUHSZ0G.s 			page 90


 2610              		.loc 1 1277 5 is_stmt 1 view .LVU591
 2611 005a 0D21     		movs	r1, #13
 2612 005c 2046     		mov	r0, r4
 2613 005e FFF7FEFF 		bl	SX1278_SPIWrite
 2614              	.LVL222:
1279:Core/Src/main.c **** 
 2615              		.loc 1 1279 5 view .LVU592
1279:Core/Src/main.c **** 
 2616              		.loc 1 1279 19 is_stmt 0 view .LVU593
 2617 0062 0223     		movs	r3, #2
 2618 0064 A375     		strb	r3, [r4, #22]
1282:Core/Src/main.c ****     SX1278_SPIWrite(&SX1278, LR_RegOpMode, 0x8B);  // TX mode
 2619              		.loc 1 1282 5 is_stmt 1 view .LVU594
 2620 0066 2B46     		mov	r3, r5
 2621 0068 3246     		mov	r2, r6
 2622 006a 0021     		movs	r1, #0
 2623 006c 2046     		mov	r0, r4
 2624 006e FFF7FEFF 		bl	SX1278_SPIBurstWrite
 2625              	.LVL223:
1283:Core/Src/main.c **** 
 2626              		.loc 1 1283 5 view .LVU595
 2627 0072 8B22     		movs	r2, #139
 2628 0074 0121     		movs	r1, #1
 2629 0076 2046     		mov	r0, r4
 2630 0078 FFF7FEFF 		bl	SX1278_SPIWrite
 2631              	.LVL224:
1286:Core/Src/main.c ****     while (!SX1278_hw_GetDIO0(SX1278.hw))
 2632              		.loc 1 1286 5 view .LVU596
1286:Core/Src/main.c ****     while (!SX1278_hw_GetDIO0(SX1278.hw))
 2633              		.loc 1 1286 25 is_stmt 0 view .LVU597
 2634 007c FFF7FEFF 		bl	HAL_GetTick
 2635              	.LVL225:
1286:Core/Src/main.c ****     while (!SX1278_hw_GetDIO0(SX1278.hw))
 2636              		.loc 1 1286 14 discriminator 1 view .LVU598
 2637 0080 00F6B834 		addw	r4, r0, #3000
 2638              	.LVL226:
1287:Core/Src/main.c ****     {
 2639              		.loc 1 1287 5 is_stmt 1 view .LVU599
 2640              	.L122:
1287:Core/Src/main.c ****     {
 2641              		.loc 1 1287 12 view .LVU600
1287:Core/Src/main.c ****     {
 2642              		.loc 1 1287 13 is_stmt 0 view .LVU601
 2643 0084 0B4B     		ldr	r3, .L129
 2644 0086 1868     		ldr	r0, [r3]
 2645 0088 FFF7FEFF 		bl	SX1278_hw_GetDIO0
 2646              	.LVL227:
1287:Core/Src/main.c ****     {
 2647              		.loc 1 1287 12 discriminator 1 view .LVU602
 2648 008c 28B9     		cbnz	r0, .L128
1289:Core/Src/main.c ****     }
 2649              		.loc 1 1289 9 is_stmt 1 view .LVU603
1289:Core/Src/main.c ****     }
 2650              		.loc 1 1289 13 is_stmt 0 view .LVU604
 2651 008e FFF7FEFF 		bl	HAL_GetTick
 2652              	.LVL228:
1289:Core/Src/main.c ****     }
ARM GAS  C:\Users\joabk\AppData\Local\Temp\ccUHSZ0G.s 			page 91


 2653              		.loc 1 1289 12 discriminator 1 view .LVU605
 2654 0092 A042     		cmp	r0, r4
 2655 0094 F6D9     		bls	.L122
1289:Core/Src/main.c ****     }
 2656              		.loc 1 1289 46 discriminator 1 view .LVU606
 2657 0096 0020     		movs	r0, #0
 2658 0098 BCE7     		b	.L121
 2659              	.L128:
1292:Core/Src/main.c ****     SX1278_SPIWrite(&SX1278, LR_RegOpMode, 0x89);  // back to LoRa standby
 2660              		.loc 1 1292 5 is_stmt 1 view .LVU607
 2661 009a 064C     		ldr	r4, .L129
 2662              	.LVL229:
1292:Core/Src/main.c ****     SX1278_SPIWrite(&SX1278, LR_RegOpMode, 0x89);  // back to LoRa standby
 2663              		.loc 1 1292 5 is_stmt 0 view .LVU608
 2664 009c 2046     		mov	r0, r4
 2665 009e FFF7FEFF 		bl	SX1278_clearLoRaIrq
 2666              	.LVL230:
1293:Core/Src/main.c ****     SX1278.status = STANDBY;
 2667              		.loc 1 1293 5 is_stmt 1 view .LVU609
 2668 00a2 8922     		movs	r2, #137
 2669 00a4 0121     		movs	r1, #1
 2670 00a6 2046     		mov	r0, r4
 2671 00a8 FFF7FEFF 		bl	SX1278_SPIWrite
 2672              	.LVL231:
1294:Core/Src/main.c **** 
 2673              		.loc 1 1294 5 view .LVU610
1294:Core/Src/main.c **** 
 2674              		.loc 1 1294 19 is_stmt 0 view .LVU611
 2675 00ac 0120     		movs	r0, #1
 2676 00ae A075     		strb	r0, [r4, #22]
1296:Core/Src/main.c **** }
 2677              		.loc 1 1296 5 is_stmt 1 view .LVU612
1296:Core/Src/main.c **** }
 2678              		.loc 1 1296 12 is_stmt 0 view .LVU613
 2679 00b0 B0E7     		b	.L121
 2680              	.L130:
 2681 00b2 00BF     		.align	2
 2682              	.L129:
 2683 00b4 00000000 		.word	SX1278
 2684              		.cfi_endproc
 2685              	.LFE242:
 2687              		.section	.text.LoRa_TX,"ax",%progbits
 2688              		.align	1
 2689              		.global	LoRa_TX
 2690              		.syntax unified
 2691              		.thumb
 2692              		.thumb_func
 2694              	LoRa_TX:
 2695              	.LVL232:
 2696              	.LFB241:
1243:Core/Src/main.c ****     uint8_t result = LoRa_TX_Continuous(message);
 2697              		.loc 1 1243 1 is_stmt 1 view -0
 2698              		.cfi_startproc
 2699              		@ args = 0, pretend = 0, frame = 0
 2700              		@ frame_needed = 0, uses_anonymous_args = 0
1243:Core/Src/main.c ****     uint8_t result = LoRa_TX_Continuous(message);
 2701              		.loc 1 1243 1 is_stmt 0 view .LVU615
ARM GAS  C:\Users\joabk\AppData\Local\Temp\ccUHSZ0G.s 			page 92


 2702 0000 10B5     		push	{r4, lr}
 2703              		.cfi_def_cfa_offset 8
 2704              		.cfi_offset 4, -8
 2705              		.cfi_offset 14, -4
1244:Core/Src/main.c ****     LoRa_ArmRX();
 2706              		.loc 1 1244 5 is_stmt 1 view .LVU616
1244:Core/Src/main.c ****     LoRa_ArmRX();
 2707              		.loc 1 1244 22 is_stmt 0 view .LVU617
 2708 0002 FFF7FEFF 		bl	LoRa_TX_Continuous
 2709              	.LVL233:
1244:Core/Src/main.c ****     LoRa_ArmRX();
 2710              		.loc 1 1244 22 view .LVU618
 2711 0006 0446     		mov	r4, r0
 2712              	.LVL234:
1245:Core/Src/main.c ****     return result;
 2713              		.loc 1 1245 5 is_stmt 1 view .LVU619
 2714 0008 FFF7FEFF 		bl	LoRa_ArmRX
 2715              	.LVL235:
1246:Core/Src/main.c **** }
 2716              		.loc 1 1246 5 view .LVU620
1247:Core/Src/main.c **** 
 2717              		.loc 1 1247 1 is_stmt 0 view .LVU621
 2718 000c 2046     		mov	r0, r4
 2719 000e 10BD     		pop	{r4, pc}
1247:Core/Src/main.c **** 
 2720              		.loc 1 1247 1 view .LVU622
 2721              		.cfi_endproc
 2722              	.LFE241:
 2724              		.section	.rodata.SD_DataDump.str1.4,"aMS",%progbits,1
 2725              		.align	2
 2726              	.LC19:
 2727 0000 2F00     		.ascii	"/\000"
 2728 0002 0000     		.align	2
 2729              	.LC20:
 2730 0004 52454144 		.ascii	"READING.CSV\000"
 2730      494E472E 
 2730      43535600 
 2731              		.align	2
 2732              	.LC21:
 2733 0010 0D0A00   		.ascii	"\015\012\000"
 2734 0013 00       		.align	2
 2735              	.LC22:
 2736 0014 2C00     		.ascii	",\000"
 2737 0016 0000     		.align	2
 2738              	.LC23:
 2739 0018 444F5F31 		.ascii	"DO_1\000"
 2739      00
 2740 001d 000000   		.align	2
 2741              	.LC24:
 2742 0020 5254445F 		.ascii	"RTD_1\000"
 2742      3100
 2743 0026 0000     		.align	2
 2744              	.LC25:
 2745 0028 444F5F32 		.ascii	"DO_2\000"
 2745      00
 2746 002d 000000   		.align	2
 2747              	.LC26:
ARM GAS  C:\Users\joabk\AppData\Local\Temp\ccUHSZ0G.s 			page 93


 2748 0030 5254445F 		.ascii	"RTD_2\000"
 2748      3200
 2749 0036 0000     		.align	2
 2750              	.LC27:
 2751 0038 54595045 		.ascii	"TYPE:2,BUOY:0,CHAMBER:0,DO:%s,RTD:%s,TS:%s\000"
 2751      3A322C42 
 2751      554F593A 
 2751      302C4348 
 2751      414D4245 
 2752 0063 00       		.align	2
 2753              	.LC28:
 2754 0064 54595045 		.ascii	"TYPE:2,BUOY:0,CHAMBER:1,DO:%s,RTD:%s,TS:%s\000"
 2754      3A322C42 
 2754      554F593A 
 2754      302C4348 
 2754      414D4245 
 2755 008f 00       		.align	2
 2756              	.LC29:
 2757 0090 54595045 		.ascii	"TYPE:4,BUOY:0,COUNT:%u\000"
 2757      3A342C42 
 2757      554F593A 
 2757      302C434F 
 2757      554E543A 
 2758              		.section	.text.SD_DataDump,"ax",%progbits
 2759              		.align	1
 2760              		.syntax unified
 2761              		.thumb
 2762              		.thumb_func
 2764              	SD_DataDump:
 2765              	.LFB245:
1440:Core/Src/main.c ****     if (!SD_Connected) return 0;
 2766              		.loc 1 1440 1 is_stmt 1 view -0
 2767              		.cfi_startproc
 2768              		@ args = 0, pretend = 0, frame = 1720
 2769              		@ frame_needed = 0, uses_anonymous_args = 0
 2770 0000 2DE9F041 		push	{r4, r5, r6, r7, r8, lr}
 2771              		.cfi_def_cfa_offset 24
 2772              		.cfi_offset 4, -24
 2773              		.cfi_offset 5, -20
 2774              		.cfi_offset 6, -16
 2775              		.cfi_offset 7, -12
 2776              		.cfi_offset 8, -8
 2777              		.cfi_offset 14, -4
 2778 0004 ADF5D86D 		sub	sp, sp, #1728
 2779              		.cfi_def_cfa_offset 1752
1441:Core/Src/main.c **** 
 2780              		.loc 1 1441 5 view .LVU624
1441:Core/Src/main.c **** 
 2781              		.loc 1 1441 9 is_stmt 0 view .LVU625
 2782 0008 844B     		ldr	r3, .L162
 2783 000a 1E78     		ldrb	r6, [r3]	@ zero_extendqisi2
1441:Core/Src/main.c **** 
 2784              		.loc 1 1441 8 view .LVU626
 2785 000c 26B9     		cbnz	r6, .L152
 2786              	.L134:
1544:Core/Src/main.c **** 
 2787              		.loc 1 1544 1 view .LVU627
ARM GAS  C:\Users\joabk\AppData\Local\Temp\ccUHSZ0G.s 			page 94


 2788 000e 3046     		mov	r0, r6
 2789 0010 0DF5D86D 		add	sp, sp, #1728
 2790              		.cfi_remember_state
 2791              		.cfi_def_cfa_offset 24
 2792              		@ sp needed
 2793 0014 BDE8F081 		pop	{r4, r5, r6, r7, r8, pc}
 2794              	.L152:
 2795              		.cfi_restore_state
1443:Core/Src/main.c ****     DIR     dir;
 2796              		.loc 1 1443 5 is_stmt 1 view .LVU628
1444:Core/Src/main.c ****     FILINFO fno;
 2797              		.loc 1 1444 5 view .LVU629
1445:Core/Src/main.c ****     FIL     fil;
 2798              		.loc 1 1445 5 view .LVU630
1446:Core/Src/main.c ****     FRESULT fres;
 2799              		.loc 1 1446 5 view .LVU631
1447:Core/Src/main.c **** 
 2800              		.loc 1 1447 5 view .LVU632
1449:Core/Src/main.c ****     if (fres != FR_OK) return 0;
 2801              		.loc 1 1449 5 view .LVU633
1449:Core/Src/main.c ****     if (fres != FR_OK) return 0;
 2802              		.loc 1 1449 12 is_stmt 0 view .LVU634
 2803 0018 0122     		movs	r2, #1
 2804 001a 8149     		ldr	r1, .L162+4
 2805 001c 0DF28C40 		addw	r0, sp, #1164
 2806 0020 FFF7FEFF 		bl	f_mount
 2807              	.LVL236:
1450:Core/Src/main.c **** 
 2808              		.loc 1 1450 5 is_stmt 1 view .LVU635
1450:Core/Src/main.c **** 
 2809              		.loc 1 1450 8 is_stmt 0 view .LVU636
 2810 0024 0646     		mov	r6, r0
 2811 0026 08B1     		cbz	r0, .L153
1450:Core/Src/main.c **** 
 2812              		.loc 1 1450 31 discriminator 1 view .LVU637
 2813 0028 0026     		movs	r6, #0
 2814 002a F0E7     		b	.L134
 2815              	.L153:
1452:Core/Src/main.c ****     if (fres != FR_OK) { f_mount(NULL, "", 0); return 0; }
 2816              		.loc 1 1452 5 is_stmt 1 view .LVU638
1452:Core/Src/main.c ****     if (fres != FR_OK) { f_mount(NULL, "", 0); return 0; }
 2817              		.loc 1 1452 12 is_stmt 0 view .LVU639
 2818 002c 7D49     		ldr	r1, .L162+8
 2819 002e 0DF58B60 		add	r0, sp, #1112
 2820              	.LVL237:
1452:Core/Src/main.c ****     if (fres != FR_OK) { f_mount(NULL, "", 0); return 0; }
 2821              		.loc 1 1452 12 view .LVU640
 2822 0032 FFF7FEFF 		bl	f_opendir
 2823              	.LVL238:
1453:Core/Src/main.c **** 
 2824              		.loc 1 1453 5 is_stmt 1 view .LVU641
1453:Core/Src/main.c **** 
 2825              		.loc 1 1453 8 is_stmt 0 view .LVU642
 2826 0036 08B9     		cbnz	r0, .L154
1455:Core/Src/main.c ****     char tx_buf[100];
 2827              		.loc 1 1455 14 view .LVU643
 2828 0038 0026     		movs	r6, #0
ARM GAS  C:\Users\joabk\AppData\Local\Temp\ccUHSZ0G.s 			page 95


 2829 003a 9FE0     		b	.L135
 2830              	.L154:
1453:Core/Src/main.c **** 
 2831              		.loc 1 1453 26 is_stmt 1 discriminator 1 view .LVU644
 2832 003c 0022     		movs	r2, #0
 2833 003e 7849     		ldr	r1, .L162+4
 2834 0040 1046     		mov	r0, r2
 2835              	.LVL239:
1453:Core/Src/main.c **** 
 2836              		.loc 1 1453 26 is_stmt 0 discriminator 1 view .LVU645
 2837 0042 FFF7FEFF 		bl	f_mount
 2838              	.LVL240:
1453:Core/Src/main.c **** 
 2839              		.loc 1 1453 48 is_stmt 1 discriminator 1 view .LVU646
1453:Core/Src/main.c **** 
 2840              		.loc 1 1453 55 is_stmt 0 view .LVU647
 2841 0046 E2E7     		b	.L134
 2842              	.LVL241:
 2843              	.L156:
 2844              	.LBB10:
 2845              	.LBB11:
1502:Core/Src/main.c **** 
 2846              		.loc 1 1502 32 is_stmt 1 discriminator 1 view .LVU648
 2847 0048 1322     		movs	r2, #19
 2848 004a 3946     		mov	r1, r7
 2849 004c 12A8     		add	r0, sp, #72
 2850              	.LVL242:
1502:Core/Src/main.c **** 
 2851              		.loc 1 1502 32 is_stmt 0 discriminator 1 view .LVU649
 2852 004e FFF7FEFF 		bl	strncpy
 2853              	.LVL243:
 2854 0052 2EE0     		b	.L140
 2855              	.L157:
1504:Core/Src/main.c ****             else if (strcmp(col2, "RTD_1") == 0) strncpy(rtd1, col3, sizeof(rtd1)-1);
 2856              		.loc 1 1504 50 is_stmt 1 discriminator 1 view .LVU650
 2857 0054 0F22     		movs	r2, #15
 2858 0056 2946     		mov	r1, r5
 2859 0058 02A8     		add	r0, sp, #8
 2860 005a FFF7FEFF 		bl	strncpy
 2861              	.LVL244:
 2862              	.L138:
1504:Core/Src/main.c ****             else if (strcmp(col2, "RTD_1") == 0) strncpy(rtd1, col3, sizeof(rtd1)-1);
 2863              		.loc 1 1504 50 is_stmt 0 discriminator 1 view .LVU651
 2864              	.LBE11:
1489:Core/Src/main.c ****         {
 2865              		.loc 1 1489 16 is_stmt 1 view .LVU652
 2866 005e 44AA     		add	r2, sp, #272
 2867 0060 3C21     		movs	r1, #60
 2868 0062 1CA8     		add	r0, sp, #112
 2869 0064 FFF7FEFF 		bl	f_gets
 2870              	.LVL245:
1489:Core/Src/main.c ****         {
 2871              		.loc 1 1489 16 is_stmt 0 discriminator 1 view .LVU653
 2872 0068 0028     		cmp	r0, #0
 2873 006a 4AD0     		beq	.L155
 2874              	.LBB12:
1492:Core/Src/main.c **** 
ARM GAS  C:\Users\joabk\AppData\Local\Temp\ccUHSZ0G.s 			page 96


 2875              		.loc 1 1492 13 is_stmt 1 view .LVU654
1492:Core/Src/main.c **** 
 2876              		.loc 1 1492 18 is_stmt 0 view .LVU655
 2877 006c 1CAC     		add	r4, sp, #112
 2878 006e 6E49     		ldr	r1, .L162+12
 2879 0070 2046     		mov	r0, r4
 2880 0072 FFF7FEFF 		bl	strcspn
 2881              	.LVL246:
1492:Core/Src/main.c **** 
 2882              		.loc 1 1492 41 discriminator 1 view .LVU656
 2883 0076 4FF00008 		mov	r8, #0
 2884 007a 04F80080 		strb	r8, [r4, r0]
1495:Core/Src/main.c ****             char *col2 = strtok(NULL, ",");   // sensor name
 2885              		.loc 1 1495 13 is_stmt 1 view .LVU657
1495:Core/Src/main.c ****             char *col2 = strtok(NULL, ",");   // sensor name
 2886              		.loc 1 1495 26 is_stmt 0 view .LVU658
 2887 007e 6B4D     		ldr	r5, .L162+16
 2888 0080 2946     		mov	r1, r5
 2889 0082 2046     		mov	r0, r4
 2890 0084 FFF7FEFF 		bl	strtok
 2891              	.LVL247:
 2892 0088 0746     		mov	r7, r0
 2893              	.LVL248:
1496:Core/Src/main.c ****             char *col3 = strtok(NULL, ",");   // value
 2894              		.loc 1 1496 13 is_stmt 1 view .LVU659
1496:Core/Src/main.c ****             char *col3 = strtok(NULL, ",");   // value
 2895              		.loc 1 1496 26 is_stmt 0 view .LVU660
 2896 008a 2946     		mov	r1, r5
 2897 008c 4046     		mov	r0, r8
 2898              	.LVL249:
1496:Core/Src/main.c ****             char *col3 = strtok(NULL, ",");   // value
 2899              		.loc 1 1496 26 view .LVU661
 2900 008e FFF7FEFF 		bl	strtok
 2901              	.LVL250:
 2902 0092 0446     		mov	r4, r0
 2903              	.LVL251:
1497:Core/Src/main.c **** 
 2904              		.loc 1 1497 13 is_stmt 1 view .LVU662
1497:Core/Src/main.c **** 
 2905              		.loc 1 1497 26 is_stmt 0 view .LVU663
 2906 0094 2946     		mov	r1, r5
 2907 0096 4046     		mov	r0, r8
 2908              	.LVL252:
1497:Core/Src/main.c **** 
 2909              		.loc 1 1497 26 view .LVU664
 2910 0098 FFF7FEFF 		bl	strtok
 2911              	.LVL253:
 2912 009c 0546     		mov	r5, r0
 2913              	.LVL254:
1499:Core/Src/main.c **** 
 2914              		.loc 1 1499 13 is_stmt 1 view .LVU665
1499:Core/Src/main.c **** 
 2915              		.loc 1 1499 16 is_stmt 0 view .LVU666
 2916 009e 002F     		cmp	r7, #0
 2917 00a0 DDD0     		beq	.L138
1499:Core/Src/main.c **** 
 2918              		.loc 1 1499 23 discriminator 2 view .LVU667
ARM GAS  C:\Users\joabk\AppData\Local\Temp\ccUHSZ0G.s 			page 97


 2919 00a2 002C     		cmp	r4, #0
 2920 00a4 DBD0     		beq	.L138
1499:Core/Src/main.c **** 
 2921              		.loc 1 1499 32 discriminator 4 view .LVU668
 2922 00a6 0028     		cmp	r0, #0
 2923 00a8 D9D0     		beq	.L138
1502:Core/Src/main.c **** 
 2924              		.loc 1 1502 13 is_stmt 1 view .LVU669
1502:Core/Src/main.c **** 
 2925              		.loc 1 1502 19 is_stmt 0 view .LVU670
 2926 00aa 9DF84830 		ldrb	r3, [sp, #72]	@ zero_extendqisi2
1502:Core/Src/main.c **** 
 2927              		.loc 1 1502 16 view .LVU671
 2928 00ae 002B     		cmp	r3, #0
 2929 00b0 CAD0     		beq	.L156
 2930              	.LVL255:
 2931              	.L140:
1504:Core/Src/main.c ****             else if (strcmp(col2, "RTD_1") == 0) strncpy(rtd1, col3, sizeof(rtd1)-1);
 2932              		.loc 1 1504 13 is_stmt 1 view .LVU672
1504:Core/Src/main.c ****             else if (strcmp(col2, "RTD_1") == 0) strncpy(rtd1, col3, sizeof(rtd1)-1);
 2933              		.loc 1 1504 22 is_stmt 0 view .LVU673
 2934 00b2 5F49     		ldr	r1, .L162+20
 2935 00b4 2046     		mov	r0, r4
 2936 00b6 FFF7FEFF 		bl	strcmp
 2937              	.LVL256:
1504:Core/Src/main.c ****             else if (strcmp(col2, "RTD_1") == 0) strncpy(rtd1, col3, sizeof(rtd1)-1);
 2938              		.loc 1 1504 21 discriminator 1 view .LVU674
 2939 00ba 0028     		cmp	r0, #0
 2940 00bc CAD0     		beq	.L157
1505:Core/Src/main.c ****             else if (strcmp(col2, "DO_2")  == 0) strncpy(do2,  col3, sizeof(do2)-1);
 2941              		.loc 1 1505 18 is_stmt 1 view .LVU675
1505:Core/Src/main.c ****             else if (strcmp(col2, "DO_2")  == 0) strncpy(do2,  col3, sizeof(do2)-1);
 2942              		.loc 1 1505 22 is_stmt 0 view .LVU676
 2943 00be 5D49     		ldr	r1, .L162+24
 2944 00c0 2046     		mov	r0, r4
 2945 00c2 FFF7FEFF 		bl	strcmp
 2946              	.LVL257:
1505:Core/Src/main.c ****             else if (strcmp(col2, "DO_2")  == 0) strncpy(do2,  col3, sizeof(do2)-1);
 2947              		.loc 1 1505 21 discriminator 1 view .LVU677
 2948 00c6 80B1     		cbz	r0, .L158
1506:Core/Src/main.c ****             else if (strcmp(col2, "RTD_2") == 0) strncpy(rtd2, col3, sizeof(rtd2)-1);
 2949              		.loc 1 1506 18 is_stmt 1 view .LVU678
1506:Core/Src/main.c ****             else if (strcmp(col2, "RTD_2") == 0) strncpy(rtd2, col3, sizeof(rtd2)-1);
 2950              		.loc 1 1506 22 is_stmt 0 view .LVU679
 2951 00c8 5B49     		ldr	r1, .L162+28
 2952 00ca 2046     		mov	r0, r4
 2953 00cc FFF7FEFF 		bl	strcmp
 2954              	.LVL258:
1506:Core/Src/main.c ****             else if (strcmp(col2, "RTD_2") == 0) strncpy(rtd2, col3, sizeof(rtd2)-1);
 2955              		.loc 1 1506 21 discriminator 1 view .LVU680
 2956 00d0 88B1     		cbz	r0, .L159
1507:Core/Src/main.c ****         }
 2957              		.loc 1 1507 18 is_stmt 1 view .LVU681
1507:Core/Src/main.c ****         }
 2958              		.loc 1 1507 22 is_stmt 0 view .LVU682
 2959 00d2 5A49     		ldr	r1, .L162+32
 2960 00d4 2046     		mov	r0, r4
ARM GAS  C:\Users\joabk\AppData\Local\Temp\ccUHSZ0G.s 			page 98


 2961 00d6 FFF7FEFF 		bl	strcmp
 2962              	.LVL259:
1507:Core/Src/main.c ****         }
 2963              		.loc 1 1507 21 discriminator 1 view .LVU683
 2964 00da 0028     		cmp	r0, #0
 2965 00dc BFD1     		bne	.L138
1507:Core/Src/main.c ****         }
 2966              		.loc 1 1507 50 is_stmt 1 discriminator 1 view .LVU684
 2967 00de 0F22     		movs	r2, #15
 2968 00e0 2946     		mov	r1, r5
 2969 00e2 0EA8     		add	r0, sp, #56
 2970 00e4 FFF7FEFF 		bl	strncpy
 2971              	.LVL260:
 2972 00e8 B9E7     		b	.L138
 2973              	.L158:
1505:Core/Src/main.c ****             else if (strcmp(col2, "DO_2")  == 0) strncpy(do2,  col3, sizeof(do2)-1);
 2974              		.loc 1 1505 50 discriminator 1 view .LVU685
 2975 00ea 0F22     		movs	r2, #15
 2976 00ec 2946     		mov	r1, r5
 2977 00ee 06A8     		add	r0, sp, #24
 2978 00f0 FFF7FEFF 		bl	strncpy
 2979              	.LVL261:
 2980 00f4 B3E7     		b	.L138
 2981              	.L159:
1506:Core/Src/main.c ****             else if (strcmp(col2, "RTD_2") == 0) strncpy(rtd2, col3, sizeof(rtd2)-1);
 2982              		.loc 1 1506 50 discriminator 1 view .LVU686
 2983 00f6 0F22     		movs	r2, #15
 2984 00f8 2946     		mov	r1, r5
 2985 00fa 0AA8     		add	r0, sp, #40
 2986 00fc FFF7FEFF 		bl	strncpy
 2987              	.LVL262:
 2988 0100 ADE7     		b	.L138
 2989              	.LVL263:
 2990              	.L155:
1506:Core/Src/main.c ****             else if (strcmp(col2, "RTD_2") == 0) strncpy(rtd2, col3, sizeof(rtd2)-1);
 2991              		.loc 1 1506 50 is_stmt 0 discriminator 1 view .LVU687
 2992              	.LBE12:
1510:Core/Src/main.c **** 
 2993              		.loc 1 1510 9 is_stmt 1 view .LVU688
 2994 0102 44A8     		add	r0, sp, #272
 2995 0104 FFF7FEFF 		bl	f_close
 2996              	.LVL264:
1514:Core/Src/main.c ****         strncpy(ts_fmt, ts, sizeof(ts_fmt)-1);
 2997              		.loc 1 1514 9 view .LVU689
1514:Core/Src/main.c ****         strncpy(ts_fmt, ts, sizeof(ts_fmt)-1);
 2998              		.loc 1 1514 14 is_stmt 0 view .LVU690
 2999 0108 0024     		movs	r4, #0
 3000 010a 1794     		str	r4, [sp, #92]
 3001 010c 1894     		str	r4, [sp, #96]
 3002 010e 1994     		str	r4, [sp, #100]
 3003 0110 1A94     		str	r4, [sp, #104]
 3004 0112 1B94     		str	r4, [sp, #108]
1515:Core/Src/main.c ****         for (int i = 0; ts_fmt[i]; i++) {
 3005              		.loc 1 1515 9 is_stmt 1 view .LVU691
 3006 0114 1322     		movs	r2, #19
 3007 0116 12A9     		add	r1, sp, #72
 3008 0118 17A8     		add	r0, sp, #92
ARM GAS  C:\Users\joabk\AppData\Local\Temp\ccUHSZ0G.s 			page 99


 3009 011a FFF7FEFF 		bl	strncpy
 3010              	.LVL265:
1516:Core/Src/main.c ****             if (ts_fmt[i] == ' ' || ts_fmt[i] == '-' || ts_fmt[i] == ':')
 3011              		.loc 1 1516 9 view .LVU692
 3012              	.LBB13:
1516:Core/Src/main.c ****             if (ts_fmt[i] == ' ' || ts_fmt[i] == '-' || ts_fmt[i] == ':')
 3013              		.loc 1 1516 14 view .LVU693
1516:Core/Src/main.c ****             if (ts_fmt[i] == ' ' || ts_fmt[i] == '-' || ts_fmt[i] == ':')
 3014              		.loc 1 1516 18 is_stmt 0 view .LVU694
 3015 011e 2246     		mov	r2, r4
1516:Core/Src/main.c ****             if (ts_fmt[i] == ' ' || ts_fmt[i] == '-' || ts_fmt[i] == ':')
 3016              		.loc 1 1516 9 view .LVU695
 3017 0120 03E0     		b	.L145
 3018              	.LVL266:
 3019              	.L161:
1518:Core/Src/main.c ****         }
 3020              		.loc 1 1518 17 is_stmt 1 view .LVU696
1518:Core/Src/main.c ****         }
 3021              		.loc 1 1518 27 is_stmt 0 view .LVU697
 3022 0122 17AB     		add	r3, sp, #92
 3023 0124 5F21     		movs	r1, #95
 3024 0126 9954     		strb	r1, [r3, r2]
 3025              	.L146:
1516:Core/Src/main.c ****             if (ts_fmt[i] == ' ' || ts_fmt[i] == '-' || ts_fmt[i] == ':')
 3026              		.loc 1 1516 37 is_stmt 1 discriminator 2 view .LVU698
 3027 0128 0132     		adds	r2, r2, #1
 3028              	.LVL267:
 3029              	.L145:
1516:Core/Src/main.c ****             if (ts_fmt[i] == ' ' || ts_fmt[i] == '-' || ts_fmt[i] == ':')
 3030              		.loc 1 1516 25 discriminator 1 view .LVU699
1516:Core/Src/main.c ****             if (ts_fmt[i] == ' ' || ts_fmt[i] == '-' || ts_fmt[i] == ':')
 3031              		.loc 1 1516 31 is_stmt 0 discriminator 1 view .LVU700
 3032 012a 17AB     		add	r3, sp, #92
 3033 012c 9B5C     		ldrb	r3, [r3, r2]	@ zero_extendqisi2
1516:Core/Src/main.c ****             if (ts_fmt[i] == ' ' || ts_fmt[i] == '-' || ts_fmt[i] == ':')
 3034              		.loc 1 1516 25 discriminator 1 view .LVU701
 3035 012e 53B1     		cbz	r3, .L160
1517:Core/Src/main.c ****                 ts_fmt[i] = '_';
 3036              		.loc 1 1517 13 is_stmt 1 view .LVU702
 3037 0130 203B     		subs	r3, r3, #32
 3038 0132 DBB2     		uxtb	r3, r3
 3039 0134 1A2B     		cmp	r3, #26
 3040 0136 F7D8     		bhi	.L146
 3041 0138 4149     		ldr	r1, .L162+36
 3042 013a 21FA03F3 		lsr	r3, r1, r3
 3043 013e 13F0010F 		tst	r3, #1
 3044 0142 EED1     		bne	.L161
 3045 0144 F0E7     		b	.L146
 3046              	.L160:
 3047              	.LBE13:
1522:Core/Src/main.c ****                  "TYPE:2,BUOY:0,CHAMBER:0,DO:%s,RTD:%s,TS:%s",
 3048              		.loc 1 1522 9 view .LVU703
 3049 0146 17AC     		add	r4, sp, #92
 3050 0148 0194     		str	r4, [sp, #4]
 3051 014a 06AB     		add	r3, sp, #24
 3052 014c 0093     		str	r3, [sp]
 3053 014e 02AB     		add	r3, sp, #8
ARM GAS  C:\Users\joabk\AppData\Local\Temp\ccUHSZ0G.s 			page 100


 3054 0150 3C4A     		ldr	r2, .L162+40
 3055              	.LVL268:
1522:Core/Src/main.c ****                  "TYPE:2,BUOY:0,CHAMBER:0,DO:%s,RTD:%s,TS:%s",
 3056              		.loc 1 1522 9 is_stmt 0 view .LVU704
 3057 0152 6421     		movs	r1, #100
 3058 0154 2BA8     		add	r0, sp, #172
 3059 0156 FFF7FEFF 		bl	snprintf
 3060              	.LVL269:
1525:Core/Src/main.c **** 
 3061              		.loc 1 1525 9 is_stmt 1 view .LVU705
 3062 015a 2BA8     		add	r0, sp, #172
 3063 015c FFF7FEFF 		bl	LoRa_TX_Continuous
 3064              	.LVL270:
1528:Core/Src/main.c ****                  "TYPE:2,BUOY:0,CHAMBER:1,DO:%s,RTD:%s,TS:%s",
 3065              		.loc 1 1528 9 view .LVU706
 3066 0160 0194     		str	r4, [sp, #4]
 3067 0162 0EAB     		add	r3, sp, #56
 3068 0164 0093     		str	r3, [sp]
 3069 0166 0AAB     		add	r3, sp, #40
 3070 0168 374A     		ldr	r2, .L162+44
 3071 016a 6421     		movs	r1, #100
 3072 016c 2BA8     		add	r0, sp, #172
 3073 016e FFF7FEFF 		bl	snprintf
 3074              	.LVL271:
1531:Core/Src/main.c **** 
 3075              		.loc 1 1531 9 view .LVU707
 3076 0172 2BA8     		add	r0, sp, #172
 3077 0174 FFF7FEFF 		bl	LoRa_TX_Continuous
 3078              	.LVL272:
1533:Core/Src/main.c ****     }
 3079              		.loc 1 1533 9 view .LVU708
1533:Core/Src/main.c ****     }
 3080              		.loc 1 1533 14 is_stmt 0 view .LVU709
 3081 0178 0136     		adds	r6, r6, #1
 3082              	.LVL273:
1533:Core/Src/main.c ****     }
 3083              		.loc 1 1533 14 view .LVU710
 3084 017a B6B2     		uxth	r6, r6
 3085              	.LVL274:
 3086              	.L135:
1533:Core/Src/main.c ****     }
 3087              		.loc 1 1533 14 view .LVU711
 3088              	.LBE10:
1456:Core/Src/main.c **** 
 3089              		.loc 1 1456 5 is_stmt 1 view .LVU712
1458:Core/Src/main.c ****     {
 3090              		.loc 1 1458 5 view .LVU713
 3091              	.LBB14:
1460:Core/Src/main.c ****         // End of directory or error
 3092              		.loc 1 1460 9 view .LVU714
1460:Core/Src/main.c ****         // End of directory or error
 3093              		.loc 1 1460 16 is_stmt 0 view .LVU715
 3094 017c D0A9     		add	r1, sp, #832
 3095 017e 0DF58B60 		add	r0, sp, #1112
 3096 0182 FFF7FEFF 		bl	f_readdir
 3097              	.LVL275:
1462:Core/Src/main.c ****         // Skip directories and non-CSV files
ARM GAS  C:\Users\joabk\AppData\Local\Temp\ccUHSZ0G.s 			page 101


 3098              		.loc 1 1462 9 is_stmt 1 view .LVU716
1462:Core/Src/main.c ****         // Skip directories and non-CSV files
 3099              		.loc 1 1462 12 is_stmt 0 view .LVU717
 3100 0186 0028     		cmp	r0, #0
 3101 0188 33D1     		bne	.L136
1462:Core/Src/main.c ****         // Skip directories and non-CSV files
 3102              		.loc 1 1462 39 discriminator 1 view .LVU718
 3103 018a 9DF85633 		ldrb	r3, [sp, #854]	@ zero_extendqisi2
1462:Core/Src/main.c ****         // Skip directories and non-CSV files
 3104              		.loc 1 1462 27 discriminator 1 view .LVU719
 3105 018e 002B     		cmp	r3, #0
 3106 0190 2FD0     		beq	.L136
1464:Core/Src/main.c ****         if (strstr(fno.fname, "READING.CSV") == NULL) continue;
 3107              		.loc 1 1464 9 is_stmt 1 view .LVU720
1464:Core/Src/main.c ****         if (strstr(fno.fname, "READING.CSV") == NULL) continue;
 3108              		.loc 1 1464 16 is_stmt 0 view .LVU721
 3109 0192 9DF84833 		ldrb	r3, [sp, #840]	@ zero_extendqisi2
1464:Core/Src/main.c ****         if (strstr(fno.fname, "READING.CSV") == NULL) continue;
 3110              		.loc 1 1464 12 view .LVU722
 3111 0196 13F0100F 		tst	r3, #16
 3112 019a EFD1     		bne	.L135
1465:Core/Src/main.c **** 
 3113              		.loc 1 1465 9 is_stmt 1 view .LVU723
1465:Core/Src/main.c **** 
 3114              		.loc 1 1465 13 is_stmt 0 view .LVU724
 3115 019c 2B49     		ldr	r1, .L162+48
 3116 019e 0DF25630 		addw	r0, sp, #854
 3117              	.LVL276:
1465:Core/Src/main.c **** 
 3118              		.loc 1 1465 13 view .LVU725
 3119 01a2 FFF7FEFF 		bl	strstr
 3120              	.LVL277:
1465:Core/Src/main.c **** 
 3121              		.loc 1 1465 12 discriminator 1 view .LVU726
 3122 01a6 0028     		cmp	r0, #0
 3123 01a8 E8D0     		beq	.L135
1468:Core/Src/main.c ****         if (fres != FR_OK) continue;
 3124              		.loc 1 1468 9 is_stmt 1 view .LVU727
1468:Core/Src/main.c ****         if (fres != FR_OK) continue;
 3125              		.loc 1 1468 16 is_stmt 0 view .LVU728
 3126 01aa 0122     		movs	r2, #1
 3127 01ac 0DF25631 		addw	r1, sp, #854
 3128 01b0 44A8     		add	r0, sp, #272
 3129 01b2 FFF7FEFF 		bl	f_open
 3130              	.LVL278:
1469:Core/Src/main.c **** 
 3131              		.loc 1 1469 9 is_stmt 1 view .LVU729
1469:Core/Src/main.c **** 
 3132              		.loc 1 1469 12 is_stmt 0 view .LVU730
 3133 01b6 0028     		cmp	r0, #0
 3134 01b8 E0D1     		bne	.L135
1478:Core/Src/main.c ****         char ts[20]   = "";
 3135              		.loc 1 1478 9 is_stmt 1 view .LVU731
1479:Core/Src/main.c ****         char do1[16]  = "";
 3136              		.loc 1 1479 9 view .LVU732
1479:Core/Src/main.c ****         char do1[16]  = "";
 3137              		.loc 1 1479 14 is_stmt 0 view .LVU733
ARM GAS  C:\Users\joabk\AppData\Local\Temp\ccUHSZ0G.s 			page 102


 3138 01ba 0023     		movs	r3, #0
 3139 01bc 1293     		str	r3, [sp, #72]
 3140 01be 1393     		str	r3, [sp, #76]
 3141 01c0 1493     		str	r3, [sp, #80]
 3142 01c2 1593     		str	r3, [sp, #84]
 3143 01c4 1693     		str	r3, [sp, #88]
1480:Core/Src/main.c ****         char rtd1[16] = "";
 3144              		.loc 1 1480 9 is_stmt 1 view .LVU734
1480:Core/Src/main.c ****         char rtd1[16] = "";
 3145              		.loc 1 1480 14 is_stmt 0 view .LVU735
 3146 01c6 0293     		str	r3, [sp, #8]
 3147 01c8 0393     		str	r3, [sp, #12]
 3148 01ca 0493     		str	r3, [sp, #16]
 3149 01cc 0593     		str	r3, [sp, #20]
1481:Core/Src/main.c ****         char do2[16]  = "";
 3150              		.loc 1 1481 9 is_stmt 1 view .LVU736
1481:Core/Src/main.c ****         char do2[16]  = "";
 3151              		.loc 1 1481 14 is_stmt 0 view .LVU737
 3152 01ce 0693     		str	r3, [sp, #24]
 3153 01d0 0793     		str	r3, [sp, #28]
 3154 01d2 0893     		str	r3, [sp, #32]
 3155 01d4 0993     		str	r3, [sp, #36]
1482:Core/Src/main.c ****         char rtd2[16] = "";
 3156              		.loc 1 1482 9 is_stmt 1 view .LVU738
1482:Core/Src/main.c ****         char rtd2[16] = "";
 3157              		.loc 1 1482 14 is_stmt 0 view .LVU739
 3158 01d6 0A93     		str	r3, [sp, #40]
 3159 01d8 0B93     		str	r3, [sp, #44]
 3160 01da 0C93     		str	r3, [sp, #48]
 3161 01dc 0D93     		str	r3, [sp, #52]
1483:Core/Src/main.c **** 
 3162              		.loc 1 1483 9 is_stmt 1 view .LVU740
1483:Core/Src/main.c **** 
 3163              		.loc 1 1483 14 is_stmt 0 view .LVU741
 3164 01de 0E93     		str	r3, [sp, #56]
 3165 01e0 0F93     		str	r3, [sp, #60]
 3166 01e2 1093     		str	r3, [sp, #64]
 3167 01e4 1193     		str	r3, [sp, #68]
1486:Core/Src/main.c **** 
 3168              		.loc 1 1486 9 is_stmt 1 view .LVU742
 3169 01e6 44AA     		add	r2, sp, #272
 3170 01e8 3C21     		movs	r1, #60
 3171 01ea 1CA8     		add	r0, sp, #112
 3172              	.LVL279:
1486:Core/Src/main.c **** 
 3173              		.loc 1 1486 9 is_stmt 0 view .LVU743
 3174 01ec FFF7FEFF 		bl	f_gets
 3175              	.LVL280:
1489:Core/Src/main.c ****         {
 3176              		.loc 1 1489 9 is_stmt 1 view .LVU744
1489:Core/Src/main.c ****         {
 3177              		.loc 1 1489 15 is_stmt 0 view .LVU745
 3178 01f0 35E7     		b	.L138
 3179              	.LVL281:
 3180              	.L136:
1489:Core/Src/main.c ****         {
 3181              		.loc 1 1489 15 view .LVU746
ARM GAS  C:\Users\joabk\AppData\Local\Temp\ccUHSZ0G.s 			page 103


 3182              	.LBE14:
1536:Core/Src/main.c ****     f_mount(NULL, "", 0);
 3183              		.loc 1 1536 5 is_stmt 1 view .LVU747
 3184 01f2 0DF58B60 		add	r0, sp, #1112
 3185              	.LVL282:
1536:Core/Src/main.c ****     f_mount(NULL, "", 0);
 3186              		.loc 1 1536 5 is_stmt 0 view .LVU748
 3187 01f6 FFF7FEFF 		bl	f_closedir
 3188              	.LVL283:
1537:Core/Src/main.c **** 
 3189              		.loc 1 1537 5 is_stmt 1 view .LVU749
 3190 01fa 0022     		movs	r2, #0
 3191 01fc 0849     		ldr	r1, .L162+4
 3192 01fe 1046     		mov	r0, r2
 3193 0200 FFF7FEFF 		bl	f_mount
 3194              	.LVL284:
1540:Core/Src/main.c ****     LoRa_TX(tx_buf);
 3195              		.loc 1 1540 5 view .LVU750
 3196 0204 3346     		mov	r3, r6
 3197 0206 124A     		ldr	r2, .L162+52
 3198 0208 6421     		movs	r1, #100
 3199 020a 2BA8     		add	r0, sp, #172
 3200 020c FFF7FEFF 		bl	snprintf
 3201              	.LVL285:
1541:Core/Src/main.c **** 
 3202              		.loc 1 1541 5 view .LVU751
 3203 0210 2BA8     		add	r0, sp, #172
 3204 0212 FFF7FEFF 		bl	LoRa_TX
 3205              	.LVL286:
1543:Core/Src/main.c **** }
 3206              		.loc 1 1543 5 view .LVU752
1543:Core/Src/main.c **** }
 3207              		.loc 1 1543 12 is_stmt 0 view .LVU753
 3208 0216 F6B2     		uxtb	r6, r6
 3209              	.LVL287:
1543:Core/Src/main.c **** }
 3210              		.loc 1 1543 12 view .LVU754
 3211 0218 F9E6     		b	.L134
 3212              	.L163:
 3213 021a 00BF     		.align	2
 3214              	.L162:
 3215 021c 00000000 		.word	SD_Connected
 3216 0220 34000000 		.word	.LC4
 3217 0224 00000000 		.word	.LC19
 3218 0228 10000000 		.word	.LC21
 3219 022c 14000000 		.word	.LC22
 3220 0230 18000000 		.word	.LC23
 3221 0234 20000000 		.word	.LC24
 3222 0238 28000000 		.word	.LC25
 3223 023c 30000000 		.word	.LC26
 3224 0240 01200004 		.word	67117057
 3225 0244 38000000 		.word	.LC27
 3226 0248 64000000 		.word	.LC28
 3227 024c 04000000 		.word	.LC20
 3228 0250 90000000 		.word	.LC29
 3229              		.cfi_endproc
 3230              	.LFE245:
ARM GAS  C:\Users\joabk\AppData\Local\Temp\ccUHSZ0G.s 			page 104


 3232              		.section	.text.LoRa_RX,"ax",%progbits
 3233              		.align	1
 3234              		.global	LoRa_RX
 3235              		.syntax unified
 3236              		.thumb
 3237              		.thumb_func
 3239              	LoRa_RX:
 3240              	.LFB244:
1424:Core/Src/main.c ****     uint8_t len = SX1278_LoRaRxPacket(&SX1278);
 3241              		.loc 1 1424 1 is_stmt 1 view -0
 3242              		.cfi_startproc
 3243              		@ args = 0, pretend = 0, frame = 0
 3244              		@ frame_needed = 0, uses_anonymous_args = 0
 3245 0000 38B5     		push	{r3, r4, r5, lr}
 3246              		.cfi_def_cfa_offset 16
 3247              		.cfi_offset 3, -16
 3248              		.cfi_offset 4, -12
 3249              		.cfi_offset 5, -8
 3250              		.cfi_offset 14, -4
1425:Core/Src/main.c ****     if (len > 0)
 3251              		.loc 1 1425 5 view .LVU756
1425:Core/Src/main.c ****     if (len > 0)
 3252              		.loc 1 1425 19 is_stmt 0 view .LVU757
 3253 0002 0C48     		ldr	r0, .L169
 3254 0004 FFF7FEFF 		bl	SX1278_LoRaRxPacket
 3255              	.LVL288:
1426:Core/Src/main.c ****     {
 3256              		.loc 1 1426 5 is_stmt 1 view .LVU758
1426:Core/Src/main.c ****     {
 3257              		.loc 1 1426 8 is_stmt 0 view .LVU759
 3258 0008 80B1     		cbz	r0, .L165
 3259 000a 0446     		mov	r4, r0
1428:Core/Src/main.c ****             len = sizeof(LoRa_RX_Buffer) - 1;
 3260              		.loc 1 1428 9 is_stmt 1 view .LVU760
1428:Core/Src/main.c ****             len = sizeof(LoRa_RX_Buffer) - 1;
 3261              		.loc 1 1428 12 is_stmt 0 view .LVU761
 3262 000c 3128     		cmp	r0, #49
 3263 000e 00D9     		bls	.L166
1429:Core/Src/main.c ****         memcpy(LoRa_RX_Buffer, SX1278.rxBuffer, len);
 3264              		.loc 1 1429 17 view .LVU762
 3265 0010 3124     		movs	r4, #49
 3266              	.L166:
 3267              	.LVL289:
1430:Core/Src/main.c ****         LoRa_RX_Buffer[len] = '\0';
 3268              		.loc 1 1430 9 is_stmt 1 view .LVU763
 3269 0012 094D     		ldr	r5, .L169+4
 3270 0014 2246     		mov	r2, r4
 3271 0016 0949     		ldr	r1, .L169+8
 3272 0018 2846     		mov	r0, r5
 3273 001a FFF7FEFF 		bl	memcpy
 3274              	.LVL290:
1431:Core/Src/main.c ****         LoRa_RX_Length = len;
 3275              		.loc 1 1431 9 view .LVU764
1431:Core/Src/main.c ****         LoRa_RX_Length = len;
 3276              		.loc 1 1431 29 is_stmt 0 view .LVU765
 3277 001e 0023     		movs	r3, #0
 3278 0020 2B55     		strb	r3, [r5, r4]
ARM GAS  C:\Users\joabk\AppData\Local\Temp\ccUHSZ0G.s 			page 105


1432:Core/Src/main.c ****         LoRa_RX_Flag = 1;
 3279              		.loc 1 1432 9 is_stmt 1 view .LVU766
1432:Core/Src/main.c ****         LoRa_RX_Flag = 1;
 3280              		.loc 1 1432 24 is_stmt 0 view .LVU767
 3281 0022 074B     		ldr	r3, .L169+12
 3282 0024 1C70     		strb	r4, [r3]
1433:Core/Src/main.c ****         //LoRa_RX_Counter++;
 3283              		.loc 1 1433 9 is_stmt 1 view .LVU768
1433:Core/Src/main.c ****         //LoRa_RX_Counter++;
 3284              		.loc 1 1433 22 is_stmt 0 view .LVU769
 3285 0026 074B     		ldr	r3, .L169+16
 3286 0028 0122     		movs	r2, #1
 3287 002a 1A70     		strb	r2, [r3]
 3288              	.LVL291:
 3289              	.L165:
1436:Core/Src/main.c **** }
 3290              		.loc 1 1436 5 is_stmt 1 view .LVU770
 3291 002c 0148     		ldr	r0, .L169
 3292 002e FFF7FEFF 		bl	SX1278_clearLoRaIrq
 3293              	.LVL292:
1437:Core/Src/main.c **** 
 3294              		.loc 1 1437 1 is_stmt 0 view .LVU771
 3295 0032 38BD     		pop	{r3, r4, r5, pc}
 3296              	.L170:
 3297              		.align	2
 3298              	.L169:
 3299 0034 00000000 		.word	SX1278
 3300 0038 00000000 		.word	LoRa_RX_Buffer
 3301 003c 17000000 		.word	SX1278+23
 3302 0040 00000000 		.word	LoRa_RX_Length
 3303 0044 00000000 		.word	LoRa_RX_Flag
 3304              		.cfi_endproc
 3305              	.LFE244:
 3307              		.section	.text.HAL_GPIO_EXTI_Callback,"ax",%progbits
 3308              		.align	1
 3309              		.global	HAL_GPIO_EXTI_Callback
 3310              		.syntax unified
 3311              		.thumb
 3312              		.thumb_func
 3314              	HAL_GPIO_EXTI_Callback:
 3315              	.LVL293:
 3316              	.LFB238:
1145:Core/Src/main.c ****   if(GPIO_Pin == Lora_IRQ_Pin) // Check which pin triggered the interrupt
 3317              		.loc 1 1145 1 is_stmt 1 view -0
 3318              		.cfi_startproc
 3319              		@ args = 0, pretend = 0, frame = 0
 3320              		@ frame_needed = 0, uses_anonymous_args = 0
1145:Core/Src/main.c ****   if(GPIO_Pin == Lora_IRQ_Pin) // Check which pin triggered the interrupt
 3321              		.loc 1 1145 1 is_stmt 0 view .LVU773
 3322 0000 38B5     		push	{r3, r4, r5, lr}
 3323              		.cfi_def_cfa_offset 16
 3324              		.cfi_offset 3, -16
 3325              		.cfi_offset 4, -12
 3326              		.cfi_offset 5, -8
 3327              		.cfi_offset 14, -4
 3328 0002 0446     		mov	r4, r0
1146:Core/Src/main.c ****   {
ARM GAS  C:\Users\joabk\AppData\Local\Temp\ccUHSZ0G.s 			page 106


 3329              		.loc 1 1146 3 is_stmt 1 view .LVU774
1146:Core/Src/main.c ****   {
 3330              		.loc 1 1146 5 is_stmt 0 view .LVU775
 3331 0004 B0F5007F 		cmp	r0, #512
 3332 0008 08D0     		beq	.L177
 3333              	.LVL294:
 3334              	.L172:
1154:Core/Src/main.c ****   {
 3335              		.loc 1 1154 3 is_stmt 1 view .LVU776
1154:Core/Src/main.c ****   {
 3336              		.loc 1 1154 5 is_stmt 0 view .LVU777
 3337 000a B4F5804F 		cmp	r4, #16384
 3338 000e 0CD0     		beq	.L178
 3339              	.L173:
1167:Core/Src/main.c ****   {
 3340              		.loc 1 1167 3 is_stmt 1 view .LVU778
1167:Core/Src/main.c ****   {
 3341              		.loc 1 1167 5 is_stmt 0 view .LVU779
 3342 0010 B4F5004F 		cmp	r4, #32768
 3343 0014 1FD0     		beq	.L179
 3344              	.L174:
1179:Core/Src/main.c ****   {
 3345              		.loc 1 1179 3 is_stmt 1 view .LVU780
1179:Core/Src/main.c ****   {
 3346              		.loc 1 1179 5 is_stmt 0 view .LVU781
 3347 0016 022C     		cmp	r4, #2
 3348 0018 31D0     		beq	.L180
 3349              	.LVL295:
 3350              	.L171:
1191:Core/Src/main.c **** 
 3351              		.loc 1 1191 1 view .LVU782
 3352 001a 38BD     		pop	{r3, r4, r5, pc}
 3353              	.LVL296:
 3354              	.L177:
1149:Core/Src/main.c ****     {
 3355              		.loc 1 1149 5 is_stmt 1 view .LVU783
1149:Core/Src/main.c ****     {
 3356              		.loc 1 1149 14 is_stmt 0 view .LVU784
 3357 001c 224B     		ldr	r3, .L181
 3358 001e 9B7D     		ldrb	r3, [r3, #22]	@ zero_extendqisi2
1149:Core/Src/main.c ****     {
 3359              		.loc 1 1149 7 view .LVU785
 3360 0020 032B     		cmp	r3, #3
 3361 0022 F2D1     		bne	.L172
1151:Core/Src/main.c ****     } 
 3362              		.loc 1 1151 7 is_stmt 1 view .LVU786
 3363 0024 FFF7FEFF 		bl	LoRa_RX
 3364              	.LVL297:
1151:Core/Src/main.c ****     } 
 3365              		.loc 1 1151 7 is_stmt 0 view .LVU787
 3366 0028 EFE7     		b	.L172
 3367              	.L178:
 3368              	.LBB15:
1156:Core/Src/main.c ****     uint32_t current_time1 = HAL_GetTick(); 
 3369              		.loc 1 1156 5 is_stmt 1 view .LVU788
1157:Core/Src/main.c **** 
 3370              		.loc 1 1157 5 view .LVU789
ARM GAS  C:\Users\joabk\AppData\Local\Temp\ccUHSZ0G.s 			page 107


1157:Core/Src/main.c **** 
 3371              		.loc 1 1157 30 is_stmt 0 view .LVU790
 3372 002a FFF7FEFF 		bl	HAL_GetTick
 3373              	.LVL298:
 3374 002e 0546     		mov	r5, r0
 3375              	.LVL299:
1159:Core/Src/main.c ****     {
 3376              		.loc 1 1159 5 is_stmt 1 view .LVU791
1159:Core/Src/main.c ****     {
 3377              		.loc 1 1159 24 is_stmt 0 view .LVU792
 3378 0030 1E4B     		ldr	r3, .L181+4
 3379 0032 1B68     		ldr	r3, [r3]
 3380 0034 C31A     		subs	r3, r0, r3
1159:Core/Src/main.c ****     {
 3381              		.loc 1 1159 8 view .LVU793
 3382 0036 B3F5FA7F 		cmp	r3, #500
 3383 003a E9D9     		bls	.L173
1161:Core/Src/main.c ****       last_press_time1 = current_time1;
 3384              		.loc 1 1161 7 is_stmt 1 view .LVU794
 3385 003c 4FF40051 		mov	r1, #8192
 3386 0040 1B48     		ldr	r0, .L181+8
 3387              	.LVL300:
1161:Core/Src/main.c ****       last_press_time1 = current_time1;
 3388              		.loc 1 1161 7 is_stmt 0 view .LVU795
 3389 0042 FFF7FEFF 		bl	HAL_GPIO_TogglePin
 3390              	.LVL301:
1162:Core/Src/main.c ****       PB1_Flag = 1;
 3391              		.loc 1 1162 7 is_stmt 1 view .LVU796
1162:Core/Src/main.c ****       PB1_Flag = 1;
 3392              		.loc 1 1162 24 is_stmt 0 view .LVU797
 3393 0046 194B     		ldr	r3, .L181+4
 3394 0048 1D60     		str	r5, [r3]
1163:Core/Src/main.c ****       Calibrate_Flag = 1;
 3395              		.loc 1 1163 7 is_stmt 1 view .LVU798
1163:Core/Src/main.c ****       Calibrate_Flag = 1;
 3396              		.loc 1 1163 16 is_stmt 0 view .LVU799
 3397 004a 0123     		movs	r3, #1
 3398 004c 194A     		ldr	r2, .L181+12
 3399 004e 1370     		strb	r3, [r2]
1164:Core/Src/main.c ****     }
 3400              		.loc 1 1164 7 is_stmt 1 view .LVU800
1164:Core/Src/main.c ****     }
 3401              		.loc 1 1164 22 is_stmt 0 view .LVU801
 3402 0050 194A     		ldr	r2, .L181+16
 3403 0052 1370     		strb	r3, [r2]
 3404 0054 DCE7     		b	.L173
 3405              	.LVL302:
 3406              	.L179:
1164:Core/Src/main.c ****     }
 3407              		.loc 1 1164 22 view .LVU802
 3408              	.LBE15:
 3409              	.LBB16:
1169:Core/Src/main.c ****     uint32_t current_time2 = HAL_GetTick(); 
 3410              		.loc 1 1169 5 is_stmt 1 view .LVU803
1170:Core/Src/main.c **** 
 3411              		.loc 1 1170 5 view .LVU804
1170:Core/Src/main.c **** 
ARM GAS  C:\Users\joabk\AppData\Local\Temp\ccUHSZ0G.s 			page 108


 3412              		.loc 1 1170 30 is_stmt 0 view .LVU805
 3413 0056 FFF7FEFF 		bl	HAL_GetTick
 3414              	.LVL303:
 3415 005a 0546     		mov	r5, r0
 3416              	.LVL304:
1172:Core/Src/main.c ****     {
 3417              		.loc 1 1172 5 is_stmt 1 view .LVU806
1172:Core/Src/main.c ****     {
 3418              		.loc 1 1172 24 is_stmt 0 view .LVU807
 3419 005c 174B     		ldr	r3, .L181+20
 3420 005e 1B68     		ldr	r3, [r3]
 3421 0060 C31A     		subs	r3, r0, r3
1172:Core/Src/main.c ****     {
 3422              		.loc 1 1172 8 view .LVU808
 3423 0062 B3F5FA7F 		cmp	r3, #500
 3424 0066 D6D9     		bls	.L174
1174:Core/Src/main.c ****       last_press_time2 = current_time2;
 3425              		.loc 1 1174 7 is_stmt 1 view .LVU809
 3426 0068 4FF40051 		mov	r1, #8192
 3427 006c 1048     		ldr	r0, .L181+8
 3428              	.LVL305:
1174:Core/Src/main.c ****       last_press_time2 = current_time2;
 3429              		.loc 1 1174 7 is_stmt 0 view .LVU810
 3430 006e FFF7FEFF 		bl	HAL_GPIO_TogglePin
 3431              	.LVL306:
1175:Core/Src/main.c ****       PB2_Flag = 1;
 3432              		.loc 1 1175 7 is_stmt 1 view .LVU811
1175:Core/Src/main.c ****       PB2_Flag = 1;
 3433              		.loc 1 1175 24 is_stmt 0 view .LVU812
 3434 0072 124B     		ldr	r3, .L181+20
 3435 0074 1D60     		str	r5, [r3]
1176:Core/Src/main.c ****     }
 3436              		.loc 1 1176 7 is_stmt 1 view .LVU813
1176:Core/Src/main.c ****     }
 3437              		.loc 1 1176 16 is_stmt 0 view .LVU814
 3438 0076 124B     		ldr	r3, .L181+24
 3439 0078 0122     		movs	r2, #1
 3440 007a 1A70     		strb	r2, [r3]
 3441 007c CBE7     		b	.L174
 3442              	.LVL307:
 3443              	.L180:
1176:Core/Src/main.c ****     }
 3444              		.loc 1 1176 16 view .LVU815
 3445              	.LBE16:
 3446              	.LBB17:
1181:Core/Src/main.c ****     uint32_t current_time3 = HAL_GetTick(); 
 3447              		.loc 1 1181 5 is_stmt 1 view .LVU816
1182:Core/Src/main.c **** 
 3448              		.loc 1 1182 5 view .LVU817
1182:Core/Src/main.c **** 
 3449              		.loc 1 1182 30 is_stmt 0 view .LVU818
 3450 007e FFF7FEFF 		bl	HAL_GetTick
 3451              	.LVL308:
 3452 0082 0446     		mov	r4, r0
 3453              	.LVL309:
1184:Core/Src/main.c ****     {
 3454              		.loc 1 1184 5 is_stmt 1 view .LVU819
ARM GAS  C:\Users\joabk\AppData\Local\Temp\ccUHSZ0G.s 			page 109


1184:Core/Src/main.c ****     {
 3455              		.loc 1 1184 24 is_stmt 0 view .LVU820
 3456 0084 0F4B     		ldr	r3, .L181+28
 3457 0086 1B68     		ldr	r3, [r3]
 3458 0088 C31A     		subs	r3, r0, r3
1184:Core/Src/main.c ****     {
 3459              		.loc 1 1184 8 view .LVU821
 3460 008a B3F5FA7F 		cmp	r3, #500
 3461 008e C4D9     		bls	.L171
1186:Core/Src/main.c ****       last_press_time3 = current_time3;
 3462              		.loc 1 1186 7 is_stmt 1 view .LVU822
 3463 0090 4FF40051 		mov	r1, #8192
 3464 0094 0648     		ldr	r0, .L181+8
 3465              	.LVL310:
1186:Core/Src/main.c ****       last_press_time3 = current_time3;
 3466              		.loc 1 1186 7 is_stmt 0 view .LVU823
 3467 0096 FFF7FEFF 		bl	HAL_GPIO_TogglePin
 3468              	.LVL311:
1187:Core/Src/main.c ****       PB3_Flag = 1;
 3469              		.loc 1 1187 7 is_stmt 1 view .LVU824
1187:Core/Src/main.c ****       PB3_Flag = 1;
 3470              		.loc 1 1187 24 is_stmt 0 view .LVU825
 3471 009a 0A4B     		ldr	r3, .L181+28
 3472 009c 1C60     		str	r4, [r3]
1188:Core/Src/main.c ****     }
 3473              		.loc 1 1188 7 is_stmt 1 view .LVU826
1188:Core/Src/main.c ****     }
 3474              		.loc 1 1188 16 is_stmt 0 view .LVU827
 3475 009e 0A4B     		ldr	r3, .L181+32
 3476 00a0 0122     		movs	r2, #1
 3477 00a2 1A70     		strb	r2, [r3]
 3478              	.LBE17:
1191:Core/Src/main.c **** 
 3479              		.loc 1 1191 1 view .LVU828
 3480 00a4 B9E7     		b	.L171
 3481              	.L182:
 3482 00a6 00BF     		.align	2
 3483              	.L181:
 3484 00a8 00000000 		.word	SX1278
 3485 00ac 00000000 		.word	last_press_time1.2
 3486 00b0 00080240 		.word	1073874944
 3487 00b4 00000000 		.word	PB1_Flag
 3488 00b8 00000000 		.word	Calibrate_Flag
 3489 00bc 00000000 		.word	last_press_time2.1
 3490 00c0 00000000 		.word	PB2_Flag
 3491 00c4 00000000 		.word	last_press_time3.0
 3492 00c8 00000000 		.word	PB3_Flag
 3493              		.cfi_endproc
 3494              	.LFE238:
 3496              		.section	.text.Error_Handler,"ax",%progbits
 3497              		.align	1
 3498              		.global	Error_Handler
 3499              		.syntax unified
 3500              		.thumb
 3501              		.thumb_func
 3503              	Error_Handler:
 3504              	.LFB266:
ARM GAS  C:\Users\joabk\AppData\Local\Temp\ccUHSZ0G.s 			page 110


1978:Core/Src/main.c ****   // Holds the current session's filename, set on first write
1979:Core/Src/main.c **** 
1980:Core/Src/main.c **** 
1981:Core/Src/main.c **** // ===============================================================================================
1982:Core/Src/main.c **** // Battery Functions
1983:Core/Src/main.c **** // ===============================================================================================
1984:Core/Src/main.c **** 
1985:Core/Src/main.c **** static uint32_t ADC_ReadRaw_Averaged(void)
1986:Core/Src/main.c **** {
1987:Core/Src/main.c ****     uint32_t accumulator = 0;
1988:Core/Src/main.c ****     for (uint8_t i = 0; i < ADC_NUM_SAMPLES; i++)
1989:Core/Src/main.c ****     {
1990:Core/Src/main.c ****         HAL_ADC_Start(&hadc1);
1991:Core/Src/main.c ****         if (HAL_ADC_PollForConversion(&hadc1, 10) == HAL_OK)
1992:Core/Src/main.c ****             accumulator += HAL_ADC_GetValue(&hadc1);
1993:Core/Src/main.c ****         HAL_ADC_Stop(&hadc1);
1994:Core/Src/main.c ****     }
1995:Core/Src/main.c ****     return accumulator / ADC_NUM_SAMPLES;
1996:Core/Src/main.c **** }
1997:Core/Src/main.c **** 
1998:Core/Src/main.c **** static float ADC_RawToMillivolts(uint32_t raw)
1999:Core/Src/main.c **** {
2000:Core/Src/main.c ****     return ((float)raw / ADC_RESOLUTION) * VREF_MV;
2001:Core/Src/main.c **** }
2002:Core/Src/main.c **** 
2003:Core/Src/main.c **** static float ADC_CalculateSoCPercent(float voltage_mv)
2004:Core/Src/main.c **** {
2005:Core/Src/main.c ****     if (voltage_mv >= SOC_FULL_MV)  return 100.0f;
2006:Core/Src/main.c ****     if (voltage_mv <= SOC_EMPTY_MV) return   0.0f;
2007:Core/Src/main.c ****     return ((voltage_mv - SOC_EMPTY_MV) /
2008:Core/Src/main.c ****             (SOC_FULL_MV - SOC_EMPTY_MV)) * 100.0f;
2009:Core/Src/main.c **** }
2010:Core/Src/main.c **** 
2011:Core/Src/main.c **** 
2012:Core/Src/main.c **** /* USER CODE END 4 */
2013:Core/Src/main.c **** 
2014:Core/Src/main.c **** /**
2015:Core/Src/main.c ****   * @brief  This function is executed in case of error occurrence.
2016:Core/Src/main.c ****   * @retval None
2017:Core/Src/main.c ****   */
2018:Core/Src/main.c **** void Error_Handler(void)
2019:Core/Src/main.c **** {
 3505              		.loc 1 2019 1 is_stmt 1 view -0
 3506              		.cfi_startproc
 3507              		@ Volatile: function does not return.
 3508              		@ args = 0, pretend = 0, frame = 0
 3509              		@ frame_needed = 0, uses_anonymous_args = 0
 3510              		@ link register save eliminated.
2020:Core/Src/main.c ****   /* USER CODE BEGIN Error_Handler_Debug */
2021:Core/Src/main.c ****   /* User can add his own implementation to report the HAL error return state */
2022:Core/Src/main.c ****   __disable_irq();
 3511              		.loc 1 2022 3 view .LVU830
 3512              	.LBB18:
 3513              	.LBI18:
 3514              		.file 2 "Drivers/CMSIS/Include/cmsis_gcc.h"
   1:Drivers/CMSIS/Include/cmsis_gcc.h **** /**************************************************************************//**
   2:Drivers/CMSIS/Include/cmsis_gcc.h ****  * @file     cmsis_gcc.h
ARM GAS  C:\Users\joabk\AppData\Local\Temp\ccUHSZ0G.s 			page 111


   3:Drivers/CMSIS/Include/cmsis_gcc.h ****  * @brief    CMSIS compiler GCC header file
   4:Drivers/CMSIS/Include/cmsis_gcc.h ****  * @version  V5.4.1
   5:Drivers/CMSIS/Include/cmsis_gcc.h ****  * @date     27. May 2021
   6:Drivers/CMSIS/Include/cmsis_gcc.h ****  ******************************************************************************/
   7:Drivers/CMSIS/Include/cmsis_gcc.h **** /*
   8:Drivers/CMSIS/Include/cmsis_gcc.h ****  * Copyright (c) 2009-2021 Arm Limited. All rights reserved.
   9:Drivers/CMSIS/Include/cmsis_gcc.h ****  *
  10:Drivers/CMSIS/Include/cmsis_gcc.h ****  * SPDX-License-Identifier: Apache-2.0
  11:Drivers/CMSIS/Include/cmsis_gcc.h ****  *
  12:Drivers/CMSIS/Include/cmsis_gcc.h ****  * Licensed under the Apache License, Version 2.0 (the License); you may
  13:Drivers/CMSIS/Include/cmsis_gcc.h ****  * not use this file except in compliance with the License.
  14:Drivers/CMSIS/Include/cmsis_gcc.h ****  * You may obtain a copy of the License at
  15:Drivers/CMSIS/Include/cmsis_gcc.h ****  *
  16:Drivers/CMSIS/Include/cmsis_gcc.h ****  * www.apache.org/licenses/LICENSE-2.0
  17:Drivers/CMSIS/Include/cmsis_gcc.h ****  *
  18:Drivers/CMSIS/Include/cmsis_gcc.h ****  * Unless required by applicable law or agreed to in writing, software
  19:Drivers/CMSIS/Include/cmsis_gcc.h ****  * distributed under the License is distributed on an AS IS BASIS, WITHOUT
  20:Drivers/CMSIS/Include/cmsis_gcc.h ****  * WARRANTIES OR CONDITIONS OF ANY KIND, either express or implied.
  21:Drivers/CMSIS/Include/cmsis_gcc.h ****  * See the License for the specific language governing permissions and
  22:Drivers/CMSIS/Include/cmsis_gcc.h ****  * limitations under the License.
  23:Drivers/CMSIS/Include/cmsis_gcc.h ****  */
  24:Drivers/CMSIS/Include/cmsis_gcc.h **** 
  25:Drivers/CMSIS/Include/cmsis_gcc.h **** #ifndef __CMSIS_GCC_H
  26:Drivers/CMSIS/Include/cmsis_gcc.h **** #define __CMSIS_GCC_H
  27:Drivers/CMSIS/Include/cmsis_gcc.h **** 
  28:Drivers/CMSIS/Include/cmsis_gcc.h **** /* ignore some GCC warnings */
  29:Drivers/CMSIS/Include/cmsis_gcc.h **** #pragma GCC diagnostic push
  30:Drivers/CMSIS/Include/cmsis_gcc.h **** #pragma GCC diagnostic ignored "-Wsign-conversion"
  31:Drivers/CMSIS/Include/cmsis_gcc.h **** #pragma GCC diagnostic ignored "-Wconversion"
  32:Drivers/CMSIS/Include/cmsis_gcc.h **** #pragma GCC diagnostic ignored "-Wunused-parameter"
  33:Drivers/CMSIS/Include/cmsis_gcc.h **** 
  34:Drivers/CMSIS/Include/cmsis_gcc.h **** /* Fallback for __has_builtin */
  35:Drivers/CMSIS/Include/cmsis_gcc.h **** #ifndef __has_builtin
  36:Drivers/CMSIS/Include/cmsis_gcc.h ****   #define __has_builtin(x) (0)
  37:Drivers/CMSIS/Include/cmsis_gcc.h **** #endif
  38:Drivers/CMSIS/Include/cmsis_gcc.h **** 
  39:Drivers/CMSIS/Include/cmsis_gcc.h **** /* CMSIS compiler specific defines */
  40:Drivers/CMSIS/Include/cmsis_gcc.h **** #ifndef   __ASM
  41:Drivers/CMSIS/Include/cmsis_gcc.h ****   #define __ASM                                  __asm
  42:Drivers/CMSIS/Include/cmsis_gcc.h **** #endif
  43:Drivers/CMSIS/Include/cmsis_gcc.h **** #ifndef   __INLINE
  44:Drivers/CMSIS/Include/cmsis_gcc.h ****   #define __INLINE                               inline
  45:Drivers/CMSIS/Include/cmsis_gcc.h **** #endif
  46:Drivers/CMSIS/Include/cmsis_gcc.h **** #ifndef   __STATIC_INLINE
  47:Drivers/CMSIS/Include/cmsis_gcc.h ****   #define __STATIC_INLINE                        static inline
  48:Drivers/CMSIS/Include/cmsis_gcc.h **** #endif
  49:Drivers/CMSIS/Include/cmsis_gcc.h **** #ifndef   __STATIC_FORCEINLINE
  50:Drivers/CMSIS/Include/cmsis_gcc.h ****   #define __STATIC_FORCEINLINE                   __attribute__((always_inline)) static inline
  51:Drivers/CMSIS/Include/cmsis_gcc.h **** #endif
  52:Drivers/CMSIS/Include/cmsis_gcc.h **** #ifndef   __NO_RETURN
  53:Drivers/CMSIS/Include/cmsis_gcc.h ****   #define __NO_RETURN                            __attribute__((__noreturn__))
  54:Drivers/CMSIS/Include/cmsis_gcc.h **** #endif
  55:Drivers/CMSIS/Include/cmsis_gcc.h **** #ifndef   __USED
  56:Drivers/CMSIS/Include/cmsis_gcc.h ****   #define __USED                                 __attribute__((used))
  57:Drivers/CMSIS/Include/cmsis_gcc.h **** #endif
  58:Drivers/CMSIS/Include/cmsis_gcc.h **** #ifndef   __WEAK
  59:Drivers/CMSIS/Include/cmsis_gcc.h ****   #define __WEAK                                 __attribute__((weak))
ARM GAS  C:\Users\joabk\AppData\Local\Temp\ccUHSZ0G.s 			page 112


  60:Drivers/CMSIS/Include/cmsis_gcc.h **** #endif
  61:Drivers/CMSIS/Include/cmsis_gcc.h **** #ifndef   __PACKED
  62:Drivers/CMSIS/Include/cmsis_gcc.h ****   #define __PACKED                               __attribute__((packed, aligned(1)))
  63:Drivers/CMSIS/Include/cmsis_gcc.h **** #endif
  64:Drivers/CMSIS/Include/cmsis_gcc.h **** #ifndef   __PACKED_STRUCT
  65:Drivers/CMSIS/Include/cmsis_gcc.h ****   #define __PACKED_STRUCT                        struct __attribute__((packed, aligned(1)))
  66:Drivers/CMSIS/Include/cmsis_gcc.h **** #endif
  67:Drivers/CMSIS/Include/cmsis_gcc.h **** #ifndef   __PACKED_UNION
  68:Drivers/CMSIS/Include/cmsis_gcc.h ****   #define __PACKED_UNION                         union __attribute__((packed, aligned(1)))
  69:Drivers/CMSIS/Include/cmsis_gcc.h **** #endif
  70:Drivers/CMSIS/Include/cmsis_gcc.h **** #ifndef   __UNALIGNED_UINT32        /* deprecated */
  71:Drivers/CMSIS/Include/cmsis_gcc.h ****   #pragma GCC diagnostic push
  72:Drivers/CMSIS/Include/cmsis_gcc.h ****   #pragma GCC diagnostic ignored "-Wpacked"
  73:Drivers/CMSIS/Include/cmsis_gcc.h ****   #pragma GCC diagnostic ignored "-Wattributes"
  74:Drivers/CMSIS/Include/cmsis_gcc.h ****   struct __attribute__((packed)) T_UINT32 { uint32_t v; };
  75:Drivers/CMSIS/Include/cmsis_gcc.h ****   #pragma GCC diagnostic pop
  76:Drivers/CMSIS/Include/cmsis_gcc.h ****   #define __UNALIGNED_UINT32(x)                  (((struct T_UINT32 *)(x))->v)
  77:Drivers/CMSIS/Include/cmsis_gcc.h **** #endif
  78:Drivers/CMSIS/Include/cmsis_gcc.h **** #ifndef   __UNALIGNED_UINT16_WRITE
  79:Drivers/CMSIS/Include/cmsis_gcc.h ****   #pragma GCC diagnostic push
  80:Drivers/CMSIS/Include/cmsis_gcc.h ****   #pragma GCC diagnostic ignored "-Wpacked"
  81:Drivers/CMSIS/Include/cmsis_gcc.h ****   #pragma GCC diagnostic ignored "-Wattributes"
  82:Drivers/CMSIS/Include/cmsis_gcc.h ****   __PACKED_STRUCT T_UINT16_WRITE { uint16_t v; };
  83:Drivers/CMSIS/Include/cmsis_gcc.h ****   #pragma GCC diagnostic pop
  84:Drivers/CMSIS/Include/cmsis_gcc.h ****   #define __UNALIGNED_UINT16_WRITE(addr, val)    (void)((((struct T_UINT16_WRITE *)(void *)(addr))-
  85:Drivers/CMSIS/Include/cmsis_gcc.h **** #endif
  86:Drivers/CMSIS/Include/cmsis_gcc.h **** #ifndef   __UNALIGNED_UINT16_READ
  87:Drivers/CMSIS/Include/cmsis_gcc.h ****   #pragma GCC diagnostic push
  88:Drivers/CMSIS/Include/cmsis_gcc.h ****   #pragma GCC diagnostic ignored "-Wpacked"
  89:Drivers/CMSIS/Include/cmsis_gcc.h ****   #pragma GCC diagnostic ignored "-Wattributes"
  90:Drivers/CMSIS/Include/cmsis_gcc.h ****   __PACKED_STRUCT T_UINT16_READ { uint16_t v; };
  91:Drivers/CMSIS/Include/cmsis_gcc.h ****   #pragma GCC diagnostic pop
  92:Drivers/CMSIS/Include/cmsis_gcc.h ****   #define __UNALIGNED_UINT16_READ(addr)          (((const struct T_UINT16_READ *)(const void *)(add
  93:Drivers/CMSIS/Include/cmsis_gcc.h **** #endif
  94:Drivers/CMSIS/Include/cmsis_gcc.h **** #ifndef   __UNALIGNED_UINT32_WRITE
  95:Drivers/CMSIS/Include/cmsis_gcc.h ****   #pragma GCC diagnostic push
  96:Drivers/CMSIS/Include/cmsis_gcc.h ****   #pragma GCC diagnostic ignored "-Wpacked"
  97:Drivers/CMSIS/Include/cmsis_gcc.h ****   #pragma GCC diagnostic ignored "-Wattributes"
  98:Drivers/CMSIS/Include/cmsis_gcc.h ****   __PACKED_STRUCT T_UINT32_WRITE { uint32_t v; };
  99:Drivers/CMSIS/Include/cmsis_gcc.h ****   #pragma GCC diagnostic pop
 100:Drivers/CMSIS/Include/cmsis_gcc.h ****   #define __UNALIGNED_UINT32_WRITE(addr, val)    (void)((((struct T_UINT32_WRITE *)(void *)(addr))-
 101:Drivers/CMSIS/Include/cmsis_gcc.h **** #endif
 102:Drivers/CMSIS/Include/cmsis_gcc.h **** #ifndef   __UNALIGNED_UINT32_READ
 103:Drivers/CMSIS/Include/cmsis_gcc.h ****   #pragma GCC diagnostic push
 104:Drivers/CMSIS/Include/cmsis_gcc.h ****   #pragma GCC diagnostic ignored "-Wpacked"
 105:Drivers/CMSIS/Include/cmsis_gcc.h ****   #pragma GCC diagnostic ignored "-Wattributes"
 106:Drivers/CMSIS/Include/cmsis_gcc.h ****   __PACKED_STRUCT T_UINT32_READ { uint32_t v; };
 107:Drivers/CMSIS/Include/cmsis_gcc.h ****   #pragma GCC diagnostic pop
 108:Drivers/CMSIS/Include/cmsis_gcc.h ****   #define __UNALIGNED_UINT32_READ(addr)          (((const struct T_UINT32_READ *)(const void *)(add
 109:Drivers/CMSIS/Include/cmsis_gcc.h **** #endif
 110:Drivers/CMSIS/Include/cmsis_gcc.h **** #ifndef   __ALIGNED
 111:Drivers/CMSIS/Include/cmsis_gcc.h ****   #define __ALIGNED(x)                           __attribute__((aligned(x)))
 112:Drivers/CMSIS/Include/cmsis_gcc.h **** #endif
 113:Drivers/CMSIS/Include/cmsis_gcc.h **** #ifndef   __RESTRICT
 114:Drivers/CMSIS/Include/cmsis_gcc.h ****   #define __RESTRICT                             __restrict
 115:Drivers/CMSIS/Include/cmsis_gcc.h **** #endif
 116:Drivers/CMSIS/Include/cmsis_gcc.h **** #ifndef   __COMPILER_BARRIER
ARM GAS  C:\Users\joabk\AppData\Local\Temp\ccUHSZ0G.s 			page 113


 117:Drivers/CMSIS/Include/cmsis_gcc.h ****   #define __COMPILER_BARRIER()                   __ASM volatile("":::"memory")
 118:Drivers/CMSIS/Include/cmsis_gcc.h **** #endif
 119:Drivers/CMSIS/Include/cmsis_gcc.h **** 
 120:Drivers/CMSIS/Include/cmsis_gcc.h **** /* #########################  Startup and Lowlevel Init  ######################## */
 121:Drivers/CMSIS/Include/cmsis_gcc.h **** 
 122:Drivers/CMSIS/Include/cmsis_gcc.h **** #ifndef __PROGRAM_START
 123:Drivers/CMSIS/Include/cmsis_gcc.h **** 
 124:Drivers/CMSIS/Include/cmsis_gcc.h **** /**
 125:Drivers/CMSIS/Include/cmsis_gcc.h ****   \brief   Initializes data and bss sections
 126:Drivers/CMSIS/Include/cmsis_gcc.h ****   \details This default implementations initialized all data and additional bss
 127:Drivers/CMSIS/Include/cmsis_gcc.h ****            sections relying on .copy.table and .zero.table specified properly
 128:Drivers/CMSIS/Include/cmsis_gcc.h ****            in the used linker script.
 129:Drivers/CMSIS/Include/cmsis_gcc.h **** 
 130:Drivers/CMSIS/Include/cmsis_gcc.h ****  */
 131:Drivers/CMSIS/Include/cmsis_gcc.h **** __STATIC_FORCEINLINE __NO_RETURN void __cmsis_start(void)
 132:Drivers/CMSIS/Include/cmsis_gcc.h **** {
 133:Drivers/CMSIS/Include/cmsis_gcc.h ****   extern void _start(void) __NO_RETURN;
 134:Drivers/CMSIS/Include/cmsis_gcc.h **** 
 135:Drivers/CMSIS/Include/cmsis_gcc.h ****   typedef struct {
 136:Drivers/CMSIS/Include/cmsis_gcc.h ****     uint32_t const* src;
 137:Drivers/CMSIS/Include/cmsis_gcc.h ****     uint32_t* dest;
 138:Drivers/CMSIS/Include/cmsis_gcc.h ****     uint32_t  wlen;
 139:Drivers/CMSIS/Include/cmsis_gcc.h ****   } __copy_table_t;
 140:Drivers/CMSIS/Include/cmsis_gcc.h **** 
 141:Drivers/CMSIS/Include/cmsis_gcc.h ****   typedef struct {
 142:Drivers/CMSIS/Include/cmsis_gcc.h ****     uint32_t* dest;
 143:Drivers/CMSIS/Include/cmsis_gcc.h ****     uint32_t  wlen;
 144:Drivers/CMSIS/Include/cmsis_gcc.h ****   } __zero_table_t;
 145:Drivers/CMSIS/Include/cmsis_gcc.h **** 
 146:Drivers/CMSIS/Include/cmsis_gcc.h ****   extern const __copy_table_t __copy_table_start__;
 147:Drivers/CMSIS/Include/cmsis_gcc.h ****   extern const __copy_table_t __copy_table_end__;
 148:Drivers/CMSIS/Include/cmsis_gcc.h ****   extern const __zero_table_t __zero_table_start__;
 149:Drivers/CMSIS/Include/cmsis_gcc.h ****   extern const __zero_table_t __zero_table_end__;
 150:Drivers/CMSIS/Include/cmsis_gcc.h **** 
 151:Drivers/CMSIS/Include/cmsis_gcc.h ****   for (__copy_table_t const* pTable = &__copy_table_start__; pTable < &__copy_table_end__; ++pTable
 152:Drivers/CMSIS/Include/cmsis_gcc.h ****     for(uint32_t i=0u; i<pTable->wlen; ++i) {
 153:Drivers/CMSIS/Include/cmsis_gcc.h ****       pTable->dest[i] = pTable->src[i];
 154:Drivers/CMSIS/Include/cmsis_gcc.h ****     }
 155:Drivers/CMSIS/Include/cmsis_gcc.h ****   }
 156:Drivers/CMSIS/Include/cmsis_gcc.h **** 
 157:Drivers/CMSIS/Include/cmsis_gcc.h ****   for (__zero_table_t const* pTable = &__zero_table_start__; pTable < &__zero_table_end__; ++pTable
 158:Drivers/CMSIS/Include/cmsis_gcc.h ****     for(uint32_t i=0u; i<pTable->wlen; ++i) {
 159:Drivers/CMSIS/Include/cmsis_gcc.h ****       pTable->dest[i] = 0u;
 160:Drivers/CMSIS/Include/cmsis_gcc.h ****     }
 161:Drivers/CMSIS/Include/cmsis_gcc.h ****   }
 162:Drivers/CMSIS/Include/cmsis_gcc.h **** 
 163:Drivers/CMSIS/Include/cmsis_gcc.h ****   _start();
 164:Drivers/CMSIS/Include/cmsis_gcc.h **** }
 165:Drivers/CMSIS/Include/cmsis_gcc.h **** 
 166:Drivers/CMSIS/Include/cmsis_gcc.h **** #define __PROGRAM_START           __cmsis_start
 167:Drivers/CMSIS/Include/cmsis_gcc.h **** #endif
 168:Drivers/CMSIS/Include/cmsis_gcc.h **** 
 169:Drivers/CMSIS/Include/cmsis_gcc.h **** #ifndef __INITIAL_SP
 170:Drivers/CMSIS/Include/cmsis_gcc.h **** #define __INITIAL_SP              __StackTop
 171:Drivers/CMSIS/Include/cmsis_gcc.h **** #endif
 172:Drivers/CMSIS/Include/cmsis_gcc.h **** 
 173:Drivers/CMSIS/Include/cmsis_gcc.h **** #ifndef __STACK_LIMIT
ARM GAS  C:\Users\joabk\AppData\Local\Temp\ccUHSZ0G.s 			page 114


 174:Drivers/CMSIS/Include/cmsis_gcc.h **** #define __STACK_LIMIT             __StackLimit
 175:Drivers/CMSIS/Include/cmsis_gcc.h **** #endif
 176:Drivers/CMSIS/Include/cmsis_gcc.h **** 
 177:Drivers/CMSIS/Include/cmsis_gcc.h **** #ifndef __VECTOR_TABLE
 178:Drivers/CMSIS/Include/cmsis_gcc.h **** #define __VECTOR_TABLE            __Vectors
 179:Drivers/CMSIS/Include/cmsis_gcc.h **** #endif
 180:Drivers/CMSIS/Include/cmsis_gcc.h **** 
 181:Drivers/CMSIS/Include/cmsis_gcc.h **** #ifndef __VECTOR_TABLE_ATTRIBUTE
 182:Drivers/CMSIS/Include/cmsis_gcc.h **** #define __VECTOR_TABLE_ATTRIBUTE  __attribute__((used, section(".vectors")))
 183:Drivers/CMSIS/Include/cmsis_gcc.h **** #endif
 184:Drivers/CMSIS/Include/cmsis_gcc.h **** 
 185:Drivers/CMSIS/Include/cmsis_gcc.h **** #if defined (__ARM_FEATURE_CMSE) && (__ARM_FEATURE_CMSE == 3U)
 186:Drivers/CMSIS/Include/cmsis_gcc.h **** #ifndef __STACK_SEAL
 187:Drivers/CMSIS/Include/cmsis_gcc.h **** #define __STACK_SEAL              __StackSeal
 188:Drivers/CMSIS/Include/cmsis_gcc.h **** #endif
 189:Drivers/CMSIS/Include/cmsis_gcc.h **** 
 190:Drivers/CMSIS/Include/cmsis_gcc.h **** #ifndef __TZ_STACK_SEAL_SIZE
 191:Drivers/CMSIS/Include/cmsis_gcc.h **** #define __TZ_STACK_SEAL_SIZE      8U
 192:Drivers/CMSIS/Include/cmsis_gcc.h **** #endif
 193:Drivers/CMSIS/Include/cmsis_gcc.h **** 
 194:Drivers/CMSIS/Include/cmsis_gcc.h **** #ifndef __TZ_STACK_SEAL_VALUE
 195:Drivers/CMSIS/Include/cmsis_gcc.h **** #define __TZ_STACK_SEAL_VALUE     0xFEF5EDA5FEF5EDA5ULL
 196:Drivers/CMSIS/Include/cmsis_gcc.h **** #endif
 197:Drivers/CMSIS/Include/cmsis_gcc.h **** 
 198:Drivers/CMSIS/Include/cmsis_gcc.h **** 
 199:Drivers/CMSIS/Include/cmsis_gcc.h **** __STATIC_FORCEINLINE void __TZ_set_STACKSEAL_S (uint32_t* stackTop) {
 200:Drivers/CMSIS/Include/cmsis_gcc.h ****   *((uint64_t *)stackTop) = __TZ_STACK_SEAL_VALUE;
 201:Drivers/CMSIS/Include/cmsis_gcc.h **** }
 202:Drivers/CMSIS/Include/cmsis_gcc.h **** #endif
 203:Drivers/CMSIS/Include/cmsis_gcc.h **** 
 204:Drivers/CMSIS/Include/cmsis_gcc.h **** 
 205:Drivers/CMSIS/Include/cmsis_gcc.h **** /* ##########################  Core Instruction Access  ######################### */
 206:Drivers/CMSIS/Include/cmsis_gcc.h **** /** \defgroup CMSIS_Core_InstructionInterface CMSIS Core Instruction Interface
 207:Drivers/CMSIS/Include/cmsis_gcc.h ****   Access to dedicated instructions
 208:Drivers/CMSIS/Include/cmsis_gcc.h ****   @{
 209:Drivers/CMSIS/Include/cmsis_gcc.h **** */
 210:Drivers/CMSIS/Include/cmsis_gcc.h **** 
 211:Drivers/CMSIS/Include/cmsis_gcc.h **** /* Define macros for porting to both thumb1 and thumb2.
 212:Drivers/CMSIS/Include/cmsis_gcc.h ****  * For thumb1, use low register (r0-r7), specified by constraint "l"
 213:Drivers/CMSIS/Include/cmsis_gcc.h ****  * Otherwise, use general registers, specified by constraint "r" */
 214:Drivers/CMSIS/Include/cmsis_gcc.h **** #if defined (__thumb__) && !defined (__thumb2__)
 215:Drivers/CMSIS/Include/cmsis_gcc.h **** #define __CMSIS_GCC_OUT_REG(r) "=l" (r)
 216:Drivers/CMSIS/Include/cmsis_gcc.h **** #define __CMSIS_GCC_RW_REG(r) "+l" (r)
 217:Drivers/CMSIS/Include/cmsis_gcc.h **** #define __CMSIS_GCC_USE_REG(r) "l" (r)
 218:Drivers/CMSIS/Include/cmsis_gcc.h **** #else
 219:Drivers/CMSIS/Include/cmsis_gcc.h **** #define __CMSIS_GCC_OUT_REG(r) "=r" (r)
 220:Drivers/CMSIS/Include/cmsis_gcc.h **** #define __CMSIS_GCC_RW_REG(r) "+r" (r)
 221:Drivers/CMSIS/Include/cmsis_gcc.h **** #define __CMSIS_GCC_USE_REG(r) "r" (r)
 222:Drivers/CMSIS/Include/cmsis_gcc.h **** #endif
 223:Drivers/CMSIS/Include/cmsis_gcc.h **** 
 224:Drivers/CMSIS/Include/cmsis_gcc.h **** /**
 225:Drivers/CMSIS/Include/cmsis_gcc.h ****   \brief   No Operation
 226:Drivers/CMSIS/Include/cmsis_gcc.h ****   \details No Operation does nothing. This instruction can be used for code alignment purposes.
 227:Drivers/CMSIS/Include/cmsis_gcc.h ****  */
 228:Drivers/CMSIS/Include/cmsis_gcc.h **** #define __NOP()                             __ASM volatile ("nop")
 229:Drivers/CMSIS/Include/cmsis_gcc.h **** 
 230:Drivers/CMSIS/Include/cmsis_gcc.h **** /**
ARM GAS  C:\Users\joabk\AppData\Local\Temp\ccUHSZ0G.s 			page 115


 231:Drivers/CMSIS/Include/cmsis_gcc.h ****   \brief   Wait For Interrupt
 232:Drivers/CMSIS/Include/cmsis_gcc.h ****   \details Wait For Interrupt is a hint instruction that suspends execution until one of a number o
 233:Drivers/CMSIS/Include/cmsis_gcc.h ****  */
 234:Drivers/CMSIS/Include/cmsis_gcc.h **** #define __WFI()                             __ASM volatile ("wfi":::"memory")
 235:Drivers/CMSIS/Include/cmsis_gcc.h **** 
 236:Drivers/CMSIS/Include/cmsis_gcc.h **** 
 237:Drivers/CMSIS/Include/cmsis_gcc.h **** /**
 238:Drivers/CMSIS/Include/cmsis_gcc.h ****   \brief   Wait For Event
 239:Drivers/CMSIS/Include/cmsis_gcc.h ****   \details Wait For Event is a hint instruction that permits the processor to enter
 240:Drivers/CMSIS/Include/cmsis_gcc.h ****            a low-power state until one of a number of events occurs.
 241:Drivers/CMSIS/Include/cmsis_gcc.h ****  */
 242:Drivers/CMSIS/Include/cmsis_gcc.h **** #define __WFE()                             __ASM volatile ("wfe":::"memory")
 243:Drivers/CMSIS/Include/cmsis_gcc.h **** 
 244:Drivers/CMSIS/Include/cmsis_gcc.h **** 
 245:Drivers/CMSIS/Include/cmsis_gcc.h **** /**
 246:Drivers/CMSIS/Include/cmsis_gcc.h ****   \brief   Send Event
 247:Drivers/CMSIS/Include/cmsis_gcc.h ****   \details Send Event is a hint instruction. It causes an event to be signaled to the CPU.
 248:Drivers/CMSIS/Include/cmsis_gcc.h ****  */
 249:Drivers/CMSIS/Include/cmsis_gcc.h **** #define __SEV()                             __ASM volatile ("sev")
 250:Drivers/CMSIS/Include/cmsis_gcc.h **** 
 251:Drivers/CMSIS/Include/cmsis_gcc.h **** 
 252:Drivers/CMSIS/Include/cmsis_gcc.h **** /**
 253:Drivers/CMSIS/Include/cmsis_gcc.h ****   \brief   Instruction Synchronization Barrier
 254:Drivers/CMSIS/Include/cmsis_gcc.h ****   \details Instruction Synchronization Barrier flushes the pipeline in the processor,
 255:Drivers/CMSIS/Include/cmsis_gcc.h ****            so that all instructions following the ISB are fetched from cache or memory,
 256:Drivers/CMSIS/Include/cmsis_gcc.h ****            after the instruction has been completed.
 257:Drivers/CMSIS/Include/cmsis_gcc.h ****  */
 258:Drivers/CMSIS/Include/cmsis_gcc.h **** __STATIC_FORCEINLINE void __ISB(void)
 259:Drivers/CMSIS/Include/cmsis_gcc.h **** {
 260:Drivers/CMSIS/Include/cmsis_gcc.h ****   __ASM volatile ("isb 0xF":::"memory");
 261:Drivers/CMSIS/Include/cmsis_gcc.h **** }
 262:Drivers/CMSIS/Include/cmsis_gcc.h **** 
 263:Drivers/CMSIS/Include/cmsis_gcc.h **** 
 264:Drivers/CMSIS/Include/cmsis_gcc.h **** /**
 265:Drivers/CMSIS/Include/cmsis_gcc.h ****   \brief   Data Synchronization Barrier
 266:Drivers/CMSIS/Include/cmsis_gcc.h ****   \details Acts as a special kind of Data Memory Barrier.
 267:Drivers/CMSIS/Include/cmsis_gcc.h ****            It completes when all explicit memory accesses before this instruction complete.
 268:Drivers/CMSIS/Include/cmsis_gcc.h ****  */
 269:Drivers/CMSIS/Include/cmsis_gcc.h **** __STATIC_FORCEINLINE void __DSB(void)
 270:Drivers/CMSIS/Include/cmsis_gcc.h **** {
 271:Drivers/CMSIS/Include/cmsis_gcc.h ****   __ASM volatile ("dsb 0xF":::"memory");
 272:Drivers/CMSIS/Include/cmsis_gcc.h **** }
 273:Drivers/CMSIS/Include/cmsis_gcc.h **** 
 274:Drivers/CMSIS/Include/cmsis_gcc.h **** 
 275:Drivers/CMSIS/Include/cmsis_gcc.h **** /**
 276:Drivers/CMSIS/Include/cmsis_gcc.h ****   \brief   Data Memory Barrier
 277:Drivers/CMSIS/Include/cmsis_gcc.h ****   \details Ensures the apparent order of the explicit memory operations before
 278:Drivers/CMSIS/Include/cmsis_gcc.h ****            and after the instruction, without ensuring their completion.
 279:Drivers/CMSIS/Include/cmsis_gcc.h ****  */
 280:Drivers/CMSIS/Include/cmsis_gcc.h **** __STATIC_FORCEINLINE void __DMB(void)
 281:Drivers/CMSIS/Include/cmsis_gcc.h **** {
 282:Drivers/CMSIS/Include/cmsis_gcc.h ****   __ASM volatile ("dmb 0xF":::"memory");
 283:Drivers/CMSIS/Include/cmsis_gcc.h **** }
 284:Drivers/CMSIS/Include/cmsis_gcc.h **** 
 285:Drivers/CMSIS/Include/cmsis_gcc.h **** 
 286:Drivers/CMSIS/Include/cmsis_gcc.h **** /**
 287:Drivers/CMSIS/Include/cmsis_gcc.h ****   \brief   Reverse byte order (32 bit)
ARM GAS  C:\Users\joabk\AppData\Local\Temp\ccUHSZ0G.s 			page 116


 288:Drivers/CMSIS/Include/cmsis_gcc.h ****   \details Reverses the byte order in unsigned integer value. For example, 0x12345678 becomes 0x785
 289:Drivers/CMSIS/Include/cmsis_gcc.h ****   \param [in]    value  Value to reverse
 290:Drivers/CMSIS/Include/cmsis_gcc.h ****   \return               Reversed value
 291:Drivers/CMSIS/Include/cmsis_gcc.h ****  */
 292:Drivers/CMSIS/Include/cmsis_gcc.h **** __STATIC_FORCEINLINE uint32_t __REV(uint32_t value)
 293:Drivers/CMSIS/Include/cmsis_gcc.h **** {
 294:Drivers/CMSIS/Include/cmsis_gcc.h **** #if (__GNUC__ > 4) || (__GNUC__ == 4 && __GNUC_MINOR__ >= 5)
 295:Drivers/CMSIS/Include/cmsis_gcc.h ****   return __builtin_bswap32(value);
 296:Drivers/CMSIS/Include/cmsis_gcc.h **** #else
 297:Drivers/CMSIS/Include/cmsis_gcc.h ****   uint32_t result;
 298:Drivers/CMSIS/Include/cmsis_gcc.h **** 
 299:Drivers/CMSIS/Include/cmsis_gcc.h ****   __ASM ("rev %0, %1" : __CMSIS_GCC_OUT_REG (result) : __CMSIS_GCC_USE_REG (value) );
 300:Drivers/CMSIS/Include/cmsis_gcc.h ****   return result;
 301:Drivers/CMSIS/Include/cmsis_gcc.h **** #endif
 302:Drivers/CMSIS/Include/cmsis_gcc.h **** }
 303:Drivers/CMSIS/Include/cmsis_gcc.h **** 
 304:Drivers/CMSIS/Include/cmsis_gcc.h **** 
 305:Drivers/CMSIS/Include/cmsis_gcc.h **** /**
 306:Drivers/CMSIS/Include/cmsis_gcc.h ****   \brief   Reverse byte order (16 bit)
 307:Drivers/CMSIS/Include/cmsis_gcc.h ****   \details Reverses the byte order within each halfword of a word. For example, 0x12345678 becomes 
 308:Drivers/CMSIS/Include/cmsis_gcc.h ****   \param [in]    value  Value to reverse
 309:Drivers/CMSIS/Include/cmsis_gcc.h ****   \return               Reversed value
 310:Drivers/CMSIS/Include/cmsis_gcc.h ****  */
 311:Drivers/CMSIS/Include/cmsis_gcc.h **** __STATIC_FORCEINLINE uint32_t __REV16(uint32_t value)
 312:Drivers/CMSIS/Include/cmsis_gcc.h **** {
 313:Drivers/CMSIS/Include/cmsis_gcc.h ****   uint32_t result;
 314:Drivers/CMSIS/Include/cmsis_gcc.h **** 
 315:Drivers/CMSIS/Include/cmsis_gcc.h ****   __ASM ("rev16 %0, %1" : __CMSIS_GCC_OUT_REG (result) : __CMSIS_GCC_USE_REG (value) );
 316:Drivers/CMSIS/Include/cmsis_gcc.h ****   return result;
 317:Drivers/CMSIS/Include/cmsis_gcc.h **** }
 318:Drivers/CMSIS/Include/cmsis_gcc.h **** 
 319:Drivers/CMSIS/Include/cmsis_gcc.h **** 
 320:Drivers/CMSIS/Include/cmsis_gcc.h **** /**
 321:Drivers/CMSIS/Include/cmsis_gcc.h ****   \brief   Reverse byte order (16 bit)
 322:Drivers/CMSIS/Include/cmsis_gcc.h ****   \details Reverses the byte order in a 16-bit value and returns the signed 16-bit result. For exam
 323:Drivers/CMSIS/Include/cmsis_gcc.h ****   \param [in]    value  Value to reverse
 324:Drivers/CMSIS/Include/cmsis_gcc.h ****   \return               Reversed value
 325:Drivers/CMSIS/Include/cmsis_gcc.h ****  */
 326:Drivers/CMSIS/Include/cmsis_gcc.h **** __STATIC_FORCEINLINE int16_t __REVSH(int16_t value)
 327:Drivers/CMSIS/Include/cmsis_gcc.h **** {
 328:Drivers/CMSIS/Include/cmsis_gcc.h **** #if (__GNUC__ > 4) || (__GNUC__ == 4 && __GNUC_MINOR__ >= 8)
 329:Drivers/CMSIS/Include/cmsis_gcc.h ****   return (int16_t)__builtin_bswap16(value);
 330:Drivers/CMSIS/Include/cmsis_gcc.h **** #else
 331:Drivers/CMSIS/Include/cmsis_gcc.h ****   int16_t result;
 332:Drivers/CMSIS/Include/cmsis_gcc.h **** 
 333:Drivers/CMSIS/Include/cmsis_gcc.h ****   __ASM ("revsh %0, %1" : __CMSIS_GCC_OUT_REG (result) : __CMSIS_GCC_USE_REG (value) );
 334:Drivers/CMSIS/Include/cmsis_gcc.h ****   return result;
 335:Drivers/CMSIS/Include/cmsis_gcc.h **** #endif
 336:Drivers/CMSIS/Include/cmsis_gcc.h **** }
 337:Drivers/CMSIS/Include/cmsis_gcc.h **** 
 338:Drivers/CMSIS/Include/cmsis_gcc.h **** 
 339:Drivers/CMSIS/Include/cmsis_gcc.h **** /**
 340:Drivers/CMSIS/Include/cmsis_gcc.h ****   \brief   Rotate Right in unsigned value (32 bit)
 341:Drivers/CMSIS/Include/cmsis_gcc.h ****   \details Rotate Right (immediate) provides the value of the contents of a register rotated by a v
 342:Drivers/CMSIS/Include/cmsis_gcc.h ****   \param [in]    op1  Value to rotate
 343:Drivers/CMSIS/Include/cmsis_gcc.h ****   \param [in]    op2  Number of Bits to rotate
 344:Drivers/CMSIS/Include/cmsis_gcc.h ****   \return               Rotated value
ARM GAS  C:\Users\joabk\AppData\Local\Temp\ccUHSZ0G.s 			page 117


 345:Drivers/CMSIS/Include/cmsis_gcc.h ****  */
 346:Drivers/CMSIS/Include/cmsis_gcc.h **** __STATIC_FORCEINLINE uint32_t __ROR(uint32_t op1, uint32_t op2)
 347:Drivers/CMSIS/Include/cmsis_gcc.h **** {
 348:Drivers/CMSIS/Include/cmsis_gcc.h ****   op2 %= 32U;
 349:Drivers/CMSIS/Include/cmsis_gcc.h ****   if (op2 == 0U)
 350:Drivers/CMSIS/Include/cmsis_gcc.h ****   {
 351:Drivers/CMSIS/Include/cmsis_gcc.h ****     return op1;
 352:Drivers/CMSIS/Include/cmsis_gcc.h ****   }
 353:Drivers/CMSIS/Include/cmsis_gcc.h ****   return (op1 >> op2) | (op1 << (32U - op2));
 354:Drivers/CMSIS/Include/cmsis_gcc.h **** }
 355:Drivers/CMSIS/Include/cmsis_gcc.h **** 
 356:Drivers/CMSIS/Include/cmsis_gcc.h **** 
 357:Drivers/CMSIS/Include/cmsis_gcc.h **** /**
 358:Drivers/CMSIS/Include/cmsis_gcc.h ****   \brief   Breakpoint
 359:Drivers/CMSIS/Include/cmsis_gcc.h ****   \details Causes the processor to enter Debug state.
 360:Drivers/CMSIS/Include/cmsis_gcc.h ****            Debug tools can use this to investigate system state when the instruction at a particula
 361:Drivers/CMSIS/Include/cmsis_gcc.h ****   \param [in]    value  is ignored by the processor.
 362:Drivers/CMSIS/Include/cmsis_gcc.h ****                  If required, a debugger can use it to store additional information about the break
 363:Drivers/CMSIS/Include/cmsis_gcc.h ****  */
 364:Drivers/CMSIS/Include/cmsis_gcc.h **** #define __BKPT(value)                       __ASM volatile ("bkpt "#value)
 365:Drivers/CMSIS/Include/cmsis_gcc.h **** 
 366:Drivers/CMSIS/Include/cmsis_gcc.h **** 
 367:Drivers/CMSIS/Include/cmsis_gcc.h **** /**
 368:Drivers/CMSIS/Include/cmsis_gcc.h ****   \brief   Reverse bit order of value
 369:Drivers/CMSIS/Include/cmsis_gcc.h ****   \details Reverses the bit order of the given value.
 370:Drivers/CMSIS/Include/cmsis_gcc.h ****   \param [in]    value  Value to reverse
 371:Drivers/CMSIS/Include/cmsis_gcc.h ****   \return               Reversed value
 372:Drivers/CMSIS/Include/cmsis_gcc.h ****  */
 373:Drivers/CMSIS/Include/cmsis_gcc.h **** __STATIC_FORCEINLINE uint32_t __RBIT(uint32_t value)
 374:Drivers/CMSIS/Include/cmsis_gcc.h **** {
 375:Drivers/CMSIS/Include/cmsis_gcc.h ****   uint32_t result;
 376:Drivers/CMSIS/Include/cmsis_gcc.h **** 
 377:Drivers/CMSIS/Include/cmsis_gcc.h **** #if ((defined (__ARM_ARCH_7M__      ) && (__ARM_ARCH_7M__      == 1)) || \
 378:Drivers/CMSIS/Include/cmsis_gcc.h ****      (defined (__ARM_ARCH_7EM__     ) && (__ARM_ARCH_7EM__     == 1)) || \
 379:Drivers/CMSIS/Include/cmsis_gcc.h ****      (defined (__ARM_ARCH_8M_MAIN__ ) && (__ARM_ARCH_8M_MAIN__ == 1))    )
 380:Drivers/CMSIS/Include/cmsis_gcc.h ****    __ASM ("rbit %0, %1" : "=r" (result) : "r" (value) );
 381:Drivers/CMSIS/Include/cmsis_gcc.h **** #else
 382:Drivers/CMSIS/Include/cmsis_gcc.h ****   uint32_t s = (4U /*sizeof(v)*/ * 8U) - 1U; /* extra shift needed at end */
 383:Drivers/CMSIS/Include/cmsis_gcc.h **** 
 384:Drivers/CMSIS/Include/cmsis_gcc.h ****   result = value;                      /* r will be reversed bits of v; first get LSB of v */
 385:Drivers/CMSIS/Include/cmsis_gcc.h ****   for (value >>= 1U; value != 0U; value >>= 1U)
 386:Drivers/CMSIS/Include/cmsis_gcc.h ****   {
 387:Drivers/CMSIS/Include/cmsis_gcc.h ****     result <<= 1U;
 388:Drivers/CMSIS/Include/cmsis_gcc.h ****     result |= value & 1U;
 389:Drivers/CMSIS/Include/cmsis_gcc.h ****     s--;
 390:Drivers/CMSIS/Include/cmsis_gcc.h ****   }
 391:Drivers/CMSIS/Include/cmsis_gcc.h ****   result <<= s;                        /* shift when v's highest bits are zero */
 392:Drivers/CMSIS/Include/cmsis_gcc.h **** #endif
 393:Drivers/CMSIS/Include/cmsis_gcc.h ****   return result;
 394:Drivers/CMSIS/Include/cmsis_gcc.h **** }
 395:Drivers/CMSIS/Include/cmsis_gcc.h **** 
 396:Drivers/CMSIS/Include/cmsis_gcc.h **** 
 397:Drivers/CMSIS/Include/cmsis_gcc.h **** /**
 398:Drivers/CMSIS/Include/cmsis_gcc.h ****   \brief   Count leading zeros
 399:Drivers/CMSIS/Include/cmsis_gcc.h ****   \details Counts the number of leading zeros of a data value.
 400:Drivers/CMSIS/Include/cmsis_gcc.h ****   \param [in]  value  Value to count the leading zeros
 401:Drivers/CMSIS/Include/cmsis_gcc.h ****   \return             number of leading zeros in value
ARM GAS  C:\Users\joabk\AppData\Local\Temp\ccUHSZ0G.s 			page 118


 402:Drivers/CMSIS/Include/cmsis_gcc.h ****  */
 403:Drivers/CMSIS/Include/cmsis_gcc.h **** __STATIC_FORCEINLINE uint8_t __CLZ(uint32_t value)
 404:Drivers/CMSIS/Include/cmsis_gcc.h **** {
 405:Drivers/CMSIS/Include/cmsis_gcc.h ****   /* Even though __builtin_clz produces a CLZ instruction on ARM, formally
 406:Drivers/CMSIS/Include/cmsis_gcc.h ****      __builtin_clz(0) is undefined behaviour, so handle this case specially.
 407:Drivers/CMSIS/Include/cmsis_gcc.h ****      This guarantees ARM-compatible results if happening to compile on a non-ARM
 408:Drivers/CMSIS/Include/cmsis_gcc.h ****      target, and ensures the compiler doesn't decide to activate any
 409:Drivers/CMSIS/Include/cmsis_gcc.h ****      optimisations using the logic "value was passed to __builtin_clz, so it
 410:Drivers/CMSIS/Include/cmsis_gcc.h ****      is non-zero".
 411:Drivers/CMSIS/Include/cmsis_gcc.h ****      ARM GCC 7.3 and possibly earlier will optimise this test away, leaving a
 412:Drivers/CMSIS/Include/cmsis_gcc.h ****      single CLZ instruction.
 413:Drivers/CMSIS/Include/cmsis_gcc.h ****    */
 414:Drivers/CMSIS/Include/cmsis_gcc.h ****   if (value == 0U)
 415:Drivers/CMSIS/Include/cmsis_gcc.h ****   {
 416:Drivers/CMSIS/Include/cmsis_gcc.h ****     return 32U;
 417:Drivers/CMSIS/Include/cmsis_gcc.h ****   }
 418:Drivers/CMSIS/Include/cmsis_gcc.h ****   return __builtin_clz(value);
 419:Drivers/CMSIS/Include/cmsis_gcc.h **** }
 420:Drivers/CMSIS/Include/cmsis_gcc.h **** 
 421:Drivers/CMSIS/Include/cmsis_gcc.h **** 
 422:Drivers/CMSIS/Include/cmsis_gcc.h **** #if ((defined (__ARM_ARCH_7M__      ) && (__ARM_ARCH_7M__      == 1)) || \
 423:Drivers/CMSIS/Include/cmsis_gcc.h ****      (defined (__ARM_ARCH_7EM__     ) && (__ARM_ARCH_7EM__     == 1)) || \
 424:Drivers/CMSIS/Include/cmsis_gcc.h ****      (defined (__ARM_ARCH_8M_MAIN__ ) && (__ARM_ARCH_8M_MAIN__ == 1)) || \
 425:Drivers/CMSIS/Include/cmsis_gcc.h ****      (defined (__ARM_ARCH_8M_BASE__ ) && (__ARM_ARCH_8M_BASE__ == 1))    )
 426:Drivers/CMSIS/Include/cmsis_gcc.h **** /**
 427:Drivers/CMSIS/Include/cmsis_gcc.h ****   \brief   LDR Exclusive (8 bit)
 428:Drivers/CMSIS/Include/cmsis_gcc.h ****   \details Executes a exclusive LDR instruction for 8 bit value.
 429:Drivers/CMSIS/Include/cmsis_gcc.h ****   \param [in]    ptr  Pointer to data
 430:Drivers/CMSIS/Include/cmsis_gcc.h ****   \return             value of type uint8_t at (*ptr)
 431:Drivers/CMSIS/Include/cmsis_gcc.h ****  */
 432:Drivers/CMSIS/Include/cmsis_gcc.h **** __STATIC_FORCEINLINE uint8_t __LDREXB(volatile uint8_t *addr)
 433:Drivers/CMSIS/Include/cmsis_gcc.h **** {
 434:Drivers/CMSIS/Include/cmsis_gcc.h ****     uint32_t result;
 435:Drivers/CMSIS/Include/cmsis_gcc.h **** 
 436:Drivers/CMSIS/Include/cmsis_gcc.h **** #if (__GNUC__ > 4) || (__GNUC__ == 4 && __GNUC_MINOR__ >= 8)
 437:Drivers/CMSIS/Include/cmsis_gcc.h ****    __ASM volatile ("ldrexb %0, %1" : "=r" (result) : "Q" (*addr) );
 438:Drivers/CMSIS/Include/cmsis_gcc.h **** #else
 439:Drivers/CMSIS/Include/cmsis_gcc.h ****     /* Prior to GCC 4.8, "Q" will be expanded to [rx, #0] which is not
 440:Drivers/CMSIS/Include/cmsis_gcc.h ****        accepted by assembler. So has to use following less efficient pattern.
 441:Drivers/CMSIS/Include/cmsis_gcc.h ****     */
 442:Drivers/CMSIS/Include/cmsis_gcc.h ****    __ASM volatile ("ldrexb %0, [%1]" : "=r" (result) : "r" (addr) : "memory" );
 443:Drivers/CMSIS/Include/cmsis_gcc.h **** #endif
 444:Drivers/CMSIS/Include/cmsis_gcc.h ****    return ((uint8_t) result);    /* Add explicit type cast here */
 445:Drivers/CMSIS/Include/cmsis_gcc.h **** }
 446:Drivers/CMSIS/Include/cmsis_gcc.h **** 
 447:Drivers/CMSIS/Include/cmsis_gcc.h **** 
 448:Drivers/CMSIS/Include/cmsis_gcc.h **** /**
 449:Drivers/CMSIS/Include/cmsis_gcc.h ****   \brief   LDR Exclusive (16 bit)
 450:Drivers/CMSIS/Include/cmsis_gcc.h ****   \details Executes a exclusive LDR instruction for 16 bit values.
 451:Drivers/CMSIS/Include/cmsis_gcc.h ****   \param [in]    ptr  Pointer to data
 452:Drivers/CMSIS/Include/cmsis_gcc.h ****   \return        value of type uint16_t at (*ptr)
 453:Drivers/CMSIS/Include/cmsis_gcc.h ****  */
 454:Drivers/CMSIS/Include/cmsis_gcc.h **** __STATIC_FORCEINLINE uint16_t __LDREXH(volatile uint16_t *addr)
 455:Drivers/CMSIS/Include/cmsis_gcc.h **** {
 456:Drivers/CMSIS/Include/cmsis_gcc.h ****     uint32_t result;
 457:Drivers/CMSIS/Include/cmsis_gcc.h **** 
 458:Drivers/CMSIS/Include/cmsis_gcc.h **** #if (__GNUC__ > 4) || (__GNUC__ == 4 && __GNUC_MINOR__ >= 8)
ARM GAS  C:\Users\joabk\AppData\Local\Temp\ccUHSZ0G.s 			page 119


 459:Drivers/CMSIS/Include/cmsis_gcc.h ****    __ASM volatile ("ldrexh %0, %1" : "=r" (result) : "Q" (*addr) );
 460:Drivers/CMSIS/Include/cmsis_gcc.h **** #else
 461:Drivers/CMSIS/Include/cmsis_gcc.h ****     /* Prior to GCC 4.8, "Q" will be expanded to [rx, #0] which is not
 462:Drivers/CMSIS/Include/cmsis_gcc.h ****        accepted by assembler. So has to use following less efficient pattern.
 463:Drivers/CMSIS/Include/cmsis_gcc.h ****     */
 464:Drivers/CMSIS/Include/cmsis_gcc.h ****    __ASM volatile ("ldrexh %0, [%1]" : "=r" (result) : "r" (addr) : "memory" );
 465:Drivers/CMSIS/Include/cmsis_gcc.h **** #endif
 466:Drivers/CMSIS/Include/cmsis_gcc.h ****    return ((uint16_t) result);    /* Add explicit type cast here */
 467:Drivers/CMSIS/Include/cmsis_gcc.h **** }
 468:Drivers/CMSIS/Include/cmsis_gcc.h **** 
 469:Drivers/CMSIS/Include/cmsis_gcc.h **** 
 470:Drivers/CMSIS/Include/cmsis_gcc.h **** /**
 471:Drivers/CMSIS/Include/cmsis_gcc.h ****   \brief   LDR Exclusive (32 bit)
 472:Drivers/CMSIS/Include/cmsis_gcc.h ****   \details Executes a exclusive LDR instruction for 32 bit values.
 473:Drivers/CMSIS/Include/cmsis_gcc.h ****   \param [in]    ptr  Pointer to data
 474:Drivers/CMSIS/Include/cmsis_gcc.h ****   \return        value of type uint32_t at (*ptr)
 475:Drivers/CMSIS/Include/cmsis_gcc.h ****  */
 476:Drivers/CMSIS/Include/cmsis_gcc.h **** __STATIC_FORCEINLINE uint32_t __LDREXW(volatile uint32_t *addr)
 477:Drivers/CMSIS/Include/cmsis_gcc.h **** {
 478:Drivers/CMSIS/Include/cmsis_gcc.h ****     uint32_t result;
 479:Drivers/CMSIS/Include/cmsis_gcc.h **** 
 480:Drivers/CMSIS/Include/cmsis_gcc.h ****    __ASM volatile ("ldrex %0, %1" : "=r" (result) : "Q" (*addr) );
 481:Drivers/CMSIS/Include/cmsis_gcc.h ****    return(result);
 482:Drivers/CMSIS/Include/cmsis_gcc.h **** }
 483:Drivers/CMSIS/Include/cmsis_gcc.h **** 
 484:Drivers/CMSIS/Include/cmsis_gcc.h **** 
 485:Drivers/CMSIS/Include/cmsis_gcc.h **** /**
 486:Drivers/CMSIS/Include/cmsis_gcc.h ****   \brief   STR Exclusive (8 bit)
 487:Drivers/CMSIS/Include/cmsis_gcc.h ****   \details Executes a exclusive STR instruction for 8 bit values.
 488:Drivers/CMSIS/Include/cmsis_gcc.h ****   \param [in]  value  Value to store
 489:Drivers/CMSIS/Include/cmsis_gcc.h ****   \param [in]    ptr  Pointer to location
 490:Drivers/CMSIS/Include/cmsis_gcc.h ****   \return          0  Function succeeded
 491:Drivers/CMSIS/Include/cmsis_gcc.h ****   \return          1  Function failed
 492:Drivers/CMSIS/Include/cmsis_gcc.h ****  */
 493:Drivers/CMSIS/Include/cmsis_gcc.h **** __STATIC_FORCEINLINE uint32_t __STREXB(uint8_t value, volatile uint8_t *addr)
 494:Drivers/CMSIS/Include/cmsis_gcc.h **** {
 495:Drivers/CMSIS/Include/cmsis_gcc.h ****    uint32_t result;
 496:Drivers/CMSIS/Include/cmsis_gcc.h **** 
 497:Drivers/CMSIS/Include/cmsis_gcc.h ****    __ASM volatile ("strexb %0, %2, %1" : "=&r" (result), "=Q" (*addr) : "r" ((uint32_t)value) );
 498:Drivers/CMSIS/Include/cmsis_gcc.h ****    return(result);
 499:Drivers/CMSIS/Include/cmsis_gcc.h **** }
 500:Drivers/CMSIS/Include/cmsis_gcc.h **** 
 501:Drivers/CMSIS/Include/cmsis_gcc.h **** 
 502:Drivers/CMSIS/Include/cmsis_gcc.h **** /**
 503:Drivers/CMSIS/Include/cmsis_gcc.h ****   \brief   STR Exclusive (16 bit)
 504:Drivers/CMSIS/Include/cmsis_gcc.h ****   \details Executes a exclusive STR instruction for 16 bit values.
 505:Drivers/CMSIS/Include/cmsis_gcc.h ****   \param [in]  value  Value to store
 506:Drivers/CMSIS/Include/cmsis_gcc.h ****   \param [in]    ptr  Pointer to location
 507:Drivers/CMSIS/Include/cmsis_gcc.h ****   \return          0  Function succeeded
 508:Drivers/CMSIS/Include/cmsis_gcc.h ****   \return          1  Function failed
 509:Drivers/CMSIS/Include/cmsis_gcc.h ****  */
 510:Drivers/CMSIS/Include/cmsis_gcc.h **** __STATIC_FORCEINLINE uint32_t __STREXH(uint16_t value, volatile uint16_t *addr)
 511:Drivers/CMSIS/Include/cmsis_gcc.h **** {
 512:Drivers/CMSIS/Include/cmsis_gcc.h ****    uint32_t result;
 513:Drivers/CMSIS/Include/cmsis_gcc.h **** 
 514:Drivers/CMSIS/Include/cmsis_gcc.h ****    __ASM volatile ("strexh %0, %2, %1" : "=&r" (result), "=Q" (*addr) : "r" ((uint32_t)value) );
 515:Drivers/CMSIS/Include/cmsis_gcc.h ****    return(result);
ARM GAS  C:\Users\joabk\AppData\Local\Temp\ccUHSZ0G.s 			page 120


 516:Drivers/CMSIS/Include/cmsis_gcc.h **** }
 517:Drivers/CMSIS/Include/cmsis_gcc.h **** 
 518:Drivers/CMSIS/Include/cmsis_gcc.h **** 
 519:Drivers/CMSIS/Include/cmsis_gcc.h **** /**
 520:Drivers/CMSIS/Include/cmsis_gcc.h ****   \brief   STR Exclusive (32 bit)
 521:Drivers/CMSIS/Include/cmsis_gcc.h ****   \details Executes a exclusive STR instruction for 32 bit values.
 522:Drivers/CMSIS/Include/cmsis_gcc.h ****   \param [in]  value  Value to store
 523:Drivers/CMSIS/Include/cmsis_gcc.h ****   \param [in]    ptr  Pointer to location
 524:Drivers/CMSIS/Include/cmsis_gcc.h ****   \return          0  Function succeeded
 525:Drivers/CMSIS/Include/cmsis_gcc.h ****   \return          1  Function failed
 526:Drivers/CMSIS/Include/cmsis_gcc.h ****  */
 527:Drivers/CMSIS/Include/cmsis_gcc.h **** __STATIC_FORCEINLINE uint32_t __STREXW(uint32_t value, volatile uint32_t *addr)
 528:Drivers/CMSIS/Include/cmsis_gcc.h **** {
 529:Drivers/CMSIS/Include/cmsis_gcc.h ****    uint32_t result;
 530:Drivers/CMSIS/Include/cmsis_gcc.h **** 
 531:Drivers/CMSIS/Include/cmsis_gcc.h ****    __ASM volatile ("strex %0, %2, %1" : "=&r" (result), "=Q" (*addr) : "r" (value) );
 532:Drivers/CMSIS/Include/cmsis_gcc.h ****    return(result);
 533:Drivers/CMSIS/Include/cmsis_gcc.h **** }
 534:Drivers/CMSIS/Include/cmsis_gcc.h **** 
 535:Drivers/CMSIS/Include/cmsis_gcc.h **** 
 536:Drivers/CMSIS/Include/cmsis_gcc.h **** /**
 537:Drivers/CMSIS/Include/cmsis_gcc.h ****   \brief   Remove the exclusive lock
 538:Drivers/CMSIS/Include/cmsis_gcc.h ****   \details Removes the exclusive lock which is created by LDREX.
 539:Drivers/CMSIS/Include/cmsis_gcc.h ****  */
 540:Drivers/CMSIS/Include/cmsis_gcc.h **** __STATIC_FORCEINLINE void __CLREX(void)
 541:Drivers/CMSIS/Include/cmsis_gcc.h **** {
 542:Drivers/CMSIS/Include/cmsis_gcc.h ****   __ASM volatile ("clrex" ::: "memory");
 543:Drivers/CMSIS/Include/cmsis_gcc.h **** }
 544:Drivers/CMSIS/Include/cmsis_gcc.h **** 
 545:Drivers/CMSIS/Include/cmsis_gcc.h **** #endif /* ((defined (__ARM_ARCH_7M__      ) && (__ARM_ARCH_7M__      == 1)) || \
 546:Drivers/CMSIS/Include/cmsis_gcc.h ****            (defined (__ARM_ARCH_7EM__     ) && (__ARM_ARCH_7EM__     == 1)) || \
 547:Drivers/CMSIS/Include/cmsis_gcc.h ****            (defined (__ARM_ARCH_8M_MAIN__ ) && (__ARM_ARCH_8M_MAIN__ == 1)) || \
 548:Drivers/CMSIS/Include/cmsis_gcc.h ****            (defined (__ARM_ARCH_8M_BASE__ ) && (__ARM_ARCH_8M_BASE__ == 1))    ) */
 549:Drivers/CMSIS/Include/cmsis_gcc.h **** 
 550:Drivers/CMSIS/Include/cmsis_gcc.h **** 
 551:Drivers/CMSIS/Include/cmsis_gcc.h **** #if ((defined (__ARM_ARCH_7M__      ) && (__ARM_ARCH_7M__      == 1)) || \
 552:Drivers/CMSIS/Include/cmsis_gcc.h ****      (defined (__ARM_ARCH_7EM__     ) && (__ARM_ARCH_7EM__     == 1)) || \
 553:Drivers/CMSIS/Include/cmsis_gcc.h ****      (defined (__ARM_ARCH_8M_MAIN__ ) && (__ARM_ARCH_8M_MAIN__ == 1))    )
 554:Drivers/CMSIS/Include/cmsis_gcc.h **** /**
 555:Drivers/CMSIS/Include/cmsis_gcc.h ****   \brief   Signed Saturate
 556:Drivers/CMSIS/Include/cmsis_gcc.h ****   \details Saturates a signed value.
 557:Drivers/CMSIS/Include/cmsis_gcc.h ****   \param [in]  ARG1  Value to be saturated
 558:Drivers/CMSIS/Include/cmsis_gcc.h ****   \param [in]  ARG2  Bit position to saturate to (1..32)
 559:Drivers/CMSIS/Include/cmsis_gcc.h ****   \return             Saturated value
 560:Drivers/CMSIS/Include/cmsis_gcc.h ****  */
 561:Drivers/CMSIS/Include/cmsis_gcc.h **** #define __SSAT(ARG1, ARG2) \
 562:Drivers/CMSIS/Include/cmsis_gcc.h **** __extension__ \
 563:Drivers/CMSIS/Include/cmsis_gcc.h **** ({                          \
 564:Drivers/CMSIS/Include/cmsis_gcc.h ****   int32_t __RES, __ARG1 = (ARG1); \
 565:Drivers/CMSIS/Include/cmsis_gcc.h ****   __ASM volatile ("ssat %0, %1, %2" : "=r" (__RES) :  "I" (ARG2), "r" (__ARG1) : "cc" ); \
 566:Drivers/CMSIS/Include/cmsis_gcc.h ****   __RES; \
 567:Drivers/CMSIS/Include/cmsis_gcc.h ****  })
 568:Drivers/CMSIS/Include/cmsis_gcc.h **** 
 569:Drivers/CMSIS/Include/cmsis_gcc.h **** 
 570:Drivers/CMSIS/Include/cmsis_gcc.h **** /**
 571:Drivers/CMSIS/Include/cmsis_gcc.h ****   \brief   Unsigned Saturate
 572:Drivers/CMSIS/Include/cmsis_gcc.h ****   \details Saturates an unsigned value.
ARM GAS  C:\Users\joabk\AppData\Local\Temp\ccUHSZ0G.s 			page 121


 573:Drivers/CMSIS/Include/cmsis_gcc.h ****   \param [in]  ARG1  Value to be saturated
 574:Drivers/CMSIS/Include/cmsis_gcc.h ****   \param [in]  ARG2  Bit position to saturate to (0..31)
 575:Drivers/CMSIS/Include/cmsis_gcc.h ****   \return             Saturated value
 576:Drivers/CMSIS/Include/cmsis_gcc.h ****  */
 577:Drivers/CMSIS/Include/cmsis_gcc.h **** #define __USAT(ARG1, ARG2) \
 578:Drivers/CMSIS/Include/cmsis_gcc.h **** __extension__ \
 579:Drivers/CMSIS/Include/cmsis_gcc.h **** ({                          \
 580:Drivers/CMSIS/Include/cmsis_gcc.h ****   uint32_t __RES, __ARG1 = (ARG1); \
 581:Drivers/CMSIS/Include/cmsis_gcc.h ****   __ASM volatile ("usat %0, %1, %2" : "=r" (__RES) :  "I" (ARG2), "r" (__ARG1) : "cc" ); \
 582:Drivers/CMSIS/Include/cmsis_gcc.h ****   __RES; \
 583:Drivers/CMSIS/Include/cmsis_gcc.h ****  })
 584:Drivers/CMSIS/Include/cmsis_gcc.h **** 
 585:Drivers/CMSIS/Include/cmsis_gcc.h **** 
 586:Drivers/CMSIS/Include/cmsis_gcc.h **** /**
 587:Drivers/CMSIS/Include/cmsis_gcc.h ****   \brief   Rotate Right with Extend (32 bit)
 588:Drivers/CMSIS/Include/cmsis_gcc.h ****   \details Moves each bit of a bitstring right by one bit.
 589:Drivers/CMSIS/Include/cmsis_gcc.h ****            The carry input is shifted in at the left end of the bitstring.
 590:Drivers/CMSIS/Include/cmsis_gcc.h ****   \param [in]    value  Value to rotate
 591:Drivers/CMSIS/Include/cmsis_gcc.h ****   \return               Rotated value
 592:Drivers/CMSIS/Include/cmsis_gcc.h ****  */
 593:Drivers/CMSIS/Include/cmsis_gcc.h **** __STATIC_FORCEINLINE uint32_t __RRX(uint32_t value)
 594:Drivers/CMSIS/Include/cmsis_gcc.h **** {
 595:Drivers/CMSIS/Include/cmsis_gcc.h ****   uint32_t result;
 596:Drivers/CMSIS/Include/cmsis_gcc.h **** 
 597:Drivers/CMSIS/Include/cmsis_gcc.h ****   __ASM volatile ("rrx %0, %1" : __CMSIS_GCC_OUT_REG (result) : __CMSIS_GCC_USE_REG (value) );
 598:Drivers/CMSIS/Include/cmsis_gcc.h ****   return(result);
 599:Drivers/CMSIS/Include/cmsis_gcc.h **** }
 600:Drivers/CMSIS/Include/cmsis_gcc.h **** 
 601:Drivers/CMSIS/Include/cmsis_gcc.h **** 
 602:Drivers/CMSIS/Include/cmsis_gcc.h **** /**
 603:Drivers/CMSIS/Include/cmsis_gcc.h ****   \brief   LDRT Unprivileged (8 bit)
 604:Drivers/CMSIS/Include/cmsis_gcc.h ****   \details Executes a Unprivileged LDRT instruction for 8 bit value.
 605:Drivers/CMSIS/Include/cmsis_gcc.h ****   \param [in]    ptr  Pointer to data
 606:Drivers/CMSIS/Include/cmsis_gcc.h ****   \return             value of type uint8_t at (*ptr)
 607:Drivers/CMSIS/Include/cmsis_gcc.h ****  */
 608:Drivers/CMSIS/Include/cmsis_gcc.h **** __STATIC_FORCEINLINE uint8_t __LDRBT(volatile uint8_t *ptr)
 609:Drivers/CMSIS/Include/cmsis_gcc.h **** {
 610:Drivers/CMSIS/Include/cmsis_gcc.h ****     uint32_t result;
 611:Drivers/CMSIS/Include/cmsis_gcc.h **** 
 612:Drivers/CMSIS/Include/cmsis_gcc.h **** #if (__GNUC__ > 4) || (__GNUC__ == 4 && __GNUC_MINOR__ >= 8)
 613:Drivers/CMSIS/Include/cmsis_gcc.h ****    __ASM volatile ("ldrbt %0, %1" : "=r" (result) : "Q" (*ptr) );
 614:Drivers/CMSIS/Include/cmsis_gcc.h **** #else
 615:Drivers/CMSIS/Include/cmsis_gcc.h ****     /* Prior to GCC 4.8, "Q" will be expanded to [rx, #0] which is not
 616:Drivers/CMSIS/Include/cmsis_gcc.h ****        accepted by assembler. So has to use following less efficient pattern.
 617:Drivers/CMSIS/Include/cmsis_gcc.h ****     */
 618:Drivers/CMSIS/Include/cmsis_gcc.h ****    __ASM volatile ("ldrbt %0, [%1]" : "=r" (result) : "r" (ptr) : "memory" );
 619:Drivers/CMSIS/Include/cmsis_gcc.h **** #endif
 620:Drivers/CMSIS/Include/cmsis_gcc.h ****    return ((uint8_t) result);    /* Add explicit type cast here */
 621:Drivers/CMSIS/Include/cmsis_gcc.h **** }
 622:Drivers/CMSIS/Include/cmsis_gcc.h **** 
 623:Drivers/CMSIS/Include/cmsis_gcc.h **** 
 624:Drivers/CMSIS/Include/cmsis_gcc.h **** /**
 625:Drivers/CMSIS/Include/cmsis_gcc.h ****   \brief   LDRT Unprivileged (16 bit)
 626:Drivers/CMSIS/Include/cmsis_gcc.h ****   \details Executes a Unprivileged LDRT instruction for 16 bit values.
 627:Drivers/CMSIS/Include/cmsis_gcc.h ****   \param [in]    ptr  Pointer to data
 628:Drivers/CMSIS/Include/cmsis_gcc.h ****   \return        value of type uint16_t at (*ptr)
 629:Drivers/CMSIS/Include/cmsis_gcc.h ****  */
ARM GAS  C:\Users\joabk\AppData\Local\Temp\ccUHSZ0G.s 			page 122


 630:Drivers/CMSIS/Include/cmsis_gcc.h **** __STATIC_FORCEINLINE uint16_t __LDRHT(volatile uint16_t *ptr)
 631:Drivers/CMSIS/Include/cmsis_gcc.h **** {
 632:Drivers/CMSIS/Include/cmsis_gcc.h ****     uint32_t result;
 633:Drivers/CMSIS/Include/cmsis_gcc.h **** 
 634:Drivers/CMSIS/Include/cmsis_gcc.h **** #if (__GNUC__ > 4) || (__GNUC__ == 4 && __GNUC_MINOR__ >= 8)
 635:Drivers/CMSIS/Include/cmsis_gcc.h ****    __ASM volatile ("ldrht %0, %1" : "=r" (result) : "Q" (*ptr) );
 636:Drivers/CMSIS/Include/cmsis_gcc.h **** #else
 637:Drivers/CMSIS/Include/cmsis_gcc.h ****     /* Prior to GCC 4.8, "Q" will be expanded to [rx, #0] which is not
 638:Drivers/CMSIS/Include/cmsis_gcc.h ****        accepted by assembler. So has to use following less efficient pattern.
 639:Drivers/CMSIS/Include/cmsis_gcc.h ****     */
 640:Drivers/CMSIS/Include/cmsis_gcc.h ****    __ASM volatile ("ldrht %0, [%1]" : "=r" (result) : "r" (ptr) : "memory" );
 641:Drivers/CMSIS/Include/cmsis_gcc.h **** #endif
 642:Drivers/CMSIS/Include/cmsis_gcc.h ****    return ((uint16_t) result);    /* Add explicit type cast here */
 643:Drivers/CMSIS/Include/cmsis_gcc.h **** }
 644:Drivers/CMSIS/Include/cmsis_gcc.h **** 
 645:Drivers/CMSIS/Include/cmsis_gcc.h **** 
 646:Drivers/CMSIS/Include/cmsis_gcc.h **** /**
 647:Drivers/CMSIS/Include/cmsis_gcc.h ****   \brief   LDRT Unprivileged (32 bit)
 648:Drivers/CMSIS/Include/cmsis_gcc.h ****   \details Executes a Unprivileged LDRT instruction for 32 bit values.
 649:Drivers/CMSIS/Include/cmsis_gcc.h ****   \param [in]    ptr  Pointer to data
 650:Drivers/CMSIS/Include/cmsis_gcc.h ****   \return        value of type uint32_t at (*ptr)
 651:Drivers/CMSIS/Include/cmsis_gcc.h ****  */
 652:Drivers/CMSIS/Include/cmsis_gcc.h **** __STATIC_FORCEINLINE uint32_t __LDRT(volatile uint32_t *ptr)
 653:Drivers/CMSIS/Include/cmsis_gcc.h **** {
 654:Drivers/CMSIS/Include/cmsis_gcc.h ****     uint32_t result;
 655:Drivers/CMSIS/Include/cmsis_gcc.h **** 
 656:Drivers/CMSIS/Include/cmsis_gcc.h ****    __ASM volatile ("ldrt %0, %1" : "=r" (result) : "Q" (*ptr) );
 657:Drivers/CMSIS/Include/cmsis_gcc.h ****    return(result);
 658:Drivers/CMSIS/Include/cmsis_gcc.h **** }
 659:Drivers/CMSIS/Include/cmsis_gcc.h **** 
 660:Drivers/CMSIS/Include/cmsis_gcc.h **** 
 661:Drivers/CMSIS/Include/cmsis_gcc.h **** /**
 662:Drivers/CMSIS/Include/cmsis_gcc.h ****   \brief   STRT Unprivileged (8 bit)
 663:Drivers/CMSIS/Include/cmsis_gcc.h ****   \details Executes a Unprivileged STRT instruction for 8 bit values.
 664:Drivers/CMSIS/Include/cmsis_gcc.h ****   \param [in]  value  Value to store
 665:Drivers/CMSIS/Include/cmsis_gcc.h ****   \param [in]    ptr  Pointer to location
 666:Drivers/CMSIS/Include/cmsis_gcc.h ****  */
 667:Drivers/CMSIS/Include/cmsis_gcc.h **** __STATIC_FORCEINLINE void __STRBT(uint8_t value, volatile uint8_t *ptr)
 668:Drivers/CMSIS/Include/cmsis_gcc.h **** {
 669:Drivers/CMSIS/Include/cmsis_gcc.h ****    __ASM volatile ("strbt %1, %0" : "=Q" (*ptr) : "r" ((uint32_t)value) );
 670:Drivers/CMSIS/Include/cmsis_gcc.h **** }
 671:Drivers/CMSIS/Include/cmsis_gcc.h **** 
 672:Drivers/CMSIS/Include/cmsis_gcc.h **** 
 673:Drivers/CMSIS/Include/cmsis_gcc.h **** /**
 674:Drivers/CMSIS/Include/cmsis_gcc.h ****   \brief   STRT Unprivileged (16 bit)
 675:Drivers/CMSIS/Include/cmsis_gcc.h ****   \details Executes a Unprivileged STRT instruction for 16 bit values.
 676:Drivers/CMSIS/Include/cmsis_gcc.h ****   \param [in]  value  Value to store
 677:Drivers/CMSIS/Include/cmsis_gcc.h ****   \param [in]    ptr  Pointer to location
 678:Drivers/CMSIS/Include/cmsis_gcc.h ****  */
 679:Drivers/CMSIS/Include/cmsis_gcc.h **** __STATIC_FORCEINLINE void __STRHT(uint16_t value, volatile uint16_t *ptr)
 680:Drivers/CMSIS/Include/cmsis_gcc.h **** {
 681:Drivers/CMSIS/Include/cmsis_gcc.h ****    __ASM volatile ("strht %1, %0" : "=Q" (*ptr) : "r" ((uint32_t)value) );
 682:Drivers/CMSIS/Include/cmsis_gcc.h **** }
 683:Drivers/CMSIS/Include/cmsis_gcc.h **** 
 684:Drivers/CMSIS/Include/cmsis_gcc.h **** 
 685:Drivers/CMSIS/Include/cmsis_gcc.h **** /**
 686:Drivers/CMSIS/Include/cmsis_gcc.h ****   \brief   STRT Unprivileged (32 bit)
ARM GAS  C:\Users\joabk\AppData\Local\Temp\ccUHSZ0G.s 			page 123


 687:Drivers/CMSIS/Include/cmsis_gcc.h ****   \details Executes a Unprivileged STRT instruction for 32 bit values.
 688:Drivers/CMSIS/Include/cmsis_gcc.h ****   \param [in]  value  Value to store
 689:Drivers/CMSIS/Include/cmsis_gcc.h ****   \param [in]    ptr  Pointer to location
 690:Drivers/CMSIS/Include/cmsis_gcc.h ****  */
 691:Drivers/CMSIS/Include/cmsis_gcc.h **** __STATIC_FORCEINLINE void __STRT(uint32_t value, volatile uint32_t *ptr)
 692:Drivers/CMSIS/Include/cmsis_gcc.h **** {
 693:Drivers/CMSIS/Include/cmsis_gcc.h ****    __ASM volatile ("strt %1, %0" : "=Q" (*ptr) : "r" (value) );
 694:Drivers/CMSIS/Include/cmsis_gcc.h **** }
 695:Drivers/CMSIS/Include/cmsis_gcc.h **** 
 696:Drivers/CMSIS/Include/cmsis_gcc.h **** #else  /* ((defined (__ARM_ARCH_7M__      ) && (__ARM_ARCH_7M__      == 1)) || \
 697:Drivers/CMSIS/Include/cmsis_gcc.h ****            (defined (__ARM_ARCH_7EM__     ) && (__ARM_ARCH_7EM__     == 1)) || \
 698:Drivers/CMSIS/Include/cmsis_gcc.h ****            (defined (__ARM_ARCH_8M_MAIN__ ) && (__ARM_ARCH_8M_MAIN__ == 1))    ) */
 699:Drivers/CMSIS/Include/cmsis_gcc.h **** 
 700:Drivers/CMSIS/Include/cmsis_gcc.h **** /**
 701:Drivers/CMSIS/Include/cmsis_gcc.h ****   \brief   Signed Saturate
 702:Drivers/CMSIS/Include/cmsis_gcc.h ****   \details Saturates a signed value.
 703:Drivers/CMSIS/Include/cmsis_gcc.h ****   \param [in]  value  Value to be saturated
 704:Drivers/CMSIS/Include/cmsis_gcc.h ****   \param [in]    sat  Bit position to saturate to (1..32)
 705:Drivers/CMSIS/Include/cmsis_gcc.h ****   \return             Saturated value
 706:Drivers/CMSIS/Include/cmsis_gcc.h ****  */
 707:Drivers/CMSIS/Include/cmsis_gcc.h **** __STATIC_FORCEINLINE int32_t __SSAT(int32_t val, uint32_t sat)
 708:Drivers/CMSIS/Include/cmsis_gcc.h **** {
 709:Drivers/CMSIS/Include/cmsis_gcc.h ****   if ((sat >= 1U) && (sat <= 32U))
 710:Drivers/CMSIS/Include/cmsis_gcc.h ****   {
 711:Drivers/CMSIS/Include/cmsis_gcc.h ****     const int32_t max = (int32_t)((1U << (sat - 1U)) - 1U);
 712:Drivers/CMSIS/Include/cmsis_gcc.h ****     const int32_t min = -1 - max ;
 713:Drivers/CMSIS/Include/cmsis_gcc.h ****     if (val > max)
 714:Drivers/CMSIS/Include/cmsis_gcc.h ****     {
 715:Drivers/CMSIS/Include/cmsis_gcc.h ****       return max;
 716:Drivers/CMSIS/Include/cmsis_gcc.h ****     }
 717:Drivers/CMSIS/Include/cmsis_gcc.h ****     else if (val < min)
 718:Drivers/CMSIS/Include/cmsis_gcc.h ****     {
 719:Drivers/CMSIS/Include/cmsis_gcc.h ****       return min;
 720:Drivers/CMSIS/Include/cmsis_gcc.h ****     }
 721:Drivers/CMSIS/Include/cmsis_gcc.h ****   }
 722:Drivers/CMSIS/Include/cmsis_gcc.h ****   return val;
 723:Drivers/CMSIS/Include/cmsis_gcc.h **** }
 724:Drivers/CMSIS/Include/cmsis_gcc.h **** 
 725:Drivers/CMSIS/Include/cmsis_gcc.h **** /**
 726:Drivers/CMSIS/Include/cmsis_gcc.h ****   \brief   Unsigned Saturate
 727:Drivers/CMSIS/Include/cmsis_gcc.h ****   \details Saturates an unsigned value.
 728:Drivers/CMSIS/Include/cmsis_gcc.h ****   \param [in]  value  Value to be saturated
 729:Drivers/CMSIS/Include/cmsis_gcc.h ****   \param [in]    sat  Bit position to saturate to (0..31)
 730:Drivers/CMSIS/Include/cmsis_gcc.h ****   \return             Saturated value
 731:Drivers/CMSIS/Include/cmsis_gcc.h ****  */
 732:Drivers/CMSIS/Include/cmsis_gcc.h **** __STATIC_FORCEINLINE uint32_t __USAT(int32_t val, uint32_t sat)
 733:Drivers/CMSIS/Include/cmsis_gcc.h **** {
 734:Drivers/CMSIS/Include/cmsis_gcc.h ****   if (sat <= 31U)
 735:Drivers/CMSIS/Include/cmsis_gcc.h ****   {
 736:Drivers/CMSIS/Include/cmsis_gcc.h ****     const uint32_t max = ((1U << sat) - 1U);
 737:Drivers/CMSIS/Include/cmsis_gcc.h ****     if (val > (int32_t)max)
 738:Drivers/CMSIS/Include/cmsis_gcc.h ****     {
 739:Drivers/CMSIS/Include/cmsis_gcc.h ****       return max;
 740:Drivers/CMSIS/Include/cmsis_gcc.h ****     }
 741:Drivers/CMSIS/Include/cmsis_gcc.h ****     else if (val < 0)
 742:Drivers/CMSIS/Include/cmsis_gcc.h ****     {
 743:Drivers/CMSIS/Include/cmsis_gcc.h ****       return 0U;
ARM GAS  C:\Users\joabk\AppData\Local\Temp\ccUHSZ0G.s 			page 124


 744:Drivers/CMSIS/Include/cmsis_gcc.h ****     }
 745:Drivers/CMSIS/Include/cmsis_gcc.h ****   }
 746:Drivers/CMSIS/Include/cmsis_gcc.h ****   return (uint32_t)val;
 747:Drivers/CMSIS/Include/cmsis_gcc.h **** }
 748:Drivers/CMSIS/Include/cmsis_gcc.h **** 
 749:Drivers/CMSIS/Include/cmsis_gcc.h **** #endif /* ((defined (__ARM_ARCH_7M__      ) && (__ARM_ARCH_7M__      == 1)) || \
 750:Drivers/CMSIS/Include/cmsis_gcc.h ****            (defined (__ARM_ARCH_7EM__     ) && (__ARM_ARCH_7EM__     == 1)) || \
 751:Drivers/CMSIS/Include/cmsis_gcc.h ****            (defined (__ARM_ARCH_8M_MAIN__ ) && (__ARM_ARCH_8M_MAIN__ == 1))    ) */
 752:Drivers/CMSIS/Include/cmsis_gcc.h **** 
 753:Drivers/CMSIS/Include/cmsis_gcc.h **** 
 754:Drivers/CMSIS/Include/cmsis_gcc.h **** #if ((defined (__ARM_ARCH_8M_MAIN__ ) && (__ARM_ARCH_8M_MAIN__ == 1)) || \
 755:Drivers/CMSIS/Include/cmsis_gcc.h ****      (defined (__ARM_ARCH_8M_BASE__ ) && (__ARM_ARCH_8M_BASE__ == 1))    )
 756:Drivers/CMSIS/Include/cmsis_gcc.h **** /**
 757:Drivers/CMSIS/Include/cmsis_gcc.h ****   \brief   Load-Acquire (8 bit)
 758:Drivers/CMSIS/Include/cmsis_gcc.h ****   \details Executes a LDAB instruction for 8 bit value.
 759:Drivers/CMSIS/Include/cmsis_gcc.h ****   \param [in]    ptr  Pointer to data
 760:Drivers/CMSIS/Include/cmsis_gcc.h ****   \return             value of type uint8_t at (*ptr)
 761:Drivers/CMSIS/Include/cmsis_gcc.h ****  */
 762:Drivers/CMSIS/Include/cmsis_gcc.h **** __STATIC_FORCEINLINE uint8_t __LDAB(volatile uint8_t *ptr)
 763:Drivers/CMSIS/Include/cmsis_gcc.h **** {
 764:Drivers/CMSIS/Include/cmsis_gcc.h ****     uint32_t result;
 765:Drivers/CMSIS/Include/cmsis_gcc.h **** 
 766:Drivers/CMSIS/Include/cmsis_gcc.h ****    __ASM volatile ("ldab %0, %1" : "=r" (result) : "Q" (*ptr) : "memory" );
 767:Drivers/CMSIS/Include/cmsis_gcc.h ****    return ((uint8_t) result);
 768:Drivers/CMSIS/Include/cmsis_gcc.h **** }
 769:Drivers/CMSIS/Include/cmsis_gcc.h **** 
 770:Drivers/CMSIS/Include/cmsis_gcc.h **** 
 771:Drivers/CMSIS/Include/cmsis_gcc.h **** /**
 772:Drivers/CMSIS/Include/cmsis_gcc.h ****   \brief   Load-Acquire (16 bit)
 773:Drivers/CMSIS/Include/cmsis_gcc.h ****   \details Executes a LDAH instruction for 16 bit values.
 774:Drivers/CMSIS/Include/cmsis_gcc.h ****   \param [in]    ptr  Pointer to data
 775:Drivers/CMSIS/Include/cmsis_gcc.h ****   \return        value of type uint16_t at (*ptr)
 776:Drivers/CMSIS/Include/cmsis_gcc.h ****  */
 777:Drivers/CMSIS/Include/cmsis_gcc.h **** __STATIC_FORCEINLINE uint16_t __LDAH(volatile uint16_t *ptr)
 778:Drivers/CMSIS/Include/cmsis_gcc.h **** {
 779:Drivers/CMSIS/Include/cmsis_gcc.h ****     uint32_t result;
 780:Drivers/CMSIS/Include/cmsis_gcc.h **** 
 781:Drivers/CMSIS/Include/cmsis_gcc.h ****    __ASM volatile ("ldah %0, %1" : "=r" (result) : "Q" (*ptr) : "memory" );
 782:Drivers/CMSIS/Include/cmsis_gcc.h ****    return ((uint16_t) result);
 783:Drivers/CMSIS/Include/cmsis_gcc.h **** }
 784:Drivers/CMSIS/Include/cmsis_gcc.h **** 
 785:Drivers/CMSIS/Include/cmsis_gcc.h **** 
 786:Drivers/CMSIS/Include/cmsis_gcc.h **** /**
 787:Drivers/CMSIS/Include/cmsis_gcc.h ****   \brief   Load-Acquire (32 bit)
 788:Drivers/CMSIS/Include/cmsis_gcc.h ****   \details Executes a LDA instruction for 32 bit values.
 789:Drivers/CMSIS/Include/cmsis_gcc.h ****   \param [in]    ptr  Pointer to data
 790:Drivers/CMSIS/Include/cmsis_gcc.h ****   \return        value of type uint32_t at (*ptr)
 791:Drivers/CMSIS/Include/cmsis_gcc.h ****  */
 792:Drivers/CMSIS/Include/cmsis_gcc.h **** __STATIC_FORCEINLINE uint32_t __LDA(volatile uint32_t *ptr)
 793:Drivers/CMSIS/Include/cmsis_gcc.h **** {
 794:Drivers/CMSIS/Include/cmsis_gcc.h ****     uint32_t result;
 795:Drivers/CMSIS/Include/cmsis_gcc.h **** 
 796:Drivers/CMSIS/Include/cmsis_gcc.h ****    __ASM volatile ("lda %0, %1" : "=r" (result) : "Q" (*ptr) : "memory" );
 797:Drivers/CMSIS/Include/cmsis_gcc.h ****    return(result);
 798:Drivers/CMSIS/Include/cmsis_gcc.h **** }
 799:Drivers/CMSIS/Include/cmsis_gcc.h **** 
 800:Drivers/CMSIS/Include/cmsis_gcc.h **** 
ARM GAS  C:\Users\joabk\AppData\Local\Temp\ccUHSZ0G.s 			page 125


 801:Drivers/CMSIS/Include/cmsis_gcc.h **** /**
 802:Drivers/CMSIS/Include/cmsis_gcc.h ****   \brief   Store-Release (8 bit)
 803:Drivers/CMSIS/Include/cmsis_gcc.h ****   \details Executes a STLB instruction for 8 bit values.
 804:Drivers/CMSIS/Include/cmsis_gcc.h ****   \param [in]  value  Value to store
 805:Drivers/CMSIS/Include/cmsis_gcc.h ****   \param [in]    ptr  Pointer to location
 806:Drivers/CMSIS/Include/cmsis_gcc.h ****  */
 807:Drivers/CMSIS/Include/cmsis_gcc.h **** __STATIC_FORCEINLINE void __STLB(uint8_t value, volatile uint8_t *ptr)
 808:Drivers/CMSIS/Include/cmsis_gcc.h **** {
 809:Drivers/CMSIS/Include/cmsis_gcc.h ****    __ASM volatile ("stlb %1, %0" : "=Q" (*ptr) : "r" ((uint32_t)value) : "memory" );
 810:Drivers/CMSIS/Include/cmsis_gcc.h **** }
 811:Drivers/CMSIS/Include/cmsis_gcc.h **** 
 812:Drivers/CMSIS/Include/cmsis_gcc.h **** 
 813:Drivers/CMSIS/Include/cmsis_gcc.h **** /**
 814:Drivers/CMSIS/Include/cmsis_gcc.h ****   \brief   Store-Release (16 bit)
 815:Drivers/CMSIS/Include/cmsis_gcc.h ****   \details Executes a STLH instruction for 16 bit values.
 816:Drivers/CMSIS/Include/cmsis_gcc.h ****   \param [in]  value  Value to store
 817:Drivers/CMSIS/Include/cmsis_gcc.h ****   \param [in]    ptr  Pointer to location
 818:Drivers/CMSIS/Include/cmsis_gcc.h ****  */
 819:Drivers/CMSIS/Include/cmsis_gcc.h **** __STATIC_FORCEINLINE void __STLH(uint16_t value, volatile uint16_t *ptr)
 820:Drivers/CMSIS/Include/cmsis_gcc.h **** {
 821:Drivers/CMSIS/Include/cmsis_gcc.h ****    __ASM volatile ("stlh %1, %0" : "=Q" (*ptr) : "r" ((uint32_t)value) : "memory" );
 822:Drivers/CMSIS/Include/cmsis_gcc.h **** }
 823:Drivers/CMSIS/Include/cmsis_gcc.h **** 
 824:Drivers/CMSIS/Include/cmsis_gcc.h **** 
 825:Drivers/CMSIS/Include/cmsis_gcc.h **** /**
 826:Drivers/CMSIS/Include/cmsis_gcc.h ****   \brief   Store-Release (32 bit)
 827:Drivers/CMSIS/Include/cmsis_gcc.h ****   \details Executes a STL instruction for 32 bit values.
 828:Drivers/CMSIS/Include/cmsis_gcc.h ****   \param [in]  value  Value to store
 829:Drivers/CMSIS/Include/cmsis_gcc.h ****   \param [in]    ptr  Pointer to location
 830:Drivers/CMSIS/Include/cmsis_gcc.h ****  */
 831:Drivers/CMSIS/Include/cmsis_gcc.h **** __STATIC_FORCEINLINE void __STL(uint32_t value, volatile uint32_t *ptr)
 832:Drivers/CMSIS/Include/cmsis_gcc.h **** {
 833:Drivers/CMSIS/Include/cmsis_gcc.h ****    __ASM volatile ("stl %1, %0" : "=Q" (*ptr) : "r" ((uint32_t)value) : "memory" );
 834:Drivers/CMSIS/Include/cmsis_gcc.h **** }
 835:Drivers/CMSIS/Include/cmsis_gcc.h **** 
 836:Drivers/CMSIS/Include/cmsis_gcc.h **** 
 837:Drivers/CMSIS/Include/cmsis_gcc.h **** /**
 838:Drivers/CMSIS/Include/cmsis_gcc.h ****   \brief   Load-Acquire Exclusive (8 bit)
 839:Drivers/CMSIS/Include/cmsis_gcc.h ****   \details Executes a LDAB exclusive instruction for 8 bit value.
 840:Drivers/CMSIS/Include/cmsis_gcc.h ****   \param [in]    ptr  Pointer to data
 841:Drivers/CMSIS/Include/cmsis_gcc.h ****   \return             value of type uint8_t at (*ptr)
 842:Drivers/CMSIS/Include/cmsis_gcc.h ****  */
 843:Drivers/CMSIS/Include/cmsis_gcc.h **** __STATIC_FORCEINLINE uint8_t __LDAEXB(volatile uint8_t *ptr)
 844:Drivers/CMSIS/Include/cmsis_gcc.h **** {
 845:Drivers/CMSIS/Include/cmsis_gcc.h ****     uint32_t result;
 846:Drivers/CMSIS/Include/cmsis_gcc.h **** 
 847:Drivers/CMSIS/Include/cmsis_gcc.h ****    __ASM volatile ("ldaexb %0, %1" : "=r" (result) : "Q" (*ptr) : "memory" );
 848:Drivers/CMSIS/Include/cmsis_gcc.h ****    return ((uint8_t) result);
 849:Drivers/CMSIS/Include/cmsis_gcc.h **** }
 850:Drivers/CMSIS/Include/cmsis_gcc.h **** 
 851:Drivers/CMSIS/Include/cmsis_gcc.h **** 
 852:Drivers/CMSIS/Include/cmsis_gcc.h **** /**
 853:Drivers/CMSIS/Include/cmsis_gcc.h ****   \brief   Load-Acquire Exclusive (16 bit)
 854:Drivers/CMSIS/Include/cmsis_gcc.h ****   \details Executes a LDAH exclusive instruction for 16 bit values.
 855:Drivers/CMSIS/Include/cmsis_gcc.h ****   \param [in]    ptr  Pointer to data
 856:Drivers/CMSIS/Include/cmsis_gcc.h ****   \return        value of type uint16_t at (*ptr)
 857:Drivers/CMSIS/Include/cmsis_gcc.h ****  */
ARM GAS  C:\Users\joabk\AppData\Local\Temp\ccUHSZ0G.s 			page 126


 858:Drivers/CMSIS/Include/cmsis_gcc.h **** __STATIC_FORCEINLINE uint16_t __LDAEXH(volatile uint16_t *ptr)
 859:Drivers/CMSIS/Include/cmsis_gcc.h **** {
 860:Drivers/CMSIS/Include/cmsis_gcc.h ****     uint32_t result;
 861:Drivers/CMSIS/Include/cmsis_gcc.h **** 
 862:Drivers/CMSIS/Include/cmsis_gcc.h ****    __ASM volatile ("ldaexh %0, %1" : "=r" (result) : "Q" (*ptr) : "memory" );
 863:Drivers/CMSIS/Include/cmsis_gcc.h ****    return ((uint16_t) result);
 864:Drivers/CMSIS/Include/cmsis_gcc.h **** }
 865:Drivers/CMSIS/Include/cmsis_gcc.h **** 
 866:Drivers/CMSIS/Include/cmsis_gcc.h **** 
 867:Drivers/CMSIS/Include/cmsis_gcc.h **** /**
 868:Drivers/CMSIS/Include/cmsis_gcc.h ****   \brief   Load-Acquire Exclusive (32 bit)
 869:Drivers/CMSIS/Include/cmsis_gcc.h ****   \details Executes a LDA exclusive instruction for 32 bit values.
 870:Drivers/CMSIS/Include/cmsis_gcc.h ****   \param [in]    ptr  Pointer to data
 871:Drivers/CMSIS/Include/cmsis_gcc.h ****   \return        value of type uint32_t at (*ptr)
 872:Drivers/CMSIS/Include/cmsis_gcc.h ****  */
 873:Drivers/CMSIS/Include/cmsis_gcc.h **** __STATIC_FORCEINLINE uint32_t __LDAEX(volatile uint32_t *ptr)
 874:Drivers/CMSIS/Include/cmsis_gcc.h **** {
 875:Drivers/CMSIS/Include/cmsis_gcc.h ****     uint32_t result;
 876:Drivers/CMSIS/Include/cmsis_gcc.h **** 
 877:Drivers/CMSIS/Include/cmsis_gcc.h ****    __ASM volatile ("ldaex %0, %1" : "=r" (result) : "Q" (*ptr) : "memory" );
 878:Drivers/CMSIS/Include/cmsis_gcc.h ****    return(result);
 879:Drivers/CMSIS/Include/cmsis_gcc.h **** }
 880:Drivers/CMSIS/Include/cmsis_gcc.h **** 
 881:Drivers/CMSIS/Include/cmsis_gcc.h **** 
 882:Drivers/CMSIS/Include/cmsis_gcc.h **** /**
 883:Drivers/CMSIS/Include/cmsis_gcc.h ****   \brief   Store-Release Exclusive (8 bit)
 884:Drivers/CMSIS/Include/cmsis_gcc.h ****   \details Executes a STLB exclusive instruction for 8 bit values.
 885:Drivers/CMSIS/Include/cmsis_gcc.h ****   \param [in]  value  Value to store
 886:Drivers/CMSIS/Include/cmsis_gcc.h ****   \param [in]    ptr  Pointer to location
 887:Drivers/CMSIS/Include/cmsis_gcc.h ****   \return          0  Function succeeded
 888:Drivers/CMSIS/Include/cmsis_gcc.h ****   \return          1  Function failed
 889:Drivers/CMSIS/Include/cmsis_gcc.h ****  */
 890:Drivers/CMSIS/Include/cmsis_gcc.h **** __STATIC_FORCEINLINE uint32_t __STLEXB(uint8_t value, volatile uint8_t *ptr)
 891:Drivers/CMSIS/Include/cmsis_gcc.h **** {
 892:Drivers/CMSIS/Include/cmsis_gcc.h ****    uint32_t result;
 893:Drivers/CMSIS/Include/cmsis_gcc.h **** 
 894:Drivers/CMSIS/Include/cmsis_gcc.h ****    __ASM volatile ("stlexb %0, %2, %1" : "=&r" (result), "=Q" (*ptr) : "r" ((uint32_t)value) : "mem
 895:Drivers/CMSIS/Include/cmsis_gcc.h ****    return(result);
 896:Drivers/CMSIS/Include/cmsis_gcc.h **** }
 897:Drivers/CMSIS/Include/cmsis_gcc.h **** 
 898:Drivers/CMSIS/Include/cmsis_gcc.h **** 
 899:Drivers/CMSIS/Include/cmsis_gcc.h **** /**
 900:Drivers/CMSIS/Include/cmsis_gcc.h ****   \brief   Store-Release Exclusive (16 bit)
 901:Drivers/CMSIS/Include/cmsis_gcc.h ****   \details Executes a STLH exclusive instruction for 16 bit values.
 902:Drivers/CMSIS/Include/cmsis_gcc.h ****   \param [in]  value  Value to store
 903:Drivers/CMSIS/Include/cmsis_gcc.h ****   \param [in]    ptr  Pointer to location
 904:Drivers/CMSIS/Include/cmsis_gcc.h ****   \return          0  Function succeeded
 905:Drivers/CMSIS/Include/cmsis_gcc.h ****   \return          1  Function failed
 906:Drivers/CMSIS/Include/cmsis_gcc.h ****  */
 907:Drivers/CMSIS/Include/cmsis_gcc.h **** __STATIC_FORCEINLINE uint32_t __STLEXH(uint16_t value, volatile uint16_t *ptr)
 908:Drivers/CMSIS/Include/cmsis_gcc.h **** {
 909:Drivers/CMSIS/Include/cmsis_gcc.h ****    uint32_t result;
 910:Drivers/CMSIS/Include/cmsis_gcc.h **** 
 911:Drivers/CMSIS/Include/cmsis_gcc.h ****    __ASM volatile ("stlexh %0, %2, %1" : "=&r" (result), "=Q" (*ptr) : "r" ((uint32_t)value) : "mem
 912:Drivers/CMSIS/Include/cmsis_gcc.h ****    return(result);
 913:Drivers/CMSIS/Include/cmsis_gcc.h **** }
 914:Drivers/CMSIS/Include/cmsis_gcc.h **** 
ARM GAS  C:\Users\joabk\AppData\Local\Temp\ccUHSZ0G.s 			page 127


 915:Drivers/CMSIS/Include/cmsis_gcc.h **** 
 916:Drivers/CMSIS/Include/cmsis_gcc.h **** /**
 917:Drivers/CMSIS/Include/cmsis_gcc.h ****   \brief   Store-Release Exclusive (32 bit)
 918:Drivers/CMSIS/Include/cmsis_gcc.h ****   \details Executes a STL exclusive instruction for 32 bit values.
 919:Drivers/CMSIS/Include/cmsis_gcc.h ****   \param [in]  value  Value to store
 920:Drivers/CMSIS/Include/cmsis_gcc.h ****   \param [in]    ptr  Pointer to location
 921:Drivers/CMSIS/Include/cmsis_gcc.h ****   \return          0  Function succeeded
 922:Drivers/CMSIS/Include/cmsis_gcc.h ****   \return          1  Function failed
 923:Drivers/CMSIS/Include/cmsis_gcc.h ****  */
 924:Drivers/CMSIS/Include/cmsis_gcc.h **** __STATIC_FORCEINLINE uint32_t __STLEX(uint32_t value, volatile uint32_t *ptr)
 925:Drivers/CMSIS/Include/cmsis_gcc.h **** {
 926:Drivers/CMSIS/Include/cmsis_gcc.h ****    uint32_t result;
 927:Drivers/CMSIS/Include/cmsis_gcc.h **** 
 928:Drivers/CMSIS/Include/cmsis_gcc.h ****    __ASM volatile ("stlex %0, %2, %1" : "=&r" (result), "=Q" (*ptr) : "r" ((uint32_t)value) : "memo
 929:Drivers/CMSIS/Include/cmsis_gcc.h ****    return(result);
 930:Drivers/CMSIS/Include/cmsis_gcc.h **** }
 931:Drivers/CMSIS/Include/cmsis_gcc.h **** 
 932:Drivers/CMSIS/Include/cmsis_gcc.h **** #endif /* ((defined (__ARM_ARCH_8M_MAIN__ ) && (__ARM_ARCH_8M_MAIN__ == 1)) || \
 933:Drivers/CMSIS/Include/cmsis_gcc.h ****            (defined (__ARM_ARCH_8M_BASE__ ) && (__ARM_ARCH_8M_BASE__ == 1))    ) */
 934:Drivers/CMSIS/Include/cmsis_gcc.h **** 
 935:Drivers/CMSIS/Include/cmsis_gcc.h **** /*@}*/ /* end of group CMSIS_Core_InstructionInterface */
 936:Drivers/CMSIS/Include/cmsis_gcc.h **** 
 937:Drivers/CMSIS/Include/cmsis_gcc.h **** 
 938:Drivers/CMSIS/Include/cmsis_gcc.h **** /* ###########################  Core Function Access  ########################### */
 939:Drivers/CMSIS/Include/cmsis_gcc.h **** /** \ingroup  CMSIS_Core_FunctionInterface
 940:Drivers/CMSIS/Include/cmsis_gcc.h ****     \defgroup CMSIS_Core_RegAccFunctions CMSIS Core Register Access Functions
 941:Drivers/CMSIS/Include/cmsis_gcc.h ****   @{
 942:Drivers/CMSIS/Include/cmsis_gcc.h ****  */
 943:Drivers/CMSIS/Include/cmsis_gcc.h **** 
 944:Drivers/CMSIS/Include/cmsis_gcc.h **** /**
 945:Drivers/CMSIS/Include/cmsis_gcc.h ****   \brief   Enable IRQ Interrupts
 946:Drivers/CMSIS/Include/cmsis_gcc.h ****   \details Enables IRQ interrupts by clearing special-purpose register PRIMASK.
 947:Drivers/CMSIS/Include/cmsis_gcc.h ****            Can only be executed in Privileged modes.
 948:Drivers/CMSIS/Include/cmsis_gcc.h ****  */
 949:Drivers/CMSIS/Include/cmsis_gcc.h **** __STATIC_FORCEINLINE void __enable_irq(void)
 950:Drivers/CMSIS/Include/cmsis_gcc.h **** {
 951:Drivers/CMSIS/Include/cmsis_gcc.h ****   __ASM volatile ("cpsie i" : : : "memory");
 952:Drivers/CMSIS/Include/cmsis_gcc.h **** }
 953:Drivers/CMSIS/Include/cmsis_gcc.h **** 
 954:Drivers/CMSIS/Include/cmsis_gcc.h **** 
 955:Drivers/CMSIS/Include/cmsis_gcc.h **** /**
 956:Drivers/CMSIS/Include/cmsis_gcc.h ****   \brief   Disable IRQ Interrupts
 957:Drivers/CMSIS/Include/cmsis_gcc.h ****   \details Disables IRQ interrupts by setting special-purpose register PRIMASK.
 958:Drivers/CMSIS/Include/cmsis_gcc.h ****            Can only be executed in Privileged modes.
 959:Drivers/CMSIS/Include/cmsis_gcc.h ****  */
 960:Drivers/CMSIS/Include/cmsis_gcc.h **** __STATIC_FORCEINLINE void __disable_irq(void)
 3515              		.loc 2 960 27 view .LVU831
 3516              	.LBB19:
 961:Drivers/CMSIS/Include/cmsis_gcc.h **** {
 962:Drivers/CMSIS/Include/cmsis_gcc.h ****   __ASM volatile ("cpsid i" : : : "memory");
 3517              		.loc 2 962 3 view .LVU832
 3518              		.syntax unified
 3519              	@ 962 "Drivers/CMSIS/Include/cmsis_gcc.h" 1
 3520 0000 72B6     		cpsid i
 3521              	@ 0 "" 2
 3522              		.thumb
 3523              		.syntax unified
ARM GAS  C:\Users\joabk\AppData\Local\Temp\ccUHSZ0G.s 			page 128


 3524              	.L184:
 3525              	.LBE19:
 3526              	.LBE18:
2023:Core/Src/main.c ****   while (1)
 3527              		.loc 1 2023 3 view .LVU833
2024:Core/Src/main.c ****   {
2025:Core/Src/main.c ****   }
 3528              		.loc 1 2025 3 view .LVU834
2023:Core/Src/main.c ****   while (1)
 3529              		.loc 1 2023 9 view .LVU835
 3530 0002 FEE7     		b	.L184
 3531              		.cfi_endproc
 3532              	.LFE266:
 3534              		.section	.text.MX_I2C1_Init,"ax",%progbits
 3535              		.align	1
 3536              		.syntax unified
 3537              		.thumb
 3538              		.thumb_func
 3540              	MX_I2C1_Init:
 3541              	.LFB226:
 705:Core/Src/main.c **** 
 3542              		.loc 1 705 1 view -0
 3543              		.cfi_startproc
 3544              		@ args = 0, pretend = 0, frame = 0
 3545              		@ frame_needed = 0, uses_anonymous_args = 0
 3546 0000 08B5     		push	{r3, lr}
 3547              		.cfi_def_cfa_offset 8
 3548              		.cfi_offset 3, -8
 3549              		.cfi_offset 14, -4
 714:Core/Src/main.c ****   hi2c1.Init.ClockSpeed = 400000;
 3550              		.loc 1 714 3 view .LVU837
 714:Core/Src/main.c ****   hi2c1.Init.ClockSpeed = 400000;
 3551              		.loc 1 714 18 is_stmt 0 view .LVU838
 3552 0002 0A48     		ldr	r0, .L189
 3553 0004 0A4B     		ldr	r3, .L189+4
 3554 0006 0360     		str	r3, [r0]
 715:Core/Src/main.c ****   hi2c1.Init.DutyCycle = I2C_DUTYCYCLE_2;
 3555              		.loc 1 715 3 is_stmt 1 view .LVU839
 715:Core/Src/main.c ****   hi2c1.Init.DutyCycle = I2C_DUTYCYCLE_2;
 3556              		.loc 1 715 25 is_stmt 0 view .LVU840
 3557 0008 0A4B     		ldr	r3, .L189+8
 3558 000a 4360     		str	r3, [r0, #4]
 716:Core/Src/main.c ****   hi2c1.Init.OwnAddress1 = 0;
 3559              		.loc 1 716 3 is_stmt 1 view .LVU841
 716:Core/Src/main.c ****   hi2c1.Init.OwnAddress1 = 0;
 3560              		.loc 1 716 24 is_stmt 0 view .LVU842
 3561 000c 0023     		movs	r3, #0
 3562 000e 8360     		str	r3, [r0, #8]
 717:Core/Src/main.c ****   hi2c1.Init.AddressingMode = I2C_ADDRESSINGMODE_7BIT;
 3563              		.loc 1 717 3 is_stmt 1 view .LVU843
 717:Core/Src/main.c ****   hi2c1.Init.AddressingMode = I2C_ADDRESSINGMODE_7BIT;
 3564              		.loc 1 717 26 is_stmt 0 view .LVU844
 3565 0010 C360     		str	r3, [r0, #12]
 718:Core/Src/main.c ****   hi2c1.Init.DualAddressMode = I2C_DUALADDRESS_DISABLE;
 3566              		.loc 1 718 3 is_stmt 1 view .LVU845
 718:Core/Src/main.c ****   hi2c1.Init.DualAddressMode = I2C_DUALADDRESS_DISABLE;
 3567              		.loc 1 718 29 is_stmt 0 view .LVU846
ARM GAS  C:\Users\joabk\AppData\Local\Temp\ccUHSZ0G.s 			page 129


 3568 0012 4FF48042 		mov	r2, #16384
 3569 0016 0261     		str	r2, [r0, #16]
 719:Core/Src/main.c ****   hi2c1.Init.OwnAddress2 = 0;
 3570              		.loc 1 719 3 is_stmt 1 view .LVU847
 719:Core/Src/main.c ****   hi2c1.Init.OwnAddress2 = 0;
 3571              		.loc 1 719 30 is_stmt 0 view .LVU848
 3572 0018 4361     		str	r3, [r0, #20]
 720:Core/Src/main.c ****   hi2c1.Init.GeneralCallMode = I2C_GENERALCALL_DISABLE;
 3573              		.loc 1 720 3 is_stmt 1 view .LVU849
 720:Core/Src/main.c ****   hi2c1.Init.GeneralCallMode = I2C_GENERALCALL_DISABLE;
 3574              		.loc 1 720 26 is_stmt 0 view .LVU850
 3575 001a 8361     		str	r3, [r0, #24]
 721:Core/Src/main.c ****   hi2c1.Init.NoStretchMode = I2C_NOSTRETCH_DISABLE;
 3576              		.loc 1 721 3 is_stmt 1 view .LVU851
 721:Core/Src/main.c ****   hi2c1.Init.NoStretchMode = I2C_NOSTRETCH_DISABLE;
 3577              		.loc 1 721 30 is_stmt 0 view .LVU852
 3578 001c C361     		str	r3, [r0, #28]
 722:Core/Src/main.c ****   if (HAL_I2C_Init(&hi2c1) != HAL_OK)
 3579              		.loc 1 722 3 is_stmt 1 view .LVU853
 722:Core/Src/main.c ****   if (HAL_I2C_Init(&hi2c1) != HAL_OK)
 3580              		.loc 1 722 28 is_stmt 0 view .LVU854
 3581 001e 0362     		str	r3, [r0, #32]
 723:Core/Src/main.c ****   {
 3582              		.loc 1 723 3 is_stmt 1 view .LVU855
 723:Core/Src/main.c ****   {
 3583              		.loc 1 723 7 is_stmt 0 view .LVU856
 3584 0020 FFF7FEFF 		bl	HAL_I2C_Init
 3585              	.LVL312:
 723:Core/Src/main.c ****   {
 3586              		.loc 1 723 6 discriminator 1 view .LVU857
 3587 0024 00B9     		cbnz	r0, .L188
 731:Core/Src/main.c **** 
 3588              		.loc 1 731 1 view .LVU858
 3589 0026 08BD     		pop	{r3, pc}
 3590              	.L188:
 725:Core/Src/main.c ****   }
 3591              		.loc 1 725 5 is_stmt 1 view .LVU859
 3592 0028 FFF7FEFF 		bl	Error_Handler
 3593              	.LVL313:
 3594              	.L190:
 3595              		.align	2
 3596              	.L189:
 3597 002c 00000000 		.word	hi2c1
 3598 0030 00540040 		.word	1073763328
 3599 0034 801A0600 		.word	400000
 3600              		.cfi_endproc
 3601              	.LFE226:
 3603              		.section	.text.MX_TIM11_Init,"ax",%progbits
 3604              		.align	1
 3605              		.syntax unified
 3606              		.thumb
 3607              		.thumb_func
 3609              	MX_TIM11_Init:
 3610              	.LFB234:
 980:Core/Src/main.c **** 
 3611              		.loc 1 980 1 view -0
 3612              		.cfi_startproc
ARM GAS  C:\Users\joabk\AppData\Local\Temp\ccUHSZ0G.s 			page 130


 3613              		@ args = 0, pretend = 0, frame = 0
 3614              		@ frame_needed = 0, uses_anonymous_args = 0
 3615 0000 08B5     		push	{r3, lr}
 3616              		.cfi_def_cfa_offset 8
 3617              		.cfi_offset 3, -8
 3618              		.cfi_offset 14, -4
 989:Core/Src/main.c ****   htim11.Init.Prescaler = 24999;
 3619              		.loc 1 989 3 view .LVU861
 989:Core/Src/main.c ****   htim11.Init.Prescaler = 24999;
 3620              		.loc 1 989 19 is_stmt 0 view .LVU862
 3621 0002 0948     		ldr	r0, .L195
 3622 0004 094B     		ldr	r3, .L195+4
 3623 0006 0360     		str	r3, [r0]
 990:Core/Src/main.c ****   htim11.Init.CounterMode = TIM_COUNTERMODE_UP;
 3624              		.loc 1 990 3 is_stmt 1 view .LVU863
 990:Core/Src/main.c ****   htim11.Init.CounterMode = TIM_COUNTERMODE_UP;
 3625              		.loc 1 990 25 is_stmt 0 view .LVU864
 3626 0008 46F2A713 		movw	r3, #24999
 3627 000c 4360     		str	r3, [r0, #4]
 991:Core/Src/main.c ****   htim11.Init.Period = 1000;
 3628              		.loc 1 991 3 is_stmt 1 view .LVU865
 991:Core/Src/main.c ****   htim11.Init.Period = 1000;
 3629              		.loc 1 991 27 is_stmt 0 view .LVU866
 3630 000e 0023     		movs	r3, #0
 3631 0010 8360     		str	r3, [r0, #8]
 992:Core/Src/main.c ****   htim11.Init.ClockDivision = TIM_CLOCKDIVISION_DIV1;
 3632              		.loc 1 992 3 is_stmt 1 view .LVU867
 992:Core/Src/main.c ****   htim11.Init.ClockDivision = TIM_CLOCKDIVISION_DIV1;
 3633              		.loc 1 992 22 is_stmt 0 view .LVU868
 3634 0012 4FF47A72 		mov	r2, #1000
 3635 0016 C260     		str	r2, [r0, #12]
 993:Core/Src/main.c ****   htim11.Init.AutoReloadPreload = TIM_AUTORELOAD_PRELOAD_DISABLE;
 3636              		.loc 1 993 3 is_stmt 1 view .LVU869
 993:Core/Src/main.c ****   htim11.Init.AutoReloadPreload = TIM_AUTORELOAD_PRELOAD_DISABLE;
 3637              		.loc 1 993 29 is_stmt 0 view .LVU870
 3638 0018 0361     		str	r3, [r0, #16]
 994:Core/Src/main.c ****   if (HAL_TIM_Base_Init(&htim11) != HAL_OK)
 3639              		.loc 1 994 3 is_stmt 1 view .LVU871
 994:Core/Src/main.c ****   if (HAL_TIM_Base_Init(&htim11) != HAL_OK)
 3640              		.loc 1 994 33 is_stmt 0 view .LVU872
 3641 001a 8361     		str	r3, [r0, #24]
 995:Core/Src/main.c ****   {
 3642              		.loc 1 995 3 is_stmt 1 view .LVU873
 995:Core/Src/main.c ****   {
 3643              		.loc 1 995 7 is_stmt 0 view .LVU874
 3644 001c FFF7FEFF 		bl	HAL_TIM_Base_Init
 3645              	.LVL314:
 995:Core/Src/main.c ****   {
 3646              		.loc 1 995 6 discriminator 1 view .LVU875
 3647 0020 00B9     		cbnz	r0, .L194
1004:Core/Src/main.c **** 
 3648              		.loc 1 1004 1 view .LVU876
 3649 0022 08BD     		pop	{r3, pc}
 3650              	.L194:
 997:Core/Src/main.c ****   }
 3651              		.loc 1 997 5 is_stmt 1 view .LVU877
 3652 0024 FFF7FEFF 		bl	Error_Handler
ARM GAS  C:\Users\joabk\AppData\Local\Temp\ccUHSZ0G.s 			page 131


 3653              	.LVL315:
 3654              	.L196:
 3655              		.align	2
 3656              	.L195:
 3657 0028 00000000 		.word	htim11
 3658 002c 00480140 		.word	1073825792
 3659              		.cfi_endproc
 3660              	.LFE234:
 3662              		.section	.text.MX_I2C2_Init,"ax",%progbits
 3663              		.align	1
 3664              		.syntax unified
 3665              		.thumb
 3666              		.thumb_func
 3668              	MX_I2C2_Init:
 3669              	.LFB227:
 739:Core/Src/main.c **** 
 3670              		.loc 1 739 1 view -0
 3671              		.cfi_startproc
 3672              		@ args = 0, pretend = 0, frame = 0
 3673              		@ frame_needed = 0, uses_anonymous_args = 0
 3674 0000 08B5     		push	{r3, lr}
 3675              		.cfi_def_cfa_offset 8
 3676              		.cfi_offset 3, -8
 3677              		.cfi_offset 14, -4
 748:Core/Src/main.c ****   hi2c2.Init.ClockSpeed = 100000;
 3678              		.loc 1 748 3 view .LVU879
 748:Core/Src/main.c ****   hi2c2.Init.ClockSpeed = 100000;
 3679              		.loc 1 748 18 is_stmt 0 view .LVU880
 3680 0002 0A48     		ldr	r0, .L201
 3681 0004 0A4B     		ldr	r3, .L201+4
 3682 0006 0360     		str	r3, [r0]
 749:Core/Src/main.c ****   hi2c2.Init.DutyCycle = I2C_DUTYCYCLE_2;
 3683              		.loc 1 749 3 is_stmt 1 view .LVU881
 749:Core/Src/main.c ****   hi2c2.Init.DutyCycle = I2C_DUTYCYCLE_2;
 3684              		.loc 1 749 25 is_stmt 0 view .LVU882
 3685 0008 0A4B     		ldr	r3, .L201+8
 3686 000a 4360     		str	r3, [r0, #4]
 750:Core/Src/main.c ****   hi2c2.Init.OwnAddress1 = 0;
 3687              		.loc 1 750 3 is_stmt 1 view .LVU883
 750:Core/Src/main.c ****   hi2c2.Init.OwnAddress1 = 0;
 3688              		.loc 1 750 24 is_stmt 0 view .LVU884
 3689 000c 0023     		movs	r3, #0
 3690 000e 8360     		str	r3, [r0, #8]
 751:Core/Src/main.c ****   hi2c2.Init.AddressingMode = I2C_ADDRESSINGMODE_7BIT;
 3691              		.loc 1 751 3 is_stmt 1 view .LVU885
 751:Core/Src/main.c ****   hi2c2.Init.AddressingMode = I2C_ADDRESSINGMODE_7BIT;
 3692              		.loc 1 751 26 is_stmt 0 view .LVU886
 3693 0010 C360     		str	r3, [r0, #12]
 752:Core/Src/main.c ****   hi2c2.Init.DualAddressMode = I2C_DUALADDRESS_DISABLE;
 3694              		.loc 1 752 3 is_stmt 1 view .LVU887
 752:Core/Src/main.c ****   hi2c2.Init.DualAddressMode = I2C_DUALADDRESS_DISABLE;
 3695              		.loc 1 752 29 is_stmt 0 view .LVU888
 3696 0012 4FF48042 		mov	r2, #16384
 3697 0016 0261     		str	r2, [r0, #16]
 753:Core/Src/main.c ****   hi2c2.Init.OwnAddress2 = 0;
 3698              		.loc 1 753 3 is_stmt 1 view .LVU889
 753:Core/Src/main.c ****   hi2c2.Init.OwnAddress2 = 0;
ARM GAS  C:\Users\joabk\AppData\Local\Temp\ccUHSZ0G.s 			page 132


 3699              		.loc 1 753 30 is_stmt 0 view .LVU890
 3700 0018 4361     		str	r3, [r0, #20]
 754:Core/Src/main.c ****   hi2c2.Init.GeneralCallMode = I2C_GENERALCALL_DISABLE;
 3701              		.loc 1 754 3 is_stmt 1 view .LVU891
 754:Core/Src/main.c ****   hi2c2.Init.GeneralCallMode = I2C_GENERALCALL_DISABLE;
 3702              		.loc 1 754 26 is_stmt 0 view .LVU892
 3703 001a 8361     		str	r3, [r0, #24]
 755:Core/Src/main.c ****   hi2c2.Init.NoStretchMode = I2C_NOSTRETCH_DISABLE;
 3704              		.loc 1 755 3 is_stmt 1 view .LVU893
 755:Core/Src/main.c ****   hi2c2.Init.NoStretchMode = I2C_NOSTRETCH_DISABLE;
 3705              		.loc 1 755 30 is_stmt 0 view .LVU894
 3706 001c C361     		str	r3, [r0, #28]
 756:Core/Src/main.c ****   if (HAL_I2C_Init(&hi2c2) != HAL_OK)
 3707              		.loc 1 756 3 is_stmt 1 view .LVU895
 756:Core/Src/main.c ****   if (HAL_I2C_Init(&hi2c2) != HAL_OK)
 3708              		.loc 1 756 28 is_stmt 0 view .LVU896
 3709 001e 0362     		str	r3, [r0, #32]
 757:Core/Src/main.c ****   {
 3710              		.loc 1 757 3 is_stmt 1 view .LVU897
 757:Core/Src/main.c ****   {
 3711              		.loc 1 757 7 is_stmt 0 view .LVU898
 3712 0020 FFF7FEFF 		bl	HAL_I2C_Init
 3713              	.LVL316:
 757:Core/Src/main.c ****   {
 3714              		.loc 1 757 6 discriminator 1 view .LVU899
 3715 0024 00B9     		cbnz	r0, .L200
 765:Core/Src/main.c **** 
 3716              		.loc 1 765 1 view .LVU900
 3717 0026 08BD     		pop	{r3, pc}
 3718              	.L200:
 759:Core/Src/main.c ****   }
 3719              		.loc 1 759 5 is_stmt 1 view .LVU901
 3720 0028 FFF7FEFF 		bl	Error_Handler
 3721              	.LVL317:
 3722              	.L202:
 3723              		.align	2
 3724              	.L201:
 3725 002c 00000000 		.word	hi2c2
 3726 0030 00580040 		.word	1073764352
 3727 0034 A0860100 		.word	100000
 3728              		.cfi_endproc
 3729              	.LFE227:
 3731              		.section	.text.MX_I2C3_Init,"ax",%progbits
 3732              		.align	1
 3733              		.syntax unified
 3734              		.thumb
 3735              		.thumb_func
 3737              	MX_I2C3_Init:
 3738              	.LFB228:
 773:Core/Src/main.c **** 
 3739              		.loc 1 773 1 view -0
 3740              		.cfi_startproc
 3741              		@ args = 0, pretend = 0, frame = 0
 3742              		@ frame_needed = 0, uses_anonymous_args = 0
 3743 0000 08B5     		push	{r3, lr}
 3744              		.cfi_def_cfa_offset 8
 3745              		.cfi_offset 3, -8
ARM GAS  C:\Users\joabk\AppData\Local\Temp\ccUHSZ0G.s 			page 133


 3746              		.cfi_offset 14, -4
 782:Core/Src/main.c ****   hi2c3.Init.ClockSpeed = 100000;
 3747              		.loc 1 782 3 view .LVU903
 782:Core/Src/main.c ****   hi2c3.Init.ClockSpeed = 100000;
 3748              		.loc 1 782 18 is_stmt 0 view .LVU904
 3749 0002 0A48     		ldr	r0, .L207
 3750 0004 0A4B     		ldr	r3, .L207+4
 3751 0006 0360     		str	r3, [r0]
 783:Core/Src/main.c ****   hi2c3.Init.DutyCycle = I2C_DUTYCYCLE_2;
 3752              		.loc 1 783 3 is_stmt 1 view .LVU905
 783:Core/Src/main.c ****   hi2c3.Init.DutyCycle = I2C_DUTYCYCLE_2;
 3753              		.loc 1 783 25 is_stmt 0 view .LVU906
 3754 0008 0A4B     		ldr	r3, .L207+8
 3755 000a 4360     		str	r3, [r0, #4]
 784:Core/Src/main.c ****   hi2c3.Init.OwnAddress1 = 0;
 3756              		.loc 1 784 3 is_stmt 1 view .LVU907
 784:Core/Src/main.c ****   hi2c3.Init.OwnAddress1 = 0;
 3757              		.loc 1 784 24 is_stmt 0 view .LVU908
 3758 000c 0023     		movs	r3, #0
 3759 000e 8360     		str	r3, [r0, #8]
 785:Core/Src/main.c ****   hi2c3.Init.AddressingMode = I2C_ADDRESSINGMODE_7BIT;
 3760              		.loc 1 785 3 is_stmt 1 view .LVU909
 785:Core/Src/main.c ****   hi2c3.Init.AddressingMode = I2C_ADDRESSINGMODE_7BIT;
 3761              		.loc 1 785 26 is_stmt 0 view .LVU910
 3762 0010 C360     		str	r3, [r0, #12]
 786:Core/Src/main.c ****   hi2c3.Init.DualAddressMode = I2C_DUALADDRESS_DISABLE;
 3763              		.loc 1 786 3 is_stmt 1 view .LVU911
 786:Core/Src/main.c ****   hi2c3.Init.DualAddressMode = I2C_DUALADDRESS_DISABLE;
 3764              		.loc 1 786 29 is_stmt 0 view .LVU912
 3765 0012 4FF48042 		mov	r2, #16384
 3766 0016 0261     		str	r2, [r0, #16]
 787:Core/Src/main.c ****   hi2c3.Init.OwnAddress2 = 0;
 3767              		.loc 1 787 3 is_stmt 1 view .LVU913
 787:Core/Src/main.c ****   hi2c3.Init.OwnAddress2 = 0;
 3768              		.loc 1 787 30 is_stmt 0 view .LVU914
 3769 0018 4361     		str	r3, [r0, #20]
 788:Core/Src/main.c ****   hi2c3.Init.GeneralCallMode = I2C_GENERALCALL_DISABLE;
 3770              		.loc 1 788 3 is_stmt 1 view .LVU915
 788:Core/Src/main.c ****   hi2c3.Init.GeneralCallMode = I2C_GENERALCALL_DISABLE;
 3771              		.loc 1 788 26 is_stmt 0 view .LVU916
 3772 001a 8361     		str	r3, [r0, #24]
 789:Core/Src/main.c ****   hi2c3.Init.NoStretchMode = I2C_NOSTRETCH_DISABLE;
 3773              		.loc 1 789 3 is_stmt 1 view .LVU917
 789:Core/Src/main.c ****   hi2c3.Init.NoStretchMode = I2C_NOSTRETCH_DISABLE;
 3774              		.loc 1 789 30 is_stmt 0 view .LVU918
 3775 001c C361     		str	r3, [r0, #28]
 790:Core/Src/main.c ****   if (HAL_I2C_Init(&hi2c3) != HAL_OK)
 3776              		.loc 1 790 3 is_stmt 1 view .LVU919
 790:Core/Src/main.c ****   if (HAL_I2C_Init(&hi2c3) != HAL_OK)
 3777              		.loc 1 790 28 is_stmt 0 view .LVU920
 3778 001e 0362     		str	r3, [r0, #32]
 791:Core/Src/main.c ****   {
 3779              		.loc 1 791 3 is_stmt 1 view .LVU921
 791:Core/Src/main.c ****   {
 3780              		.loc 1 791 7 is_stmt 0 view .LVU922
 3781 0020 FFF7FEFF 		bl	HAL_I2C_Init
 3782              	.LVL318:
ARM GAS  C:\Users\joabk\AppData\Local\Temp\ccUHSZ0G.s 			page 134


 791:Core/Src/main.c ****   {
 3783              		.loc 1 791 6 discriminator 1 view .LVU923
 3784 0024 00B9     		cbnz	r0, .L206
 799:Core/Src/main.c **** 
 3785              		.loc 1 799 1 view .LVU924
 3786 0026 08BD     		pop	{r3, pc}
 3787              	.L206:
 793:Core/Src/main.c ****   }
 3788              		.loc 1 793 5 is_stmt 1 view .LVU925
 3789 0028 FFF7FEFF 		bl	Error_Handler
 3790              	.LVL319:
 3791              	.L208:
 3792              		.align	2
 3793              	.L207:
 3794 002c 00000000 		.word	hi2c3
 3795 0030 005C0040 		.word	1073765376
 3796 0034 A0860100 		.word	100000
 3797              		.cfi_endproc
 3798              	.LFE228:
 3800              		.section	.text.MX_SPI1_Init,"ax",%progbits
 3801              		.align	1
 3802              		.syntax unified
 3803              		.thumb
 3804              		.thumb_func
 3806              	MX_SPI1_Init:
 3807              	.LFB230:
 835:Core/Src/main.c **** 
 3808              		.loc 1 835 1 view -0
 3809              		.cfi_startproc
 3810              		@ args = 0, pretend = 0, frame = 0
 3811              		@ frame_needed = 0, uses_anonymous_args = 0
 3812 0000 08B5     		push	{r3, lr}
 3813              		.cfi_def_cfa_offset 8
 3814              		.cfi_offset 3, -8
 3815              		.cfi_offset 14, -4
 845:Core/Src/main.c ****   hspi1.Init.Mode = SPI_MODE_MASTER;
 3816              		.loc 1 845 3 view .LVU927
 845:Core/Src/main.c ****   hspi1.Init.Mode = SPI_MODE_MASTER;
 3817              		.loc 1 845 18 is_stmt 0 view .LVU928
 3818 0002 0D48     		ldr	r0, .L213
 3819 0004 0D4B     		ldr	r3, .L213+4
 3820 0006 0360     		str	r3, [r0]
 846:Core/Src/main.c ****   hspi1.Init.Direction = SPI_DIRECTION_2LINES;
 3821              		.loc 1 846 3 is_stmt 1 view .LVU929
 846:Core/Src/main.c ****   hspi1.Init.Direction = SPI_DIRECTION_2LINES;
 3822              		.loc 1 846 19 is_stmt 0 view .LVU930
 3823 0008 4FF48273 		mov	r3, #260
 3824 000c 4360     		str	r3, [r0, #4]
 847:Core/Src/main.c ****   hspi1.Init.DataSize = SPI_DATASIZE_8BIT;
 3825              		.loc 1 847 3 is_stmt 1 view .LVU931
 847:Core/Src/main.c ****   hspi1.Init.DataSize = SPI_DATASIZE_8BIT;
 3826              		.loc 1 847 24 is_stmt 0 view .LVU932
 3827 000e 0023     		movs	r3, #0
 3828 0010 8360     		str	r3, [r0, #8]
 848:Core/Src/main.c ****   hspi1.Init.CLKPolarity = SPI_POLARITY_LOW;
 3829              		.loc 1 848 3 is_stmt 1 view .LVU933
 848:Core/Src/main.c ****   hspi1.Init.CLKPolarity = SPI_POLARITY_LOW;
ARM GAS  C:\Users\joabk\AppData\Local\Temp\ccUHSZ0G.s 			page 135


 3830              		.loc 1 848 23 is_stmt 0 view .LVU934
 3831 0012 C360     		str	r3, [r0, #12]
 849:Core/Src/main.c ****   hspi1.Init.CLKPhase = SPI_PHASE_1EDGE;
 3832              		.loc 1 849 3 is_stmt 1 view .LVU935
 849:Core/Src/main.c ****   hspi1.Init.CLKPhase = SPI_PHASE_1EDGE;
 3833              		.loc 1 849 26 is_stmt 0 view .LVU936
 3834 0014 0361     		str	r3, [r0, #16]
 850:Core/Src/main.c ****   hspi1.Init.NSS = SPI_NSS_SOFT;
 3835              		.loc 1 850 3 is_stmt 1 view .LVU937
 850:Core/Src/main.c ****   hspi1.Init.NSS = SPI_NSS_SOFT;
 3836              		.loc 1 850 23 is_stmt 0 view .LVU938
 3837 0016 4361     		str	r3, [r0, #20]
 851:Core/Src/main.c ****   hspi1.Init.BaudRatePrescaler = SPI_BAUDRATEPRESCALER_256;
 3838              		.loc 1 851 3 is_stmt 1 view .LVU939
 851:Core/Src/main.c ****   hspi1.Init.BaudRatePrescaler = SPI_BAUDRATEPRESCALER_256;
 3839              		.loc 1 851 18 is_stmt 0 view .LVU940
 3840 0018 4FF40072 		mov	r2, #512
 3841 001c 8261     		str	r2, [r0, #24]
 852:Core/Src/main.c ****   hspi1.Init.FirstBit = SPI_FIRSTBIT_MSB;
 3842              		.loc 1 852 3 is_stmt 1 view .LVU941
 852:Core/Src/main.c ****   hspi1.Init.FirstBit = SPI_FIRSTBIT_MSB;
 3843              		.loc 1 852 32 is_stmt 0 view .LVU942
 3844 001e 3822     		movs	r2, #56
 3845 0020 C261     		str	r2, [r0, #28]
 853:Core/Src/main.c ****   hspi1.Init.TIMode = SPI_TIMODE_DISABLE;
 3846              		.loc 1 853 3 is_stmt 1 view .LVU943
 853:Core/Src/main.c ****   hspi1.Init.TIMode = SPI_TIMODE_DISABLE;
 3847              		.loc 1 853 23 is_stmt 0 view .LVU944
 3848 0022 0362     		str	r3, [r0, #32]
 854:Core/Src/main.c ****   hspi1.Init.CRCCalculation = SPI_CRCCALCULATION_DISABLE;
 3849              		.loc 1 854 3 is_stmt 1 view .LVU945
 854:Core/Src/main.c ****   hspi1.Init.CRCCalculation = SPI_CRCCALCULATION_DISABLE;
 3850              		.loc 1 854 21 is_stmt 0 view .LVU946
 3851 0024 4362     		str	r3, [r0, #36]
 855:Core/Src/main.c ****   hspi1.Init.CRCPolynomial = 10;
 3852              		.loc 1 855 3 is_stmt 1 view .LVU947
 855:Core/Src/main.c ****   hspi1.Init.CRCPolynomial = 10;
 3853              		.loc 1 855 29 is_stmt 0 view .LVU948
 3854 0026 8362     		str	r3, [r0, #40]
 856:Core/Src/main.c ****   if (HAL_SPI_Init(&hspi1) != HAL_OK)
 3855              		.loc 1 856 3 is_stmt 1 view .LVU949
 856:Core/Src/main.c ****   if (HAL_SPI_Init(&hspi1) != HAL_OK)
 3856              		.loc 1 856 28 is_stmt 0 view .LVU950
 3857 0028 0A23     		movs	r3, #10
 3858 002a C362     		str	r3, [r0, #44]
 857:Core/Src/main.c ****   {
 3859              		.loc 1 857 3 is_stmt 1 view .LVU951
 857:Core/Src/main.c ****   {
 3860              		.loc 1 857 7 is_stmt 0 view .LVU952
 3861 002c FFF7FEFF 		bl	HAL_SPI_Init
 3862              	.LVL320:
 857:Core/Src/main.c ****   {
 3863              		.loc 1 857 6 discriminator 1 view .LVU953
 3864 0030 00B9     		cbnz	r0, .L212
 865:Core/Src/main.c **** 
 3865              		.loc 1 865 1 view .LVU954
 3866 0032 08BD     		pop	{r3, pc}
ARM GAS  C:\Users\joabk\AppData\Local\Temp\ccUHSZ0G.s 			page 136


 3867              	.L212:
 859:Core/Src/main.c ****   }
 3868              		.loc 1 859 5 is_stmt 1 view .LVU955
 3869 0034 FFF7FEFF 		bl	Error_Handler
 3870              	.LVL321:
 3871              	.L214:
 3872              		.align	2
 3873              	.L213:
 3874 0038 00000000 		.word	hspi1
 3875 003c 00300140 		.word	1073819648
 3876              		.cfi_endproc
 3877              	.LFE230:
 3879              		.section	.text.MX_SPI2_Init,"ax",%progbits
 3880              		.align	1
 3881              		.syntax unified
 3882              		.thumb
 3883              		.thumb_func
 3885              	MX_SPI2_Init:
 3886              	.LFB231:
 873:Core/Src/main.c **** 
 3887              		.loc 1 873 1 view -0
 3888              		.cfi_startproc
 3889              		@ args = 0, pretend = 0, frame = 0
 3890              		@ frame_needed = 0, uses_anonymous_args = 0
 3891 0000 08B5     		push	{r3, lr}
 3892              		.cfi_def_cfa_offset 8
 3893              		.cfi_offset 3, -8
 3894              		.cfi_offset 14, -4
 883:Core/Src/main.c ****   hspi2.Init.Mode = SPI_MODE_MASTER;
 3895              		.loc 1 883 3 view .LVU957
 883:Core/Src/main.c ****   hspi2.Init.Mode = SPI_MODE_MASTER;
 3896              		.loc 1 883 18 is_stmt 0 view .LVU958
 3897 0002 0D48     		ldr	r0, .L219
 3898 0004 0D4B     		ldr	r3, .L219+4
 3899 0006 0360     		str	r3, [r0]
 884:Core/Src/main.c ****   hspi2.Init.Direction = SPI_DIRECTION_2LINES;
 3900              		.loc 1 884 3 is_stmt 1 view .LVU959
 884:Core/Src/main.c ****   hspi2.Init.Direction = SPI_DIRECTION_2LINES;
 3901              		.loc 1 884 19 is_stmt 0 view .LVU960
 3902 0008 4FF48273 		mov	r3, #260
 3903 000c 4360     		str	r3, [r0, #4]
 885:Core/Src/main.c ****   hspi2.Init.DataSize = SPI_DATASIZE_8BIT;
 3904              		.loc 1 885 3 is_stmt 1 view .LVU961
 885:Core/Src/main.c ****   hspi2.Init.DataSize = SPI_DATASIZE_8BIT;
 3905              		.loc 1 885 24 is_stmt 0 view .LVU962
 3906 000e 0023     		movs	r3, #0
 3907 0010 8360     		str	r3, [r0, #8]
 886:Core/Src/main.c ****   hspi2.Init.CLKPolarity = SPI_POLARITY_LOW;
 3908              		.loc 1 886 3 is_stmt 1 view .LVU963
 886:Core/Src/main.c ****   hspi2.Init.CLKPolarity = SPI_POLARITY_LOW;
 3909              		.loc 1 886 23 is_stmt 0 view .LVU964
 3910 0012 C360     		str	r3, [r0, #12]
 887:Core/Src/main.c ****   hspi2.Init.CLKPhase = SPI_PHASE_1EDGE;
 3911              		.loc 1 887 3 is_stmt 1 view .LVU965
 887:Core/Src/main.c ****   hspi2.Init.CLKPhase = SPI_PHASE_1EDGE;
 3912              		.loc 1 887 26 is_stmt 0 view .LVU966
 3913 0014 0361     		str	r3, [r0, #16]
ARM GAS  C:\Users\joabk\AppData\Local\Temp\ccUHSZ0G.s 			page 137


 888:Core/Src/main.c ****   hspi2.Init.NSS = SPI_NSS_SOFT;
 3914              		.loc 1 888 3 is_stmt 1 view .LVU967
 888:Core/Src/main.c ****   hspi2.Init.NSS = SPI_NSS_SOFT;
 3915              		.loc 1 888 23 is_stmt 0 view .LVU968
 3916 0016 4361     		str	r3, [r0, #20]
 889:Core/Src/main.c ****   hspi2.Init.BaudRatePrescaler = SPI_BAUDRATEPRESCALER_2;
 3917              		.loc 1 889 3 is_stmt 1 view .LVU969
 889:Core/Src/main.c ****   hspi2.Init.BaudRatePrescaler = SPI_BAUDRATEPRESCALER_2;
 3918              		.loc 1 889 18 is_stmt 0 view .LVU970
 3919 0018 4FF40072 		mov	r2, #512
 3920 001c 8261     		str	r2, [r0, #24]
 890:Core/Src/main.c ****   hspi2.Init.FirstBit = SPI_FIRSTBIT_MSB;
 3921              		.loc 1 890 3 is_stmt 1 view .LVU971
 890:Core/Src/main.c ****   hspi2.Init.FirstBit = SPI_FIRSTBIT_MSB;
 3922              		.loc 1 890 32 is_stmt 0 view .LVU972
 3923 001e C361     		str	r3, [r0, #28]
 891:Core/Src/main.c ****   hspi2.Init.TIMode = SPI_TIMODE_DISABLE;
 3924              		.loc 1 891 3 is_stmt 1 view .LVU973
 891:Core/Src/main.c ****   hspi2.Init.TIMode = SPI_TIMODE_DISABLE;
 3925              		.loc 1 891 23 is_stmt 0 view .LVU974
 3926 0020 0362     		str	r3, [r0, #32]
 892:Core/Src/main.c ****   hspi2.Init.CRCCalculation = SPI_CRCCALCULATION_DISABLE;
 3927              		.loc 1 892 3 is_stmt 1 view .LVU975
 892:Core/Src/main.c ****   hspi2.Init.CRCCalculation = SPI_CRCCALCULATION_DISABLE;
 3928              		.loc 1 892 21 is_stmt 0 view .LVU976
 3929 0022 4362     		str	r3, [r0, #36]
 893:Core/Src/main.c ****   hspi2.Init.CRCPolynomial = 10;
 3930              		.loc 1 893 3 is_stmt 1 view .LVU977
 893:Core/Src/main.c ****   hspi2.Init.CRCPolynomial = 10;
 3931              		.loc 1 893 29 is_stmt 0 view .LVU978
 3932 0024 8362     		str	r3, [r0, #40]
 894:Core/Src/main.c ****   if (HAL_SPI_Init(&hspi2) != HAL_OK)
 3933              		.loc 1 894 3 is_stmt 1 view .LVU979
 894:Core/Src/main.c ****   if (HAL_SPI_Init(&hspi2) != HAL_OK)
 3934              		.loc 1 894 28 is_stmt 0 view .LVU980
 3935 0026 0A23     		movs	r3, #10
 3936 0028 C362     		str	r3, [r0, #44]
 895:Core/Src/main.c ****   {
 3937              		.loc 1 895 3 is_stmt 1 view .LVU981
 895:Core/Src/main.c ****   {
 3938              		.loc 1 895 7 is_stmt 0 view .LVU982
 3939 002a FFF7FEFF 		bl	HAL_SPI_Init
 3940              	.LVL322:
 895:Core/Src/main.c ****   {
 3941              		.loc 1 895 6 discriminator 1 view .LVU983
 3942 002e 00B9     		cbnz	r0, .L218
 903:Core/Src/main.c **** 
 3943              		.loc 1 903 1 view .LVU984
 3944 0030 08BD     		pop	{r3, pc}
 3945              	.L218:
 897:Core/Src/main.c ****   }
 3946              		.loc 1 897 5 is_stmt 1 view .LVU985
 3947 0032 FFF7FEFF 		bl	Error_Handler
 3948              	.LVL323:
 3949              	.L220:
 3950 0036 00BF     		.align	2
 3951              	.L219:
ARM GAS  C:\Users\joabk\AppData\Local\Temp\ccUHSZ0G.s 			page 138


 3952 0038 00000000 		.word	hspi2
 3953 003c 00380040 		.word	1073756160
 3954              		.cfi_endproc
 3955              	.LFE231:
 3957              		.section	.text.MX_TIM10_Init,"ax",%progbits
 3958              		.align	1
 3959              		.syntax unified
 3960              		.thumb
 3961              		.thumb_func
 3963              	MX_TIM10_Init:
 3964              	.LFB233:
 949:Core/Src/main.c **** 
 3965              		.loc 1 949 1 view -0
 3966              		.cfi_startproc
 3967              		@ args = 0, pretend = 0, frame = 0
 3968              		@ frame_needed = 0, uses_anonymous_args = 0
 3969 0000 08B5     		push	{r3, lr}
 3970              		.cfi_def_cfa_offset 8
 3971              		.cfi_offset 3, -8
 3972              		.cfi_offset 14, -4
 958:Core/Src/main.c ****   htim10.Init.Prescaler = 24999;
 3973              		.loc 1 958 3 view .LVU987
 958:Core/Src/main.c ****   htim10.Init.Prescaler = 24999;
 3974              		.loc 1 958 19 is_stmt 0 view .LVU988
 3975 0002 0948     		ldr	r0, .L225
 3976 0004 094B     		ldr	r3, .L225+4
 3977 0006 0360     		str	r3, [r0]
 959:Core/Src/main.c ****   htim10.Init.CounterMode = TIM_COUNTERMODE_UP;
 3978              		.loc 1 959 3 is_stmt 1 view .LVU989
 959:Core/Src/main.c ****   htim10.Init.CounterMode = TIM_COUNTERMODE_UP;
 3979              		.loc 1 959 25 is_stmt 0 view .LVU990
 3980 0008 46F2A713 		movw	r3, #24999
 3981 000c 4360     		str	r3, [r0, #4]
 960:Core/Src/main.c ****   htim10.Init.Period = 29999;
 3982              		.loc 1 960 3 is_stmt 1 view .LVU991
 960:Core/Src/main.c ****   htim10.Init.Period = 29999;
 3983              		.loc 1 960 27 is_stmt 0 view .LVU992
 3984 000e 0023     		movs	r3, #0
 3985 0010 8360     		str	r3, [r0, #8]
 961:Core/Src/main.c ****   htim10.Init.ClockDivision = TIM_CLOCKDIVISION_DIV1;
 3986              		.loc 1 961 3 is_stmt 1 view .LVU993
 961:Core/Src/main.c ****   htim10.Init.ClockDivision = TIM_CLOCKDIVISION_DIV1;
 3987              		.loc 1 961 22 is_stmt 0 view .LVU994
 3988 0012 47F22F52 		movw	r2, #29999
 3989 0016 C260     		str	r2, [r0, #12]
 962:Core/Src/main.c ****   htim10.Init.AutoReloadPreload = TIM_AUTORELOAD_PRELOAD_DISABLE;
 3990              		.loc 1 962 3 is_stmt 1 view .LVU995
 962:Core/Src/main.c ****   htim10.Init.AutoReloadPreload = TIM_AUTORELOAD_PRELOAD_DISABLE;
 3991              		.loc 1 962 29 is_stmt 0 view .LVU996
 3992 0018 0361     		str	r3, [r0, #16]
 963:Core/Src/main.c ****   if (HAL_TIM_Base_Init(&htim10) != HAL_OK)
 3993              		.loc 1 963 3 is_stmt 1 view .LVU997
 963:Core/Src/main.c ****   if (HAL_TIM_Base_Init(&htim10) != HAL_OK)
 3994              		.loc 1 963 33 is_stmt 0 view .LVU998
 3995 001a 8361     		str	r3, [r0, #24]
 964:Core/Src/main.c ****   {
 3996              		.loc 1 964 3 is_stmt 1 view .LVU999
ARM GAS  C:\Users\joabk\AppData\Local\Temp\ccUHSZ0G.s 			page 139


 964:Core/Src/main.c ****   {
 3997              		.loc 1 964 7 is_stmt 0 view .LVU1000
 3998 001c FFF7FEFF 		bl	HAL_TIM_Base_Init
 3999              	.LVL324:
 964:Core/Src/main.c ****   {
 4000              		.loc 1 964 6 discriminator 1 view .LVU1001
 4001 0020 00B9     		cbnz	r0, .L224
 972:Core/Src/main.c **** 
 4002              		.loc 1 972 1 view .LVU1002
 4003 0022 08BD     		pop	{r3, pc}
 4004              	.L224:
 966:Core/Src/main.c ****   }
 4005              		.loc 1 966 5 is_stmt 1 view .LVU1003
 4006 0024 FFF7FEFF 		bl	Error_Handler
 4007              	.LVL325:
 4008              	.L226:
 4009              		.align	2
 4010              	.L225:
 4011 0028 00000000 		.word	htim10
 4012 002c 00440140 		.word	1073824768
 4013              		.cfi_endproc
 4014              	.LFE233:
 4016              		.section	.text.MX_TIM9_Init,"ax",%progbits
 4017              		.align	1
 4018              		.syntax unified
 4019              		.thumb
 4020              		.thumb_func
 4022              	MX_TIM9_Init:
 4023              	.LFB232:
 911:Core/Src/main.c **** 
 4024              		.loc 1 911 1 view -0
 4025              		.cfi_startproc
 4026              		@ args = 0, pretend = 0, frame = 16
 4027              		@ frame_needed = 0, uses_anonymous_args = 0
 4028 0000 00B5     		push	{lr}
 4029              		.cfi_def_cfa_offset 4
 4030              		.cfi_offset 14, -4
 4031 0002 85B0     		sub	sp, sp, #20
 4032              		.cfi_def_cfa_offset 24
 917:Core/Src/main.c **** 
 4033              		.loc 1 917 3 view .LVU1005
 917:Core/Src/main.c **** 
 4034              		.loc 1 917 26 is_stmt 0 view .LVU1006
 4035 0004 0023     		movs	r3, #0
 4036 0006 0093     		str	r3, [sp]
 4037 0008 0193     		str	r3, [sp, #4]
 4038 000a 0293     		str	r3, [sp, #8]
 4039 000c 0393     		str	r3, [sp, #12]
 922:Core/Src/main.c ****   htim9.Init.Prescaler = 24999;
 4040              		.loc 1 922 3 is_stmt 1 view .LVU1007
 922:Core/Src/main.c ****   htim9.Init.Prescaler = 24999;
 4041              		.loc 1 922 18 is_stmt 0 view .LVU1008
 4042 000e 0F48     		ldr	r0, .L233
 4043 0010 0F4A     		ldr	r2, .L233+4
 4044 0012 0260     		str	r2, [r0]
 923:Core/Src/main.c ****   htim9.Init.CounterMode = TIM_COUNTERMODE_UP;
 4045              		.loc 1 923 3 is_stmt 1 view .LVU1009
ARM GAS  C:\Users\joabk\AppData\Local\Temp\ccUHSZ0G.s 			page 140


 923:Core/Src/main.c ****   htim9.Init.CounterMode = TIM_COUNTERMODE_UP;
 4046              		.loc 1 923 24 is_stmt 0 view .LVU1010
 4047 0014 46F2A712 		movw	r2, #24999
 4048 0018 4260     		str	r2, [r0, #4]
 924:Core/Src/main.c ****   htim9.Init.Period = 4999;
 4049              		.loc 1 924 3 is_stmt 1 view .LVU1011
 924:Core/Src/main.c ****   htim9.Init.Period = 4999;
 4050              		.loc 1 924 26 is_stmt 0 view .LVU1012
 4051 001a 8360     		str	r3, [r0, #8]
 925:Core/Src/main.c ****   htim9.Init.ClockDivision = TIM_CLOCKDIVISION_DIV1;
 4052              		.loc 1 925 3 is_stmt 1 view .LVU1013
 925:Core/Src/main.c ****   htim9.Init.ClockDivision = TIM_CLOCKDIVISION_DIV1;
 4053              		.loc 1 925 21 is_stmt 0 view .LVU1014
 4054 001c 41F28732 		movw	r2, #4999
 4055 0020 C260     		str	r2, [r0, #12]
 926:Core/Src/main.c ****   htim9.Init.AutoReloadPreload = TIM_AUTORELOAD_PRELOAD_DISABLE;
 4056              		.loc 1 926 3 is_stmt 1 view .LVU1015
 926:Core/Src/main.c ****   htim9.Init.AutoReloadPreload = TIM_AUTORELOAD_PRELOAD_DISABLE;
 4057              		.loc 1 926 28 is_stmt 0 view .LVU1016
 4058 0022 0361     		str	r3, [r0, #16]
 927:Core/Src/main.c ****   if (HAL_TIM_Base_Init(&htim9) != HAL_OK)
 4059              		.loc 1 927 3 is_stmt 1 view .LVU1017
 927:Core/Src/main.c ****   if (HAL_TIM_Base_Init(&htim9) != HAL_OK)
 4060              		.loc 1 927 32 is_stmt 0 view .LVU1018
 4061 0024 8361     		str	r3, [r0, #24]
 928:Core/Src/main.c ****   {
 4062              		.loc 1 928 3 is_stmt 1 view .LVU1019
 928:Core/Src/main.c ****   {
 4063              		.loc 1 928 7 is_stmt 0 view .LVU1020
 4064 0026 FFF7FEFF 		bl	HAL_TIM_Base_Init
 4065              	.LVL326:
 928:Core/Src/main.c ****   {
 4066              		.loc 1 928 6 discriminator 1 view .LVU1021
 4067 002a 50B9     		cbnz	r0, .L231
 932:Core/Src/main.c ****   if (HAL_TIM_ConfigClockSource(&htim9, &sClockSourceConfig) != HAL_OK)
 4068              		.loc 1 932 3 is_stmt 1 view .LVU1022
 932:Core/Src/main.c ****   if (HAL_TIM_ConfigClockSource(&htim9, &sClockSourceConfig) != HAL_OK)
 4069              		.loc 1 932 34 is_stmt 0 view .LVU1023
 4070 002c 4FF48053 		mov	r3, #4096
 4071 0030 0093     		str	r3, [sp]
 933:Core/Src/main.c ****   {
 4072              		.loc 1 933 3 is_stmt 1 view .LVU1024
 933:Core/Src/main.c ****   {
 4073              		.loc 1 933 7 is_stmt 0 view .LVU1025
 4074 0032 6946     		mov	r1, sp
 4075 0034 0548     		ldr	r0, .L233
 4076 0036 FFF7FEFF 		bl	HAL_TIM_ConfigClockSource
 4077              	.LVL327:
 933:Core/Src/main.c ****   {
 4078              		.loc 1 933 6 discriminator 1 view .LVU1026
 4079 003a 20B9     		cbnz	r0, .L232
 941:Core/Src/main.c **** 
 4080              		.loc 1 941 1 view .LVU1027
 4081 003c 05B0     		add	sp, sp, #20
 4082              		.cfi_remember_state
 4083              		.cfi_def_cfa_offset 4
 4084              		@ sp needed
ARM GAS  C:\Users\joabk\AppData\Local\Temp\ccUHSZ0G.s 			page 141


 4085 003e 5DF804FB 		ldr	pc, [sp], #4
 4086              	.L231:
 4087              		.cfi_restore_state
 930:Core/Src/main.c ****   }
 4088              		.loc 1 930 5 is_stmt 1 view .LVU1028
 4089 0042 FFF7FEFF 		bl	Error_Handler
 4090              	.LVL328:
 4091              	.L232:
 935:Core/Src/main.c ****   }
 4092              		.loc 1 935 5 view .LVU1029
 4093 0046 FFF7FEFF 		bl	Error_Handler
 4094              	.LVL329:
 4095              	.L234:
 4096 004a 00BF     		.align	2
 4097              	.L233:
 4098 004c 00000000 		.word	htim9
 4099 0050 00400140 		.word	1073823744
 4100              		.cfi_endproc
 4101              	.LFE232:
 4103              		.section	.text.MX_IWDG_Init,"ax",%progbits
 4104              		.align	1
 4105              		.syntax unified
 4106              		.thumb
 4107              		.thumb_func
 4109              	MX_IWDG_Init:
 4110              	.LFB229:
 807:Core/Src/main.c **** 
 4111              		.loc 1 807 1 view -0
 4112              		.cfi_startproc
 4113              		@ args = 0, pretend = 0, frame = 0
 4114              		@ frame_needed = 0, uses_anonymous_args = 0
 4115 0000 08B5     		push	{r3, lr}
 4116              		.cfi_def_cfa_offset 8
 4117              		.cfi_offset 3, -8
 4118              		.cfi_offset 14, -4
 816:Core/Src/main.c ****   hiwdg.Init.Prescaler = IWDG_PRESCALER_256;
 4119              		.loc 1 816 3 view .LVU1031
 816:Core/Src/main.c ****   hiwdg.Init.Prescaler = IWDG_PRESCALER_256;
 4120              		.loc 1 816 18 is_stmt 0 view .LVU1032
 4121 0002 0748     		ldr	r0, .L239
 4122 0004 074B     		ldr	r3, .L239+4
 4123 0006 0360     		str	r3, [r0]
 817:Core/Src/main.c ****   hiwdg.Init.Reload = 3750;
 4124              		.loc 1 817 3 is_stmt 1 view .LVU1033
 817:Core/Src/main.c ****   hiwdg.Init.Reload = 3750;
 4125              		.loc 1 817 24 is_stmt 0 view .LVU1034
 4126 0008 0623     		movs	r3, #6
 4127 000a 4360     		str	r3, [r0, #4]
 818:Core/Src/main.c ****   if (HAL_IWDG_Init(&hiwdg) != HAL_OK)
 4128              		.loc 1 818 3 is_stmt 1 view .LVU1035
 818:Core/Src/main.c ****   if (HAL_IWDG_Init(&hiwdg) != HAL_OK)
 4129              		.loc 1 818 21 is_stmt 0 view .LVU1036
 4130 000c 40F6A663 		movw	r3, #3750
 4131 0010 8360     		str	r3, [r0, #8]
 819:Core/Src/main.c ****   {
 4132              		.loc 1 819 3 is_stmt 1 view .LVU1037
 819:Core/Src/main.c ****   {
ARM GAS  C:\Users\joabk\AppData\Local\Temp\ccUHSZ0G.s 			page 142


 4133              		.loc 1 819 7 is_stmt 0 view .LVU1038
 4134 0012 FFF7FEFF 		bl	HAL_IWDG_Init
 4135              	.LVL330:
 819:Core/Src/main.c ****   {
 4136              		.loc 1 819 6 discriminator 1 view .LVU1039
 4137 0016 00B9     		cbnz	r0, .L238
 827:Core/Src/main.c **** 
 4138              		.loc 1 827 1 view .LVU1040
 4139 0018 08BD     		pop	{r3, pc}
 4140              	.L238:
 821:Core/Src/main.c ****   }
 4141              		.loc 1 821 5 is_stmt 1 view .LVU1041
 4142 001a FFF7FEFF 		bl	Error_Handler
 4143              	.LVL331:
 4144              	.L240:
 4145 001e 00BF     		.align	2
 4146              	.L239:
 4147 0020 00000000 		.word	hiwdg
 4148 0024 00300040 		.word	1073754112
 4149              		.cfi_endproc
 4150              	.LFE229:
 4152              		.section	.text.MX_ADC1_Init,"ax",%progbits
 4153              		.align	1
 4154              		.syntax unified
 4155              		.thumb
 4156              		.thumb_func
 4158              	MX_ADC1_Init:
 4159              	.LFB225:
 653:Core/Src/main.c **** 
 4160              		.loc 1 653 1 view -0
 4161              		.cfi_startproc
 4162              		@ args = 0, pretend = 0, frame = 16
 4163              		@ frame_needed = 0, uses_anonymous_args = 0
 4164 0000 00B5     		push	{lr}
 4165              		.cfi_def_cfa_offset 4
 4166              		.cfi_offset 14, -4
 4167 0002 85B0     		sub	sp, sp, #20
 4168              		.cfi_def_cfa_offset 24
 659:Core/Src/main.c **** 
 4169              		.loc 1 659 3 view .LVU1043
 659:Core/Src/main.c **** 
 4170              		.loc 1 659 26 is_stmt 0 view .LVU1044
 4171 0004 0023     		movs	r3, #0
 4172 0006 0093     		str	r3, [sp]
 4173 0008 0193     		str	r3, [sp, #4]
 4174 000a 0293     		str	r3, [sp, #8]
 4175 000c 0393     		str	r3, [sp, #12]
 667:Core/Src/main.c ****   hadc1.Init.ClockPrescaler = ADC_CLOCK_SYNC_PCLK_DIV2;
 4176              		.loc 1 667 3 is_stmt 1 view .LVU1045
 667:Core/Src/main.c ****   hadc1.Init.ClockPrescaler = ADC_CLOCK_SYNC_PCLK_DIV2;
 4177              		.loc 1 667 18 is_stmt 0 view .LVU1046
 4178 000e 1348     		ldr	r0, .L247
 4179 0010 134A     		ldr	r2, .L247+4
 4180 0012 0260     		str	r2, [r0]
 668:Core/Src/main.c ****   hadc1.Init.Resolution = ADC_RESOLUTION_12B;
 4181              		.loc 1 668 3 is_stmt 1 view .LVU1047
 668:Core/Src/main.c ****   hadc1.Init.Resolution = ADC_RESOLUTION_12B;
ARM GAS  C:\Users\joabk\AppData\Local\Temp\ccUHSZ0G.s 			page 143


 4182              		.loc 1 668 29 is_stmt 0 view .LVU1048
 4183 0014 4360     		str	r3, [r0, #4]
 669:Core/Src/main.c ****   hadc1.Init.ScanConvMode = DISABLE;
 4184              		.loc 1 669 3 is_stmt 1 view .LVU1049
 669:Core/Src/main.c ****   hadc1.Init.ScanConvMode = DISABLE;
 4185              		.loc 1 669 25 is_stmt 0 view .LVU1050
 4186 0016 8360     		str	r3, [r0, #8]
 670:Core/Src/main.c ****   hadc1.Init.ContinuousConvMode = DISABLE;
 4187              		.loc 1 670 3 is_stmt 1 view .LVU1051
 670:Core/Src/main.c ****   hadc1.Init.ContinuousConvMode = DISABLE;
 4188              		.loc 1 670 27 is_stmt 0 view .LVU1052
 4189 0018 0361     		str	r3, [r0, #16]
 671:Core/Src/main.c ****   hadc1.Init.DiscontinuousConvMode = DISABLE;
 4190              		.loc 1 671 3 is_stmt 1 view .LVU1053
 671:Core/Src/main.c ****   hadc1.Init.DiscontinuousConvMode = DISABLE;
 4191              		.loc 1 671 33 is_stmt 0 view .LVU1054
 4192 001a 0376     		strb	r3, [r0, #24]
 672:Core/Src/main.c ****   hadc1.Init.ExternalTrigConvEdge = ADC_EXTERNALTRIGCONVEDGE_NONE;
 4193              		.loc 1 672 3 is_stmt 1 view .LVU1055
 672:Core/Src/main.c ****   hadc1.Init.ExternalTrigConvEdge = ADC_EXTERNALTRIGCONVEDGE_NONE;
 4194              		.loc 1 672 36 is_stmt 0 view .LVU1056
 4195 001c 80F82030 		strb	r3, [r0, #32]
 673:Core/Src/main.c ****   hadc1.Init.ExternalTrigConv = ADC_SOFTWARE_START;
 4196              		.loc 1 673 3 is_stmt 1 view .LVU1057
 673:Core/Src/main.c ****   hadc1.Init.ExternalTrigConv = ADC_SOFTWARE_START;
 4197              		.loc 1 673 35 is_stmt 0 view .LVU1058
 4198 0020 C362     		str	r3, [r0, #44]
 674:Core/Src/main.c ****   hadc1.Init.DataAlign = ADC_DATAALIGN_RIGHT;
 4199              		.loc 1 674 3 is_stmt 1 view .LVU1059
 674:Core/Src/main.c ****   hadc1.Init.DataAlign = ADC_DATAALIGN_RIGHT;
 4200              		.loc 1 674 31 is_stmt 0 view .LVU1060
 4201 0022 104A     		ldr	r2, .L247+8
 4202 0024 8262     		str	r2, [r0, #40]
 675:Core/Src/main.c ****   hadc1.Init.NbrOfConversion = 1;
 4203              		.loc 1 675 3 is_stmt 1 view .LVU1061
 675:Core/Src/main.c ****   hadc1.Init.NbrOfConversion = 1;
 4204              		.loc 1 675 24 is_stmt 0 view .LVU1062
 4205 0026 C360     		str	r3, [r0, #12]
 676:Core/Src/main.c ****   hadc1.Init.DMAContinuousRequests = DISABLE;
 4206              		.loc 1 676 3 is_stmt 1 view .LVU1063
 676:Core/Src/main.c ****   hadc1.Init.DMAContinuousRequests = DISABLE;
 4207              		.loc 1 676 30 is_stmt 0 view .LVU1064
 4208 0028 0122     		movs	r2, #1
 4209 002a C261     		str	r2, [r0, #28]
 677:Core/Src/main.c ****   hadc1.Init.EOCSelection = ADC_EOC_SINGLE_CONV;
 4210              		.loc 1 677 3 is_stmt 1 view .LVU1065
 677:Core/Src/main.c ****   hadc1.Init.EOCSelection = ADC_EOC_SINGLE_CONV;
 4211              		.loc 1 677 36 is_stmt 0 view .LVU1066
 4212 002c 80F83030 		strb	r3, [r0, #48]
 678:Core/Src/main.c ****   if (HAL_ADC_Init(&hadc1) != HAL_OK)
 4213              		.loc 1 678 3 is_stmt 1 view .LVU1067
 678:Core/Src/main.c ****   if (HAL_ADC_Init(&hadc1) != HAL_OK)
 4214              		.loc 1 678 27 is_stmt 0 view .LVU1068
 4215 0030 4261     		str	r2, [r0, #20]
 679:Core/Src/main.c ****   {
 4216              		.loc 1 679 3 is_stmt 1 view .LVU1069
 679:Core/Src/main.c ****   {
ARM GAS  C:\Users\joabk\AppData\Local\Temp\ccUHSZ0G.s 			page 144


 4217              		.loc 1 679 7 is_stmt 0 view .LVU1070
 4218 0032 FFF7FEFF 		bl	HAL_ADC_Init
 4219              	.LVL332:
 679:Core/Src/main.c ****   {
 4220              		.loc 1 679 6 discriminator 1 view .LVU1071
 4221 0036 68B9     		cbnz	r0, .L245
 686:Core/Src/main.c ****   sConfig.Rank = 1;
 4222              		.loc 1 686 3 is_stmt 1 view .LVU1072
 686:Core/Src/main.c ****   sConfig.Rank = 1;
 4223              		.loc 1 686 19 is_stmt 0 view .LVU1073
 4224 0038 0223     		movs	r3, #2
 4225 003a 0093     		str	r3, [sp]
 687:Core/Src/main.c ****   sConfig.SamplingTime = ADC_SAMPLETIME_3CYCLES;
 4226              		.loc 1 687 3 is_stmt 1 view .LVU1074
 687:Core/Src/main.c ****   sConfig.SamplingTime = ADC_SAMPLETIME_3CYCLES;
 4227              		.loc 1 687 16 is_stmt 0 view .LVU1075
 4228 003c 0123     		movs	r3, #1
 4229 003e 0193     		str	r3, [sp, #4]
 688:Core/Src/main.c ****   if (HAL_ADC_ConfigChannel(&hadc1, &sConfig) != HAL_OK)
 4230              		.loc 1 688 3 is_stmt 1 view .LVU1076
 688:Core/Src/main.c ****   if (HAL_ADC_ConfigChannel(&hadc1, &sConfig) != HAL_OK)
 4231              		.loc 1 688 24 is_stmt 0 view .LVU1077
 4232 0040 0023     		movs	r3, #0
 4233 0042 0293     		str	r3, [sp, #8]
 689:Core/Src/main.c ****   {
 4234              		.loc 1 689 3 is_stmt 1 view .LVU1078
 689:Core/Src/main.c ****   {
 4235              		.loc 1 689 7 is_stmt 0 view .LVU1079
 4236 0044 6946     		mov	r1, sp
 4237 0046 0548     		ldr	r0, .L247
 4238 0048 FFF7FEFF 		bl	HAL_ADC_ConfigChannel
 4239              	.LVL333:
 689:Core/Src/main.c ****   {
 4240              		.loc 1 689 6 discriminator 1 view .LVU1080
 4241 004c 20B9     		cbnz	r0, .L246
 697:Core/Src/main.c **** 
 4242              		.loc 1 697 1 view .LVU1081
 4243 004e 05B0     		add	sp, sp, #20
 4244              		.cfi_remember_state
 4245              		.cfi_def_cfa_offset 4
 4246              		@ sp needed
 4247 0050 5DF804FB 		ldr	pc, [sp], #4
 4248              	.L245:
 4249              		.cfi_restore_state
 681:Core/Src/main.c ****   }
 4250              		.loc 1 681 5 is_stmt 1 view .LVU1082
 4251 0054 FFF7FEFF 		bl	Error_Handler
 4252              	.LVL334:
 4253              	.L246:
 691:Core/Src/main.c ****   }
 4254              		.loc 1 691 5 view .LVU1083
 4255 0058 FFF7FEFF 		bl	Error_Handler
 4256              	.LVL335:
 4257              	.L248:
 4258              		.align	2
 4259              	.L247:
 4260 005c 00000000 		.word	hadc1
ARM GAS  C:\Users\joabk\AppData\Local\Temp\ccUHSZ0G.s 			page 145


 4261 0060 00200140 		.word	1073815552
 4262 0064 0100000F 		.word	251658241
 4263              		.cfi_endproc
 4264              	.LFE225:
 4266              		.section	.text.SystemClock_Config,"ax",%progbits
 4267              		.align	1
 4268              		.global	SystemClock_Config
 4269              		.syntax unified
 4270              		.thumb
 4271              		.thumb_func
 4273              	SystemClock_Config:
 4274              	.LFB224:
 607:Core/Src/main.c ****   RCC_OscInitTypeDef RCC_OscInitStruct = {0};
 4275              		.loc 1 607 1 view -0
 4276              		.cfi_startproc
 4277              		@ args = 0, pretend = 0, frame = 80
 4278              		@ frame_needed = 0, uses_anonymous_args = 0
 4279 0000 00B5     		push	{lr}
 4280              		.cfi_def_cfa_offset 4
 4281              		.cfi_offset 14, -4
 4282 0002 95B0     		sub	sp, sp, #84
 4283              		.cfi_def_cfa_offset 88
 608:Core/Src/main.c ****   RCC_ClkInitTypeDef RCC_ClkInitStruct = {0};
 4284              		.loc 1 608 3 view .LVU1085
 608:Core/Src/main.c ****   RCC_ClkInitTypeDef RCC_ClkInitStruct = {0};
 4285              		.loc 1 608 22 is_stmt 0 view .LVU1086
 4286 0004 3022     		movs	r2, #48
 4287 0006 0021     		movs	r1, #0
 4288 0008 08A8     		add	r0, sp, #32
 4289 000a FFF7FEFF 		bl	memset
 4290              	.LVL336:
 609:Core/Src/main.c **** 
 4291              		.loc 1 609 3 is_stmt 1 view .LVU1087
 609:Core/Src/main.c **** 
 4292              		.loc 1 609 22 is_stmt 0 view .LVU1088
 4293 000e 0023     		movs	r3, #0
 4294 0010 0393     		str	r3, [sp, #12]
 4295 0012 0493     		str	r3, [sp, #16]
 4296 0014 0593     		str	r3, [sp, #20]
 4297 0016 0693     		str	r3, [sp, #24]
 4298 0018 0793     		str	r3, [sp, #28]
 613:Core/Src/main.c ****   __HAL_PWR_VOLTAGESCALING_CONFIG(PWR_REGULATOR_VOLTAGE_SCALE2);
 4299              		.loc 1 613 3 is_stmt 1 view .LVU1089
 4300              	.LBB20:
 613:Core/Src/main.c ****   __HAL_PWR_VOLTAGESCALING_CONFIG(PWR_REGULATOR_VOLTAGE_SCALE2);
 4301              		.loc 1 613 3 view .LVU1090
 4302 001a 0193     		str	r3, [sp, #4]
 613:Core/Src/main.c ****   __HAL_PWR_VOLTAGESCALING_CONFIG(PWR_REGULATOR_VOLTAGE_SCALE2);
 4303              		.loc 1 613 3 view .LVU1091
 4304 001c 1B4A     		ldr	r2, .L255
 4305 001e 116C     		ldr	r1, [r2, #64]
 4306 0020 41F08051 		orr	r1, r1, #268435456
 4307 0024 1164     		str	r1, [r2, #64]
 613:Core/Src/main.c ****   __HAL_PWR_VOLTAGESCALING_CONFIG(PWR_REGULATOR_VOLTAGE_SCALE2);
 4308              		.loc 1 613 3 view .LVU1092
 4309 0026 126C     		ldr	r2, [r2, #64]
 4310 0028 02F08052 		and	r2, r2, #268435456
ARM GAS  C:\Users\joabk\AppData\Local\Temp\ccUHSZ0G.s 			page 146


 4311 002c 0192     		str	r2, [sp, #4]
 613:Core/Src/main.c ****   __HAL_PWR_VOLTAGESCALING_CONFIG(PWR_REGULATOR_VOLTAGE_SCALE2);
 4312              		.loc 1 613 3 view .LVU1093
 4313 002e 019A     		ldr	r2, [sp, #4]
 4314              	.LBE20:
 613:Core/Src/main.c ****   __HAL_PWR_VOLTAGESCALING_CONFIG(PWR_REGULATOR_VOLTAGE_SCALE2);
 4315              		.loc 1 613 3 view .LVU1094
 614:Core/Src/main.c **** 
 4316              		.loc 1 614 3 view .LVU1095
 4317              	.LBB21:
 614:Core/Src/main.c **** 
 4318              		.loc 1 614 3 view .LVU1096
 4319 0030 0293     		str	r3, [sp, #8]
 614:Core/Src/main.c **** 
 4320              		.loc 1 614 3 view .LVU1097
 4321 0032 1749     		ldr	r1, .L255+4
 4322 0034 0A68     		ldr	r2, [r1]
 4323 0036 22F44042 		bic	r2, r2, #49152
 4324 003a 42F40042 		orr	r2, r2, #32768
 4325 003e 0A60     		str	r2, [r1]
 614:Core/Src/main.c **** 
 4326              		.loc 1 614 3 view .LVU1098
 4327 0040 0A68     		ldr	r2, [r1]
 4328 0042 02F44042 		and	r2, r2, #49152
 4329 0046 0292     		str	r2, [sp, #8]
 614:Core/Src/main.c **** 
 4330              		.loc 1 614 3 view .LVU1099
 4331 0048 029A     		ldr	r2, [sp, #8]
 4332              	.LBE21:
 614:Core/Src/main.c **** 
 4333              		.loc 1 614 3 view .LVU1100
 619:Core/Src/main.c ****   RCC_OscInitStruct.HSEState = RCC_HSE_ON;
 4334              		.loc 1 619 3 view .LVU1101
 619:Core/Src/main.c ****   RCC_OscInitStruct.HSEState = RCC_HSE_ON;
 4335              		.loc 1 619 36 is_stmt 0 view .LVU1102
 4336 004a 0922     		movs	r2, #9
 4337 004c 0892     		str	r2, [sp, #32]
 620:Core/Src/main.c ****   RCC_OscInitStruct.LSIState = RCC_LSI_ON;
 4338              		.loc 1 620 3 is_stmt 1 view .LVU1103
 620:Core/Src/main.c ****   RCC_OscInitStruct.LSIState = RCC_LSI_ON;
 4339              		.loc 1 620 30 is_stmt 0 view .LVU1104
 4340 004e 4FF48032 		mov	r2, #65536
 4341 0052 0992     		str	r2, [sp, #36]
 621:Core/Src/main.c ****   RCC_OscInitStruct.PLL.PLLState = RCC_PLL_NONE;
 4342              		.loc 1 621 3 is_stmt 1 view .LVU1105
 621:Core/Src/main.c ****   RCC_OscInitStruct.PLL.PLLState = RCC_PLL_NONE;
 4343              		.loc 1 621 30 is_stmt 0 view .LVU1106
 4344 0054 0122     		movs	r2, #1
 4345 0056 0D92     		str	r2, [sp, #52]
 622:Core/Src/main.c ****   if (HAL_RCC_OscConfig(&RCC_OscInitStruct) != HAL_OK)
 4346              		.loc 1 622 3 is_stmt 1 view .LVU1107
 622:Core/Src/main.c ****   if (HAL_RCC_OscConfig(&RCC_OscInitStruct) != HAL_OK)
 4347              		.loc 1 622 34 is_stmt 0 view .LVU1108
 4348 0058 0E93     		str	r3, [sp, #56]
 623:Core/Src/main.c ****   {
 4349              		.loc 1 623 3 is_stmt 1 view .LVU1109
 623:Core/Src/main.c ****   {
ARM GAS  C:\Users\joabk\AppData\Local\Temp\ccUHSZ0G.s 			page 147


 4350              		.loc 1 623 7 is_stmt 0 view .LVU1110
 4351 005a 08A8     		add	r0, sp, #32
 4352 005c FFF7FEFF 		bl	HAL_RCC_OscConfig
 4353              	.LVL337:
 623:Core/Src/main.c ****   {
 4354              		.loc 1 623 6 discriminator 1 view .LVU1111
 4355 0060 80B9     		cbnz	r0, .L253
 630:Core/Src/main.c ****                               |RCC_CLOCKTYPE_PCLK1|RCC_CLOCKTYPE_PCLK2;
 4356              		.loc 1 630 3 is_stmt 1 view .LVU1112
 630:Core/Src/main.c ****                               |RCC_CLOCKTYPE_PCLK1|RCC_CLOCKTYPE_PCLK2;
 4357              		.loc 1 630 31 is_stmt 0 view .LVU1113
 4358 0062 0F23     		movs	r3, #15
 4359 0064 0393     		str	r3, [sp, #12]
 632:Core/Src/main.c ****   RCC_ClkInitStruct.AHBCLKDivider = RCC_SYSCLK_DIV1;
 4360              		.loc 1 632 3 is_stmt 1 view .LVU1114
 632:Core/Src/main.c ****   RCC_ClkInitStruct.AHBCLKDivider = RCC_SYSCLK_DIV1;
 4361              		.loc 1 632 34 is_stmt 0 view .LVU1115
 4362 0066 0123     		movs	r3, #1
 4363 0068 0493     		str	r3, [sp, #16]
 633:Core/Src/main.c ****   RCC_ClkInitStruct.APB1CLKDivider = RCC_HCLK_DIV1;
 4364              		.loc 1 633 3 is_stmt 1 view .LVU1116
 633:Core/Src/main.c ****   RCC_ClkInitStruct.APB1CLKDivider = RCC_HCLK_DIV1;
 4365              		.loc 1 633 35 is_stmt 0 view .LVU1117
 4366 006a 0021     		movs	r1, #0
 4367 006c 0591     		str	r1, [sp, #20]
 634:Core/Src/main.c ****   RCC_ClkInitStruct.APB2CLKDivider = RCC_HCLK_DIV1;
 4368              		.loc 1 634 3 is_stmt 1 view .LVU1118
 634:Core/Src/main.c ****   RCC_ClkInitStruct.APB2CLKDivider = RCC_HCLK_DIV1;
 4369              		.loc 1 634 36 is_stmt 0 view .LVU1119
 4370 006e 0691     		str	r1, [sp, #24]
 635:Core/Src/main.c **** 
 4371              		.loc 1 635 3 is_stmt 1 view .LVU1120
 635:Core/Src/main.c **** 
 4372              		.loc 1 635 36 is_stmt 0 view .LVU1121
 4373 0070 0791     		str	r1, [sp, #28]
 637:Core/Src/main.c ****   {
 4374              		.loc 1 637 3 is_stmt 1 view .LVU1122
 637:Core/Src/main.c ****   {
 4375              		.loc 1 637 7 is_stmt 0 view .LVU1123
 4376 0072 03A8     		add	r0, sp, #12
 4377 0074 FFF7FEFF 		bl	HAL_RCC_ClockConfig
 4378              	.LVL338:
 637:Core/Src/main.c ****   {
 4379              		.loc 1 637 6 discriminator 1 view .LVU1124
 4380 0078 30B9     		cbnz	r0, .L254
 644:Core/Src/main.c **** }
 4381              		.loc 1 644 3 is_stmt 1 view .LVU1125
 4382 007a FFF7FEFF 		bl	HAL_RCC_EnableCSS
 4383              	.LVL339:
 645:Core/Src/main.c **** 
 4384              		.loc 1 645 1 is_stmt 0 view .LVU1126
 4385 007e 15B0     		add	sp, sp, #84
 4386              		.cfi_remember_state
 4387              		.cfi_def_cfa_offset 4
 4388              		@ sp needed
 4389 0080 5DF804FB 		ldr	pc, [sp], #4
 4390              	.L253:
ARM GAS  C:\Users\joabk\AppData\Local\Temp\ccUHSZ0G.s 			page 148


 4391              		.cfi_restore_state
 625:Core/Src/main.c ****   }
 4392              		.loc 1 625 5 is_stmt 1 view .LVU1127
 4393 0084 FFF7FEFF 		bl	Error_Handler
 4394              	.LVL340:
 4395              	.L254:
 639:Core/Src/main.c ****   }
 4396              		.loc 1 639 5 view .LVU1128
 4397 0088 FFF7FEFF 		bl	Error_Handler
 4398              	.LVL341:
 4399              	.L256:
 4400              		.align	2
 4401              	.L255:
 4402 008c 00380240 		.word	1073887232
 4403 0090 00700040 		.word	1073770496
 4404              		.cfi_endproc
 4405              	.LFE224:
 4407              		.section	.rodata.main.str1.4,"aMS",%progbits,1
 4408              		.align	2
 4409              	.LC30:
 4410 0000 25642F25 		.ascii	"%d/%m/%y %H:%M:%S\000"
 4410      6D2F2579 
 4410      2025483A 
 4410      254D3A25 
 4410      5300
 4411 0012 0000     		.align	2
 4412              	.LC31:
 4413 0014 4C3A2575 		.ascii	"L:%u,R:%u,A:%u%u%u%u,S:%u\000"
 4413      2C523A25 
 4413      752C413A 
 4413      25752575 
 4413      25752575 
 4414 002e 0000     		.align	2
 4415              	.LC32:
 4416 0030 3100     		.ascii	"1\000"
 4417 0032 0000     		.align	2
 4418              	.LC33:
 4419 0034 3200     		.ascii	"2\000"
 4420 0036 0000     		.align	2
 4421              	.LC34:
 4422 0038 3300     		.ascii	"3\000"
 4423 003a 0000     		.align	2
 4424              	.LC35:
 4425 003c 4D5200   		.ascii	"MR\000"
 4426 003f 00       		.align	2
 4427              	.LC36:
 4428 0040 545800   		.ascii	"TX\000"
 4429 0043 00       		.align	2
 4430              	.LC37:
 4431 0044 535400   		.ascii	"ST\000"
 4432 0047 00       		.align	2
 4433              	.LC38:
 4434 0048 4E4100   		.ascii	"NA\000"
 4435 004b 00       		.align	2
 4436              	.LC39:
 4437 004c 20202020 		.ascii	"                  \000"
 4437      20202020 
ARM GAS  C:\Users\joabk\AppData\Local\Temp\ccUHSZ0G.s 			page 149


 4437      20202020 
 4437      20202020 
 4437      202000
 4438 005f 00       		.align	2
 4439              	.LC40:
 4440 0060 434D443A 		.ascii	"CMD:BATTERY\000"
 4440      42415454 
 4440      45525900 
 4441              		.align	2
 4442              	.LC41:
 4443 006c 54595045 		.ascii	"TYPE:3,BUOY:0,BAT:3.99\000"
 4443      3A332C42 
 4443      554F593A 
 4443      302C4241 
 4443      543A332E 
 4444 0083 00       		.align	2
 4445              	.LC42:
 4446 0084 434D443A 		.ascii	"CMD:DATADUMP\000"
 4446      44415441 
 4446      44554D50 
 4446      00
 4447 0091 000000   		.align	2
 4448              	.LC43:
 4449 0094 434D443A 		.ascii	"CMD:SYNC\000"
 4449      53594E43 
 4449      00
 4450 009d 000000   		.align	2
 4451              	.LC44:
 4452 00a0 53796E63 		.ascii	"Sync_ACK\000"
 4452      5F41434B 
 4452      00
 4453 00a9 000000   		.align	2
 4454              	.LC45:
 4455 00ac 53542000 		.ascii	"ST \000"
 4456              		.align	2
 4457              	.LC46:
 4458 00b0 53544600 		.ascii	"STF\000"
 4459              		.align	2
 4460              	.LC47:
 4461 00b4 54595045 		.ascii	"TYPE:1,BUOY:0,CHAMBER:0,DO:%s,RTD:%s\000"
 4461      3A312C42 
 4461      554F593A 
 4461      302C4348 
 4461      414D4245 
 4462 00d9 000000   		.align	2
 4463              	.LC48:
 4464 00dc 54595045 		.ascii	"TYPE:1,BUOY:0,CHAMBER:1,DO:%s,RTD:%s\000"
 4464      3A312C42 
 4464      554F593A 
 4464      302C4348 
 4464      414D4245 
 4465              		.section	.text.main,"ax",%progbits
 4466              		.align	1
 4467              		.global	main
 4468              		.syntax unified
 4469              		.thumb
 4470              		.thumb_func
ARM GAS  C:\Users\joabk\AppData\Local\Temp\ccUHSZ0G.s 			page 150


 4472              	main:
 4473              	.LFB223:
 277:Core/Src/main.c **** 
 4474              		.loc 1 277 1 view -0
 4475              		.cfi_startproc
 4476              		@ args = 0, pretend = 0, frame = 40
 4477              		@ frame_needed = 0, uses_anonymous_args = 0
 4478 0000 30B5     		push	{r4, r5, lr}
 4479              		.cfi_def_cfa_offset 12
 4480              		.cfi_offset 4, -12
 4481              		.cfi_offset 5, -8
 4482              		.cfi_offset 14, -4
 4483 0002 91B0     		sub	sp, sp, #68
 4484              		.cfi_def_cfa_offset 80
 286:Core/Src/main.c **** 
 4485              		.loc 1 286 3 view .LVU1130
 4486 0004 FFF7FEFF 		bl	HAL_Init
 4487              	.LVL342:
 293:Core/Src/main.c **** 
 4488              		.loc 1 293 3 view .LVU1131
 4489 0008 FFF7FEFF 		bl	SystemClock_Config
 4490              	.LVL343:
 300:Core/Src/main.c ****   MX_DMA_Init();
 4491              		.loc 1 300 3 view .LVU1132
 4492 000c FFF7FEFF 		bl	MX_GPIO_Init
 4493              	.LVL344:
 301:Core/Src/main.c ****   MX_I2C1_Init();
 4494              		.loc 1 301 3 view .LVU1133
 4495 0010 FFF7FEFF 		bl	MX_DMA_Init
 4496              	.LVL345:
 302:Core/Src/main.c ****   MX_TIM11_Init();
 4497              		.loc 1 302 3 view .LVU1134
 4498 0014 FFF7FEFF 		bl	MX_I2C1_Init
 4499              	.LVL346:
 303:Core/Src/main.c ****   MX_I2C2_Init();
 4500              		.loc 1 303 3 view .LVU1135
 4501 0018 FFF7FEFF 		bl	MX_TIM11_Init
 4502              	.LVL347:
 304:Core/Src/main.c ****   MX_I2C3_Init();
 4503              		.loc 1 304 3 view .LVU1136
 4504 001c FFF7FEFF 		bl	MX_I2C2_Init
 4505              	.LVL348:
 305:Core/Src/main.c ****   MX_SPI1_Init();
 4506              		.loc 1 305 3 view .LVU1137
 4507 0020 FFF7FEFF 		bl	MX_I2C3_Init
 4508              	.LVL349:
 306:Core/Src/main.c ****   MX_FATFS_Init();
 4509              		.loc 1 306 3 view .LVU1138
 4510 0024 FFF7FEFF 		bl	MX_SPI1_Init
 4511              	.LVL350:
 307:Core/Src/main.c ****   MX_SPI2_Init();
 4512              		.loc 1 307 3 view .LVU1139
 4513 0028 FFF7FEFF 		bl	MX_FATFS_Init
 4514              	.LVL351:
 308:Core/Src/main.c ****   MX_TIM10_Init();
 4515              		.loc 1 308 3 view .LVU1140
 4516 002c FFF7FEFF 		bl	MX_SPI2_Init
ARM GAS  C:\Users\joabk\AppData\Local\Temp\ccUHSZ0G.s 			page 151


 4517              	.LVL352:
 309:Core/Src/main.c ****   MX_TIM9_Init();
 4518              		.loc 1 309 3 view .LVU1141
 4519 0030 FFF7FEFF 		bl	MX_TIM10_Init
 4520              	.LVL353:
 310:Core/Src/main.c ****   MX_IWDG_Init();
 4521              		.loc 1 310 3 view .LVU1142
 4522 0034 FFF7FEFF 		bl	MX_TIM9_Init
 4523              	.LVL354:
 311:Core/Src/main.c ****   MX_ADC1_Init();
 4524              		.loc 1 311 3 view .LVU1143
 4525 0038 FFF7FEFF 		bl	MX_IWDG_Init
 4526              	.LVL355:
 312:Core/Src/main.c ****   /* USER CODE BEGIN 2 */
 4527              		.loc 1 312 3 view .LVU1144
 4528 003c FFF7FEFF 		bl	MX_ADC1_Init
 4529              	.LVL356:
 314:Core/Src/main.c **** 
 4530              		.loc 1 314 3 view .LVU1145
 4531 0040 40F2DC50 		movw	r0, #1500
 4532 0044 FFF7FEFF 		bl	HAL_Delay
 4533              	.LVL357:
 317:Core/Src/main.c ****   SX1278_hw.dio0.pin = Lora_IRQ_Pin;
 4534              		.loc 1 317 3 view .LVU1146
 317:Core/Src/main.c ****   SX1278_hw.dio0.pin = Lora_IRQ_Pin;
 4535              		.loc 1 317 23 is_stmt 0 view .LVU1147
 4536 0048 864B     		ldr	r3, .L316
 4537 004a 874A     		ldr	r2, .L316+4
 4538 004c DA60     		str	r2, [r3, #12]
 318:Core/Src/main.c ****   SX1278_hw.nss.port = Lora_CS_GPIO_Port;
 4539              		.loc 1 318 3 is_stmt 1 view .LVU1148
 318:Core/Src/main.c ****   SX1278_hw.nss.port = Lora_CS_GPIO_Port;
 4540              		.loc 1 318 22 is_stmt 0 view .LVU1149
 4541 004e 4FF40071 		mov	r1, #512
 4542 0052 9960     		str	r1, [r3, #8]
 319:Core/Src/main.c ****   SX1278_hw.nss.pin = Lora_CS_Pin;
 4543              		.loc 1 319 3 is_stmt 1 view .LVU1150
 319:Core/Src/main.c ****   SX1278_hw.nss.pin = Lora_CS_Pin;
 4544              		.loc 1 319 22 is_stmt 0 view .LVU1151
 4545 0054 8549     		ldr	r1, .L316+8
 4546 0056 5961     		str	r1, [r3, #20]
 320:Core/Src/main.c ****   SX1278_hw.reset.port = Lora_Reset_GPIO_Port;
 4547              		.loc 1 320 3 is_stmt 1 view .LVU1152
 320:Core/Src/main.c ****   SX1278_hw.reset.port = Lora_Reset_GPIO_Port;
 4548              		.loc 1 320 21 is_stmt 0 view .LVU1153
 4549 0058 4FF48051 		mov	r1, #4096
 4550 005c 1961     		str	r1, [r3, #16]
 321:Core/Src/main.c ****   SX1278_hw.reset.pin = Lora_Reset_Pin;
 4551              		.loc 1 321 3 is_stmt 1 view .LVU1154
 321:Core/Src/main.c ****   SX1278_hw.reset.pin = Lora_Reset_Pin;
 4552              		.loc 1 321 24 is_stmt 0 view .LVU1155
 4553 005e 5A60     		str	r2, [r3, #4]
 322:Core/Src/main.c ****   SX1278_hw.spi = Lora_SPI;
 4554              		.loc 1 322 3 is_stmt 1 view .LVU1156
 322:Core/Src/main.c ****   SX1278_hw.spi = Lora_SPI;
 4555              		.loc 1 322 23 is_stmt 0 view .LVU1157
 4556 0060 4FF48062 		mov	r2, #1024
ARM GAS  C:\Users\joabk\AppData\Local\Temp\ccUHSZ0G.s 			page 152


 4557 0064 1A60     		str	r2, [r3]
 323:Core/Src/main.c **** 
 4558              		.loc 1 323 3 is_stmt 1 view .LVU1158
 323:Core/Src/main.c **** 
 4559              		.loc 1 323 17 is_stmt 0 view .LVU1159
 4560 0066 824A     		ldr	r2, .L316+12
 4561 0068 1268     		ldr	r2, [r2]
 4562 006a 9A61     		str	r2, [r3, #24]
 325:Core/Src/main.c ****   LoRa_Init();
 4563              		.loc 1 325 3 is_stmt 1 view .LVU1160
 325:Core/Src/main.c ****   LoRa_Init();
 4564              		.loc 1 325 13 is_stmt 0 view .LVU1161
 4565 006c 814A     		ldr	r2, .L316+16
 4566 006e 1360     		str	r3, [r2]
 326:Core/Src/main.c ****   
 4567              		.loc 1 326 3 is_stmt 1 view .LVU1162
 4568 0070 FFF7FEFF 		bl	LoRa_Init
 4569              	.LVL358:
 329:Core/Src/main.c ****  
 4570              		.loc 1 329 3 view .LVU1163
 329:Core/Src/main.c ****  
 4571              		.loc 1 329 21 is_stmt 0 view .LVU1164
 4572 0074 804B     		ldr	r3, .L316+20
 4573 0076 1868     		ldr	r0, [r3]
 4574 0078 FFF7FEFF 		bl	ssd1306_Init
 4575              	.LVL359:
 329:Core/Src/main.c ****  
 4576              		.loc 1 329 20 discriminator 1 view .LVU1165
 4577 007c B0FA80F3 		clz	r3, r0
 4578 0080 5B09     		lsrs	r3, r3, #5
 329:Core/Src/main.c ****  
 4579              		.loc 1 329 18 discriminator 1 view .LVU1166
 4580 0082 7E4A     		ldr	r2, .L316+24
 4581 0084 1370     		strb	r3, [r2]
 332:Core/Src/main.c ****   //if (RTC_Connected) RTC_Set_Time_Once(RTC_I2C);
 4582              		.loc 1 332 3 is_stmt 1 view .LVU1167
 332:Core/Src/main.c ****   //if (RTC_Connected) RTC_Set_Time_Once(RTC_I2C);
 4583              		.loc 1 332 19 is_stmt 0 view .LVU1168
 4584 0086 FFF7FEFF 		bl	RTC_Detect
 4585              	.LVL360:
 332:Core/Src/main.c ****   //if (RTC_Connected) RTC_Set_Time_Once(RTC_I2C);
 4586              		.loc 1 332 17 discriminator 1 view .LVU1169
 4587 008a 7D4B     		ldr	r3, .L316+28
 4588 008c 1870     		strb	r0, [r3]
 337:Core/Src/main.c ****   Atlas2_Connected = Atlas_Detect(RTD_1_Addr);
 4589              		.loc 1 337 3 is_stmt 1 view .LVU1170
 337:Core/Src/main.c ****   Atlas2_Connected = Atlas_Detect(RTD_1_Addr);
 4590              		.loc 1 337 22 is_stmt 0 view .LVU1171
 4591 008e C220     		movs	r0, #194
 4592 0090 FFF7FEFF 		bl	Atlas_Detect
 4593              	.LVL361:
 337:Core/Src/main.c ****   Atlas2_Connected = Atlas_Detect(RTD_1_Addr);
 4594              		.loc 1 337 20 discriminator 1 view .LVU1172
 4595 0094 7B4B     		ldr	r3, .L316+32
 4596 0096 1870     		strb	r0, [r3]
 338:Core/Src/main.c ****   Atlas3_Connected = Atlas_Detect(DO_2_Addr);
 4597              		.loc 1 338 3 is_stmt 1 view .LVU1173
ARM GAS  C:\Users\joabk\AppData\Local\Temp\ccUHSZ0G.s 			page 153


 338:Core/Src/main.c ****   Atlas3_Connected = Atlas_Detect(DO_2_Addr);
 4598              		.loc 1 338 22 is_stmt 0 view .LVU1174
 4599 0098 CC20     		movs	r0, #204
 4600 009a FFF7FEFF 		bl	Atlas_Detect
 4601              	.LVL362:
 338:Core/Src/main.c ****   Atlas3_Connected = Atlas_Detect(DO_2_Addr);
 4602              		.loc 1 338 20 discriminator 1 view .LVU1175
 4603 009e 7A4B     		ldr	r3, .L316+36
 4604 00a0 1870     		strb	r0, [r3]
 339:Core/Src/main.c ****   Atlas4_Connected = Atlas_Detect(RTD_2_Addr);
 4605              		.loc 1 339 3 is_stmt 1 view .LVU1176
 339:Core/Src/main.c ****   Atlas4_Connected = Atlas_Detect(RTD_2_Addr);
 4606              		.loc 1 339 22 is_stmt 0 view .LVU1177
 4607 00a2 C420     		movs	r0, #196
 4608 00a4 FFF7FEFF 		bl	Atlas_Detect
 4609              	.LVL363:
 339:Core/Src/main.c ****   Atlas4_Connected = Atlas_Detect(RTD_2_Addr);
 4610              		.loc 1 339 20 discriminator 1 view .LVU1178
 4611 00a8 784B     		ldr	r3, .L316+40
 4612 00aa 1870     		strb	r0, [r3]
 340:Core/Src/main.c **** 
 4613              		.loc 1 340 3 is_stmt 1 view .LVU1179
 340:Core/Src/main.c **** 
 4614              		.loc 1 340 22 is_stmt 0 view .LVU1180
 4615 00ac CE20     		movs	r0, #206
 4616 00ae FFF7FEFF 		bl	Atlas_Detect
 4617              	.LVL364:
 340:Core/Src/main.c **** 
 4618              		.loc 1 340 20 discriminator 1 view .LVU1181
 4619 00b2 774B     		ldr	r3, .L316+44
 4620 00b4 1870     		strb	r0, [r3]
 345:Core/Src/main.c **** 
 4621              		.loc 1 345 3 is_stmt 1 view .LVU1182
 4622 00b6 FFF7FEFF 		bl	SD_Detect
 4623              	.LVL365:
 373:Core/Src/main.c ****   HAL_TIM_Base_Start_IT(Live_Tim); 
 4624              		.loc 1 373 3 view .LVU1183
 4625 00ba 764B     		ldr	r3, .L316+48
 4626 00bc 1868     		ldr	r0, [r3]
 4627 00be FFF7FEFF 		bl	HAL_TIM_Base_Start_IT
 4628              	.LVL366:
 374:Core/Src/main.c ****   HAL_TIM_Base_Start_IT(Measure_Tim);
 4629              		.loc 1 374 3 view .LVU1184
 4630 00c2 754B     		ldr	r3, .L316+52
 4631 00c4 1868     		ldr	r0, [r3]
 4632 00c6 FFF7FEFF 		bl	HAL_TIM_Base_Start_IT
 4633              	.LVL367:
 375:Core/Src/main.c **** 
 4634              		.loc 1 375 3 view .LVU1185
 4635 00ca 744B     		ldr	r3, .L316+56
 4636 00cc 1868     		ldr	r0, [r3]
 4637 00ce FFF7FEFF 		bl	HAL_TIM_Base_Start_IT
 4638              	.LVL368:
 377:Core/Src/main.c ****   //uint16_t Counter = 0;
 4639              		.loc 1 377 3 view .LVU1186
 379:Core/Src/main.c **** 
 4640              		.loc 1 379 3 view .LVU1187
ARM GAS  C:\Users\joabk\AppData\Local\Temp\ccUHSZ0G.s 			page 154


 381:Core/Src/main.c ****   HAL_IWDG_Refresh(&hiwdg);
 4641              		.loc 1 381 3 view .LVU1188
 4642 00d2 4FF47A70 		mov	r0, #1000
 4643 00d6 FFF7FEFF 		bl	HAL_Delay
 4644              	.LVL369:
 382:Core/Src/main.c **** 
 4645              		.loc 1 382 3 view .LVU1189
 4646 00da 7148     		ldr	r0, .L316+60
 4647 00dc FFF7FEFF 		bl	HAL_IWDG_Refresh
 4648              	.LVL370:
 4649 00e0 9AE1     		b	.L290
 4650              	.L309:
 395:Core/Src/main.c ****       PB1_Flag = 0;
 4651              		.loc 1 395 7 view .LVU1190
 4652 00e2 FFF7FEFF 		bl	Calibrate_Atlas
 4653              	.LVL371:
 396:Core/Src/main.c ****       PB2_Flag = 0;
 4654              		.loc 1 396 7 view .LVU1191
 396:Core/Src/main.c ****       PB2_Flag = 0;
 4655              		.loc 1 396 16 is_stmt 0 view .LVU1192
 4656 00e6 0020     		movs	r0, #0
 4657 00e8 6E4B     		ldr	r3, .L316+64
 4658 00ea 1870     		strb	r0, [r3]
 397:Core/Src/main.c ****       PB3_Flag = 0;
 4659              		.loc 1 397 7 is_stmt 1 view .LVU1193
 397:Core/Src/main.c ****       PB3_Flag = 0;
 4660              		.loc 1 397 16 is_stmt 0 view .LVU1194
 4661 00ec 6E4B     		ldr	r3, .L316+68
 4662 00ee 1870     		strb	r0, [r3]
 398:Core/Src/main.c ****       Calibrate_Flag = 0;
 4663              		.loc 1 398 7 is_stmt 1 view .LVU1195
 398:Core/Src/main.c ****       Calibrate_Flag = 0;
 4664              		.loc 1 398 16 is_stmt 0 view .LVU1196
 4665 00f0 6E4B     		ldr	r3, .L316+72
 4666 00f2 1870     		strb	r0, [r3]
 399:Core/Src/main.c ****       ssd1306_Fill(Black);
 4667              		.loc 1 399 7 is_stmt 1 view .LVU1197
 399:Core/Src/main.c ****       ssd1306_Fill(Black);
 4668              		.loc 1 399 22 is_stmt 0 view .LVU1198
 4669 00f4 6E4B     		ldr	r3, .L316+76
 4670 00f6 1870     		strb	r0, [r3]
 400:Core/Src/main.c ****     }
 4671              		.loc 1 400 7 is_stmt 1 view .LVU1199
 4672 00f8 FFF7FEFF 		bl	ssd1306_Fill
 4673              	.LVL372:
 4674 00fc 9CE1     		b	.L258
 4675              	.L310:
 4676              	.LBB22:
 408:Core/Src/main.c **** 
 4677              		.loc 1 408 7 view .LVU1200
 408:Core/Src/main.c **** 
 4678              		.loc 1 408 19 is_stmt 0 view .LVU1201
 4679 00fe 6D4B     		ldr	r3, .L316+80
 4680 0100 1868     		ldr	r0, [r3]
 4681 0102 FFF7FEFF 		bl	RTC_Get_Time
 4682              	.LVL373:
 410:Core/Src/main.c ****       time_t raw_time = (time_t)curr_time;
ARM GAS  C:\Users\joabk\AppData\Local\Temp\ccUHSZ0G.s 			page 155


 4683              		.loc 1 410 7 is_stmt 1 view .LVU1202
 411:Core/Src/main.c **** 
 4684              		.loc 1 411 7 view .LVU1203
 411:Core/Src/main.c **** 
 4685              		.loc 1 411 14 is_stmt 0 view .LVU1204
 4686 0106 0690     		str	r0, [sp, #24]
 4687 0108 0023     		movs	r3, #0
 4688 010a 0793     		str	r3, [sp, #28]
 414:Core/Src/main.c ****       strftime(time_buffer, sizeof(time_buffer), "%d/%m/%y %H:%M:%S", tm_info);
 4689              		.loc 1 414 7 is_stmt 1 view .LVU1205
 414:Core/Src/main.c ****       strftime(time_buffer, sizeof(time_buffer), "%d/%m/%y %H:%M:%S", tm_info);
 4690              		.loc 1 414 17 is_stmt 0 view .LVU1206
 4691 010c 06A8     		add	r0, sp, #24
 4692              	.LVL374:
 414:Core/Src/main.c ****       strftime(time_buffer, sizeof(time_buffer), "%d/%m/%y %H:%M:%S", tm_info);
 4693              		.loc 1 414 17 view .LVU1207
 4694 010e FFF7FEFF 		bl	localtime
 4695              	.LVL375:
 414:Core/Src/main.c ****       strftime(time_buffer, sizeof(time_buffer), "%d/%m/%y %H:%M:%S", tm_info);
 4696              		.loc 1 414 17 view .LVU1208
 4697 0112 0446     		mov	r4, r0
 4698              	.LVL376:
 415:Core/Src/main.c ****       Current_Second = tm_info ->tm_sec;
 4699              		.loc 1 415 7 is_stmt 1 view .LVU1209
 4700 0114 0346     		mov	r3, r0
 4701 0116 684A     		ldr	r2, .L316+84
 4702 0118 1221     		movs	r1, #18
 4703 011a 0BA8     		add	r0, sp, #44
 4704              	.LVL377:
 415:Core/Src/main.c ****       Current_Second = tm_info ->tm_sec;
 4705              		.loc 1 415 7 is_stmt 0 view .LVU1210
 4706 011c FFF7FEFF 		bl	strftime
 4707              	.LVL378:
 416:Core/Src/main.c ****     }
 4708              		.loc 1 416 7 is_stmt 1 view .LVU1211
 416:Core/Src/main.c ****     }
 4709              		.loc 1 416 32 is_stmt 0 view .LVU1212
 4710 0120 2268     		ldr	r2, [r4]
 416:Core/Src/main.c ****     }
 4711              		.loc 1 416 22 view .LVU1213
 4712 0122 664B     		ldr	r3, .L316+88
 4713 0124 1A70     		strb	r2, [r3]
 4714 0126 8FE1     		b	.L259
 4715              	.LVL379:
 4716              	.L311:
 416:Core/Src/main.c ****     }
 4717              		.loc 1 416 22 view .LVU1214
 4718              	.LBE22:
 421:Core/Src/main.c **** 
 4719              		.loc 1 421 7 is_stmt 1 view .LVU1215
 4720 0128 0BAA     		add	r2, sp, #44
 4721 012a 0021     		movs	r1, #0
 4722 012c 0846     		mov	r0, r1
 4723 012e FFF7FEFF 		bl	write_OLED
 4724              	.LVL380:
 423:Core/Src/main.c ****       write_OLED(0,1,connected_buffer);
 4725              		.loc 1 423 7 view .LVU1216
ARM GAS  C:\Users\joabk\AppData\Local\Temp\ccUHSZ0G.s 			page 156


 4726 0132 634C     		ldr	r4, .L316+92
 4727 0134 634B     		ldr	r3, .L316+96
 4728 0136 1B78     		ldrb	r3, [r3]	@ zero_extendqisi2
 4729 0138 0593     		str	r3, [sp, #20]
 4730 013a 554B     		ldr	r3, .L316+44
 4731 013c 1B78     		ldrb	r3, [r3]	@ zero_extendqisi2
 4732 013e 0493     		str	r3, [sp, #16]
 4733 0140 524B     		ldr	r3, .L316+40
 4734 0142 1B78     		ldrb	r3, [r3]	@ zero_extendqisi2
 4735 0144 0393     		str	r3, [sp, #12]
 4736 0146 504B     		ldr	r3, .L316+36
 4737 0148 1B78     		ldrb	r3, [r3]	@ zero_extendqisi2
 4738 014a 0293     		str	r3, [sp, #8]
 4739 014c 4D4B     		ldr	r3, .L316+32
 4740 014e 1B78     		ldrb	r3, [r3]	@ zero_extendqisi2
 4741 0150 0193     		str	r3, [sp, #4]
 4742 0152 4B4B     		ldr	r3, .L316+28
 4743 0154 1B78     		ldrb	r3, [r3]	@ zero_extendqisi2
 4744 0156 0093     		str	r3, [sp]
 4745 0158 5B4B     		ldr	r3, .L316+100
 4746 015a 1B78     		ldrb	r3, [r3]	@ zero_extendqisi2
 4747 015c 5B4A     		ldr	r2, .L316+104
 4748 015e 1421     		movs	r1, #20
 4749 0160 2046     		mov	r0, r4
 4750 0162 FFF7FEFF 		bl	snprintf
 4751              	.LVL381:
 424:Core/Src/main.c **** 
 4752              		.loc 1 424 7 view .LVU1217
 4753 0166 2246     		mov	r2, r4
 4754 0168 0121     		movs	r1, #1
 4755 016a 0020     		movs	r0, #0
 4756 016c FFF7FEFF 		bl	write_OLED
 4757              	.LVL382:
 426:Core/Src/main.c ****       write_OLED(7,2,Atlas_Buffer_2);
 4758              		.loc 1 426 7 view .LVU1218
 4759 0170 574A     		ldr	r2, .L316+108
 4760 0172 0221     		movs	r1, #2
 4761 0174 0020     		movs	r0, #0
 4762 0176 FFF7FEFF 		bl	write_OLED
 4763              	.LVL383:
 427:Core/Src/main.c ****       write_OLED(0,3,Atlas_Buffer_3);
 4764              		.loc 1 427 7 view .LVU1219
 4765 017a 564A     		ldr	r2, .L316+112
 4766 017c 0221     		movs	r1, #2
 4767 017e 0720     		movs	r0, #7
 4768 0180 FFF7FEFF 		bl	write_OLED
 4769              	.LVL384:
 428:Core/Src/main.c ****       write_OLED(7,3,Atlas_Buffer_4);
 4770              		.loc 1 428 7 view .LVU1220
 4771 0184 544A     		ldr	r2, .L316+116
 4772 0186 0321     		movs	r1, #3
 4773 0188 0020     		movs	r0, #0
 4774 018a FFF7FEFF 		bl	write_OLED
 4775              	.LVL385:
 429:Core/Src/main.c **** 
 4776              		.loc 1 429 7 view .LVU1221
 4777 018e 534A     		ldr	r2, .L316+120
ARM GAS  C:\Users\joabk\AppData\Local\Temp\ccUHSZ0G.s 			page 157


 4778 0190 0321     		movs	r1, #3
 4779 0192 0720     		movs	r0, #7
 4780 0194 FFF7FEFF 		bl	write_OLED
 4781              	.LVL386:
 432:Core/Src/main.c **** 
 4782              		.loc 1 432 7 view .LVU1222
 432:Core/Src/main.c **** 
 4783              		.loc 1 432 23 is_stmt 0 view .LVU1223
 4784 0198 514B     		ldr	r3, .L316+124
 4785 019a 0022     		movs	r2, #0
 4786 019c 1A70     		strb	r2, [r3]
 434:Core/Src/main.c ****       {
 4787              		.loc 1 434 7 is_stmt 1 view .LVU1224
 434:Core/Src/main.c ****       {
 4788              		.loc 1 434 10 is_stmt 0 view .LVU1225
 4789 019e 414B     		ldr	r3, .L316+64
 4790 01a0 1B78     		ldrb	r3, [r3]	@ zero_extendqisi2
 434:Core/Src/main.c ****       {
 4791              		.loc 1 434 9 view .LVU1226
 4792 01a2 ABB9     		cbnz	r3, .L292
 439:Core/Src/main.c ****       {
 4793              		.loc 1 439 12 is_stmt 1 view .LVU1227
 439:Core/Src/main.c ****       {
 4794              		.loc 1 439 15 is_stmt 0 view .LVU1228
 4795 01a4 404B     		ldr	r3, .L316+68
 4796 01a6 1B78     		ldrb	r3, [r3]	@ zero_extendqisi2
 439:Core/Src/main.c ****       {
 4797              		.loc 1 439 14 view .LVU1229
 4798 01a8 DBB9     		cbnz	r3, .L293
 444:Core/Src/main.c ****       {
 4799              		.loc 1 444 12 is_stmt 1 view .LVU1230
 444:Core/Src/main.c ****       {
 4800              		.loc 1 444 15 is_stmt 0 view .LVU1231
 4801 01aa 404B     		ldr	r3, .L316+72
 4802 01ac 1B78     		ldrb	r3, [r3]	@ zero_extendqisi2
 444:Core/Src/main.c ****       {
 4803              		.loc 1 444 14 view .LVU1232
 4804 01ae 002B     		cmp	r3, #0
 4805 01b0 00F05281 		beq	.L260
 446:Core/Src/main.c ****         SD_DataDump();
 4806              		.loc 1 446 9 is_stmt 1 view .LVU1233
 4807 01b4 4B4A     		ldr	r2, .L316+128
 4808 01b6 0521     		movs	r1, #5
 4809 01b8 0620     		movs	r0, #6
 4810 01ba FFF7FEFF 		bl	write_OLED
 4811              	.LVL387:
 447:Core/Src/main.c ****         Main_Mode = 2;
 4812              		.loc 1 447 9 view .LVU1234
 4813 01be FFF7FEFF 		bl	SD_DataDump
 4814              	.LVL388:
 448:Core/Src/main.c ****         PB3_Flag = 0;
 4815              		.loc 1 448 9 view .LVU1235
 448:Core/Src/main.c ****         PB3_Flag = 0;
 4816              		.loc 1 448 19 is_stmt 0 view .LVU1236
 4817 01c2 494B     		ldr	r3, .L316+132
 4818 01c4 0222     		movs	r2, #2
 4819 01c6 1A70     		strb	r2, [r3]
ARM GAS  C:\Users\joabk\AppData\Local\Temp\ccUHSZ0G.s 			page 158


 449:Core/Src/main.c ****       }
 4820              		.loc 1 449 9 is_stmt 1 view .LVU1237
 449:Core/Src/main.c ****       }
 4821              		.loc 1 449 18 is_stmt 0 view .LVU1238
 4822 01c8 384B     		ldr	r3, .L316+72
 4823 01ca 0022     		movs	r2, #0
 4824 01cc 1A70     		strb	r2, [r3]
 4825 01ce 43E1     		b	.L260
 4826              	.L292:
 436:Core/Src/main.c ****         PB1_Flag = 0;
 4827              		.loc 1 436 9 is_stmt 1 view .LVU1239
 4828 01d0 464A     		ldr	r2, .L316+136
 4829 01d2 0521     		movs	r1, #5
 4830 01d4 0620     		movs	r0, #6
 4831 01d6 FFF7FEFF 		bl	write_OLED
 4832              	.LVL389:
 437:Core/Src/main.c ****       }
 4833              		.loc 1 437 9 view .LVU1240
 437:Core/Src/main.c ****       }
 4834              		.loc 1 437 18 is_stmt 0 view .LVU1241
 4835 01da 324B     		ldr	r3, .L316+64
 4836 01dc 0022     		movs	r2, #0
 4837 01de 1A70     		strb	r2, [r3]
 4838 01e0 3AE1     		b	.L260
 4839              	.L293:
 441:Core/Src/main.c ****         PB3_Flag = 0;
 4840              		.loc 1 441 9 is_stmt 1 view .LVU1242
 4841 01e2 434A     		ldr	r2, .L316+140
 4842 01e4 0521     		movs	r1, #5
 4843 01e6 0620     		movs	r0, #6
 4844 01e8 FFF7FEFF 		bl	write_OLED
 4845              	.LVL390:
 442:Core/Src/main.c ****       }
 4846              		.loc 1 442 9 view .LVU1243
 442:Core/Src/main.c ****       }
 4847              		.loc 1 442 18 is_stmt 0 view .LVU1244
 4848 01ec 2F4B     		ldr	r3, .L316+72
 4849 01ee 0022     		movs	r2, #0
 4850 01f0 1A70     		strb	r2, [r3]
 4851 01f2 31E1     		b	.L260
 4852              	.L264:
 466:Core/Src/main.c ****           Main_Mode = 0;
 4853              		.loc 1 466 11 is_stmt 1 view .LVU1245
 4854 01f4 3F4A     		ldr	r2, .L316+144
 4855 01f6 404B     		ldr	r3, .L316+148
 4856 01f8 1B68     		ldr	r3, [r3]
 4857 01fa 1380     		strh	r3, [r2]	@ movhi
 4858 01fc 1B0C     		lsrs	r3, r3, #16
 4859 01fe 9370     		strb	r3, [r2, #2]
 467:Core/Src/main.c ****           Main_Mode_Changed = 1;
 4860              		.loc 1 467 11 view .LVU1246
 467:Core/Src/main.c ****           Main_Mode_Changed = 1;
 4861              		.loc 1 467 21 is_stmt 0 view .LVU1247
 4862 0200 394B     		ldr	r3, .L316+132
 4863 0202 0022     		movs	r2, #0
 4864 0204 1A70     		strb	r2, [r3]
 468:Core/Src/main.c ****           break;
ARM GAS  C:\Users\joabk\AppData\Local\Temp\ccUHSZ0G.s 			page 159


 4865              		.loc 1 468 11 is_stmt 1 view .LVU1248
 468:Core/Src/main.c ****           break;
 4866              		.loc 1 468 29 is_stmt 0 view .LVU1249
 4867 0206 3D4B     		ldr	r3, .L316+152
 4868 0208 0122     		movs	r2, #1
 4869 020a 1A70     		strb	r2, [r3]
 469:Core/Src/main.c ****         case 3:
 4870              		.loc 1 469 11 is_stmt 1 view .LVU1250
 4871 020c 3EE1     		b	.L267
 4872              	.L265:
 471:Core/Src/main.c ****           Main_Mode = 0;
 4873              		.loc 1 471 11 view .LVU1251
 4874 020e 394A     		ldr	r2, .L316+144
 4875 0210 3B4B     		ldr	r3, .L316+156
 4876 0212 1B68     		ldr	r3, [r3]
 4877 0214 1380     		strh	r3, [r2]	@ movhi
 4878 0216 1B0C     		lsrs	r3, r3, #16
 4879 0218 9370     		strb	r3, [r2, #2]
 472:Core/Src/main.c ****           Main_Mode_Changed = 1;
 4880              		.loc 1 472 11 view .LVU1252
 472:Core/Src/main.c ****           Main_Mode_Changed = 1;
 4881              		.loc 1 472 21 is_stmt 0 view .LVU1253
 4882 021a 334B     		ldr	r3, .L316+132
 4883 021c 0022     		movs	r2, #0
 4884 021e 1A70     		strb	r2, [r3]
 473:Core/Src/main.c ****           break;
 4885              		.loc 1 473 11 is_stmt 1 view .LVU1254
 473:Core/Src/main.c ****           break;
 4886              		.loc 1 473 29 is_stmt 0 view .LVU1255
 4887 0220 364B     		ldr	r3, .L316+152
 4888 0222 0122     		movs	r2, #1
 4889 0224 1A70     		strb	r2, [r3]
 474:Core/Src/main.c ****         default:
 4890              		.loc 1 474 11 is_stmt 1 view .LVU1256
 4891 0226 31E1     		b	.L267
 4892              	.L266:
 476:Core/Src/main.c ****           Main_Mode = 0;
 4893              		.loc 1 476 11 view .LVU1257
 4894 0228 324A     		ldr	r2, .L316+144
 4895 022a 364B     		ldr	r3, .L316+160
 4896 022c 1B68     		ldr	r3, [r3]
 4897 022e 1380     		strh	r3, [r2]	@ movhi
 4898 0230 1B0C     		lsrs	r3, r3, #16
 4899 0232 9370     		strb	r3, [r2, #2]
 477:Core/Src/main.c ****       }
 4900              		.loc 1 477 11 view .LVU1258
 477:Core/Src/main.c ****       }
 4901              		.loc 1 477 21 is_stmt 0 view .LVU1259
 4902 0234 2C4B     		ldr	r3, .L316+132
 4903 0236 0022     		movs	r2, #0
 4904 0238 1A70     		strb	r2, [r3]
 4905 023a 27E1     		b	.L267
 4906              	.L312:
 482:Core/Src/main.c ****         Main_Mode_Changed = 0;
 4907              		.loc 1 482 9 is_stmt 1 view .LVU1260
 4908 023c 2D4A     		ldr	r2, .L316+144
 4909 023e 0521     		movs	r1, #5
ARM GAS  C:\Users\joabk\AppData\Local\Temp\ccUHSZ0G.s 			page 160


 4910 0240 0F20     		movs	r0, #15
 4911 0242 FFF7FEFF 		bl	write_OLED
 4912              	.LVL391:
 483:Core/Src/main.c ****       }
 4913              		.loc 1 483 9 view .LVU1261
 483:Core/Src/main.c ****       }
 4914              		.loc 1 483 27 is_stmt 0 view .LVU1262
 4915 0246 2D4B     		ldr	r3, .L316+152
 4916 0248 0022     		movs	r2, #0
 4917 024a 1A70     		strb	r2, [r3]
 4918 024c 23E1     		b	.L263
 4919              	.L313:
 493:Core/Src/main.c ****       write_OLED(0,4,LoRa_RX_Buffer);
 4920              		.loc 1 493 7 is_stmt 1 view .LVU1263
 4921 024e 2E4A     		ldr	r2, .L316+164
 4922 0250 0421     		movs	r1, #4
 4923 0252 0020     		movs	r0, #0
 4924 0254 FFF7FEFF 		bl	write_OLED
 4925              	.LVL392:
 494:Core/Src/main.c ****     }
 4926              		.loc 1 494 7 view .LVU1264
 4927 0258 2C4A     		ldr	r2, .L316+168
 4928 025a 0421     		movs	r1, #4
 4929 025c 0020     		movs	r0, #0
 4930 025e FFF7FEFF 		bl	write_OLED
 4931              	.LVL393:
 4932 0262 20E1     		b	.L268
 4933              	.L317:
 4934              		.align	2
 4935              	.L316:
 4936 0264 00000000 		.word	SX1278_hw
 4937 0268 00000240 		.word	1073872896
 4938 026c 00040240 		.word	1073873920
 4939 0270 00000000 		.word	Lora_SPI
 4940 0274 00000000 		.word	SX1278
 4941 0278 00000000 		.word	Oled_I2C
 4942 027c 00000000 		.word	OLED_Connected
 4943 0280 00000000 		.word	RTC_Connected
 4944 0284 00000000 		.word	Atlas1_Connected
 4945 0288 00000000 		.word	Atlas2_Connected
 4946 028c 00000000 		.word	Atlas3_Connected
 4947 0290 00000000 		.word	Atlas4_Connected
 4948 0294 00000000 		.word	LED_Tim
 4949 0298 00000000 		.word	Live_Tim
 4950 029c 00000000 		.word	Measure_Tim
 4951 02a0 00000000 		.word	hiwdg
 4952 02a4 00000000 		.word	PB1_Flag
 4953 02a8 00000000 		.word	PB2_Flag
 4954 02ac 00000000 		.word	PB3_Flag
 4955 02b0 00000000 		.word	Calibrate_Flag
 4956 02b4 00000000 		.word	RTC_I2C
 4957 02b8 00000000 		.word	.LC30
 4958 02bc 00000000 		.word	Current_Second
 4959 02c0 00000000 		.word	connected_buffer
 4960 02c4 00000000 		.word	SD_Connected
 4961 02c8 00000000 		.word	LoRa_Connected
 4962 02cc 14000000 		.word	.LC31
ARM GAS  C:\Users\joabk\AppData\Local\Temp\ccUHSZ0G.s 			page 161


 4963 02d0 00000000 		.word	Atlas_Buffer_1
 4964 02d4 00000000 		.word	Atlas_Buffer_2
 4965 02d8 00000000 		.word	Atlas_Buffer_3
 4966 02dc 00000000 		.word	Atlas_Buffer_4
 4967 02e0 00000000 		.word	RTC_Update_Oled
 4968 02e4 38000000 		.word	.LC34
 4969 02e8 00000000 		.word	Main_Mode
 4970 02ec 30000000 		.word	.LC32
 4971 02f0 34000000 		.word	.LC33
 4972 02f4 00000000 		.word	mode_buffer
 4973 02f8 40000000 		.word	.LC36
 4974 02fc 00000000 		.word	Main_Mode_Changed
 4975 0300 44000000 		.word	.LC37
 4976 0304 48000000 		.word	.LC38
 4977 0308 4C000000 		.word	.LC39
 4978 030c 00000000 		.word	LoRa_RX_Buffer
 4979              	.L314:
 502:Core/Src/main.c ****         Main_Mode = 2;
 4980              		.loc 1 502 9 view .LVU1265
 4981 0310 9A48     		ldr	r0, .L318
 4982 0312 FFF7FEFF 		bl	LoRa_TX
 4983              	.LVL394:
 503:Core/Src/main.c ****       }
 4984              		.loc 1 503 9 view .LVU1266
 503:Core/Src/main.c ****       }
 4985              		.loc 1 503 19 is_stmt 0 view .LVU1267
 4986 0316 9A4B     		ldr	r3, .L318+4
 4987 0318 0222     		movs	r2, #2
 4988 031a 1A70     		strb	r2, [r3]
 4989              	.L271:
 522:Core/Src/main.c **** 
 4990              		.loc 1 522 7 is_stmt 1 view .LVU1268
 522:Core/Src/main.c **** 
 4991              		.loc 1 522 20 is_stmt 0 view .LVU1269
 4992 031c 994B     		ldr	r3, .L318+8
 4993 031e 0022     		movs	r2, #0
 4994 0320 1A70     		strb	r2, [r3]
 4995              	.L269:
 529:Core/Src/main.c ****     {  
 4996              		.loc 1 529 5 is_stmt 1 view .LVU1270
 529:Core/Src/main.c ****     {  
 4997              		.loc 1 529 8 is_stmt 0 view .LVU1271
 4998 0322 994B     		ldr	r3, .L318+12
 4999 0324 1B78     		ldrb	r3, [r3]	@ zero_extendqisi2
 529:Core/Src/main.c ****     {  
 5000              		.loc 1 529 7 view .LVU1272
 5001 0326 002B     		cmp	r3, #0
 5002 0328 55D0     		beq	.L273
 531:Core/Src/main.c ****       if (Atlas2_Connected) Atlas_Wake(RTD_1_Addr);
 5003              		.loc 1 531 7 is_stmt 1 view .LVU1273
 531:Core/Src/main.c ****       if (Atlas2_Connected) Atlas_Wake(RTD_1_Addr);
 5004              		.loc 1 531 11 is_stmt 0 view .LVU1274
 5005 032a 984B     		ldr	r3, .L318+16
 5006 032c 1B78     		ldrb	r3, [r3]	@ zero_extendqisi2
 531:Core/Src/main.c ****       if (Atlas2_Connected) Atlas_Wake(RTD_1_Addr);
 5007              		.loc 1 531 10 view .LVU1275
 5008 032e 002B     		cmp	r3, #0
ARM GAS  C:\Users\joabk\AppData\Local\Temp\ccUHSZ0G.s 			page 162


 5009 0330 40F0F080 		bne	.L294
 5010              	.L274:
 532:Core/Src/main.c ****       if (Atlas3_Connected) Atlas_Wake(DO_2_Addr);
 5011              		.loc 1 532 7 is_stmt 1 view .LVU1276
 532:Core/Src/main.c ****       if (Atlas3_Connected) Atlas_Wake(DO_2_Addr);
 5012              		.loc 1 532 11 is_stmt 0 view .LVU1277
 5013 0334 964B     		ldr	r3, .L318+20
 5014 0336 1B78     		ldrb	r3, [r3]	@ zero_extendqisi2
 532:Core/Src/main.c ****       if (Atlas3_Connected) Atlas_Wake(DO_2_Addr);
 5015              		.loc 1 532 10 view .LVU1278
 5016 0338 002B     		cmp	r3, #0
 5017 033a 40F0EF80 		bne	.L295
 5018              	.L275:
 533:Core/Src/main.c ****       if (Atlas4_Connected) Atlas_Wake(RTD_2_Addr);
 5019              		.loc 1 533 7 is_stmt 1 view .LVU1279
 533:Core/Src/main.c ****       if (Atlas4_Connected) Atlas_Wake(RTD_2_Addr);
 5020              		.loc 1 533 11 is_stmt 0 view .LVU1280
 5021 033e 954B     		ldr	r3, .L318+24
 5022 0340 1B78     		ldrb	r3, [r3]	@ zero_extendqisi2
 533:Core/Src/main.c ****       if (Atlas4_Connected) Atlas_Wake(RTD_2_Addr);
 5023              		.loc 1 533 10 view .LVU1281
 5024 0342 002B     		cmp	r3, #0
 5025 0344 40F0EE80 		bne	.L296
 5026              	.L276:
 534:Core/Src/main.c **** 
 5027              		.loc 1 534 7 is_stmt 1 view .LVU1282
 534:Core/Src/main.c **** 
 5028              		.loc 1 534 11 is_stmt 0 view .LVU1283
 5029 0348 934B     		ldr	r3, .L318+28
 5030 034a 1B78     		ldrb	r3, [r3]	@ zero_extendqisi2
 534:Core/Src/main.c **** 
 5031              		.loc 1 534 10 view .LVU1284
 5032 034c 002B     		cmp	r3, #0
 5033 034e 40F0ED80 		bne	.L297
 5034              	.L277:
 536:Core/Src/main.c **** 
 5035              		.loc 1 536 7 is_stmt 1 view .LVU1285
 5036 0352 4FF41670 		mov	r0, #600
 5037 0356 FFF7FEFF 		bl	HAL_Delay
 5038              	.LVL395:
 538:Core/Src/main.c ****       if (Atlas2_Connected) Atlas_Read_Val(Atlas_Buffer_2,RTD_1_Addr);
 5039              		.loc 1 538 7 view .LVU1286
 538:Core/Src/main.c ****       if (Atlas2_Connected) Atlas_Read_Val(Atlas_Buffer_2,RTD_1_Addr);
 5040              		.loc 1 538 11 is_stmt 0 view .LVU1287
 5041 035a 8C4B     		ldr	r3, .L318+16
 5042 035c 1B78     		ldrb	r3, [r3]	@ zero_extendqisi2
 538:Core/Src/main.c ****       if (Atlas2_Connected) Atlas_Read_Val(Atlas_Buffer_2,RTD_1_Addr);
 5043              		.loc 1 538 10 view .LVU1288
 5044 035e 002B     		cmp	r3, #0
 5045 0360 40F0E880 		bne	.L298
 5046              	.L278:
 539:Core/Src/main.c ****       if (Atlas3_Connected) Atlas_Read_Val(Atlas_Buffer_3,DO_2_Addr);
 5047              		.loc 1 539 7 is_stmt 1 view .LVU1289
 539:Core/Src/main.c ****       if (Atlas3_Connected) Atlas_Read_Val(Atlas_Buffer_3,DO_2_Addr);
 5048              		.loc 1 539 11 is_stmt 0 view .LVU1290
 5049 0364 8A4B     		ldr	r3, .L318+20
 5050 0366 1B78     		ldrb	r3, [r3]	@ zero_extendqisi2
ARM GAS  C:\Users\joabk\AppData\Local\Temp\ccUHSZ0G.s 			page 163


 539:Core/Src/main.c ****       if (Atlas3_Connected) Atlas_Read_Val(Atlas_Buffer_3,DO_2_Addr);
 5051              		.loc 1 539 10 view .LVU1291
 5052 0368 002B     		cmp	r3, #0
 5053 036a 40F0E880 		bne	.L299
 5054              	.L279:
 540:Core/Src/main.c ****       if (Atlas4_Connected) Atlas_Read_Val(Atlas_Buffer_4,RTD_2_Addr);
 5055              		.loc 1 540 7 is_stmt 1 view .LVU1292
 540:Core/Src/main.c ****       if (Atlas4_Connected) Atlas_Read_Val(Atlas_Buffer_4,RTD_2_Addr);
 5056              		.loc 1 540 11 is_stmt 0 view .LVU1293
 5057 036e 894B     		ldr	r3, .L318+24
 5058 0370 1B78     		ldrb	r3, [r3]	@ zero_extendqisi2
 540:Core/Src/main.c ****       if (Atlas4_Connected) Atlas_Read_Val(Atlas_Buffer_4,RTD_2_Addr);
 5059              		.loc 1 540 10 view .LVU1294
 5060 0372 002B     		cmp	r3, #0
 5061 0374 40F0E880 		bne	.L300
 5062              	.L280:
 541:Core/Src/main.c **** 
 5063              		.loc 1 541 7 is_stmt 1 view .LVU1295
 541:Core/Src/main.c **** 
 5064              		.loc 1 541 11 is_stmt 0 view .LVU1296
 5065 0378 874B     		ldr	r3, .L318+28
 5066 037a 1B78     		ldrb	r3, [r3]	@ zero_extendqisi2
 541:Core/Src/main.c **** 
 5067              		.loc 1 541 10 view .LVU1297
 5068 037c 002B     		cmp	r3, #0
 5069 037e 40F0E880 		bne	.L301
 5070              	.L281:
 543:Core/Src/main.c ****       if (Atlas2_Connected) Atlas_Sleep(RTD_1_Addr);
 5071              		.loc 1 543 7 is_stmt 1 view .LVU1298
 543:Core/Src/main.c ****       if (Atlas2_Connected) Atlas_Sleep(RTD_1_Addr);
 5072              		.loc 1 543 11 is_stmt 0 view .LVU1299
 5073 0382 824B     		ldr	r3, .L318+16
 5074 0384 1B78     		ldrb	r3, [r3]	@ zero_extendqisi2
 543:Core/Src/main.c ****       if (Atlas2_Connected) Atlas_Sleep(RTD_1_Addr);
 5075              		.loc 1 543 10 view .LVU1300
 5076 0386 002B     		cmp	r3, #0
 5077 0388 40F0E880 		bne	.L302
 5078              	.L282:
 544:Core/Src/main.c ****       if (Atlas3_Connected) Atlas_Sleep(DO_2_Addr);
 5079              		.loc 1 544 7 is_stmt 1 view .LVU1301
 544:Core/Src/main.c ****       if (Atlas3_Connected) Atlas_Sleep(DO_2_Addr);
 5080              		.loc 1 544 11 is_stmt 0 view .LVU1302
 5081 038c 804B     		ldr	r3, .L318+20
 5082 038e 1B78     		ldrb	r3, [r3]	@ zero_extendqisi2
 544:Core/Src/main.c ****       if (Atlas3_Connected) Atlas_Sleep(DO_2_Addr);
 5083              		.loc 1 544 10 view .LVU1303
 5084 0390 002B     		cmp	r3, #0
 5085 0392 40F0E780 		bne	.L303
 5086              	.L283:
 545:Core/Src/main.c ****       if (Atlas4_Connected) Atlas_Sleep(RTD_2_Addr);
 5087              		.loc 1 545 7 is_stmt 1 view .LVU1304
 545:Core/Src/main.c ****       if (Atlas4_Connected) Atlas_Sleep(RTD_2_Addr);
 5088              		.loc 1 545 11 is_stmt 0 view .LVU1305
 5089 0396 7F4B     		ldr	r3, .L318+24
 5090 0398 1B78     		ldrb	r3, [r3]	@ zero_extendqisi2
 545:Core/Src/main.c ****       if (Atlas4_Connected) Atlas_Sleep(RTD_2_Addr);
 5091              		.loc 1 545 10 view .LVU1306
ARM GAS  C:\Users\joabk\AppData\Local\Temp\ccUHSZ0G.s 			page 164


 5092 039a 002B     		cmp	r3, #0
 5093 039c 40F0E680 		bne	.L304
 5094              	.L284:
 546:Core/Src/main.c **** 
 5095              		.loc 1 546 7 is_stmt 1 view .LVU1307
 546:Core/Src/main.c **** 
 5096              		.loc 1 546 11 is_stmt 0 view .LVU1308
 5097 03a0 7D4B     		ldr	r3, .L318+28
 5098 03a2 1B78     		ldrb	r3, [r3]	@ zero_extendqisi2
 546:Core/Src/main.c **** 
 5099              		.loc 1 546 10 view .LVU1309
 5100 03a4 002B     		cmp	r3, #0
 5101 03a6 40F0E580 		bne	.L305
 5102              	.L285:
 549:Core/Src/main.c ****       {
 5103              		.loc 1 549 7 is_stmt 1 view .LVU1310
 549:Core/Src/main.c ****       {
 5104              		.loc 1 549 11 is_stmt 0 view .LVU1311
 5105 03aa 7C4B     		ldr	r3, .L318+32
 5106 03ac 1B78     		ldrb	r3, [r3]	@ zero_extendqisi2
 549:Core/Src/main.c ****       {
 5107              		.loc 1 549 10 view .LVU1312
 5108 03ae 23B1     		cbz	r3, .L286
 549:Core/Src/main.c ****       {
 5109              		.loc 1 549 23 discriminator 1 view .LVU1313
 5110 03b0 7B4B     		ldr	r3, .L318+36
 5111 03b2 1B78     		ldrb	r3, [r3]	@ zero_extendqisi2
 5112 03b4 002B     		cmp	r3, #0
 5113 03b6 40F02581 		bne	.L306
 5114              	.L286:
 563:Core/Src/main.c **** 
 5115              		.loc 1 563 7 is_stmt 1 view .LVU1314
 563:Core/Src/main.c **** 
 5116              		.loc 1 563 11 is_stmt 0 view .LVU1315
 5117 03ba 7A4B     		ldr	r3, .L318+40
 5118 03bc 1B78     		ldrb	r3, [r3]	@ zero_extendqisi2
 563:Core/Src/main.c **** 
 5119              		.loc 1 563 10 view .LVU1316
 5120 03be 23B1     		cbz	r3, .L288
 563:Core/Src/main.c **** 
 5121              		.loc 1 563 27 discriminator 1 view .LVU1317
 5122 03c0 764B     		ldr	r3, .L318+32
 5123 03c2 1B78     		ldrb	r3, [r3]	@ zero_extendqisi2
 563:Core/Src/main.c **** 
 5124              		.loc 1 563 25 discriminator 1 view .LVU1318
 5125 03c4 002B     		cmp	r3, #0
 5126 03c6 00F03D81 		beq	.L307
 5127              	.L288:
 566:Core/Src/main.c ****       Main_Mode = 1;
 5128              		.loc 1 566 7 is_stmt 1 view .LVU1319
 566:Core/Src/main.c ****       Main_Mode = 1;
 5129              		.loc 1 566 21 is_stmt 0 view .LVU1320
 5130 03ca 6F4B     		ldr	r3, .L318+12
 5131 03cc 0022     		movs	r2, #0
 5132 03ce 1A70     		strb	r2, [r3]
 567:Core/Src/main.c ****     }
 5133              		.loc 1 567 7 is_stmt 1 view .LVU1321
ARM GAS  C:\Users\joabk\AppData\Local\Temp\ccUHSZ0G.s 			page 165


 567:Core/Src/main.c ****     }
 5134              		.loc 1 567 17 is_stmt 0 view .LVU1322
 5135 03d0 6B4B     		ldr	r3, .L318+4
 5136 03d2 0122     		movs	r2, #1
 5137 03d4 1A70     		strb	r2, [r3]
 5138              	.L273:
 570:Core/Src/main.c ****     {
 5139              		.loc 1 570 5 is_stmt 1 view .LVU1323
 570:Core/Src/main.c ****     {
 5140              		.loc 1 570 9 is_stmt 0 view .LVU1324
 5141 03d6 744B     		ldr	r3, .L318+44
 5142 03d8 1B78     		ldrb	r3, [r3]	@ zero_extendqisi2
 570:Core/Src/main.c ****     {
 5143              		.loc 1 570 8 view .LVU1325
 5144 03da D3B1     		cbz	r3, .L289
 570:Core/Src/main.c ****     {
 5145              		.loc 1 570 24 discriminator 1 view .LVU1326
 5146 03dc 734B     		ldr	r3, .L318+48
 5147 03de 1B78     		ldrb	r3, [r3]	@ zero_extendqisi2
 5148 03e0 BBB1     		cbz	r3, .L289
 570:Core/Src/main.c ****     {
 5149              		.loc 1 570 58 discriminator 2 view .LVU1327
 5150 03e2 734B     		ldr	r3, .L318+52
 5151 03e4 1B78     		ldrb	r3, [r3]	@ zero_extendqisi2
 5152 03e6 734A     		ldr	r2, .L318+56
 5153 03e8 A2FB0312 		umull	r1, r2, r2, r3
 5154 03ec 02F0F001 		and	r1, r2, #240
 5155 03f0 A1EB1212 		sub	r2, r1, r2, lsr #4
 5156 03f4 A3EB4203 		sub	r3, r3, r2, lsl #1
 5157 03f8 DBB2     		uxtb	r3, r3
 570:Core/Src/main.c ****     {
 5158              		.loc 1 570 68 discriminator 2 view .LVU1328
 5159 03fa 6F4A     		ldr	r2, .L318+60
 5160 03fc 1278     		ldrb	r2, [r2]	@ zero_extendqisi2
 5161 03fe 1E21     		movs	r1, #30
 5162 0400 91FBF2F1 		sdiv	r1, r1, r2
 570:Core/Src/main.c ****     {
 5163              		.loc 1 570 79 discriminator 2 view .LVU1329
 5164 0404 6D4A     		ldr	r2, .L318+64
 5165 0406 1278     		ldrb	r2, [r2]	@ zero_extendqisi2
 5166 0408 01FB02F2 		mul	r2, r1, r2
 570:Core/Src/main.c ****     {
 5167              		.loc 1 570 40 discriminator 2 view .LVU1330
 5168 040c 9342     		cmp	r3, r2
 5169 040e 00F01F81 		beq	.L308
 5170              	.L289:
 594:Core/Src/main.c ****     /* USER CODE END WHILE */
 5171              		.loc 1 594 5 is_stmt 1 view .LVU1331
 5172 0412 6B48     		ldr	r0, .L318+68
 5173 0414 FFF7FEFF 		bl	HAL_IWDG_Refresh
 5174              	.LVL396:
 388:Core/Src/main.c ****   {
 5175              		.loc 1 388 9 view .LVU1332
 5176              	.L290:
 388:Core/Src/main.c ****   {
 5177              		.loc 1 388 3 view .LVU1333
 391:Core/Src/main.c **** 
ARM GAS  C:\Users\joabk\AppData\Local\Temp\ccUHSZ0G.s 			page 166


 5178              		.loc 1 391 5 view .LVU1334
 5179 0418 FFF7FEFF 		bl	SD_Detect
 5180              	.LVL397:
 393:Core/Src/main.c ****     {
 5181              		.loc 1 393 5 view .LVU1335
 393:Core/Src/main.c ****     {
 5182              		.loc 1 393 9 is_stmt 0 view .LVU1336
 5183 041c 5B4B     		ldr	r3, .L318+16
 5184 041e 1B78     		ldrb	r3, [r3]	@ zero_extendqisi2
 393:Core/Src/main.c ****     {
 5185              		.loc 1 393 8 view .LVU1337
 5186 0420 53B1     		cbz	r3, .L258
 393:Core/Src/main.c ****     {
 5187              		.loc 1 393 25 discriminator 1 view .LVU1338
 5188 0422 5C4B     		ldr	r3, .L318+24
 5189 0424 1B78     		ldrb	r3, [r3]	@ zero_extendqisi2
 5190 0426 3BB1     		cbz	r3, .L258
 393:Core/Src/main.c ****     {
 5191              		.loc 1 393 43 discriminator 2 view .LVU1339
 5192 0428 664B     		ldr	r3, .L318+72
 5193 042a 1B78     		ldrb	r3, [r3]	@ zero_extendqisi2
 5194 042c 23B1     		cbz	r3, .L258
 393:Core/Src/main.c ****     {
 5195              		.loc 1 393 59 discriminator 3 view .LVU1340
 5196 042e 5D4B     		ldr	r3, .L318+40
 5197 0430 1B78     		ldrb	r3, [r3]	@ zero_extendqisi2
 5198 0432 002B     		cmp	r3, #0
 5199 0434 7FF455AE 		bne	.L309
 5200              	.L258:
 406:Core/Src/main.c ****     {
 5201              		.loc 1 406 5 is_stmt 1 view .LVU1341
 406:Core/Src/main.c ****     {
 5202              		.loc 1 406 9 is_stmt 0 view .LVU1342
 5203 0438 594B     		ldr	r3, .L318+36
 5204 043a 1B78     		ldrb	r3, [r3]	@ zero_extendqisi2
 406:Core/Src/main.c ****     {
 5205              		.loc 1 406 8 view .LVU1343
 5206 043c 23B1     		cbz	r3, .L259
 406:Core/Src/main.c ****     {
 5207              		.loc 1 406 22 discriminator 1 view .LVU1344
 5208 043e 624B     		ldr	r3, .L318+76
 5209 0440 1B78     		ldrb	r3, [r3]	@ zero_extendqisi2
 5210 0442 002B     		cmp	r3, #0
 5211 0444 7FF45BAE 		bne	.L310
 5212              	.L259:
 419:Core/Src/main.c ****     {
 5213              		.loc 1 419 5 is_stmt 1 view .LVU1345
 419:Core/Src/main.c ****     {
 5214              		.loc 1 419 9 is_stmt 0 view .LVU1346
 5215 0448 564B     		ldr	r3, .L318+40
 5216 044a 1B78     		ldrb	r3, [r3]	@ zero_extendqisi2
 419:Core/Src/main.c ****     {
 5217              		.loc 1 419 8 view .LVU1347
 5218 044c 23B1     		cbz	r3, .L260
 419:Core/Src/main.c ****     {
 5219              		.loc 1 419 23 discriminator 1 view .LVU1348
 5220 044e 5E4B     		ldr	r3, .L318+76
ARM GAS  C:\Users\joabk\AppData\Local\Temp\ccUHSZ0G.s 			page 167


 5221 0450 1B78     		ldrb	r3, [r3]	@ zero_extendqisi2
 5222 0452 002B     		cmp	r3, #0
 5223 0454 7FF468AE 		bne	.L311
 5224              	.L260:
 457:Core/Src/main.c ****     {
 5225              		.loc 1 457 5 is_stmt 1 view .LVU1349
 457:Core/Src/main.c ****     {
 5226              		.loc 1 457 9 is_stmt 0 view .LVU1350
 5227 0458 524B     		ldr	r3, .L318+40
 5228 045a 1B78     		ldrb	r3, [r3]	@ zero_extendqisi2
 457:Core/Src/main.c ****     {
 5229              		.loc 1 457 8 view .LVU1351
 5230 045c DBB1     		cbz	r3, .L263
 459:Core/Src/main.c ****         case 1:
 5231              		.loc 1 459 7 is_stmt 1 view .LVU1352
 5232 045e 484B     		ldr	r3, .L318+4
 5233 0460 1B78     		ldrb	r3, [r3]	@ zero_extendqisi2
 5234 0462 022B     		cmp	r3, #2
 5235 0464 3FF4C6AE 		beq	.L264
 5236 0468 032B     		cmp	r3, #3
 5237 046a 3FF4D0AE 		beq	.L265
 5238 046e 012B     		cmp	r3, #1
 5239 0470 7FF4DAAE 		bne	.L266
 461:Core/Src/main.c ****           Main_Mode = 0;
 5240              		.loc 1 461 11 view .LVU1353
 5241 0474 554A     		ldr	r2, .L318+80
 5242 0476 564B     		ldr	r3, .L318+84
 5243 0478 1B68     		ldr	r3, [r3]
 5244 047a 1380     		strh	r3, [r2]	@ movhi
 5245 047c 1B0C     		lsrs	r3, r3, #16
 5246 047e 9370     		strb	r3, [r2, #2]
 462:Core/Src/main.c ****           Main_Mode_Changed = 1;
 5247              		.loc 1 462 11 view .LVU1354
 462:Core/Src/main.c ****           Main_Mode_Changed = 1;
 5248              		.loc 1 462 21 is_stmt 0 view .LVU1355
 5249 0480 3F4B     		ldr	r3, .L318+4
 5250 0482 0022     		movs	r2, #0
 5251 0484 1A70     		strb	r2, [r3]
 463:Core/Src/main.c ****           break;
 5252              		.loc 1 463 11 is_stmt 1 view .LVU1356
 463:Core/Src/main.c ****           break;
 5253              		.loc 1 463 29 is_stmt 0 view .LVU1357
 5254 0486 534B     		ldr	r3, .L318+88
 5255 0488 0122     		movs	r2, #1
 5256 048a 1A70     		strb	r2, [r3]
 464:Core/Src/main.c ****         case 2:
 5257              		.loc 1 464 11 is_stmt 1 view .LVU1358
 5258              	.L267:
 480:Core/Src/main.c ****       {
 5259              		.loc 1 480 7 view .LVU1359
 480:Core/Src/main.c ****       {
 5260              		.loc 1 480 11 is_stmt 0 view .LVU1360
 5261 048c 514B     		ldr	r3, .L318+88
 5262 048e 1B78     		ldrb	r3, [r3]	@ zero_extendqisi2
 480:Core/Src/main.c ****       {
 5263              		.loc 1 480 10 view .LVU1361
 5264 0490 002B     		cmp	r3, #0
ARM GAS  C:\Users\joabk\AppData\Local\Temp\ccUHSZ0G.s 			page 168


 5265 0492 7FF4D3AE 		bne	.L312
 5266              	.L263:
 490:Core/Src/main.c ****     {
 5267              		.loc 1 490 5 is_stmt 1 view .LVU1362
 490:Core/Src/main.c ****     {
 5268              		.loc 1 490 8 is_stmt 0 view .LVU1363
 5269 0496 3B4B     		ldr	r3, .L318+8
 5270 0498 1B78     		ldrb	r3, [r3]	@ zero_extendqisi2
 490:Core/Src/main.c ****     {
 5271              		.loc 1 490 7 view .LVU1364
 5272 049a 23B1     		cbz	r3, .L268
 490:Core/Src/main.c ****     {
 5273              		.loc 1 490 20 discriminator 1 view .LVU1365
 5274 049c 414B     		ldr	r3, .L318+40
 5275 049e 1B78     		ldrb	r3, [r3]	@ zero_extendqisi2
 5276 04a0 002B     		cmp	r3, #0
 5277 04a2 7FF4D4AE 		bne	.L313
 5278              	.L268:
 497:Core/Src/main.c ****     {
 5279              		.loc 1 497 5 is_stmt 1 view .LVU1366
 497:Core/Src/main.c ****     {
 5280              		.loc 1 497 8 is_stmt 0 view .LVU1367
 5281 04a6 374B     		ldr	r3, .L318+8
 5282 04a8 1B78     		ldrb	r3, [r3]	@ zero_extendqisi2
 497:Core/Src/main.c ****     {
 5283              		.loc 1 497 7 view .LVU1368
 5284 04aa 002B     		cmp	r3, #0
 5285 04ac 3FF439AF 		beq	.L269
 500:Core/Src/main.c ****       {
 5286              		.loc 1 500 7 is_stmt 1 view .LVU1369
 500:Core/Src/main.c ****       {
 5287              		.loc 1 500 10 is_stmt 0 view .LVU1370
 5288 04b0 4949     		ldr	r1, .L318+92
 5289 04b2 4A48     		ldr	r0, .L318+96
 5290 04b4 FFF7FEFF 		bl	strcmp
 5291              	.LVL398:
 500:Core/Src/main.c ****       {
 5292              		.loc 1 500 9 discriminator 1 view .LVU1371
 5293 04b8 0028     		cmp	r0, #0
 5294 04ba 3FF429AF 		beq	.L314
 505:Core/Src/main.c ****       {
 5295              		.loc 1 505 12 is_stmt 1 view .LVU1372
 505:Core/Src/main.c ****       {
 5296              		.loc 1 505 16 is_stmt 0 view .LVU1373
 5297 04be 4849     		ldr	r1, .L318+100
 5298 04c0 4648     		ldr	r0, .L318+96
 5299 04c2 FFF7FEFF 		bl	strcmp
 5300              	.LVL399:
 505:Core/Src/main.c ****       {
 5301              		.loc 1 505 15 discriminator 1 view .LVU1374
 5302 04c6 F8B1     		cbz	r0, .L315
 513:Core/Src/main.c ****       {
 5303              		.loc 1 513 12 is_stmt 1 view .LVU1375
 513:Core/Src/main.c ****       {
 5304              		.loc 1 513 16 is_stmt 0 view .LVU1376
 5305 04c8 0822     		movs	r2, #8
 5306 04ca 4649     		ldr	r1, .L318+104
ARM GAS  C:\Users\joabk\AppData\Local\Temp\ccUHSZ0G.s 			page 169


 5307 04cc 4348     		ldr	r0, .L318+96
 5308 04ce FFF7FEFF 		bl	strncmp
 5309              	.LVL400:
 513:Core/Src/main.c ****       {
 5310              		.loc 1 513 15 discriminator 1 view .LVU1377
 5311 04d2 0028     		cmp	r0, #0
 5312 04d4 7FF422AF 		bne	.L271
 5313              	.LBB23:
 515:Core/Src/main.c ****         memcpy(time,LoRa_RX_Buffer+12,19);
 5314              		.loc 1 515 9 is_stmt 1 view .LVU1378
 516:Core/Src/main.c ****         RTC_Set_Time(RTC_I2C,time);
 5315              		.loc 1 516 9 view .LVU1379
 5316 04d8 06AC     		add	r4, sp, #24
 5317 04da 434D     		ldr	r5, .L318+108
 5318 04dc 0FCD     		ldmia	r5!, {r0, r1, r2, r3}
 5319 04de 0FC4     		stmia	r4!, {r0, r1, r2, r3}
 5320 04e0 2B68     		ldr	r3, [r5]
 5321 04e2 24F8023B 		strh	r3, [r4], #2	@ movhi
 5322 04e6 1B0C     		lsrs	r3, r3, #16
 5323 04e8 2370     		strb	r3, [r4]
 517:Core/Src/main.c ****         LoRa_TX("Sync_ACK");
 5324              		.loc 1 517 9 view .LVU1380
 5325 04ea 06A9     		add	r1, sp, #24
 5326 04ec 3F4B     		ldr	r3, .L318+112
 5327 04ee 1868     		ldr	r0, [r3]
 5328 04f0 FFF7FEFF 		bl	RTC_Set_Time
 5329              	.LVL401:
 518:Core/Src/main.c ****         StartLive_Flag = 1;
 5330              		.loc 1 518 9 view .LVU1381
 5331 04f4 3E48     		ldr	r0, .L318+116
 5332 04f6 FFF7FEFF 		bl	LoRa_TX
 5333              	.LVL402:
 519:Core/Src/main.c ****         Main_Mode = 2;
 5334              		.loc 1 519 9 view .LVU1382
 519:Core/Src/main.c ****         Main_Mode = 2;
 5335              		.loc 1 519 24 is_stmt 0 view .LVU1383
 5336 04fa 2C4B     		ldr	r3, .L318+48
 5337 04fc 0122     		movs	r2, #1
 5338 04fe 1A70     		strb	r2, [r3]
 520:Core/Src/main.c ****       }
 5339              		.loc 1 520 9 is_stmt 1 view .LVU1384
 520:Core/Src/main.c ****       }
 5340              		.loc 1 520 19 is_stmt 0 view .LVU1385
 5341 0500 1F4B     		ldr	r3, .L318+4
 5342 0502 0222     		movs	r2, #2
 5343 0504 1A70     		strb	r2, [r3]
 5344 0506 09E7     		b	.L271
 5345              	.L315:
 5346              	.LBE23:
 510:Core/Src/main.c ****         Main_Mode = 2;
 5347              		.loc 1 510 9 is_stmt 1 view .LVU1386
 5348 0508 FFF7FEFF 		bl	SD_DataDump
 5349              	.LVL403:
 511:Core/Src/main.c ****       }
 5350              		.loc 1 511 9 view .LVU1387
 511:Core/Src/main.c ****       }
 5351              		.loc 1 511 19 is_stmt 0 view .LVU1388
ARM GAS  C:\Users\joabk\AppData\Local\Temp\ccUHSZ0G.s 			page 170


 5352 050c 1C4B     		ldr	r3, .L318+4
 5353 050e 0222     		movs	r2, #2
 5354 0510 1A70     		strb	r2, [r3]
 5355 0512 03E7     		b	.L271
 5356              	.L294:
 531:Core/Src/main.c ****       if (Atlas2_Connected) Atlas_Wake(RTD_1_Addr);
 5357              		.loc 1 531 29 is_stmt 1 discriminator 1 view .LVU1389
 5358 0514 C220     		movs	r0, #194
 5359 0516 FFF7FEFF 		bl	Atlas_Wake
 5360              	.LVL404:
 5361 051a 0BE7     		b	.L274
 5362              	.L295:
 532:Core/Src/main.c ****       if (Atlas3_Connected) Atlas_Wake(DO_2_Addr);
 5363              		.loc 1 532 29 discriminator 1 view .LVU1390
 5364 051c CC20     		movs	r0, #204
 5365 051e FFF7FEFF 		bl	Atlas_Wake
 5366              	.LVL405:
 5367 0522 0CE7     		b	.L275
 5368              	.L296:
 533:Core/Src/main.c ****       if (Atlas4_Connected) Atlas_Wake(RTD_2_Addr);
 5369              		.loc 1 533 29 discriminator 1 view .LVU1391
 5370 0524 C420     		movs	r0, #196
 5371 0526 FFF7FEFF 		bl	Atlas_Wake
 5372              	.LVL406:
 5373 052a 0DE7     		b	.L276
 5374              	.L297:
 534:Core/Src/main.c **** 
 5375              		.loc 1 534 29 discriminator 1 view .LVU1392
 5376 052c CE20     		movs	r0, #206
 5377 052e FFF7FEFF 		bl	Atlas_Wake
 5378              	.LVL407:
 5379 0532 0EE7     		b	.L277
 5380              	.L298:
 538:Core/Src/main.c ****       if (Atlas2_Connected) Atlas_Read_Val(Atlas_Buffer_2,RTD_1_Addr);
 5381              		.loc 1 538 29 discriminator 1 view .LVU1393
 5382 0534 C221     		movs	r1, #194
 5383 0536 2F48     		ldr	r0, .L318+120
 5384 0538 FFF7FEFF 		bl	Atlas_Read_Val
 5385              	.LVL408:
 5386 053c 12E7     		b	.L278
 5387              	.L299:
 539:Core/Src/main.c ****       if (Atlas3_Connected) Atlas_Read_Val(Atlas_Buffer_3,DO_2_Addr);
 5388              		.loc 1 539 29 discriminator 1 view .LVU1394
 5389 053e CC21     		movs	r1, #204
 5390 0540 2D48     		ldr	r0, .L318+124
 5391 0542 FFF7FEFF 		bl	Atlas_Read_Val
 5392              	.LVL409:
 5393 0546 12E7     		b	.L279
 5394              	.L300:
 540:Core/Src/main.c ****       if (Atlas4_Connected) Atlas_Read_Val(Atlas_Buffer_4,RTD_2_Addr);
 5395              		.loc 1 540 29 discriminator 1 view .LVU1395
 5396 0548 C421     		movs	r1, #196
 5397 054a 2C48     		ldr	r0, .L318+128
 5398 054c FFF7FEFF 		bl	Atlas_Read_Val
 5399              	.LVL410:
 5400 0550 12E7     		b	.L280
 5401              	.L301:
ARM GAS  C:\Users\joabk\AppData\Local\Temp\ccUHSZ0G.s 			page 171


 541:Core/Src/main.c **** 
 5402              		.loc 1 541 29 discriminator 1 view .LVU1396
 5403 0552 CE21     		movs	r1, #206
 5404 0554 2A48     		ldr	r0, .L318+132
 5405 0556 FFF7FEFF 		bl	Atlas_Read_Val
 5406              	.LVL411:
 5407 055a 12E7     		b	.L281
 5408              	.L302:
 543:Core/Src/main.c ****       if (Atlas2_Connected) Atlas_Sleep(RTD_1_Addr);
 5409              		.loc 1 543 29 discriminator 1 view .LVU1397
 5410 055c C220     		movs	r0, #194
 5411 055e FFF7FEFF 		bl	Atlas_Sleep
 5412              	.LVL412:
 5413 0562 13E7     		b	.L282
 5414              	.L303:
 544:Core/Src/main.c ****       if (Atlas3_Connected) Atlas_Sleep(DO_2_Addr);
 5415              		.loc 1 544 29 discriminator 1 view .LVU1398
 5416 0564 CC20     		movs	r0, #204
 5417 0566 FFF7FEFF 		bl	Atlas_Sleep
 5418              	.LVL413:
 5419 056a 14E7     		b	.L283
 5420              	.L304:
 545:Core/Src/main.c ****       if (Atlas4_Connected) Atlas_Sleep(RTD_2_Addr);
 5421              		.loc 1 545 29 discriminator 1 view .LVU1399
 5422 056c C420     		movs	r0, #196
 5423 056e FFF7FEFF 		bl	Atlas_Sleep
 5424              	.LVL414:
 5425 0572 15E7     		b	.L284
 5426              	.L305:
 546:Core/Src/main.c **** 
 5427              		.loc 1 546 29 discriminator 1 view .LVU1400
 5428 0574 CE20     		movs	r0, #206
 5429 0576 FFF7FEFF 		bl	Atlas_Sleep
 5430              	.LVL415:
 5431 057a 16E7     		b	.L285
 5432              	.L319:
 5433              		.align	2
 5434              	.L318:
 5435 057c 6C000000 		.word	.LC41
 5436 0580 00000000 		.word	Main_Mode
 5437 0584 00000000 		.word	LoRa_RX_Flag
 5438 0588 00000000 		.word	Atlas_measure
 5439 058c 00000000 		.word	Atlas1_Connected
 5440 0590 00000000 		.word	Atlas2_Connected
 5441 0594 00000000 		.word	Atlas3_Connected
 5442 0598 00000000 		.word	Atlas4_Connected
 5443 059c 00000000 		.word	SD_Connected
 5444 05a0 00000000 		.word	RTC_Connected
 5445 05a4 00000000 		.word	OLED_Connected
 5446 05a8 00000000 		.word	Atlas_Send_live
 5447 05ac 00000000 		.word	StartLive_Flag
 5448 05b0 00000000 		.word	Current_Second
 5449 05b4 89888888 		.word	-2004318071
 5450 05b8 00000000 		.word	Num_Buoys
 5451 05bc 00000000 		.word	Buoy_ID
 5452 05c0 00000000 		.word	hiwdg
 5453 05c4 00000000 		.word	Calibrate_Flag
ARM GAS  C:\Users\joabk\AppData\Local\Temp\ccUHSZ0G.s 			page 172


 5454 05c8 00000000 		.word	RTC_Update_Oled
 5455 05cc 00000000 		.word	mode_buffer
 5456 05d0 3C000000 		.word	.LC35
 5457 05d4 00000000 		.word	Main_Mode_Changed
 5458 05d8 60000000 		.word	.LC40
 5459 05dc 00000000 		.word	LoRa_RX_Buffer
 5460 05e0 84000000 		.word	.LC42
 5461 05e4 94000000 		.word	.LC43
 5462 05e8 0C000000 		.word	LoRa_RX_Buffer+12
 5463 05ec 00000000 		.word	RTC_I2C
 5464 05f0 A0000000 		.word	.LC44
 5465 05f4 00000000 		.word	Atlas_Buffer_1
 5466 05f8 00000000 		.word	Atlas_Buffer_2
 5467 05fc 00000000 		.word	Atlas_Buffer_3
 5468 0600 00000000 		.word	Atlas_Buffer_4
 5469              	.L306:
 551:Core/Src/main.c ****         curr_time = RTC_Get_Time(RTC_I2C);
 5470              		.loc 1 551 9 view .LVU1401
 5471 0604 2148     		ldr	r0, .L320
 5472 0606 FFF7FEFF 		bl	HAL_IWDG_Refresh
 5473              	.LVL416:
 552:Core/Src/main.c ****         if (SD_Write(curr_time))
 5474              		.loc 1 552 9 view .LVU1402
 552:Core/Src/main.c ****         if (SD_Write(curr_time))
 5475              		.loc 1 552 21 is_stmt 0 view .LVU1403
 5476 060a 214B     		ldr	r3, .L320+4
 5477 060c 1868     		ldr	r0, [r3]
 5478 060e FFF7FEFF 		bl	RTC_Get_Time
 5479              	.LVL417:
 553:Core/Src/main.c ****         {
 5480              		.loc 1 553 9 is_stmt 1 view .LVU1404
 553:Core/Src/main.c ****         {
 5481              		.loc 1 553 13 is_stmt 0 view .LVU1405
 5482 0612 FFF7FEFF 		bl	SD_Write
 5483              	.LVL418:
 553:Core/Src/main.c ****         {
 5484              		.loc 1 553 12 discriminator 1 view .LVU1406
 5485 0616 50B1     		cbz	r0, .L287
 555:Core/Src/main.c ****         }
 5486              		.loc 1 555 11 is_stmt 1 view .LVU1407
 555:Core/Src/main.c ****         }
 5487              		.loc 1 555 15 is_stmt 0 view .LVU1408
 5488 0618 1E4B     		ldr	r3, .L320+8
 5489 061a 1B78     		ldrb	r3, [r3]	@ zero_extendqisi2
 555:Core/Src/main.c ****         }
 5490              		.loc 1 555 14 view .LVU1409
 5491 061c 002B     		cmp	r3, #0
 5492 061e 3FF4CCAE 		beq	.L286
 555:Core/Src/main.c ****         }
 5493              		.loc 1 555 31 is_stmt 1 discriminator 1 view .LVU1410
 5494 0622 1D4A     		ldr	r2, .L320+12
 5495 0624 0521     		movs	r1, #5
 5496 0626 0020     		movs	r0, #0
 5497 0628 FFF7FEFF 		bl	write_OLED
 5498              	.LVL419:
 5499 062c C5E6     		b	.L286
 5500              	.L287:
ARM GAS  C:\Users\joabk\AppData\Local\Temp\ccUHSZ0G.s 			page 173


 559:Core/Src/main.c ****         }
 5501              		.loc 1 559 11 view .LVU1411
 559:Core/Src/main.c ****         }
 5502              		.loc 1 559 15 is_stmt 0 view .LVU1412
 5503 062e 194B     		ldr	r3, .L320+8
 5504 0630 1B78     		ldrb	r3, [r3]	@ zero_extendqisi2
 559:Core/Src/main.c ****         }
 5505              		.loc 1 559 14 view .LVU1413
 5506 0632 002B     		cmp	r3, #0
 5507 0634 3FF4C1AE 		beq	.L286
 559:Core/Src/main.c ****         }
 5508              		.loc 1 559 31 is_stmt 1 discriminator 1 view .LVU1414
 5509 0638 184A     		ldr	r2, .L320+16
 5510 063a 0521     		movs	r1, #5
 5511 063c 0020     		movs	r0, #0
 5512 063e FFF7FEFF 		bl	write_OLED
 5513              	.LVL420:
 5514 0642 BAE6     		b	.L286
 5515              	.LVL421:
 5516              	.L307:
 563:Core/Src/main.c **** 
 5517              		.loc 1 563 42 discriminator 2 view .LVU1415
 5518 0644 154A     		ldr	r2, .L320+16
 5519 0646 0521     		movs	r1, #5
 5520 0648 0020     		movs	r0, #0
 5521 064a FFF7FEFF 		bl	write_OLED
 5522              	.LVL422:
 5523 064e BCE6     		b	.L288
 5524              	.L308:
 582:Core/Src/main.c ****       LoRa_TX_Continuous(LoRa_TX_Buffer);
 5525              		.loc 1 582 7 view .LVU1416
 5526 0650 134C     		ldr	r4, .L320+20
 5527 0652 144B     		ldr	r3, .L320+24
 5528 0654 0093     		str	r3, [sp]
 5529 0656 144B     		ldr	r3, .L320+28
 5530 0658 144A     		ldr	r2, .L320+32
 5531 065a 6421     		movs	r1, #100
 5532 065c 2046     		mov	r0, r4
 5533 065e FFF7FEFF 		bl	snprintf
 5534              	.LVL423:
 583:Core/Src/main.c **** 
 5535              		.loc 1 583 7 view .LVU1417
 5536 0662 2046     		mov	r0, r4
 5537 0664 FFF7FEFF 		bl	LoRa_TX_Continuous
 5538              	.LVL424:
 585:Core/Src/main.c ****       LoRa_TX(LoRa_TX_Buffer);
 5539              		.loc 1 585 7 view .LVU1418
 5540 0668 114B     		ldr	r3, .L320+36
 5541 066a 0093     		str	r3, [sp]
 5542 066c 114B     		ldr	r3, .L320+40
 5543 066e 124A     		ldr	r2, .L320+44
 5544 0670 6421     		movs	r1, #100
 5545 0672 2046     		mov	r0, r4
 5546 0674 FFF7FEFF 		bl	snprintf
 5547              	.LVL425:
 586:Core/Src/main.c ****       Main_Mode = 2;
 5548              		.loc 1 586 7 view .LVU1419
ARM GAS  C:\Users\joabk\AppData\Local\Temp\ccUHSZ0G.s 			page 174


 5549 0678 2046     		mov	r0, r4
 5550 067a FFF7FEFF 		bl	LoRa_TX
 5551              	.LVL426:
 587:Core/Src/main.c **** 
 5552              		.loc 1 587 7 view .LVU1420
 587:Core/Src/main.c **** 
 5553              		.loc 1 587 17 is_stmt 0 view .LVU1421
 5554 067e 0F4B     		ldr	r3, .L320+48
 5555 0680 0222     		movs	r2, #2
 5556 0682 1A70     		strb	r2, [r3]
 589:Core/Src/main.c ****     }
 5557              		.loc 1 589 7 is_stmt 1 view .LVU1422
 589:Core/Src/main.c ****     }
 5558              		.loc 1 589 22 is_stmt 0 view .LVU1423
 5559 0684 0E4B     		ldr	r3, .L320+52
 5560 0686 0022     		movs	r2, #0
 5561 0688 1A70     		strb	r2, [r3]
 5562 068a C2E6     		b	.L289
 5563              	.L321:
 5564              		.align	2
 5565              	.L320:
 5566 068c 00000000 		.word	hiwdg
 5567 0690 00000000 		.word	RTC_I2C
 5568 0694 00000000 		.word	OLED_Connected
 5569 0698 AC000000 		.word	.LC45
 5570 069c B0000000 		.word	.LC46
 5571 06a0 00000000 		.word	LoRa_TX_Buffer
 5572 06a4 00000000 		.word	Atlas_Buffer_2
 5573 06a8 00000000 		.word	Atlas_Buffer_1
 5574 06ac B4000000 		.word	.LC47
 5575 06b0 00000000 		.word	Atlas_Buffer_4
 5576 06b4 00000000 		.word	Atlas_Buffer_3
 5577 06b8 DC000000 		.word	.LC48
 5578 06bc 00000000 		.word	Main_Mode
 5579 06c0 00000000 		.word	Atlas_Send_live
 5580              		.cfi_endproc
 5581              	.LFE223:
 5583              		.section	.bss.last_press_time3.0,"aw",%nobits
 5584              		.align	2
 5587              	last_press_time3.0:
 5588 0000 00000000 		.space	4
 5589              		.section	.bss.last_press_time2.1,"aw",%nobits
 5590              		.align	2
 5593              	last_press_time2.1:
 5594 0000 00000000 		.space	4
 5595              		.section	.bss.last_press_time1.2,"aw",%nobits
 5596              		.align	2
 5599              	last_press_time1.2:
 5600 0000 00000000 		.space	4
 5601              		.global	Atlas_measure
 5602              		.section	.bss.Atlas_measure,"aw",%nobits
 5605              	Atlas_measure:
 5606 0000 00       		.space	1
 5607              		.global	Atlas_Send_live
 5608              		.section	.bss.Atlas_Send_live,"aw",%nobits
 5611              	Atlas_Send_live:
 5612 0000 00       		.space	1
ARM GAS  C:\Users\joabk\AppData\Local\Temp\ccUHSZ0G.s 			page 175


 5613              		.global	Atlas4_Connected
 5614              		.section	.bss.Atlas4_Connected,"aw",%nobits
 5617              	Atlas4_Connected:
 5618 0000 00       		.space	1
 5619              		.global	Atlas3_Connected
 5620              		.section	.bss.Atlas3_Connected,"aw",%nobits
 5623              	Atlas3_Connected:
 5624 0000 00       		.space	1
 5625              		.global	Atlas2_Connected
 5626              		.section	.bss.Atlas2_Connected,"aw",%nobits
 5629              	Atlas2_Connected:
 5630 0000 00       		.space	1
 5631              		.global	Atlas1_Connected
 5632              		.section	.bss.Atlas1_Connected,"aw",%nobits
 5635              	Atlas1_Connected:
 5636 0000 00       		.space	1
 5637              		.global	SD_Connected
 5638              		.section	.bss.SD_Connected,"aw",%nobits
 5641              	SD_Connected:
 5642 0000 00       		.space	1
 5643              		.global	RTC_Update_Oled
 5644              		.section	.bss.RTC_Update_Oled,"aw",%nobits
 5647              	RTC_Update_Oled:
 5648 0000 00       		.space	1
 5649              		.global	RTC_Connected
 5650              		.section	.bss.RTC_Connected,"aw",%nobits
 5653              	RTC_Connected:
 5654 0000 00       		.space	1
 5655              		.global	OLED_Connected
 5656              		.section	.bss.OLED_Connected,"aw",%nobits
 5659              	OLED_Connected:
 5660 0000 00       		.space	1
 5661              		.global	LoRa_RX_Counter
 5662              		.section	.bss.LoRa_RX_Counter,"aw",%nobits
 5665              	LoRa_RX_Counter:
 5666 0000 00       		.space	1
 5667              		.global	LoRa_RX_Mode
 5668              		.section	.bss.LoRa_RX_Mode,"aw",%nobits
 5671              	LoRa_RX_Mode:
 5672 0000 00       		.space	1
 5673              		.global	LoRa_RX_Flag
 5674              		.section	.bss.LoRa_RX_Flag,"aw",%nobits
 5677              	LoRa_RX_Flag:
 5678 0000 00       		.space	1
 5679              		.global	LoRa_Connected
 5680              		.section	.bss.LoRa_Connected,"aw",%nobits
 5683              	LoRa_Connected:
 5684 0000 00       		.space	1
 5685              		.global	Current_Second
 5686              		.section	.bss.Current_Second,"aw",%nobits
 5689              	Current_Second:
 5690 0000 00       		.space	1
 5691              		.global	StartLive_Flag
 5692              		.section	.bss.StartLive_Flag,"aw",%nobits
 5695              	StartLive_Flag:
 5696 0000 00       		.space	1
 5697              		.global	Calibrate_Flag
ARM GAS  C:\Users\joabk\AppData\Local\Temp\ccUHSZ0G.s 			page 176


 5698              		.section	.bss.Calibrate_Flag,"aw",%nobits
 5701              	Calibrate_Flag:
 5702 0000 00       		.space	1
 5703              		.global	PB3_Flag
 5704              		.section	.bss.PB3_Flag,"aw",%nobits
 5707              	PB3_Flag:
 5708 0000 00       		.space	1
 5709              		.global	PB2_Flag
 5710              		.section	.bss.PB2_Flag,"aw",%nobits
 5713              	PB2_Flag:
 5714 0000 00       		.space	1
 5715              		.global	PB1_Flag
 5716              		.section	.bss.PB1_Flag,"aw",%nobits
 5719              	PB1_Flag:
 5720 0000 00       		.space	1
 5721              		.section	.bss.SD_filename,"aw",%nobits
 5722              		.align	2
 5725              	SD_filename:
 5726 0000 00000000 		.space	40
 5726      00000000 
 5726      00000000 
 5726      00000000 
 5726      00000000 
 5727              		.global	connected_buffer
 5728              		.section	.bss.connected_buffer,"aw",%nobits
 5729              		.align	2
 5732              	connected_buffer:
 5733 0000 00000000 		.space	20
 5733      00000000 
 5733      00000000 
 5733      00000000 
 5733      00000000 
 5734              		.global	Num_Buoys
 5735              		.section	.data.Num_Buoys,"aw"
 5738              	Num_Buoys:
 5739 0000 01       		.byte	1
 5740              		.global	Buoy_ID
 5741              		.section	.bss.Buoy_ID,"aw",%nobits
 5744              	Buoy_ID:
 5745 0000 00       		.space	1
 5746              		.global	Main_Mode
 5747              		.section	.bss.Main_Mode,"aw",%nobits
 5750              	Main_Mode:
 5751 0000 00       		.space	1
 5752              		.global	Main_Mode_Changed
 5753              		.section	.bss.Main_Mode_Changed,"aw",%nobits
 5756              	Main_Mode_Changed:
 5757 0000 00       		.space	1
 5758              		.global	mode_buffer
 5759              		.section	.bss.mode_buffer,"aw",%nobits
 5760              		.align	2
 5763              	mode_buffer:
 5764 0000 000000   		.space	3
 5765              		.global	Atlas_Buffer_4
 5766              		.section	.bss.Atlas_Buffer_4,"aw",%nobits
 5767              		.align	2
 5770              	Atlas_Buffer_4:
ARM GAS  C:\Users\joabk\AppData\Local\Temp\ccUHSZ0G.s 			page 177


 5771 0000 00000000 		.space	17
 5771      00000000 
 5771      00000000 
 5771      00000000 
 5771      00
 5772              		.global	Atlas_Buffer_3
 5773              		.section	.bss.Atlas_Buffer_3,"aw",%nobits
 5774              		.align	2
 5777              	Atlas_Buffer_3:
 5778 0000 00000000 		.space	17
 5778      00000000 
 5778      00000000 
 5778      00000000 
 5778      00
 5779              		.global	Atlas_Buffer_2
 5780              		.section	.bss.Atlas_Buffer_2,"aw",%nobits
 5781              		.align	2
 5784              	Atlas_Buffer_2:
 5785 0000 00000000 		.space	17
 5785      00000000 
 5785      00000000 
 5785      00000000 
 5785      00
 5786              		.global	Atlas_Buffer_1
 5787              		.section	.bss.Atlas_Buffer_1,"aw",%nobits
 5788              		.align	2
 5791              	Atlas_Buffer_1:
 5792 0000 00000000 		.space	17
 5792      00000000 
 5792      00000000 
 5792      00000000 
 5792      00
 5793              		.global	LoRa_TX_Buffer_Length
 5794              		.section	.bss.LoRa_TX_Buffer_Length,"aw",%nobits
 5797              	LoRa_TX_Buffer_Length:
 5798 0000 00       		.space	1
 5799              		.global	LoRa_TX_Buffer
 5800              		.section	.bss.LoRa_TX_Buffer,"aw",%nobits
 5801              		.align	2
 5804              	LoRa_TX_Buffer:
 5805 0000 00000000 		.space	100
 5805      00000000 
 5805      00000000 
 5805      00000000 
 5805      00000000 
 5806              		.global	LoRa_RX_Length
 5807              		.section	.bss.LoRa_RX_Length,"aw",%nobits
 5810              	LoRa_RX_Length:
 5811 0000 00       		.space	1
 5812              		.global	LoRa_RX_Buffer
 5813              		.section	.bss.LoRa_RX_Buffer,"aw",%nobits
 5814              		.align	2
 5817              	LoRa_RX_Buffer:
 5818 0000 00000000 		.space	50
 5818      00000000 
 5818      00000000 
 5818      00000000 
ARM GAS  C:\Users\joabk\AppData\Local\Temp\ccUHSZ0G.s 			page 178


 5818      00000000 
 5819              		.global	SX1278
 5820              		.section	.bss.SX1278,"aw",%nobits
 5821              		.align	3
 5824              	SX1278:
 5825 0000 00000000 		.space	280
 5825      00000000 
 5825      00000000 
 5825      00000000 
 5825      00000000 
 5826              		.global	SX1278_hw
 5827              		.section	.bss.SX1278_hw,"aw",%nobits
 5828              		.align	2
 5831              	SX1278_hw:
 5832 0000 00000000 		.space	28
 5832      00000000 
 5832      00000000 
 5832      00000000 
 5832      00000000 
 5833              		.global	Measure_Tim
 5834              		.section	.data.Measure_Tim,"aw"
 5835              		.align	2
 5838              	Measure_Tim:
 5839 0000 00000000 		.word	htim9
 5840              		.global	Live_Tim
 5841              		.section	.data.Live_Tim,"aw"
 5842              		.align	2
 5845              	Live_Tim:
 5846 0000 00000000 		.word	htim10
 5847              		.global	LED_Tim
 5848              		.section	.data.LED_Tim,"aw"
 5849              		.align	2
 5852              	LED_Tim:
 5853 0000 00000000 		.word	htim11
 5854              		.global	Lora_SPI
 5855              		.section	.data.Lora_SPI,"aw"
 5856              		.align	2
 5859              	Lora_SPI:
 5860 0000 00000000 		.word	hspi2
 5861              		.global	MicroSD_SPI
 5862              		.section	.data.MicroSD_SPI,"aw"
 5863              		.align	2
 5866              	MicroSD_SPI:
 5867 0000 00000000 		.word	hspi1
 5868              		.global	RTC_I2C
 5869              		.section	.data.RTC_I2C,"aw"
 5870              		.align	2
 5873              	RTC_I2C:
 5874 0000 00000000 		.word	hi2c2
 5875              		.global	Oled_I2C
 5876              		.section	.data.Oled_I2C,"aw"
 5877              		.align	2
 5880              	Oled_I2C:
 5881 0000 00000000 		.word	hi2c1
 5882              		.global	Atlas_I2C
 5883              		.section	.data.Atlas_I2C,"aw"
 5884              		.align	2
ARM GAS  C:\Users\joabk\AppData\Local\Temp\ccUHSZ0G.s 			page 179


 5887              	Atlas_I2C:
 5888 0000 00000000 		.word	hi2c3
 5889              		.global	htim11
 5890              		.section	.bss.htim11,"aw",%nobits
 5891              		.align	2
 5894              	htim11:
 5895 0000 00000000 		.space	72
 5895      00000000 
 5895      00000000 
 5895      00000000 
 5895      00000000 
 5896              		.global	htim10
 5897              		.section	.bss.htim10,"aw",%nobits
 5898              		.align	2
 5901              	htim10:
 5902 0000 00000000 		.space	72
 5902      00000000 
 5902      00000000 
 5902      00000000 
 5902      00000000 
 5903              		.global	htim9
 5904              		.section	.bss.htim9,"aw",%nobits
 5905              		.align	2
 5908              	htim9:
 5909 0000 00000000 		.space	72
 5909      00000000 
 5909      00000000 
 5909      00000000 
 5909      00000000 
 5910              		.global	hdma_spi1_rx
 5911              		.section	.bss.hdma_spi1_rx,"aw",%nobits
 5912              		.align	2
 5915              	hdma_spi1_rx:
 5916 0000 00000000 		.space	96
 5916      00000000 
 5916      00000000 
 5916      00000000 
 5916      00000000 
 5917              		.global	hspi2
 5918              		.section	.bss.hspi2,"aw",%nobits
 5919              		.align	2
 5922              	hspi2:
 5923 0000 00000000 		.space	88
 5923      00000000 
 5923      00000000 
 5923      00000000 
 5923      00000000 
 5924              		.global	hspi1
 5925              		.section	.bss.hspi1,"aw",%nobits
 5926              		.align	2
 5929              	hspi1:
 5930 0000 00000000 		.space	88
 5930      00000000 
 5930      00000000 
 5930      00000000 
 5930      00000000 
 5931              		.global	hiwdg
ARM GAS  C:\Users\joabk\AppData\Local\Temp\ccUHSZ0G.s 			page 180


 5932              		.section	.bss.hiwdg,"aw",%nobits
 5933              		.align	2
 5936              	hiwdg:
 5937 0000 00000000 		.space	12
 5937      00000000 
 5937      00000000 
 5938              		.global	hi2c3
 5939              		.section	.bss.hi2c3,"aw",%nobits
 5940              		.align	2
 5943              	hi2c3:
 5944 0000 00000000 		.space	84
 5944      00000000 
 5944      00000000 
 5944      00000000 
 5944      00000000 
 5945              		.global	hi2c2
 5946              		.section	.bss.hi2c2,"aw",%nobits
 5947              		.align	2
 5950              	hi2c2:
 5951 0000 00000000 		.space	84
 5951      00000000 
 5951      00000000 
 5951      00000000 
 5951      00000000 
 5952              		.global	hi2c1
 5953              		.section	.bss.hi2c1,"aw",%nobits
 5954              		.align	2
 5957              	hi2c1:
 5958 0000 00000000 		.space	84
 5958      00000000 
 5958      00000000 
 5958      00000000 
 5958      00000000 
 5959              		.global	hadc1
 5960              		.section	.bss.hadc1,"aw",%nobits
 5961              		.align	2
 5964              	hadc1:
 5965 0000 00000000 		.space	72
 5965      00000000 
 5965      00000000 
 5965      00000000 
 5965      00000000 
 5966              		.text
 5967              	.Letext0:
 5968              		.file 3 "Drivers/CMSIS/Device/ST/STM32F4xx/Include/stm32f401xe.h"
 5969              		.file 4 "C:/Users/joabk/AppData/Roaming/Code/User/globalStorage/bmd.stm32-for-vscode/@xpack-dev-to
 5970              		.file 5 "C:/Users/joabk/AppData/Roaming/Code/User/globalStorage/bmd.stm32-for-vscode/@xpack-dev-to
 5971              		.file 6 "Drivers/CMSIS/Device/ST/STM32F4xx/Include/stm32f4xx.h"
 5972              		.file 7 "C:/Users/joabk/AppData/Roaming/Code/User/globalStorage/bmd.stm32-for-vscode/@xpack-dev-to
 5973              		.file 8 "Drivers/STM32F4xx_HAL_Driver/Inc/stm32f4xx_hal_def.h"
 5974              		.file 9 "Drivers/STM32F4xx_HAL_Driver/Inc/stm32f4xx_hal_rcc_ex.h"
 5975              		.file 10 "Drivers/STM32F4xx_HAL_Driver/Inc/stm32f4xx_hal_rcc.h"
 5976              		.file 11 "Drivers/STM32F4xx_HAL_Driver/Inc/stm32f4xx_hal_gpio.h"
 5977              		.file 12 "Drivers/STM32F4xx_HAL_Driver/Inc/stm32f4xx_hal_dma.h"
 5978              		.file 13 "Drivers/STM32F4xx_HAL_Driver/Inc/stm32f4xx_hal_adc.h"
 5979              		.file 14 "Drivers/STM32F4xx_HAL_Driver/Inc/stm32f4xx_hal_i2c.h"
 5980              		.file 15 "Drivers/STM32F4xx_HAL_Driver/Inc/stm32f4xx_hal_iwdg.h"
ARM GAS  C:\Users\joabk\AppData\Local\Temp\ccUHSZ0G.s 			page 181


 5981              		.file 16 "Drivers/STM32F4xx_HAL_Driver/Inc/stm32f4xx_hal_spi.h"
 5982              		.file 17 "Drivers/STM32F4xx_HAL_Driver/Inc/stm32f4xx_hal_tim.h"
 5983              		.file 18 "Middlewares/Third_Party/FatFs/src/integer.h"
 5984              		.file 19 "Middlewares/Third_Party/FatFs/src/ff.h"
 5985              		.file 20 "Core/Inc/fonts.h"
 5986              		.file 21 "Core/Inc/ssd1306.h"
 5987              		.file 22 "Core/Inc/SX1278_hw.h"
 5988              		.file 23 "Core/Inc/SX1278.h"
 5989              		.file 24 "C:/Users/joabk/AppData/Roaming/Code/User/globalStorage/bmd.stm32-for-vscode/@xpack-dev-t
 5990              		.file 25 "C:/Users/joabk/AppData/Roaming/Code/User/globalStorage/bmd.stm32-for-vscode/@xpack-dev-t
 5991              		.file 26 "C:/Users/joabk/AppData/Roaming/Code/User/globalStorage/bmd.stm32-for-vscode/@xpack-dev-t
 5992              		.file 27 "Drivers/STM32F4xx_HAL_Driver/Inc/stm32f4xx_hal_cortex.h"
 5993              		.file 28 "C:/Users/joabk/AppData/Roaming/Code/User/globalStorage/bmd.stm32-for-vscode/@xpack-dev-t
 5994              		.file 29 "Drivers/STM32F4xx_HAL_Driver/Inc/stm32f4xx_hal.h"
 5995              		.file 30 "FATFS/App/fatfs.h"
 5996              		.file 31 "<built-in>"
ARM GAS  C:\Users\joabk\AppData\Local\Temp\ccUHSZ0G.s 			page 182


DEFINED SYMBOLS
                            *ABS*:00000000 main.c
C:\Users\joabk\AppData\Local\Temp\ccUHSZ0G.s:21     .text.bcdtodec:00000000 $t
C:\Users\joabk\AppData\Local\Temp\ccUHSZ0G.s:26     .text.bcdtodec:00000000 bcdtodec
C:\Users\joabk\AppData\Local\Temp\ccUHSZ0G.s:50     .text.decimalbcd:00000000 $t
C:\Users\joabk\AppData\Local\Temp\ccUHSZ0G.s:55     .text.decimalbcd:00000000 decimalbcd
C:\Users\joabk\AppData\Local\Temp\ccUHSZ0G.s:80     .text.decimalbcd:0000001c $d
C:\Users\joabk\AppData\Local\Temp\ccUHSZ0G.s:85     .text.MX_GPIO_Init:00000000 $t
C:\Users\joabk\AppData\Local\Temp\ccUHSZ0G.s:90     .text.MX_GPIO_Init:00000000 MX_GPIO_Init
C:\Users\joabk\AppData\Local\Temp\ccUHSZ0G.s:380    .text.MX_GPIO_Init:00000170 $d
C:\Users\joabk\AppData\Local\Temp\ccUHSZ0G.s:388    .text.MX_DMA_Init:00000000 $t
C:\Users\joabk\AppData\Local\Temp\ccUHSZ0G.s:393    .text.MX_DMA_Init:00000000 MX_DMA_Init
C:\Users\joabk\AppData\Local\Temp\ccUHSZ0G.s:439    .text.MX_DMA_Init:00000030 $d
C:\Users\joabk\AppData\Local\Temp\ccUHSZ0G.s:444    .text.RTC_Detect:00000000 $t
C:\Users\joabk\AppData\Local\Temp\ccUHSZ0G.s:449    .text.RTC_Detect:00000000 RTC_Detect
C:\Users\joabk\AppData\Local\Temp\ccUHSZ0G.s:482    .text.RTC_Detect:0000001c $d
C:\Users\joabk\AppData\Local\Temp\ccUHSZ0G.s:5873   .data.RTC_I2C:00000000 RTC_I2C
C:\Users\joabk\AppData\Local\Temp\ccUHSZ0G.s:487    .text.Atlas_Detect:00000000 $t
C:\Users\joabk\AppData\Local\Temp\ccUHSZ0G.s:492    .text.Atlas_Detect:00000000 Atlas_Detect
C:\Users\joabk\AppData\Local\Temp\ccUHSZ0G.s:522    .text.Atlas_Detect:00000018 $d
C:\Users\joabk\AppData\Local\Temp\ccUHSZ0G.s:5887   .data.Atlas_I2C:00000000 Atlas_I2C
C:\Users\joabk\AppData\Local\Temp\ccUHSZ0G.s:527    .text.SD_Detect:00000000 $t
C:\Users\joabk\AppData\Local\Temp\ccUHSZ0G.s:532    .text.SD_Detect:00000000 SD_Detect
C:\Users\joabk\AppData\Local\Temp\ccUHSZ0G.s:557    .text.SD_Detect:00000010 $d
C:\Users\joabk\AppData\Local\Temp\ccUHSZ0G.s:5641   .bss.SD_Connected:00000000 SD_Connected
C:\Users\joabk\AppData\Local\Temp\ccUHSZ0G.s:563    .rodata.Atlas_Calibrate_Low.str1.4:00000000 $d
C:\Users\joabk\AppData\Local\Temp\ccUHSZ0G.s:567    .text.Atlas_Calibrate_Low:00000000 $t
C:\Users\joabk\AppData\Local\Temp\ccUHSZ0G.s:572    .text.Atlas_Calibrate_Low:00000000 Atlas_Calibrate_Low
C:\Users\joabk\AppData\Local\Temp\ccUHSZ0G.s:624    .text.Atlas_Calibrate_Low:00000038 $d
C:\Users\joabk\AppData\Local\Temp\ccUHSZ0G.s:630    .text.Atlas_Calibrate_High:00000000 $t
C:\Users\joabk\AppData\Local\Temp\ccUHSZ0G.s:635    .text.Atlas_Calibrate_High:00000000 Atlas_Calibrate_High
C:\Users\joabk\AppData\Local\Temp\ccUHSZ0G.s:685    .text.Atlas_Calibrate_High:00000030 $d
C:\Users\joabk\AppData\Local\Temp\ccUHSZ0G.s:691    .text.Atlas_Wake:00000000 $t
C:\Users\joabk\AppData\Local\Temp\ccUHSZ0G.s:696    .text.Atlas_Wake:00000000 Atlas_Wake
C:\Users\joabk\AppData\Local\Temp\ccUHSZ0G.s:742    .text.Atlas_Wake:0000002c $d
C:\Users\joabk\AppData\Local\Temp\ccUHSZ0G.s:747    .rodata.Atlas_Sleep.str1.4:00000000 $d
C:\Users\joabk\AppData\Local\Temp\ccUHSZ0G.s:751    .text.Atlas_Sleep:00000000 $t
C:\Users\joabk\AppData\Local\Temp\ccUHSZ0G.s:756    .text.Atlas_Sleep:00000000 Atlas_Sleep
C:\Users\joabk\AppData\Local\Temp\ccUHSZ0G.s:804    .text.Atlas_Sleep:00000030 $d
C:\Users\joabk\AppData\Local\Temp\ccUHSZ0G.s:810    .text.RTC_Set_Time:00000000 $t
C:\Users\joabk\AppData\Local\Temp\ccUHSZ0G.s:815    .text.RTC_Set_Time:00000000 RTC_Set_Time
C:\Users\joabk\AppData\Local\Temp\ccUHSZ0G.s:1079   .text.RTC_Set_Time:000001b0 $d
C:\Users\joabk\AppData\Local\Temp\ccUHSZ0G.s:1084   .text.Atlas_Read_Val:00000000 $t
C:\Users\joabk\AppData\Local\Temp\ccUHSZ0G.s:1089   .text.Atlas_Read_Val:00000000 Atlas_Read_Val
C:\Users\joabk\AppData\Local\Temp\ccUHSZ0G.s:1211   .text.Atlas_Read_Val:00000088 $d
C:\Users\joabk\AppData\Local\Temp\ccUHSZ0G.s:1216   .text.get_unix_timestamp:00000000 $t
C:\Users\joabk\AppData\Local\Temp\ccUHSZ0G.s:1221   .text.get_unix_timestamp:00000000 get_unix_timestamp
C:\Users\joabk\AppData\Local\Temp\ccUHSZ0G.s:1286   .text.RTC_Get_Time:00000000 $t
C:\Users\joabk\AppData\Local\Temp\ccUHSZ0G.s:1291   .text.RTC_Get_Time:00000000 RTC_Get_Time
C:\Users\joabk\AppData\Local\Temp\ccUHSZ0G.s:1455   .rodata.SD_Write.str1.4:00000000 $d
C:\Users\joabk\AppData\Local\Temp\ccUHSZ0G.s:1480   .text.SD_Write:00000000 $t
C:\Users\joabk\AppData\Local\Temp\ccUHSZ0G.s:1485   .text.SD_Write:00000000 SD_Write
C:\Users\joabk\AppData\Local\Temp\ccUHSZ0G.s:1718   .text.SD_Write:0000011c $d
C:\Users\joabk\AppData\Local\Temp\ccUHSZ0G.s:5725   .bss.SD_filename:00000000 SD_filename
C:\Users\joabk\AppData\Local\Temp\ccUHSZ0G.s:5791   .bss.Atlas_Buffer_1:00000000 Atlas_Buffer_1
C:\Users\joabk\AppData\Local\Temp\ccUHSZ0G.s:5784   .bss.Atlas_Buffer_2:00000000 Atlas_Buffer_2
C:\Users\joabk\AppData\Local\Temp\ccUHSZ0G.s:5777   .bss.Atlas_Buffer_3:00000000 Atlas_Buffer_3
ARM GAS  C:\Users\joabk\AppData\Local\Temp\ccUHSZ0G.s 			page 183


C:\Users\joabk\AppData\Local\Temp\ccUHSZ0G.s:5770   .bss.Atlas_Buffer_4:00000000 Atlas_Buffer_4
C:\Users\joabk\AppData\Local\Temp\ccUHSZ0G.s:1737   .text.write_OLED:00000000 $t
C:\Users\joabk\AppData\Local\Temp\ccUHSZ0G.s:1742   .text.write_OLED:00000000 write_OLED
C:\Users\joabk\AppData\Local\Temp\ccUHSZ0G.s:1786   .text.write_OLED:00000030 $d
C:\Users\joabk\AppData\Local\Temp\ccUHSZ0G.s:5880   .data.Oled_I2C:00000000 Oled_I2C
C:\Users\joabk\AppData\Local\Temp\ccUHSZ0G.s:1792   .rodata.Calibrate_Atlas.str1.4:00000000 $d
C:\Users\joabk\AppData\Local\Temp\ccUHSZ0G.s:1820   .text.Calibrate_Atlas:00000000 $t
C:\Users\joabk\AppData\Local\Temp\ccUHSZ0G.s:1825   .text.Calibrate_Atlas:00000000 Calibrate_Atlas
C:\Users\joabk\AppData\Local\Temp\ccUHSZ0G.s:2258   .text.Calibrate_Atlas:0000025c $d
C:\Users\joabk\AppData\Local\Temp\ccUHSZ0G.s:5713   .bss.PB2_Flag:00000000 PB2_Flag
C:\Users\joabk\AppData\Local\Temp\ccUHSZ0G.s:5707   .bss.PB3_Flag:00000000 PB3_Flag
C:\Users\joabk\AppData\Local\Temp\ccUHSZ0G.s:2277   .text.LoRa_ArmRX:00000000 $t
C:\Users\joabk\AppData\Local\Temp\ccUHSZ0G.s:2282   .text.LoRa_ArmRX:00000000 LoRa_ArmRX
C:\Users\joabk\AppData\Local\Temp\ccUHSZ0G.s:2303   .text.LoRa_ArmRX:00000010 $d
C:\Users\joabk\AppData\Local\Temp\ccUHSZ0G.s:5824   .bss.SX1278:00000000 SX1278
C:\Users\joabk\AppData\Local\Temp\ccUHSZ0G.s:2308   .text.HAL_TIM_PeriodElapsedCallback:00000000 $t
C:\Users\joabk\AppData\Local\Temp\ccUHSZ0G.s:2314   .text.HAL_TIM_PeriodElapsedCallback:00000000 HAL_TIM_PeriodElapsedCallback
C:\Users\joabk\AppData\Local\Temp\ccUHSZ0G.s:2385   .text.HAL_TIM_PeriodElapsedCallback:00000040 $d
C:\Users\joabk\AppData\Local\Temp\ccUHSZ0G.s:5647   .bss.RTC_Update_Oled:00000000 RTC_Update_Oled
C:\Users\joabk\AppData\Local\Temp\ccUHSZ0G.s:5611   .bss.Atlas_Send_live:00000000 Atlas_Send_live
C:\Users\joabk\AppData\Local\Temp\ccUHSZ0G.s:5605   .bss.Atlas_measure:00000000 Atlas_measure
C:\Users\joabk\AppData\Local\Temp\ccUHSZ0G.s:2396   .text.LoRa_Detect:00000000 $t
C:\Users\joabk\AppData\Local\Temp\ccUHSZ0G.s:2402   .text.LoRa_Detect:00000000 LoRa_Detect
C:\Users\joabk\AppData\Local\Temp\ccUHSZ0G.s:2432   .text.LoRa_Init:00000000 $t
C:\Users\joabk\AppData\Local\Temp\ccUHSZ0G.s:2438   .text.LoRa_Init:00000000 LoRa_Init
C:\Users\joabk\AppData\Local\Temp\ccUHSZ0G.s:2516   .text.LoRa_Init:00000058 $d
C:\Users\joabk\AppData\Local\Temp\ccUHSZ0G.s:5831   .bss.SX1278_hw:00000000 SX1278_hw
C:\Users\joabk\AppData\Local\Temp\ccUHSZ0G.s:5683   .bss.LoRa_Connected:00000000 LoRa_Connected
C:\Users\joabk\AppData\Local\Temp\ccUHSZ0G.s:2525   .text.LoRa_TX_Continuous:00000000 $t
C:\Users\joabk\AppData\Local\Temp\ccUHSZ0G.s:2531   .text.LoRa_TX_Continuous:00000000 LoRa_TX_Continuous
C:\Users\joabk\AppData\Local\Temp\ccUHSZ0G.s:2683   .text.LoRa_TX_Continuous:000000b4 $d
C:\Users\joabk\AppData\Local\Temp\ccUHSZ0G.s:2688   .text.LoRa_TX:00000000 $t
C:\Users\joabk\AppData\Local\Temp\ccUHSZ0G.s:2694   .text.LoRa_TX:00000000 LoRa_TX
C:\Users\joabk\AppData\Local\Temp\ccUHSZ0G.s:2725   .rodata.SD_DataDump.str1.4:00000000 $d
C:\Users\joabk\AppData\Local\Temp\ccUHSZ0G.s:2759   .text.SD_DataDump:00000000 $t
C:\Users\joabk\AppData\Local\Temp\ccUHSZ0G.s:2764   .text.SD_DataDump:00000000 SD_DataDump
C:\Users\joabk\AppData\Local\Temp\ccUHSZ0G.s:3215   .text.SD_DataDump:0000021c $d
C:\Users\joabk\AppData\Local\Temp\ccUHSZ0G.s:3233   .text.LoRa_RX:00000000 $t
C:\Users\joabk\AppData\Local\Temp\ccUHSZ0G.s:3239   .text.LoRa_RX:00000000 LoRa_RX
C:\Users\joabk\AppData\Local\Temp\ccUHSZ0G.s:3299   .text.LoRa_RX:00000034 $d
C:\Users\joabk\AppData\Local\Temp\ccUHSZ0G.s:5817   .bss.LoRa_RX_Buffer:00000000 LoRa_RX_Buffer
C:\Users\joabk\AppData\Local\Temp\ccUHSZ0G.s:5810   .bss.LoRa_RX_Length:00000000 LoRa_RX_Length
C:\Users\joabk\AppData\Local\Temp\ccUHSZ0G.s:5677   .bss.LoRa_RX_Flag:00000000 LoRa_RX_Flag
C:\Users\joabk\AppData\Local\Temp\ccUHSZ0G.s:3308   .text.HAL_GPIO_EXTI_Callback:00000000 $t
C:\Users\joabk\AppData\Local\Temp\ccUHSZ0G.s:3314   .text.HAL_GPIO_EXTI_Callback:00000000 HAL_GPIO_EXTI_Callback
C:\Users\joabk\AppData\Local\Temp\ccUHSZ0G.s:3484   .text.HAL_GPIO_EXTI_Callback:000000a8 $d
C:\Users\joabk\AppData\Local\Temp\ccUHSZ0G.s:5599   .bss.last_press_time1.2:00000000 last_press_time1.2
C:\Users\joabk\AppData\Local\Temp\ccUHSZ0G.s:5719   .bss.PB1_Flag:00000000 PB1_Flag
C:\Users\joabk\AppData\Local\Temp\ccUHSZ0G.s:5701   .bss.Calibrate_Flag:00000000 Calibrate_Flag
C:\Users\joabk\AppData\Local\Temp\ccUHSZ0G.s:5593   .bss.last_press_time2.1:00000000 last_press_time2.1
C:\Users\joabk\AppData\Local\Temp\ccUHSZ0G.s:5587   .bss.last_press_time3.0:00000000 last_press_time3.0
C:\Users\joabk\AppData\Local\Temp\ccUHSZ0G.s:3497   .text.Error_Handler:00000000 $t
C:\Users\joabk\AppData\Local\Temp\ccUHSZ0G.s:3503   .text.Error_Handler:00000000 Error_Handler
C:\Users\joabk\AppData\Local\Temp\ccUHSZ0G.s:3535   .text.MX_I2C1_Init:00000000 $t
C:\Users\joabk\AppData\Local\Temp\ccUHSZ0G.s:3540   .text.MX_I2C1_Init:00000000 MX_I2C1_Init
C:\Users\joabk\AppData\Local\Temp\ccUHSZ0G.s:3597   .text.MX_I2C1_Init:0000002c $d
C:\Users\joabk\AppData\Local\Temp\ccUHSZ0G.s:5957   .bss.hi2c1:00000000 hi2c1
ARM GAS  C:\Users\joabk\AppData\Local\Temp\ccUHSZ0G.s 			page 184


C:\Users\joabk\AppData\Local\Temp\ccUHSZ0G.s:3604   .text.MX_TIM11_Init:00000000 $t
C:\Users\joabk\AppData\Local\Temp\ccUHSZ0G.s:3609   .text.MX_TIM11_Init:00000000 MX_TIM11_Init
C:\Users\joabk\AppData\Local\Temp\ccUHSZ0G.s:3657   .text.MX_TIM11_Init:00000028 $d
C:\Users\joabk\AppData\Local\Temp\ccUHSZ0G.s:5894   .bss.htim11:00000000 htim11
C:\Users\joabk\AppData\Local\Temp\ccUHSZ0G.s:3663   .text.MX_I2C2_Init:00000000 $t
C:\Users\joabk\AppData\Local\Temp\ccUHSZ0G.s:3668   .text.MX_I2C2_Init:00000000 MX_I2C2_Init
C:\Users\joabk\AppData\Local\Temp\ccUHSZ0G.s:3725   .text.MX_I2C2_Init:0000002c $d
C:\Users\joabk\AppData\Local\Temp\ccUHSZ0G.s:5950   .bss.hi2c2:00000000 hi2c2
C:\Users\joabk\AppData\Local\Temp\ccUHSZ0G.s:3732   .text.MX_I2C3_Init:00000000 $t
C:\Users\joabk\AppData\Local\Temp\ccUHSZ0G.s:3737   .text.MX_I2C3_Init:00000000 MX_I2C3_Init
C:\Users\joabk\AppData\Local\Temp\ccUHSZ0G.s:3794   .text.MX_I2C3_Init:0000002c $d
C:\Users\joabk\AppData\Local\Temp\ccUHSZ0G.s:5943   .bss.hi2c3:00000000 hi2c3
C:\Users\joabk\AppData\Local\Temp\ccUHSZ0G.s:3801   .text.MX_SPI1_Init:00000000 $t
C:\Users\joabk\AppData\Local\Temp\ccUHSZ0G.s:3806   .text.MX_SPI1_Init:00000000 MX_SPI1_Init
C:\Users\joabk\AppData\Local\Temp\ccUHSZ0G.s:3874   .text.MX_SPI1_Init:00000038 $d
C:\Users\joabk\AppData\Local\Temp\ccUHSZ0G.s:5929   .bss.hspi1:00000000 hspi1
C:\Users\joabk\AppData\Local\Temp\ccUHSZ0G.s:3880   .text.MX_SPI2_Init:00000000 $t
C:\Users\joabk\AppData\Local\Temp\ccUHSZ0G.s:3885   .text.MX_SPI2_Init:00000000 MX_SPI2_Init
C:\Users\joabk\AppData\Local\Temp\ccUHSZ0G.s:3952   .text.MX_SPI2_Init:00000038 $d
C:\Users\joabk\AppData\Local\Temp\ccUHSZ0G.s:5922   .bss.hspi2:00000000 hspi2
C:\Users\joabk\AppData\Local\Temp\ccUHSZ0G.s:3958   .text.MX_TIM10_Init:00000000 $t
C:\Users\joabk\AppData\Local\Temp\ccUHSZ0G.s:3963   .text.MX_TIM10_Init:00000000 MX_TIM10_Init
C:\Users\joabk\AppData\Local\Temp\ccUHSZ0G.s:4011   .text.MX_TIM10_Init:00000028 $d
C:\Users\joabk\AppData\Local\Temp\ccUHSZ0G.s:5901   .bss.htim10:00000000 htim10
C:\Users\joabk\AppData\Local\Temp\ccUHSZ0G.s:4017   .text.MX_TIM9_Init:00000000 $t
C:\Users\joabk\AppData\Local\Temp\ccUHSZ0G.s:4022   .text.MX_TIM9_Init:00000000 MX_TIM9_Init
C:\Users\joabk\AppData\Local\Temp\ccUHSZ0G.s:4098   .text.MX_TIM9_Init:0000004c $d
C:\Users\joabk\AppData\Local\Temp\ccUHSZ0G.s:5908   .bss.htim9:00000000 htim9
C:\Users\joabk\AppData\Local\Temp\ccUHSZ0G.s:4104   .text.MX_IWDG_Init:00000000 $t
C:\Users\joabk\AppData\Local\Temp\ccUHSZ0G.s:4109   .text.MX_IWDG_Init:00000000 MX_IWDG_Init
C:\Users\joabk\AppData\Local\Temp\ccUHSZ0G.s:4147   .text.MX_IWDG_Init:00000020 $d
C:\Users\joabk\AppData\Local\Temp\ccUHSZ0G.s:5936   .bss.hiwdg:00000000 hiwdg
C:\Users\joabk\AppData\Local\Temp\ccUHSZ0G.s:4153   .text.MX_ADC1_Init:00000000 $t
C:\Users\joabk\AppData\Local\Temp\ccUHSZ0G.s:4158   .text.MX_ADC1_Init:00000000 MX_ADC1_Init
C:\Users\joabk\AppData\Local\Temp\ccUHSZ0G.s:4260   .text.MX_ADC1_Init:0000005c $d
C:\Users\joabk\AppData\Local\Temp\ccUHSZ0G.s:5964   .bss.hadc1:00000000 hadc1
C:\Users\joabk\AppData\Local\Temp\ccUHSZ0G.s:4267   .text.SystemClock_Config:00000000 $t
C:\Users\joabk\AppData\Local\Temp\ccUHSZ0G.s:4273   .text.SystemClock_Config:00000000 SystemClock_Config
C:\Users\joabk\AppData\Local\Temp\ccUHSZ0G.s:4402   .text.SystemClock_Config:0000008c $d
C:\Users\joabk\AppData\Local\Temp\ccUHSZ0G.s:4408   .rodata.main.str1.4:00000000 $d
C:\Users\joabk\AppData\Local\Temp\ccUHSZ0G.s:4466   .text.main:00000000 $t
C:\Users\joabk\AppData\Local\Temp\ccUHSZ0G.s:4472   .text.main:00000000 main
C:\Users\joabk\AppData\Local\Temp\ccUHSZ0G.s:4936   .text.main:00000264 $d
C:\Users\joabk\AppData\Local\Temp\ccUHSZ0G.s:5859   .data.Lora_SPI:00000000 Lora_SPI
C:\Users\joabk\AppData\Local\Temp\ccUHSZ0G.s:5659   .bss.OLED_Connected:00000000 OLED_Connected
C:\Users\joabk\AppData\Local\Temp\ccUHSZ0G.s:5653   .bss.RTC_Connected:00000000 RTC_Connected
C:\Users\joabk\AppData\Local\Temp\ccUHSZ0G.s:5635   .bss.Atlas1_Connected:00000000 Atlas1_Connected
C:\Users\joabk\AppData\Local\Temp\ccUHSZ0G.s:5629   .bss.Atlas2_Connected:00000000 Atlas2_Connected
C:\Users\joabk\AppData\Local\Temp\ccUHSZ0G.s:5623   .bss.Atlas3_Connected:00000000 Atlas3_Connected
C:\Users\joabk\AppData\Local\Temp\ccUHSZ0G.s:5617   .bss.Atlas4_Connected:00000000 Atlas4_Connected
C:\Users\joabk\AppData\Local\Temp\ccUHSZ0G.s:5852   .data.LED_Tim:00000000 LED_Tim
C:\Users\joabk\AppData\Local\Temp\ccUHSZ0G.s:5845   .data.Live_Tim:00000000 Live_Tim
C:\Users\joabk\AppData\Local\Temp\ccUHSZ0G.s:5838   .data.Measure_Tim:00000000 Measure_Tim
C:\Users\joabk\AppData\Local\Temp\ccUHSZ0G.s:5689   .bss.Current_Second:00000000 Current_Second
C:\Users\joabk\AppData\Local\Temp\ccUHSZ0G.s:5732   .bss.connected_buffer:00000000 connected_buffer
C:\Users\joabk\AppData\Local\Temp\ccUHSZ0G.s:5750   .bss.Main_Mode:00000000 Main_Mode
C:\Users\joabk\AppData\Local\Temp\ccUHSZ0G.s:5763   .bss.mode_buffer:00000000 mode_buffer
ARM GAS  C:\Users\joabk\AppData\Local\Temp\ccUHSZ0G.s 			page 185


C:\Users\joabk\AppData\Local\Temp\ccUHSZ0G.s:5756   .bss.Main_Mode_Changed:00000000 Main_Mode_Changed
C:\Users\joabk\AppData\Local\Temp\ccUHSZ0G.s:4981   .text.main:00000310 $t
C:\Users\joabk\AppData\Local\Temp\ccUHSZ0G.s:5435   .text.main:0000057c $d
C:\Users\joabk\AppData\Local\Temp\ccUHSZ0G.s:5695   .bss.StartLive_Flag:00000000 StartLive_Flag
C:\Users\joabk\AppData\Local\Temp\ccUHSZ0G.s:5738   .data.Num_Buoys:00000000 Num_Buoys
C:\Users\joabk\AppData\Local\Temp\ccUHSZ0G.s:5744   .bss.Buoy_ID:00000000 Buoy_ID
C:\Users\joabk\AppData\Local\Temp\ccUHSZ0G.s:5471   .text.main:00000604 $t
C:\Users\joabk\AppData\Local\Temp\ccUHSZ0G.s:5566   .text.main:0000068c $d
C:\Users\joabk\AppData\Local\Temp\ccUHSZ0G.s:5804   .bss.LoRa_TX_Buffer:00000000 LoRa_TX_Buffer
C:\Users\joabk\AppData\Local\Temp\ccUHSZ0G.s:5584   .bss.last_press_time3.0:00000000 $d
C:\Users\joabk\AppData\Local\Temp\ccUHSZ0G.s:5590   .bss.last_press_time2.1:00000000 $d
C:\Users\joabk\AppData\Local\Temp\ccUHSZ0G.s:5596   .bss.last_press_time1.2:00000000 $d
C:\Users\joabk\AppData\Local\Temp\ccUHSZ0G.s:5606   .bss.Atlas_measure:00000000 $d
C:\Users\joabk\AppData\Local\Temp\ccUHSZ0G.s:5612   .bss.Atlas_Send_live:00000000 $d
C:\Users\joabk\AppData\Local\Temp\ccUHSZ0G.s:5618   .bss.Atlas4_Connected:00000000 $d
C:\Users\joabk\AppData\Local\Temp\ccUHSZ0G.s:5624   .bss.Atlas3_Connected:00000000 $d
C:\Users\joabk\AppData\Local\Temp\ccUHSZ0G.s:5630   .bss.Atlas2_Connected:00000000 $d
C:\Users\joabk\AppData\Local\Temp\ccUHSZ0G.s:5636   .bss.Atlas1_Connected:00000000 $d
C:\Users\joabk\AppData\Local\Temp\ccUHSZ0G.s:5642   .bss.SD_Connected:00000000 $d
C:\Users\joabk\AppData\Local\Temp\ccUHSZ0G.s:5648   .bss.RTC_Update_Oled:00000000 $d
C:\Users\joabk\AppData\Local\Temp\ccUHSZ0G.s:5654   .bss.RTC_Connected:00000000 $d
C:\Users\joabk\AppData\Local\Temp\ccUHSZ0G.s:5660   .bss.OLED_Connected:00000000 $d
C:\Users\joabk\AppData\Local\Temp\ccUHSZ0G.s:5665   .bss.LoRa_RX_Counter:00000000 LoRa_RX_Counter
C:\Users\joabk\AppData\Local\Temp\ccUHSZ0G.s:5666   .bss.LoRa_RX_Counter:00000000 $d
C:\Users\joabk\AppData\Local\Temp\ccUHSZ0G.s:5671   .bss.LoRa_RX_Mode:00000000 LoRa_RX_Mode
C:\Users\joabk\AppData\Local\Temp\ccUHSZ0G.s:5672   .bss.LoRa_RX_Mode:00000000 $d
C:\Users\joabk\AppData\Local\Temp\ccUHSZ0G.s:5678   .bss.LoRa_RX_Flag:00000000 $d
C:\Users\joabk\AppData\Local\Temp\ccUHSZ0G.s:5684   .bss.LoRa_Connected:00000000 $d
C:\Users\joabk\AppData\Local\Temp\ccUHSZ0G.s:5690   .bss.Current_Second:00000000 $d
C:\Users\joabk\AppData\Local\Temp\ccUHSZ0G.s:5696   .bss.StartLive_Flag:00000000 $d
C:\Users\joabk\AppData\Local\Temp\ccUHSZ0G.s:5702   .bss.Calibrate_Flag:00000000 $d
C:\Users\joabk\AppData\Local\Temp\ccUHSZ0G.s:5708   .bss.PB3_Flag:00000000 $d
C:\Users\joabk\AppData\Local\Temp\ccUHSZ0G.s:5714   .bss.PB2_Flag:00000000 $d
C:\Users\joabk\AppData\Local\Temp\ccUHSZ0G.s:5720   .bss.PB1_Flag:00000000 $d
C:\Users\joabk\AppData\Local\Temp\ccUHSZ0G.s:5722   .bss.SD_filename:00000000 $d
C:\Users\joabk\AppData\Local\Temp\ccUHSZ0G.s:5729   .bss.connected_buffer:00000000 $d
C:\Users\joabk\AppData\Local\Temp\ccUHSZ0G.s:5745   .bss.Buoy_ID:00000000 $d
C:\Users\joabk\AppData\Local\Temp\ccUHSZ0G.s:5751   .bss.Main_Mode:00000000 $d
C:\Users\joabk\AppData\Local\Temp\ccUHSZ0G.s:5757   .bss.Main_Mode_Changed:00000000 $d
C:\Users\joabk\AppData\Local\Temp\ccUHSZ0G.s:5760   .bss.mode_buffer:00000000 $d
C:\Users\joabk\AppData\Local\Temp\ccUHSZ0G.s:5767   .bss.Atlas_Buffer_4:00000000 $d
C:\Users\joabk\AppData\Local\Temp\ccUHSZ0G.s:5774   .bss.Atlas_Buffer_3:00000000 $d
C:\Users\joabk\AppData\Local\Temp\ccUHSZ0G.s:5781   .bss.Atlas_Buffer_2:00000000 $d
C:\Users\joabk\AppData\Local\Temp\ccUHSZ0G.s:5788   .bss.Atlas_Buffer_1:00000000 $d
C:\Users\joabk\AppData\Local\Temp\ccUHSZ0G.s:5797   .bss.LoRa_TX_Buffer_Length:00000000 LoRa_TX_Buffer_Length
C:\Users\joabk\AppData\Local\Temp\ccUHSZ0G.s:5798   .bss.LoRa_TX_Buffer_Length:00000000 $d
C:\Users\joabk\AppData\Local\Temp\ccUHSZ0G.s:5801   .bss.LoRa_TX_Buffer:00000000 $d
C:\Users\joabk\AppData\Local\Temp\ccUHSZ0G.s:5811   .bss.LoRa_RX_Length:00000000 $d
C:\Users\joabk\AppData\Local\Temp\ccUHSZ0G.s:5814   .bss.LoRa_RX_Buffer:00000000 $d
C:\Users\joabk\AppData\Local\Temp\ccUHSZ0G.s:5821   .bss.SX1278:00000000 $d
C:\Users\joabk\AppData\Local\Temp\ccUHSZ0G.s:5828   .bss.SX1278_hw:00000000 $d
C:\Users\joabk\AppData\Local\Temp\ccUHSZ0G.s:5835   .data.Measure_Tim:00000000 $d
C:\Users\joabk\AppData\Local\Temp\ccUHSZ0G.s:5842   .data.Live_Tim:00000000 $d
C:\Users\joabk\AppData\Local\Temp\ccUHSZ0G.s:5849   .data.LED_Tim:00000000 $d
C:\Users\joabk\AppData\Local\Temp\ccUHSZ0G.s:5856   .data.Lora_SPI:00000000 $d
C:\Users\joabk\AppData\Local\Temp\ccUHSZ0G.s:5866   .data.MicroSD_SPI:00000000 MicroSD_SPI
C:\Users\joabk\AppData\Local\Temp\ccUHSZ0G.s:5863   .data.MicroSD_SPI:00000000 $d
ARM GAS  C:\Users\joabk\AppData\Local\Temp\ccUHSZ0G.s 			page 186


C:\Users\joabk\AppData\Local\Temp\ccUHSZ0G.s:5870   .data.RTC_I2C:00000000 $d
C:\Users\joabk\AppData\Local\Temp\ccUHSZ0G.s:5877   .data.Oled_I2C:00000000 $d
C:\Users\joabk\AppData\Local\Temp\ccUHSZ0G.s:5884   .data.Atlas_I2C:00000000 $d
C:\Users\joabk\AppData\Local\Temp\ccUHSZ0G.s:5891   .bss.htim11:00000000 $d
C:\Users\joabk\AppData\Local\Temp\ccUHSZ0G.s:5898   .bss.htim10:00000000 $d
C:\Users\joabk\AppData\Local\Temp\ccUHSZ0G.s:5905   .bss.htim9:00000000 $d
C:\Users\joabk\AppData\Local\Temp\ccUHSZ0G.s:5915   .bss.hdma_spi1_rx:00000000 hdma_spi1_rx
C:\Users\joabk\AppData\Local\Temp\ccUHSZ0G.s:5912   .bss.hdma_spi1_rx:00000000 $d
C:\Users\joabk\AppData\Local\Temp\ccUHSZ0G.s:5919   .bss.hspi2:00000000 $d
C:\Users\joabk\AppData\Local\Temp\ccUHSZ0G.s:5926   .bss.hspi1:00000000 $d
C:\Users\joabk\AppData\Local\Temp\ccUHSZ0G.s:5933   .bss.hiwdg:00000000 $d
C:\Users\joabk\AppData\Local\Temp\ccUHSZ0G.s:5940   .bss.hi2c3:00000000 $d
C:\Users\joabk\AppData\Local\Temp\ccUHSZ0G.s:5947   .bss.hi2c2:00000000 $d
C:\Users\joabk\AppData\Local\Temp\ccUHSZ0G.s:5954   .bss.hi2c1:00000000 $d
C:\Users\joabk\AppData\Local\Temp\ccUHSZ0G.s:5961   .bss.hadc1:00000000 $d

UNDEFINED SYMBOLS
HAL_GPIO_WritePin
HAL_GPIO_Init
HAL_NVIC_SetPriority
HAL_NVIC_EnableIRQ
HAL_I2C_IsDeviceReady
HAL_GPIO_ReadPin
strlen
HAL_I2C_Master_Transmit
HAL_Delay
HAL_I2C_Mem_Write
HAL_I2C_Master_Receive
mktime
HAL_I2C_Mem_Read
localtime
strftime
f_mount
f_open
snprintf
f_write
f_close
ssd1306_SetCursor
ssd1306_WriteString
ssd1306_UpdateScreen
Font_7x10
ssd1306_Fill
SX1278_LoRaEntryRx
HAL_GPIO_TogglePin
SX1278_SPIRead
SX1278_hw_init
SX1278_hw_Reset
SX1278_init
SX1278_SPIWrite
SX1278_clearLoRaIrq
SX1278_SPIBurstWrite
HAL_GetTick
SX1278_hw_GetDIO0
f_opendir
strncpy
f_gets
strcspn
ARM GAS  C:\Users\joabk\AppData\Local\Temp\ccUHSZ0G.s 			page 187


strtok
strcmp
f_readdir
strstr
f_closedir
SX1278_LoRaRxPacket
memcpy
HAL_I2C_Init
HAL_TIM_Base_Init
HAL_SPI_Init
HAL_TIM_ConfigClockSource
HAL_IWDG_Init
HAL_ADC_Init
HAL_ADC_ConfigChannel
memset
HAL_RCC_OscConfig
HAL_RCC_ClockConfig
HAL_RCC_EnableCSS
HAL_Init
MX_FATFS_Init
ssd1306_Init
HAL_TIM_Base_Start_IT
HAL_IWDG_Refresh
strncmp
