
build/release/Design_Embedded_Subsystem.elf:     file format elf32-littlearm

Sections:
Idx Name          Size      VMA       LMA       File off  Algn
  0 .isr_vector   00000194  08000000  08000000  00001000  2**0
                  CONTENTS, ALLOC, LOAD, READONLY, DATA
  1 .text         00003de8  08000198  08000198  00001198  2**3
                  CONTENTS, ALLOC, LOAD, READONLY, CODE
  2 .rodata       00000080  08003f80  08003f80  00004f80  2**2
                  CONTENTS, ALLOC, LOAD, READONLY, DATA
  3 .ARM.extab    00000000  08004000  08004000  00006034  2**0
                  CONTENTS, READONLY
  4 .ARM          00000008  08004000  08004000  00005000  2**2
                  CONTENTS, ALLOC, LOAD, READONLY, DATA
  5 .preinit_array 00000000  08004008  08004008  00006034  2**0
                  CONTENTS, ALLOC, LOAD, DATA
  6 .init_array   00000004  08004008  08004008  00005008  2**2
                  CONTENTS, ALLOC, LOAD, READONLY, DATA
  7 .fini_array   00000004  0800400c  0800400c  0000500c  2**2
                  CONTENTS, ALLOC, LOAD, READONLY, DATA
  8 .data         00000034  20000000  08004010  00006000  2**2
                  CONTENTS, ALLOC, LOAD, DATA
  9 .bss          00000808  20000038  08004044  00006038  2**3
                  ALLOC
 10 ._user_heap_stack 00000600  20000840  08004044  00006840  2**0
                  ALLOC
 11 .ARM.attributes 00000030  00000000  00000000  00006034  2**0
                  CONTENTS, READONLY
 12 .comment      00000039  00000000  00000000  00006064  2**0
                  CONTENTS, READONLY
 13 .debug_line   00000658  00000000  00000000  0000609d  2**0
                  CONTENTS, READONLY, DEBUGGING, OCTETS
 14 .debug_line_str 00000138  00000000  00000000  000066f5  2**0
                  CONTENTS, READONLY, DEBUGGING, OCTETS
 15 .debug_info   00000763  00000000  00000000  0000682d  2**0
                  CONTENTS, READONLY, DEBUGGING, OCTETS
 16 .debug_abbrev 000001a4  00000000  00000000  00006f90  2**0
                  CONTENTS, READONLY, DEBUGGING, OCTETS
 17 .debug_aranges 00000060  00000000  00000000  00007138  2**3
                  CONTENTS, READONLY, DEBUGGING, OCTETS
 18 .debug_str    0000081d  00000000  00000000  00007198  2**0
                  CONTENTS, READONLY, DEBUGGING, OCTETS
 19 .debug_frame  00000060  00000000  00000000  000079b8  2**2
                  CONTENTS, READONLY, DEBUGGING, OCTETS
 20 .debug_loclists 00000a15  00000000  00000000  00007a18  2**0
                  CONTENTS, READONLY, DEBUGGING, OCTETS
 21 .debug_rnglists 00000099  00000000  00000000  0000842d  2**0
                  CONTENTS, READONLY, DEBUGGING, OCTETS

Disassembly of section .text:

08000198 <__aeabi_uldivmod>:
 8000198:	b953      	cbnz	r3, 80001b0 <__aeabi_uldivmod+0x18>
 800019a:	b94a      	cbnz	r2, 80001b0 <__aeabi_uldivmod+0x18>
 800019c:	2900      	cmp	r1, #0
 800019e:	bf08      	it	eq
 80001a0:	2800      	cmpeq	r0, #0
 80001a2:	bf1c      	itt	ne
 80001a4:	f04f 31ff 	movne.w	r1, #4294967295
 80001a8:	f04f 30ff 	movne.w	r0, #4294967295
 80001ac:	f000 b80c 	b.w	80001c8 <__aeabi_idiv0>
 80001b0:	f1ad 0c08 	sub.w	ip, sp, #8
 80001b4:	e96d ce04 	strd	ip, lr, [sp, #-16]!
 80001b8:	f003 fd78 	bl	8003cac <__udivmoddi4>
 80001bc:	f8dd e004 	ldr.w	lr, [sp, #4]
 80001c0:	e9dd 2302 	ldrd	r2, r3, [sp, #8]
 80001c4:	b004      	add	sp, #16
 80001c6:	4770      	bx	lr

080001c8 <__aeabi_idiv0>:
 80001c8:	4770      	bx	lr
 80001ca:	bf00      	nop

080001cc <__do_global_dtors_aux>:
 80001cc:	b510      	push	{r4, lr}
 80001ce:	4c05      	ldr	r4, [pc, #20]	@ (80001e4 <__do_global_dtors_aux+0x18>)
 80001d0:	7823      	ldrb	r3, [r4, #0]
 80001d2:	b933      	cbnz	r3, 80001e2 <__do_global_dtors_aux+0x16>
 80001d4:	4b04      	ldr	r3, [pc, #16]	@ (80001e8 <__do_global_dtors_aux+0x1c>)
 80001d6:	b113      	cbz	r3, 80001de <__do_global_dtors_aux+0x12>
 80001d8:	4804      	ldr	r0, [pc, #16]	@ (80001ec <__do_global_dtors_aux+0x20>)
 80001da:	f3af 8000 	nop.w
 80001de:	2301      	movs	r3, #1
 80001e0:	7023      	strb	r3, [r4, #0]
 80001e2:	bd10      	pop	{r4, pc}
 80001e4:	20000038 	.word	0x20000038
 80001e8:	00000000 	.word	0x00000000
 80001ec:	08003f68 	.word	0x08003f68

080001f0 <frame_dummy>:
 80001f0:	b508      	push	{r3, lr}
 80001f2:	4b03      	ldr	r3, [pc, #12]	@ (8000200 <frame_dummy+0x10>)
 80001f4:	b11b      	cbz	r3, 80001fe <frame_dummy+0xe>
 80001f6:	4903      	ldr	r1, [pc, #12]	@ (8000204 <frame_dummy+0x14>)
 80001f8:	4803      	ldr	r0, [pc, #12]	@ (8000208 <frame_dummy+0x18>)
 80001fa:	f3af 8000 	nop.w
 80001fe:	bd08      	pop	{r3, pc}
 8000200:	00000000 	.word	0x00000000
 8000204:	2000003c 	.word	0x2000003c
 8000208:	08003f68 	.word	0x08003f68

0800020c <SX1278_SPIRead>:
 800020c:	b538      	push	{r3, r4, r5, lr}
 800020e:	4604      	mov	r4, r0
 8000210:	6800      	ldr	r0, [r0, #0]
 8000212:	f000 f9f3 	bl	80005fc <SX1278_hw_SPICommand>
 8000216:	6820      	ldr	r0, [r4, #0]
 8000218:	f000 fa07 	bl	800062a <SX1278_hw_SPIReadByte>
 800021c:	4605      	mov	r5, r0
 800021e:	2101      	movs	r1, #1
 8000220:	6820      	ldr	r0, [r4, #0]
 8000222:	f000 f9d6 	bl	80005d2 <SX1278_hw_SetNSS>
 8000226:	4628      	mov	r0, r5
 8000228:	bd38      	pop	{r3, r4, r5, pc}

0800022a <SX1278_SPIWrite>:
 800022a:	b570      	push	{r4, r5, r6, lr}
 800022c:	4604      	mov	r4, r0
 800022e:	460e      	mov	r6, r1
 8000230:	4615      	mov	r5, r2
 8000232:	2100      	movs	r1, #0
 8000234:	6800      	ldr	r0, [r0, #0]
 8000236:	f000 f9cc 	bl	80005d2 <SX1278_hw_SetNSS>
 800023a:	f046 0180 	orr.w	r1, r6, #128	@ 0x80
 800023e:	6820      	ldr	r0, [r4, #0]
 8000240:	f000 f9dc 	bl	80005fc <SX1278_hw_SPICommand>
 8000244:	4629      	mov	r1, r5
 8000246:	6820      	ldr	r0, [r4, #0]
 8000248:	f000 f9d8 	bl	80005fc <SX1278_hw_SPICommand>
 800024c:	2101      	movs	r1, #1
 800024e:	6820      	ldr	r0, [r4, #0]
 8000250:	f000 f9bf 	bl	80005d2 <SX1278_hw_SetNSS>
 8000254:	bd70      	pop	{r4, r5, r6, pc}

08000256 <SX1278_SPIBurstRead>:
 8000256:	2b01      	cmp	r3, #1
 8000258:	d91b      	bls.n	8000292 <SX1278_SPIBurstRead+0x3c>
 800025a:	b5f8      	push	{r3, r4, r5, r6, r7, lr}
 800025c:	4605      	mov	r5, r0
 800025e:	460c      	mov	r4, r1
 8000260:	4617      	mov	r7, r2
 8000262:	461e      	mov	r6, r3
 8000264:	2100      	movs	r1, #0
 8000266:	6800      	ldr	r0, [r0, #0]
 8000268:	f000 f9b3 	bl	80005d2 <SX1278_hw_SetNSS>
 800026c:	4621      	mov	r1, r4
 800026e:	6828      	ldr	r0, [r5, #0]
 8000270:	f000 f9c4 	bl	80005fc <SX1278_hw_SPICommand>
 8000274:	2400      	movs	r4, #0
 8000276:	e005      	b.n	8000284 <SX1278_SPIBurstRead+0x2e>
 8000278:	6828      	ldr	r0, [r5, #0]
 800027a:	f000 f9d6 	bl	800062a <SX1278_hw_SPIReadByte>
 800027e:	5538      	strb	r0, [r7, r4]
 8000280:	3401      	adds	r4, #1
 8000282:	b2e4      	uxtb	r4, r4
 8000284:	42b4      	cmp	r4, r6
 8000286:	d3f7      	bcc.n	8000278 <SX1278_SPIBurstRead+0x22>
 8000288:	2101      	movs	r1, #1
 800028a:	6828      	ldr	r0, [r5, #0]
 800028c:	f000 f9a1 	bl	80005d2 <SX1278_hw_SetNSS>
 8000290:	bdf8      	pop	{r3, r4, r5, r6, r7, pc}
 8000292:	4770      	bx	lr

08000294 <SX1278_SPIBurstWrite>:
 8000294:	2b01      	cmp	r3, #1
 8000296:	d91c      	bls.n	80002d2 <SX1278_SPIBurstWrite+0x3e>
 8000298:	b5f8      	push	{r3, r4, r5, r6, r7, lr}
 800029a:	4605      	mov	r5, r0
 800029c:	460c      	mov	r4, r1
 800029e:	4617      	mov	r7, r2
 80002a0:	461e      	mov	r6, r3
 80002a2:	2100      	movs	r1, #0
 80002a4:	6800      	ldr	r0, [r0, #0]
 80002a6:	f000 f994 	bl	80005d2 <SX1278_hw_SetNSS>
 80002aa:	f044 0180 	orr.w	r1, r4, #128	@ 0x80
 80002ae:	6828      	ldr	r0, [r5, #0]
 80002b0:	f000 f9a4 	bl	80005fc <SX1278_hw_SPICommand>
 80002b4:	2400      	movs	r4, #0
 80002b6:	e005      	b.n	80002c4 <SX1278_SPIBurstWrite+0x30>
 80002b8:	5d39      	ldrb	r1, [r7, r4]
 80002ba:	6828      	ldr	r0, [r5, #0]
 80002bc:	f000 f99e 	bl	80005fc <SX1278_hw_SPICommand>
 80002c0:	3401      	adds	r4, #1
 80002c2:	b2e4      	uxtb	r4, r4
 80002c4:	42b4      	cmp	r4, r6
 80002c6:	d3f7      	bcc.n	80002b8 <SX1278_SPIBurstWrite+0x24>
 80002c8:	2101      	movs	r1, #1
 80002ca:	6828      	ldr	r0, [r5, #0]
 80002cc:	f000 f981 	bl	80005d2 <SX1278_hw_SetNSS>
 80002d0:	bdf8      	pop	{r3, r4, r5, r6, r7, pc}
 80002d2:	4770      	bx	lr

080002d4 <SX1278_standby>:
 80002d4:	b510      	push	{r4, lr}
 80002d6:	4604      	mov	r4, r0
 80002d8:	2209      	movs	r2, #9
 80002da:	2101      	movs	r1, #1
 80002dc:	f7ff ffa5 	bl	800022a <SX1278_SPIWrite>
 80002e0:	2301      	movs	r3, #1
 80002e2:	75a3      	strb	r3, [r4, #22]
 80002e4:	bd10      	pop	{r4, pc}

080002e6 <SX1278_sleep>:
 80002e6:	b510      	push	{r4, lr}
 80002e8:	4604      	mov	r4, r0
 80002ea:	2208      	movs	r2, #8
 80002ec:	2101      	movs	r1, #1
 80002ee:	f7ff ff9c 	bl	800022a <SX1278_SPIWrite>
 80002f2:	2300      	movs	r3, #0
 80002f4:	75a3      	strb	r3, [r4, #22]
 80002f6:	bd10      	pop	{r4, pc}

080002f8 <SX1278_entryLoRa>:
 80002f8:	b508      	push	{r3, lr}
 80002fa:	2288      	movs	r2, #136	@ 0x88
 80002fc:	2101      	movs	r1, #1
 80002fe:	f7ff ff94 	bl	800022a <SX1278_SPIWrite>
 8000302:	bd08      	pop	{r3, pc}

08000304 <SX1278_config>:
 8000304:	b530      	push	{r4, r5, lr}
 8000306:	b083      	sub	sp, #12
 8000308:	4604      	mov	r4, r0
 800030a:	f7ff ffec 	bl	80002e6 <SX1278_sleep>
 800030e:	200f      	movs	r0, #15
 8000310:	f000 f9a9 	bl	8000666 <SX1278_hw_DelayMs>
 8000314:	4620      	mov	r0, r4
 8000316:	f7ff ffef 	bl	80002f8 <SX1278_entryLoRa>
 800031a:	68a5      	ldr	r5, [r4, #8]
 800031c:	68e3      	ldr	r3, [r4, #12]
 800031e:	04d9      	lsls	r1, r3, #19
 8000320:	4a55      	ldr	r2, [pc, #340]	@ (8000478 <SX1278_config+0x174>)
 8000322:	2300      	movs	r3, #0
 8000324:	04e8      	lsls	r0, r5, #19
 8000326:	ea41 3155 	orr.w	r1, r1, r5, lsr #13
 800032a:	f7ff ff35 	bl	8000198 <__aeabi_uldivmod>
 800032e:	f3c0 4307 	ubfx	r3, r0, #16, #8
 8000332:	f88d 3004 	strb.w	r3, [sp, #4]
 8000336:	f3c0 2307 	ubfx	r3, r0, #8, #8
 800033a:	f88d 3005 	strb.w	r3, [sp, #5]
 800033e:	f88d 0006 	strb.w	r0, [sp, #6]
 8000342:	2303      	movs	r3, #3
 8000344:	aa01      	add	r2, sp, #4
 8000346:	2106      	movs	r1, #6
 8000348:	4620      	mov	r0, r4
 800034a:	f7ff ffa3 	bl	8000294 <SX1278_SPIBurstWrite>
 800034e:	2212      	movs	r2, #18
 8000350:	2139      	movs	r1, #57	@ 0x39
 8000352:	4620      	mov	r0, r4
 8000354:	f7ff ff69 	bl	800022a <SX1278_SPIWrite>
 8000358:	7c23      	ldrb	r3, [r4, #16]
 800035a:	4a48      	ldr	r2, [pc, #288]	@ (800047c <SX1278_config+0x178>)
 800035c:	5cd2      	ldrb	r2, [r2, r3]
 800035e:	2109      	movs	r1, #9
 8000360:	4620      	mov	r0, r4
 8000362:	f7ff ff62 	bl	800022a <SX1278_SPIWrite>
 8000366:	220b      	movs	r2, #11
 8000368:	4611      	mov	r1, r2
 800036a:	4620      	mov	r0, r4
 800036c:	f7ff ff5d 	bl	800022a <SX1278_SPIWrite>
 8000370:	2223      	movs	r2, #35	@ 0x23
 8000372:	210c      	movs	r1, #12
 8000374:	4620      	mov	r0, r4
 8000376:	f7ff ff58 	bl	800022a <SX1278_SPIWrite>
 800037a:	7c63      	ldrb	r3, [r4, #17]
 800037c:	4a40      	ldr	r2, [pc, #256]	@ (8000480 <SX1278_config+0x17c>)
 800037e:	5cd3      	ldrb	r3, [r2, r3]
 8000380:	2b06      	cmp	r3, #6
 8000382:	d042      	beq.n	800040a <SX1278_config+0x106>
 8000384:	7ca3      	ldrb	r3, [r4, #18]
 8000386:	4a3f      	ldr	r2, [pc, #252]	@ (8000484 <SX1278_config+0x180>)
 8000388:	5cd2      	ldrb	r2, [r2, r3]
 800038a:	0112      	lsls	r2, r2, #4
 800038c:	b2d2      	uxtb	r2, r2
 800038e:	7ce3      	ldrb	r3, [r4, #19]
 8000390:	493d      	ldr	r1, [pc, #244]	@ (8000488 <SX1278_config+0x184>)
 8000392:	5ccb      	ldrb	r3, [r1, r3]
 8000394:	005b      	lsls	r3, r3, #1
 8000396:	b2db      	uxtb	r3, r3
 8000398:	441a      	add	r2, r3
 800039a:	f002 02fe 	and.w	r2, r2, #254	@ 0xfe
 800039e:	211d      	movs	r1, #29
 80003a0:	4620      	mov	r0, r4
 80003a2:	f7ff ff42 	bl	800022a <SX1278_SPIWrite>
 80003a6:	7c63      	ldrb	r3, [r4, #17]
 80003a8:	4a35      	ldr	r2, [pc, #212]	@ (8000480 <SX1278_config+0x17c>)
 80003aa:	5cd2      	ldrb	r2, [r2, r3]
 80003ac:	0112      	lsls	r2, r2, #4
 80003ae:	b2d2      	uxtb	r2, r2
 80003b0:	7d23      	ldrb	r3, [r4, #20]
 80003b2:	4936      	ldr	r1, [pc, #216]	@ (800048c <SX1278_config+0x188>)
 80003b4:	5ccb      	ldrb	r3, [r1, r3]
 80003b6:	009b      	lsls	r3, r3, #2
 80003b8:	b2db      	uxtb	r3, r3
 80003ba:	441a      	add	r2, r3
 80003bc:	f002 02fc 	and.w	r2, r2, #252	@ 0xfc
 80003c0:	211e      	movs	r1, #30
 80003c2:	4620      	mov	r0, r4
 80003c4:	f7ff ff31 	bl	800022a <SX1278_SPIWrite>
 80003c8:	2204      	movs	r2, #4
 80003ca:	2126      	movs	r1, #38	@ 0x26
 80003cc:	4620      	mov	r0, r4
 80003ce:	f7ff ff2c 	bl	800022a <SX1278_SPIWrite>
 80003d2:	2208      	movs	r2, #8
 80003d4:	211f      	movs	r1, #31
 80003d6:	4620      	mov	r0, r4
 80003d8:	f7ff ff27 	bl	800022a <SX1278_SPIWrite>
 80003dc:	2200      	movs	r2, #0
 80003de:	2120      	movs	r1, #32
 80003e0:	4620      	mov	r0, r4
 80003e2:	f7ff ff22 	bl	800022a <SX1278_SPIWrite>
 80003e6:	2208      	movs	r2, #8
 80003e8:	2121      	movs	r1, #33	@ 0x21
 80003ea:	4620      	mov	r0, r4
 80003ec:	f7ff ff1d 	bl	800022a <SX1278_SPIWrite>
 80003f0:	2201      	movs	r2, #1
 80003f2:	2141      	movs	r1, #65	@ 0x41
 80003f4:	4620      	mov	r0, r4
 80003f6:	f7ff ff18 	bl	800022a <SX1278_SPIWrite>
 80003fa:	2300      	movs	r3, #0
 80003fc:	f884 3117 	strb.w	r3, [r4, #279]	@ 0x117
 8000400:	4620      	mov	r0, r4
 8000402:	f7ff ff67 	bl	80002d4 <SX1278_standby>
 8000406:	b003      	add	sp, #12
 8000408:	bd30      	pop	{r4, r5, pc}
 800040a:	7ca3      	ldrb	r3, [r4, #18]
 800040c:	4a1d      	ldr	r2, [pc, #116]	@ (8000484 <SX1278_config+0x180>)
 800040e:	5cd2      	ldrb	r2, [r2, r3]
 8000410:	0112      	lsls	r2, r2, #4
 8000412:	b2d2      	uxtb	r2, r2
 8000414:	7ce3      	ldrb	r3, [r4, #19]
 8000416:	491c      	ldr	r1, [pc, #112]	@ (8000488 <SX1278_config+0x184>)
 8000418:	5ccb      	ldrb	r3, [r1, r3]
 800041a:	005b      	lsls	r3, r3, #1
 800041c:	b2db      	uxtb	r3, r3
 800041e:	441a      	add	r2, r3
 8000420:	b2d2      	uxtb	r2, r2
 8000422:	3201      	adds	r2, #1
 8000424:	b2d2      	uxtb	r2, r2
 8000426:	211d      	movs	r1, #29
 8000428:	4620      	mov	r0, r4
 800042a:	f7ff fefe 	bl	800022a <SX1278_SPIWrite>
 800042e:	7c63      	ldrb	r3, [r4, #17]
 8000430:	4a13      	ldr	r2, [pc, #76]	@ (8000480 <SX1278_config+0x17c>)
 8000432:	5cd2      	ldrb	r2, [r2, r3]
 8000434:	0112      	lsls	r2, r2, #4
 8000436:	b2d2      	uxtb	r2, r2
 8000438:	7d23      	ldrb	r3, [r4, #20]
 800043a:	4914      	ldr	r1, [pc, #80]	@ (800048c <SX1278_config+0x188>)
 800043c:	5ccb      	ldrb	r3, [r1, r3]
 800043e:	009b      	lsls	r3, r3, #2
 8000440:	b2db      	uxtb	r3, r3
 8000442:	441a      	add	r2, r3
 8000444:	b2d2      	uxtb	r2, r2
 8000446:	3203      	adds	r2, #3
 8000448:	b2d2      	uxtb	r2, r2
 800044a:	211e      	movs	r1, #30
 800044c:	4620      	mov	r0, r4
 800044e:	f7ff feec 	bl	800022a <SX1278_SPIWrite>
 8000452:	2131      	movs	r1, #49	@ 0x31
 8000454:	4620      	mov	r0, r4
 8000456:	f7ff fed9 	bl	800020c <SX1278_SPIRead>
 800045a:	f000 02f8 	and.w	r2, r0, #248	@ 0xf8
 800045e:	f042 0205 	orr.w	r2, r2, #5
 8000462:	2131      	movs	r1, #49	@ 0x31
 8000464:	4620      	mov	r0, r4
 8000466:	f7ff fee0 	bl	800022a <SX1278_SPIWrite>
 800046a:	220c      	movs	r2, #12
 800046c:	2137      	movs	r1, #55	@ 0x37
 800046e:	4620      	mov	r0, r4
 8000470:	f7ff fedb 	bl	800022a <SX1278_SPIWrite>
 8000474:	e7a8      	b.n	80003c8 <SX1278_config+0xc4>
 8000476:	bf00      	nop
 8000478:	01e84800 	.word	0x01e84800
 800047c:	08003f9c 	.word	0x08003f9c
 8000480:	08003f94 	.word	0x08003f94
 8000484:	08003f88 	.word	0x08003f88
 8000488:	08003f84 	.word	0x08003f84
 800048c:	08003f80 	.word	0x08003f80

08000490 <SX1278_clearLoRaIrq>:
 8000490:	b508      	push	{r3, lr}
 8000492:	22ff      	movs	r2, #255	@ 0xff
 8000494:	2112      	movs	r1, #18
 8000496:	f7ff fec8 	bl	800022a <SX1278_SPIWrite>
 800049a:	bd08      	pop	{r3, pc}

0800049c <SX1278_LoRaEntryRx>:
 800049c:	b570      	push	{r4, r5, r6, lr}
 800049e:	4605      	mov	r5, r0
 80004a0:	460e      	mov	r6, r1
 80004a2:	4614      	mov	r4, r2
 80004a4:	7541      	strb	r1, [r0, #21]
 80004a6:	f7ff ff2d 	bl	8000304 <SX1278_config>
 80004aa:	2284      	movs	r2, #132	@ 0x84
 80004ac:	214d      	movs	r1, #77	@ 0x4d
 80004ae:	4628      	mov	r0, r5
 80004b0:	f7ff febb 	bl	800022a <SX1278_SPIWrite>
 80004b4:	22ff      	movs	r2, #255	@ 0xff
 80004b6:	2124      	movs	r1, #36	@ 0x24
 80004b8:	4628      	mov	r0, r5
 80004ba:	f7ff feb6 	bl	800022a <SX1278_SPIWrite>
 80004be:	2201      	movs	r2, #1
 80004c0:	2140      	movs	r1, #64	@ 0x40
 80004c2:	4628      	mov	r0, r5
 80004c4:	f7ff feb1 	bl	800022a <SX1278_SPIWrite>
 80004c8:	223f      	movs	r2, #63	@ 0x3f
 80004ca:	2111      	movs	r1, #17
 80004cc:	4628      	mov	r0, r5
 80004ce:	f7ff feac 	bl	800022a <SX1278_SPIWrite>
 80004d2:	4628      	mov	r0, r5
 80004d4:	f7ff ffdc 	bl	8000490 <SX1278_clearLoRaIrq>
 80004d8:	4632      	mov	r2, r6
 80004da:	2122      	movs	r1, #34	@ 0x22
 80004dc:	4628      	mov	r0, r5
 80004de:	f7ff fea4 	bl	800022a <SX1278_SPIWrite>
 80004e2:	210f      	movs	r1, #15
 80004e4:	4628      	mov	r0, r5
 80004e6:	f7ff fe91 	bl	800020c <SX1278_SPIRead>
 80004ea:	4602      	mov	r2, r0
 80004ec:	210d      	movs	r1, #13
 80004ee:	4628      	mov	r0, r5
 80004f0:	f7ff fe9b 	bl	800022a <SX1278_SPIWrite>
 80004f4:	228d      	movs	r2, #141	@ 0x8d
 80004f6:	2101      	movs	r1, #1
 80004f8:	4628      	mov	r0, r5
 80004fa:	f7ff fe96 	bl	800022a <SX1278_SPIWrite>
 80004fe:	2300      	movs	r3, #0
 8000500:	f885 3117 	strb.w	r3, [r5, #279]	@ 0x117
 8000504:	e006      	b.n	8000514 <SX1278_LoRaEntryRx+0x78>
 8000506:	2303      	movs	r3, #3
 8000508:	75ab      	strb	r3, [r5, #22]
 800050a:	2001      	movs	r0, #1
 800050c:	bd70      	pop	{r4, r5, r6, pc}
 800050e:	2001      	movs	r0, #1
 8000510:	f000 f8a9 	bl	8000666 <SX1278_hw_DelayMs>
 8000514:	2118      	movs	r1, #24
 8000516:	4628      	mov	r0, r5
 8000518:	f7ff fe78 	bl	800020c <SX1278_SPIRead>
 800051c:	f010 0f04 	tst.w	r0, #4
 8000520:	d1f1      	bne.n	8000506 <SX1278_LoRaEntryRx+0x6a>
 8000522:	3c01      	subs	r4, #1
 8000524:	d1f3      	bne.n	800050e <SX1278_LoRaEntryRx+0x72>
 8000526:	6828      	ldr	r0, [r5, #0]
 8000528:	f000 f8a1 	bl	800066e <SX1278_hw_Reset>
 800052c:	4628      	mov	r0, r5
 800052e:	f7ff fee9 	bl	8000304 <SX1278_config>
 8000532:	2000      	movs	r0, #0
 8000534:	e7ea      	b.n	800050c <SX1278_LoRaEntryRx+0x70>

08000536 <SX1278_LoRaRxPacket>:
 8000536:	b570      	push	{r4, r5, r6, lr}
 8000538:	4604      	mov	r4, r0
 800053a:	6800      	ldr	r0, [r0, #0]
 800053c:	f000 f8ad 	bl	800069a <SX1278_hw_GetDIO0>
 8000540:	b910      	cbnz	r0, 8000548 <SX1278_LoRaRxPacket+0x12>
 8000542:	f894 0117 	ldrb.w	r0, [r4, #279]	@ 0x117
 8000546:	bd70      	pop	{r4, r5, r6, pc}
 8000548:	f104 0617 	add.w	r6, r4, #23
 800054c:	f44f 7280 	mov.w	r2, #256	@ 0x100
 8000550:	2100      	movs	r1, #0
 8000552:	4630      	mov	r0, r6
 8000554:	f003 fb5d 	bl	8003c12 <memset>
 8000558:	2110      	movs	r1, #16
 800055a:	4620      	mov	r0, r4
 800055c:	f7ff fe56 	bl	800020c <SX1278_SPIRead>
 8000560:	4602      	mov	r2, r0
 8000562:	210d      	movs	r1, #13
 8000564:	4620      	mov	r0, r4
 8000566:	f7ff fe60 	bl	800022a <SX1278_SPIWrite>
 800056a:	7c63      	ldrb	r3, [r4, #17]
 800056c:	b963      	cbnz	r3, 8000588 <SX1278_LoRaRxPacket+0x52>
 800056e:	7d65      	ldrb	r5, [r4, #21]
 8000570:	462b      	mov	r3, r5
 8000572:	4632      	mov	r2, r6
 8000574:	2100      	movs	r1, #0
 8000576:	4620      	mov	r0, r4
 8000578:	f7ff fe6d 	bl	8000256 <SX1278_SPIBurstRead>
 800057c:	f884 5117 	strb.w	r5, [r4, #279]	@ 0x117
 8000580:	4620      	mov	r0, r4
 8000582:	f7ff ff85 	bl	8000490 <SX1278_clearLoRaIrq>
 8000586:	e7dc      	b.n	8000542 <SX1278_LoRaRxPacket+0xc>
 8000588:	2113      	movs	r1, #19
 800058a:	4620      	mov	r0, r4
 800058c:	f7ff fe3e 	bl	800020c <SX1278_SPIRead>
 8000590:	4605      	mov	r5, r0
 8000592:	e7ed      	b.n	8000570 <SX1278_LoRaRxPacket+0x3a>

08000594 <SX1278_init>:
 8000594:	b570      	push	{r4, r5, r6, lr}
 8000596:	4604      	mov	r4, r0
 8000598:	4616      	mov	r6, r2
 800059a:	461d      	mov	r5, r3
 800059c:	6800      	ldr	r0, [r0, #0]
 800059e:	f000 f822 	bl	80005e6 <SX1278_hw_init>
 80005a2:	60a6      	str	r6, [r4, #8]
 80005a4:	60e5      	str	r5, [r4, #12]
 80005a6:	f89d 3010 	ldrb.w	r3, [sp, #16]
 80005aa:	7423      	strb	r3, [r4, #16]
 80005ac:	f89d 3014 	ldrb.w	r3, [sp, #20]
 80005b0:	7463      	strb	r3, [r4, #17]
 80005b2:	f89d 3018 	ldrb.w	r3, [sp, #24]
 80005b6:	74a3      	strb	r3, [r4, #18]
 80005b8:	f89d 301c 	ldrb.w	r3, [sp, #28]
 80005bc:	74e3      	strb	r3, [r4, #19]
 80005be:	f89d 3020 	ldrb.w	r3, [sp, #32]
 80005c2:	7523      	strb	r3, [r4, #20]
 80005c4:	f89d 3024 	ldrb.w	r3, [sp, #36]	@ 0x24
 80005c8:	7563      	strb	r3, [r4, #21]
 80005ca:	4620      	mov	r0, r4
 80005cc:	f7ff fe9a 	bl	8000304 <SX1278_config>
 80005d0:	bd70      	pop	{r4, r5, r6, pc}

080005d2 <SX1278_hw_SetNSS>:
 80005d2:	b508      	push	{r3, lr}
 80005d4:	2901      	cmp	r1, #1
 80005d6:	bf14      	ite	ne
 80005d8:	2200      	movne	r2, #0
 80005da:	2201      	moveq	r2, #1
 80005dc:	8a01      	ldrh	r1, [r0, #16]
 80005de:	6940      	ldr	r0, [r0, #20]
 80005e0:	f001 f855 	bl	800168e <HAL_GPIO_WritePin>
 80005e4:	bd08      	pop	{r3, pc}

080005e6 <SX1278_hw_init>:
 80005e6:	b510      	push	{r4, lr}
 80005e8:	4604      	mov	r4, r0
 80005ea:	2101      	movs	r1, #1
 80005ec:	f7ff fff1 	bl	80005d2 <SX1278_hw_SetNSS>
 80005f0:	2201      	movs	r2, #1
 80005f2:	8821      	ldrh	r1, [r4, #0]
 80005f4:	6860      	ldr	r0, [r4, #4]
 80005f6:	f001 f84a 	bl	800168e <HAL_GPIO_WritePin>
 80005fa:	bd10      	pop	{r4, pc}

080005fc <SX1278_hw_SPICommand>:
 80005fc:	b510      	push	{r4, lr}
 80005fe:	b082      	sub	sp, #8
 8000600:	4604      	mov	r4, r0
 8000602:	f88d 1007 	strb.w	r1, [sp, #7]
 8000606:	2100      	movs	r1, #0
 8000608:	f7ff ffe3 	bl	80005d2 <SX1278_hw_SetNSS>
 800060c:	f44f 737a 	mov.w	r3, #1000	@ 0x3e8
 8000610:	2201      	movs	r2, #1
 8000612:	f10d 0107 	add.w	r1, sp, #7
 8000616:	69a0      	ldr	r0, [r4, #24]
 8000618:	f002 fb8b 	bl	8002d32 <HAL_SPI_Transmit>
 800061c:	69a0      	ldr	r0, [r4, #24]
 800061e:	f002 fd94 	bl	800314a <HAL_SPI_GetState>
 8000622:	2801      	cmp	r0, #1
 8000624:	d1fa      	bne.n	800061c <SX1278_hw_SPICommand+0x20>
 8000626:	b002      	add	sp, #8
 8000628:	bd10      	pop	{r4, pc}

0800062a <SX1278_hw_SPIReadByte>:
 800062a:	b510      	push	{r4, lr}
 800062c:	b084      	sub	sp, #16
 800062e:	4604      	mov	r4, r0
 8000630:	2100      	movs	r1, #0
 8000632:	f88d 100f 	strb.w	r1, [sp, #15]
 8000636:	f88d 100e 	strb.w	r1, [sp, #14]
 800063a:	f7ff ffca 	bl	80005d2 <SX1278_hw_SetNSS>
 800063e:	f44f 737a 	mov.w	r3, #1000	@ 0x3e8
 8000642:	9300      	str	r3, [sp, #0]
 8000644:	2301      	movs	r3, #1
 8000646:	f10d 020e 	add.w	r2, sp, #14
 800064a:	f10d 010f 	add.w	r1, sp, #15
 800064e:	69a0      	ldr	r0, [r4, #24]
 8000650:	f002 fc51 	bl	8002ef6 <HAL_SPI_TransmitReceive>
 8000654:	69a0      	ldr	r0, [r4, #24]
 8000656:	f002 fd78 	bl	800314a <HAL_SPI_GetState>
 800065a:	2801      	cmp	r0, #1
 800065c:	d1fa      	bne.n	8000654 <SX1278_hw_SPIReadByte+0x2a>
 800065e:	f89d 000e 	ldrb.w	r0, [sp, #14]
 8000662:	b004      	add	sp, #16
 8000664:	bd10      	pop	{r4, pc}

08000666 <SX1278_hw_DelayMs>:
 8000666:	b508      	push	{r3, lr}
 8000668:	f000 fcdc 	bl	8001024 <HAL_Delay>
 800066c:	bd08      	pop	{r3, pc}

0800066e <SX1278_hw_Reset>:
 800066e:	b510      	push	{r4, lr}
 8000670:	4604      	mov	r4, r0
 8000672:	2101      	movs	r1, #1
 8000674:	f7ff ffad 	bl	80005d2 <SX1278_hw_SetNSS>
 8000678:	2200      	movs	r2, #0
 800067a:	8821      	ldrh	r1, [r4, #0]
 800067c:	6860      	ldr	r0, [r4, #4]
 800067e:	f001 f806 	bl	800168e <HAL_GPIO_WritePin>
 8000682:	2001      	movs	r0, #1
 8000684:	f7ff ffef 	bl	8000666 <SX1278_hw_DelayMs>
 8000688:	2201      	movs	r2, #1
 800068a:	8821      	ldrh	r1, [r4, #0]
 800068c:	6860      	ldr	r0, [r4, #4]
 800068e:	f000 fffe 	bl	800168e <HAL_GPIO_WritePin>
 8000692:	2064      	movs	r0, #100	@ 0x64
 8000694:	f7ff ffe7 	bl	8000666 <SX1278_hw_DelayMs>
 8000698:	bd10      	pop	{r4, pc}

0800069a <SX1278_hw_GetDIO0>:
 800069a:	b508      	push	{r3, lr}
 800069c:	8901      	ldrh	r1, [r0, #8]
 800069e:	68c0      	ldr	r0, [r0, #12]
 80006a0:	f000 ffee 	bl	8001680 <HAL_GPIO_ReadPin>
 80006a4:	2801      	cmp	r0, #1
 80006a6:	bf14      	ite	ne
 80006a8:	2000      	movne	r0, #0
 80006aa:	2001      	moveq	r0, #1
 80006ac:	bd08      	pop	{r3, pc}
	...

080006b0 <MX_FATFS_Init>:
 80006b0:	b508      	push	{r3, lr}
 80006b2:	4903      	ldr	r1, [pc, #12]	@ (80006c0 <MX_FATFS_Init+0x10>)
 80006b4:	4803      	ldr	r0, [pc, #12]	@ (80006c4 <MX_FATFS_Init+0x14>)
 80006b6:	f000 f833 	bl	8000720 <FATFS_LinkDriver>
 80006ba:	4b03      	ldr	r3, [pc, #12]	@ (80006c8 <MX_FATFS_Init+0x18>)
 80006bc:	7018      	strb	r0, [r3, #0]
 80006be:	bd08      	pop	{r3, pc}
 80006c0:	20000054 	.word	0x20000054
 80006c4:	2000001c 	.word	0x2000001c
 80006c8:	20000058 	.word	0x20000058

080006cc <FATFS_LinkDriverEx>:
 80006cc:	4b13      	ldr	r3, [pc, #76]	@ (800071c <FATFS_LinkDriverEx+0x50>)
 80006ce:	7a5b      	ldrb	r3, [r3, #9]
 80006d0:	bb13      	cbnz	r3, 8000718 <FATFS_LinkDriverEx+0x4c>
 80006d2:	b510      	push	{r4, lr}
 80006d4:	4604      	mov	r4, r0
 80006d6:	f003 00ff 	and.w	r0, r3, #255	@ 0xff
 80006da:	4b10      	ldr	r3, [pc, #64]	@ (800071c <FATFS_LinkDriverEx+0x50>)
 80006dc:	f893 c009 	ldrb.w	ip, [r3, #9]
 80006e0:	fa5f fc8c 	uxtb.w	ip, ip
 80006e4:	f04f 0e00 	mov.w	lr, #0
 80006e8:	f803 e00c 	strb.w	lr, [r3, ip]
 80006ec:	f893 c009 	ldrb.w	ip, [r3, #9]
 80006f0:	eb03 0c8c 	add.w	ip, r3, ip, lsl #2
 80006f4:	f8cc 4004 	str.w	r4, [ip, #4]
 80006f8:	7a5c      	ldrb	r4, [r3, #9]
 80006fa:	441c      	add	r4, r3
 80006fc:	7222      	strb	r2, [r4, #8]
 80006fe:	7a5a      	ldrb	r2, [r3, #9]
 8000700:	1c54      	adds	r4, r2, #1
 8000702:	b2e4      	uxtb	r4, r4
 8000704:	725c      	strb	r4, [r3, #9]
 8000706:	3230      	adds	r2, #48	@ 0x30
 8000708:	700a      	strb	r2, [r1, #0]
 800070a:	233a      	movs	r3, #58	@ 0x3a
 800070c:	704b      	strb	r3, [r1, #1]
 800070e:	232f      	movs	r3, #47	@ 0x2f
 8000710:	708b      	strb	r3, [r1, #2]
 8000712:	f881 e003 	strb.w	lr, [r1, #3]
 8000716:	bd10      	pop	{r4, pc}
 8000718:	2001      	movs	r0, #1
 800071a:	4770      	bx	lr
 800071c:	2000005c 	.word	0x2000005c

08000720 <FATFS_LinkDriver>:
 8000720:	b508      	push	{r3, lr}
 8000722:	2200      	movs	r2, #0
 8000724:	f7ff ffd2 	bl	80006cc <FATFS_LinkDriverEx>
 8000728:	bd08      	pop	{r3, pc}
	...

0800072c <decimalbcd>:
 800072c:	4b06      	ldr	r3, [pc, #24]	@ (8000748 <decimalbcd+0x1c>)
 800072e:	fba3 2300 	umull	r2, r3, r3, r0
 8000732:	08da      	lsrs	r2, r3, #3
 8000734:	4613      	mov	r3, r2
 8000736:	eb02 0282 	add.w	r2, r2, r2, lsl #2
 800073a:	eba0 0042 	sub.w	r0, r0, r2, lsl #1
 800073e:	ea40 1003 	orr.w	r0, r0, r3, lsl #4
 8000742:	b2c0      	uxtb	r0, r0
 8000744:	4770      	bx	lr
 8000746:	bf00      	nop
 8000748:	cccccccd 	.word	0xcccccccd

0800074c <MX_GPIO_Init>:
 800074c:	e92d 41f0 	stmdb	sp!, {r4, r5, r6, r7, r8, lr}
 8000750:	b08a      	sub	sp, #40	@ 0x28
 8000752:	2400      	movs	r4, #0
 8000754:	9405      	str	r4, [sp, #20]
 8000756:	9406      	str	r4, [sp, #24]
 8000758:	9407      	str	r4, [sp, #28]
 800075a:	9408      	str	r4, [sp, #32]
 800075c:	9409      	str	r4, [sp, #36]	@ 0x24
 800075e:	9401      	str	r4, [sp, #4]
 8000760:	4b42      	ldr	r3, [pc, #264]	@ (800086c <MX_GPIO_Init+0x120>)
 8000762:	6b1a      	ldr	r2, [r3, #48]	@ 0x30
 8000764:	f042 0204 	orr.w	r2, r2, #4
 8000768:	631a      	str	r2, [r3, #48]	@ 0x30
 800076a:	6b1a      	ldr	r2, [r3, #48]	@ 0x30
 800076c:	f002 0204 	and.w	r2, r2, #4
 8000770:	9201      	str	r2, [sp, #4]
 8000772:	9a01      	ldr	r2, [sp, #4]
 8000774:	9402      	str	r4, [sp, #8]
 8000776:	6b1a      	ldr	r2, [r3, #48]	@ 0x30
 8000778:	f042 0280 	orr.w	r2, r2, #128	@ 0x80
 800077c:	631a      	str	r2, [r3, #48]	@ 0x30
 800077e:	6b1a      	ldr	r2, [r3, #48]	@ 0x30
 8000780:	f002 0280 	and.w	r2, r2, #128	@ 0x80
 8000784:	9202      	str	r2, [sp, #8]
 8000786:	9a02      	ldr	r2, [sp, #8]
 8000788:	9403      	str	r4, [sp, #12]
 800078a:	6b1a      	ldr	r2, [r3, #48]	@ 0x30
 800078c:	f042 0201 	orr.w	r2, r2, #1
 8000790:	631a      	str	r2, [r3, #48]	@ 0x30
 8000792:	6b1a      	ldr	r2, [r3, #48]	@ 0x30
 8000794:	f002 0201 	and.w	r2, r2, #1
 8000798:	9203      	str	r2, [sp, #12]
 800079a:	9a03      	ldr	r2, [sp, #12]
 800079c:	9404      	str	r4, [sp, #16]
 800079e:	6b1a      	ldr	r2, [r3, #48]	@ 0x30
 80007a0:	f042 0202 	orr.w	r2, r2, #2
 80007a4:	631a      	str	r2, [r3, #48]	@ 0x30
 80007a6:	6b1b      	ldr	r3, [r3, #48]	@ 0x30
 80007a8:	f003 0302 	and.w	r3, r3, #2
 80007ac:	9304      	str	r3, [sp, #16]
 80007ae:	9b04      	ldr	r3, [sp, #16]
 80007b0:	f8df 80c4 	ldr.w	r8, [pc, #196]	@ 8000878 <MX_GPIO_Init+0x12c>
 80007b4:	4622      	mov	r2, r4
 80007b6:	f44f 5100 	mov.w	r1, #8192	@ 0x2000
 80007ba:	4640      	mov	r0, r8
 80007bc:	f000 ff67 	bl	800168e <HAL_GPIO_WritePin>
 80007c0:	4d2b      	ldr	r5, [pc, #172]	@ (8000870 <MX_GPIO_Init+0x124>)
 80007c2:	2201      	movs	r2, #1
 80007c4:	2110      	movs	r1, #16
 80007c6:	4628      	mov	r0, r5
 80007c8:	f000 ff61 	bl	800168e <HAL_GPIO_WritePin>
 80007cc:	4f29      	ldr	r7, [pc, #164]	@ (8000874 <MX_GPIO_Init+0x128>)
 80007ce:	4622      	mov	r2, r4
 80007d0:	f44f 5180 	mov.w	r1, #4096	@ 0x1000
 80007d4:	4638      	mov	r0, r7
 80007d6:	f000 ff5a 	bl	800168e <HAL_GPIO_WritePin>
 80007da:	4622      	mov	r2, r4
 80007dc:	f44f 6180 	mov.w	r1, #1024	@ 0x400
 80007e0:	4628      	mov	r0, r5
 80007e2:	f000 ff54 	bl	800168e <HAL_GPIO_WritePin>
 80007e6:	f44f 5300 	mov.w	r3, #8192	@ 0x2000
 80007ea:	9305      	str	r3, [sp, #20]
 80007ec:	2601      	movs	r6, #1
 80007ee:	9606      	str	r6, [sp, #24]
 80007f0:	9407      	str	r4, [sp, #28]
 80007f2:	9408      	str	r4, [sp, #32]
 80007f4:	a905      	add	r1, sp, #20
 80007f6:	4640      	mov	r0, r8
 80007f8:	f000 fe5e 	bl	80014b8 <HAL_GPIO_Init>
 80007fc:	2310      	movs	r3, #16
 80007fe:	9305      	str	r3, [sp, #20]
 8000800:	9606      	str	r6, [sp, #24]
 8000802:	9407      	str	r4, [sp, #28]
 8000804:	f04f 0802 	mov.w	r8, #2
 8000808:	f8cd 8020 	str.w	r8, [sp, #32]
 800080c:	a905      	add	r1, sp, #20
 800080e:	4628      	mov	r0, r5
 8000810:	f000 fe52 	bl	80014b8 <HAL_GPIO_Init>
 8000814:	f44f 5380 	mov.w	r3, #4096	@ 0x1000
 8000818:	9305      	str	r3, [sp, #20]
 800081a:	9606      	str	r6, [sp, #24]
 800081c:	9407      	str	r4, [sp, #28]
 800081e:	f8cd 8020 	str.w	r8, [sp, #32]
 8000822:	a905      	add	r1, sp, #20
 8000824:	4638      	mov	r0, r7
 8000826:	f000 fe47 	bl	80014b8 <HAL_GPIO_Init>
 800082a:	f44f 7300 	mov.w	r3, #512	@ 0x200
 800082e:	9305      	str	r3, [sp, #20]
 8000830:	f44f 1388 	mov.w	r3, #1114112	@ 0x110000
 8000834:	9306      	str	r3, [sp, #24]
 8000836:	9407      	str	r4, [sp, #28]
 8000838:	a905      	add	r1, sp, #20
 800083a:	4628      	mov	r0, r5
 800083c:	f000 fe3c 	bl	80014b8 <HAL_GPIO_Init>
 8000840:	f44f 6380 	mov.w	r3, #1024	@ 0x400
 8000844:	9305      	str	r3, [sp, #20]
 8000846:	9606      	str	r6, [sp, #24]
 8000848:	9407      	str	r4, [sp, #28]
 800084a:	9408      	str	r4, [sp, #32]
 800084c:	a905      	add	r1, sp, #20
 800084e:	4628      	mov	r0, r5
 8000850:	f000 fe32 	bl	80014b8 <HAL_GPIO_Init>
 8000854:	4622      	mov	r2, r4
 8000856:	4621      	mov	r1, r4
 8000858:	2017      	movs	r0, #23
 800085a:	f000 fc4b 	bl	80010f4 <HAL_NVIC_SetPriority>
 800085e:	2017      	movs	r0, #23
 8000860:	f000 fc58 	bl	8001114 <HAL_NVIC_EnableIRQ>
 8000864:	b00a      	add	sp, #40	@ 0x28
 8000866:	e8bd 81f0 	ldmia.w	sp!, {r4, r5, r6, r7, r8, pc}
 800086a:	bf00      	nop
 800086c:	40023800 	.word	0x40023800
 8000870:	40020000 	.word	0x40020000
 8000874:	40020400 	.word	0x40020400
 8000878:	40020800 	.word	0x40020800

0800087c <MX_DMA_Init>:
 800087c:	b500      	push	{lr}
 800087e:	b083      	sub	sp, #12
 8000880:	2100      	movs	r1, #0
 8000882:	9101      	str	r1, [sp, #4]
 8000884:	4b09      	ldr	r3, [pc, #36]	@ (80008ac <MX_DMA_Init+0x30>)
 8000886:	6b1a      	ldr	r2, [r3, #48]	@ 0x30
 8000888:	f442 0280 	orr.w	r2, r2, #4194304	@ 0x400000
 800088c:	631a      	str	r2, [r3, #48]	@ 0x30
 800088e:	6b1b      	ldr	r3, [r3, #48]	@ 0x30
 8000890:	f403 0380 	and.w	r3, r3, #4194304	@ 0x400000
 8000894:	9301      	str	r3, [sp, #4]
 8000896:	9b01      	ldr	r3, [sp, #4]
 8000898:	460a      	mov	r2, r1
 800089a:	2038      	movs	r0, #56	@ 0x38
 800089c:	f000 fc2a 	bl	80010f4 <HAL_NVIC_SetPriority>
 80008a0:	2038      	movs	r0, #56	@ 0x38
 80008a2:	f000 fc37 	bl	8001114 <HAL_NVIC_EnableIRQ>
 80008a6:	b003      	add	sp, #12
 80008a8:	f85d fb04 	ldr.w	pc, [sp], #4
 80008ac:	40023800 	.word	0x40023800

080008b0 <RTC_Set_Time_Once>:
 80008b0:	e92d 43f0 	stmdb	sp!, {r4, r5, r6, r7, r8, r9, lr}
 80008b4:	b08d      	sub	sp, #52	@ 0x34
 80008b6:	4606      	mov	r6, r0
 80008b8:	2300      	movs	r3, #0
 80008ba:	f88d 302f 	strb.w	r3, [sp, #47]	@ 0x2f
 80008be:	f04f 33ff 	mov.w	r3, #4294967295
 80008c2:	9302      	str	r3, [sp, #8]
 80008c4:	2301      	movs	r3, #1
 80008c6:	9301      	str	r3, [sp, #4]
 80008c8:	f10d 022f 	add.w	r2, sp, #47	@ 0x2f
 80008cc:	9200      	str	r2, [sp, #0]
 80008ce:	2207      	movs	r2, #7
 80008d0:	21d0      	movs	r1, #208	@ 0xd0
 80008d2:	f001 fb13 	bl	8001efc <HAL_I2C_Mem_Read>
 80008d6:	f89d 302f 	ldrb.w	r3, [sp, #47]	@ 0x2f
 80008da:	2bab      	cmp	r3, #171	@ 0xab
 80008dc:	f000 8088 	beq.w	80009f0 <RTC_Set_Time_Once+0x140>
 80008e0:	4a45      	ldr	r2, [pc, #276]	@ (80009f8 <RTC_Set_Time_Once+0x148>)
 80008e2:	ab08      	add	r3, sp, #32
 80008e4:	ca07      	ldmia	r2, {r0, r1, r2}
 80008e6:	e883 0007 	stmia.w	r3, {r0, r1, r2}
 80008ea:	4a44      	ldr	r2, [pc, #272]	@ (80009fc <RTC_Set_Time_Once+0x14c>)
 80008ec:	ab05      	add	r3, sp, #20
 80008ee:	ca07      	ldmia	r2, {r0, r1, r2}
 80008f0:	c303      	stmia	r3!, {r0, r1}
 80008f2:	701a      	strb	r2, [r3, #0]
 80008f4:	2400      	movs	r4, #0
 80008f6:	e000      	b.n	80008fa <RTC_Set_Time_Once+0x4a>
 80008f8:	3401      	adds	r4, #1
 80008fa:	2c0b      	cmp	r4, #11
 80008fc:	dc0d      	bgt.n	800091a <RTC_Set_Time_Once+0x6a>
 80008fe:	eb04 0044 	add.w	r0, r4, r4, lsl #1
 8000902:	2203      	movs	r2, #3
 8000904:	a908      	add	r1, sp, #32
 8000906:	4b3e      	ldr	r3, [pc, #248]	@ (8000a00 <RTC_Set_Time_Once+0x150>)
 8000908:	4418      	add	r0, r3
 800090a:	f003 f98a 	bl	8003c22 <strncmp>
 800090e:	2800      	cmp	r0, #0
 8000910:	d1f2      	bne.n	80008f8 <RTC_Set_Time_Once+0x48>
 8000912:	b2e4      	uxtb	r4, r4
 8000914:	3401      	adds	r4, #1
 8000916:	b2e4      	uxtb	r4, r4
 8000918:	e000      	b.n	800091c <RTC_Set_Time_Once+0x6c>
 800091a:	2401      	movs	r4, #1
 800091c:	2029      	movs	r0, #41	@ 0x29
 800091e:	f7ff ff05 	bl	800072c <decimalbcd>
 8000922:	f88d 0013 	strb.w	r0, [sp, #19]
 8000926:	f04f 38ff 	mov.w	r8, #4294967295
 800092a:	f8cd 8008 	str.w	r8, [sp, #8]
 800092e:	2501      	movs	r5, #1
 8000930:	9501      	str	r5, [sp, #4]
 8000932:	f10d 0713 	add.w	r7, sp, #19
 8000936:	9700      	str	r7, [sp, #0]
 8000938:	462b      	mov	r3, r5
 800093a:	2200      	movs	r2, #0
 800093c:	21d0      	movs	r1, #208	@ 0xd0
 800093e:	4630      	mov	r0, r6
 8000940:	f001 fa2a 	bl	8001d98 <HAL_I2C_Mem_Write>
 8000944:	2010      	movs	r0, #16
 8000946:	f7ff fef1 	bl	800072c <decimalbcd>
 800094a:	f88d 0013 	strb.w	r0, [sp, #19]
 800094e:	f8cd 8008 	str.w	r8, [sp, #8]
 8000952:	9501      	str	r5, [sp, #4]
 8000954:	9700      	str	r7, [sp, #0]
 8000956:	462b      	mov	r3, r5
 8000958:	462a      	mov	r2, r5
 800095a:	21d0      	movs	r1, #208	@ 0xd0
 800095c:	4630      	mov	r0, r6
 800095e:	f001 fa1b 	bl	8001d98 <HAL_I2C_Mem_Write>
 8000962:	200c      	movs	r0, #12
 8000964:	f7ff fee2 	bl	800072c <decimalbcd>
 8000968:	f88d 0013 	strb.w	r0, [sp, #19]
 800096c:	f8cd 8008 	str.w	r8, [sp, #8]
 8000970:	9501      	str	r5, [sp, #4]
 8000972:	9700      	str	r7, [sp, #0]
 8000974:	462b      	mov	r3, r5
 8000976:	2202      	movs	r2, #2
 8000978:	21d0      	movs	r1, #208	@ 0xd0
 800097a:	4630      	mov	r0, r6
 800097c:	f001 fa0c 	bl	8001d98 <HAL_I2C_Mem_Write>
 8000980:	201a      	movs	r0, #26
 8000982:	f7ff fed3 	bl	800072c <decimalbcd>
 8000986:	4681      	mov	r9, r0
 8000988:	f88d 0013 	strb.w	r0, [sp, #19]
 800098c:	f8cd 8008 	str.w	r8, [sp, #8]
 8000990:	9501      	str	r5, [sp, #4]
 8000992:	9700      	str	r7, [sp, #0]
 8000994:	462b      	mov	r3, r5
 8000996:	2204      	movs	r2, #4
 8000998:	21d0      	movs	r1, #208	@ 0xd0
 800099a:	4630      	mov	r0, r6
 800099c:	f001 f9fc 	bl	8001d98 <HAL_I2C_Mem_Write>
 80009a0:	4620      	mov	r0, r4
 80009a2:	f7ff fec3 	bl	800072c <decimalbcd>
 80009a6:	f88d 0013 	strb.w	r0, [sp, #19]
 80009aa:	f8cd 8008 	str.w	r8, [sp, #8]
 80009ae:	9501      	str	r5, [sp, #4]
 80009b0:	9700      	str	r7, [sp, #0]
 80009b2:	462b      	mov	r3, r5
 80009b4:	2205      	movs	r2, #5
 80009b6:	21d0      	movs	r1, #208	@ 0xd0
 80009b8:	4630      	mov	r0, r6
 80009ba:	f001 f9ed 	bl	8001d98 <HAL_I2C_Mem_Write>
 80009be:	f88d 9013 	strb.w	r9, [sp, #19]
 80009c2:	f8cd 8008 	str.w	r8, [sp, #8]
 80009c6:	9501      	str	r5, [sp, #4]
 80009c8:	9700      	str	r7, [sp, #0]
 80009ca:	462b      	mov	r3, r5
 80009cc:	2206      	movs	r2, #6
 80009ce:	21d0      	movs	r1, #208	@ 0xd0
 80009d0:	4630      	mov	r0, r6
 80009d2:	f001 f9e1 	bl	8001d98 <HAL_I2C_Mem_Write>
 80009d6:	23ab      	movs	r3, #171	@ 0xab
 80009d8:	f88d 3013 	strb.w	r3, [sp, #19]
 80009dc:	f8cd 8008 	str.w	r8, [sp, #8]
 80009e0:	9501      	str	r5, [sp, #4]
 80009e2:	9700      	str	r7, [sp, #0]
 80009e4:	462b      	mov	r3, r5
 80009e6:	2207      	movs	r2, #7
 80009e8:	21d0      	movs	r1, #208	@ 0xd0
 80009ea:	4630      	mov	r0, r6
 80009ec:	f001 f9d4 	bl	8001d98 <HAL_I2C_Mem_Write>
 80009f0:	b00d      	add	sp, #52	@ 0x34
 80009f2:	e8bd 83f0 	ldmia.w	sp!, {r4, r5, r6, r7, r8, r9, pc}
 80009f6:	bf00      	nop
 80009f8:	08003fc8 	.word	0x08003fc8
 80009fc:	08003fd4 	.word	0x08003fd4
 8000a00:	08003fa0 	.word	0x08003fa0

08000a04 <HAL_TIM_PeriodElapsedCallback>:
 8000a04:	b508      	push	{r3, lr}
 8000a06:	6802      	ldr	r2, [r0, #0]
 8000a08:	4b04      	ldr	r3, [pc, #16]	@ (8000a1c <HAL_TIM_PeriodElapsedCallback+0x18>)
 8000a0a:	429a      	cmp	r2, r3
 8000a0c:	d000      	beq.n	8000a10 <HAL_TIM_PeriodElapsedCallback+0xc>
 8000a0e:	bd08      	pop	{r3, pc}
 8000a10:	f44f 5100 	mov.w	r1, #8192	@ 0x2000
 8000a14:	4802      	ldr	r0, [pc, #8]	@ (8000a20 <HAL_TIM_PeriodElapsedCallback+0x1c>)
 8000a16:	f000 fe40 	bl	800169a <HAL_GPIO_TogglePin>
 8000a1a:	e7f8      	b.n	8000a0e <HAL_TIM_PeriodElapsedCallback+0xa>
 8000a1c:	40014800 	.word	0x40014800
 8000a20:	40020800 	.word	0x40020800

08000a24 <LoRa_Detect>:
 8000a24:	b508      	push	{r3, lr}
 8000a26:	2142      	movs	r1, #66	@ 0x42
 8000a28:	f7ff fbf0 	bl	800020c <SX1278_SPIRead>
 8000a2c:	2812      	cmp	r0, #18
 8000a2e:	bf14      	ite	ne
 8000a30:	2000      	movne	r0, #0
 8000a32:	2001      	moveq	r0, #1
 8000a34:	bd08      	pop	{r3, pc}
	...

08000a38 <LoRa_Init>:
 8000a38:	b570      	push	{r4, r5, r6, lr}
 8000a3a:	b086      	sub	sp, #24
 8000a3c:	4c1a      	ldr	r4, [pc, #104]	@ (8000aa8 <LoRa_Init+0x70>)
 8000a3e:	4620      	mov	r0, r4
 8000a40:	f7ff fdd1 	bl	80005e6 <SX1278_hw_init>
 8000a44:	4620      	mov	r0, r4
 8000a46:	f7ff fe12 	bl	800066e <SX1278_hw_Reset>
 8000a4a:	2064      	movs	r0, #100	@ 0x64
 8000a4c:	f000 faea 	bl	8001024 <HAL_Delay>
 8000a50:	4816      	ldr	r0, [pc, #88]	@ (8000aac <LoRa_Init+0x74>)
 8000a52:	f7ff ffe7 	bl	8000a24 <LoRa_Detect>
 8000a56:	b920      	cbnz	r0, 8000a62 <LoRa_Init+0x2a>
 8000a58:	4b15      	ldr	r3, [pc, #84]	@ (8000ab0 <LoRa_Init+0x78>)
 8000a5a:	2200      	movs	r2, #0
 8000a5c:	701a      	strb	r2, [r3, #0]
 8000a5e:	b006      	add	sp, #24
 8000a60:	bd70      	pop	{r4, r5, r6, pc}
 8000a62:	4d12      	ldr	r5, [pc, #72]	@ (8000aac <LoRa_Init+0x74>)
 8000a64:	2664      	movs	r6, #100	@ 0x64
 8000a66:	9605      	str	r6, [sp, #20]
 8000a68:	2300      	movs	r3, #0
 8000a6a:	9304      	str	r3, [sp, #16]
 8000a6c:	9303      	str	r3, [sp, #12]
 8000a6e:	2307      	movs	r3, #7
 8000a70:	9302      	str	r3, [sp, #8]
 8000a72:	2401      	movs	r4, #1
 8000a74:	9401      	str	r4, [sp, #4]
 8000a76:	2303      	movs	r3, #3
 8000a78:	9300      	str	r3, [sp, #0]
 8000a7a:	a309      	add	r3, pc, #36	@ (adr r3, 8000aa0 <LoRa_Init+0x68>)
 8000a7c:	e9d3 2300 	ldrd	r2, r3, [r3]
 8000a80:	4628      	mov	r0, r5
 8000a82:	f7ff fd87 	bl	8000594 <SX1278_init>
 8000a86:	f44f 62fa 	mov.w	r2, #2000	@ 0x7d0
 8000a8a:	4631      	mov	r1, r6
 8000a8c:	4628      	mov	r0, r5
 8000a8e:	f7ff fd05 	bl	800049c <SX1278_LoRaEntryRx>
 8000a92:	4b07      	ldr	r3, [pc, #28]	@ (8000ab0 <LoRa_Init+0x78>)
 8000a94:	701c      	strb	r4, [r3, #0]
 8000a96:	4620      	mov	r0, r4
 8000a98:	e7e1      	b.n	8000a5e <LoRa_Init+0x26>
 8000a9a:	bf00      	nop
 8000a9c:	f3af 8000 	nop.w
 8000aa0:	19d1b9d8 	.word	0x19d1b9d8
 8000aa4:	00000000 	.word	0x00000000
 8000aa8:	200001b8 	.word	0x200001b8
 8000aac:	200000a0 	.word	0x200000a0
 8000ab0:	2000006a 	.word	0x2000006a

08000ab4 <LoRa_RX>:
 8000ab4:	b510      	push	{r4, lr}
 8000ab6:	480e      	ldr	r0, [pc, #56]	@ (8000af0 <LoRa_RX+0x3c>)
 8000ab8:	f7ff fd3d 	bl	8000536 <SX1278_LoRaRxPacket>
 8000abc:	4b0d      	ldr	r3, [pc, #52]	@ (8000af4 <LoRa_RX+0x40>)
 8000abe:	7018      	strb	r0, [r3, #0]
 8000ac0:	b968      	cbnz	r0, 8000ade <LoRa_RX+0x2a>
 8000ac2:	4c0b      	ldr	r4, [pc, #44]	@ (8000af0 <LoRa_RX+0x3c>)
 8000ac4:	210f      	movs	r1, #15
 8000ac6:	4620      	mov	r0, r4
 8000ac8:	f7ff fba0 	bl	800020c <SX1278_SPIRead>
 8000acc:	4602      	mov	r2, r0
 8000ace:	210d      	movs	r1, #13
 8000ad0:	4620      	mov	r0, r4
 8000ad2:	f7ff fbaa 	bl	800022a <SX1278_SPIWrite>
 8000ad6:	4620      	mov	r0, r4
 8000ad8:	f7ff fcda 	bl	8000490 <SX1278_clearLoRaIrq>
 8000adc:	bd10      	pop	{r4, pc}
 8000ade:	4602      	mov	r2, r0
 8000ae0:	4905      	ldr	r1, [pc, #20]	@ (8000af8 <LoRa_RX+0x44>)
 8000ae2:	4806      	ldr	r0, [pc, #24]	@ (8000afc <LoRa_RX+0x48>)
 8000ae4:	f003 f8d4 	bl	8003c90 <memcpy>
 8000ae8:	4b05      	ldr	r3, [pc, #20]	@ (8000b00 <LoRa_RX+0x4c>)
 8000aea:	2201      	movs	r2, #1
 8000aec:	701a      	strb	r2, [r3, #0]
 8000aee:	e7e8      	b.n	8000ac2 <LoRa_RX+0xe>
 8000af0:	200000a0 	.word	0x200000a0
 8000af4:	2000006b 	.word	0x2000006b
 8000af8:	200000b7 	.word	0x200000b7
 8000afc:	2000006c 	.word	0x2000006c
 8000b00:	20000069 	.word	0x20000069

08000b04 <HAL_GPIO_EXTI_Callback>:
 8000b04:	f5b0 7f00 	cmp.w	r0, #512	@ 0x200
 8000b08:	d000      	beq.n	8000b0c <HAL_GPIO_EXTI_Callback+0x8>
 8000b0a:	4770      	bx	lr
 8000b0c:	b508      	push	{r3, lr}
 8000b0e:	f7ff ffd1 	bl	8000ab4 <LoRa_RX>
 8000b12:	bd08      	pop	{r3, pc}

08000b14 <Error_Handler>:
 8000b14:	b672      	cpsid	i
 8000b16:	e7fe      	b.n	8000b16 <Error_Handler+0x2>

08000b18 <MX_I2C1_Init>:
 8000b18:	b508      	push	{r3, lr}
 8000b1a:	480a      	ldr	r0, [pc, #40]	@ (8000b44 <MX_I2C1_Init+0x2c>)
 8000b1c:	4b0a      	ldr	r3, [pc, #40]	@ (8000b48 <MX_I2C1_Init+0x30>)
 8000b1e:	6003      	str	r3, [r0, #0]
 8000b20:	4b0a      	ldr	r3, [pc, #40]	@ (8000b4c <MX_I2C1_Init+0x34>)
 8000b22:	6043      	str	r3, [r0, #4]
 8000b24:	2300      	movs	r3, #0
 8000b26:	6083      	str	r3, [r0, #8]
 8000b28:	60c3      	str	r3, [r0, #12]
 8000b2a:	f44f 4280 	mov.w	r2, #16384	@ 0x4000
 8000b2e:	6102      	str	r2, [r0, #16]
 8000b30:	6143      	str	r3, [r0, #20]
 8000b32:	6183      	str	r3, [r0, #24]
 8000b34:	61c3      	str	r3, [r0, #28]
 8000b36:	6203      	str	r3, [r0, #32]
 8000b38:	f001 f850 	bl	8001bdc <HAL_I2C_Init>
 8000b3c:	b900      	cbnz	r0, 8000b40 <MX_I2C1_Init+0x28>
 8000b3e:	bd08      	pop	{r3, pc}
 8000b40:	f7ff ffe8 	bl	8000b14 <Error_Handler>
 8000b44:	200003d4 	.word	0x200003d4
 8000b48:	40005400 	.word	0x40005400
 8000b4c:	00061a80 	.word	0x00061a80

08000b50 <MX_TIM11_Init>:
 8000b50:	b508      	push	{r3, lr}
 8000b52:	4809      	ldr	r0, [pc, #36]	@ (8000b78 <MX_TIM11_Init+0x28>)
 8000b54:	4b09      	ldr	r3, [pc, #36]	@ (8000b7c <MX_TIM11_Init+0x2c>)
 8000b56:	6003      	str	r3, [r0, #0]
 8000b58:	f246 13a7 	movw	r3, #24999	@ 0x61a7
 8000b5c:	6043      	str	r3, [r0, #4]
 8000b5e:	2300      	movs	r3, #0
 8000b60:	6083      	str	r3, [r0, #8]
 8000b62:	f44f 727a 	mov.w	r2, #1000	@ 0x3e8
 8000b66:	60c2      	str	r2, [r0, #12]
 8000b68:	6103      	str	r3, [r0, #16]
 8000b6a:	6183      	str	r3, [r0, #24]
 8000b6c:	f002 fc32 	bl	80033d4 <HAL_TIM_Base_Init>
 8000b70:	b900      	cbnz	r0, 8000b74 <MX_TIM11_Init+0x24>
 8000b72:	bd08      	pop	{r3, pc}
 8000b74:	f7ff ffce 	bl	8000b14 <Error_Handler>
 8000b78:	200001d4 	.word	0x200001d4
 8000b7c:	40014800 	.word	0x40014800

08000b80 <MX_I2C2_Init>:
 8000b80:	b508      	push	{r3, lr}
 8000b82:	480a      	ldr	r0, [pc, #40]	@ (8000bac <MX_I2C2_Init+0x2c>)
 8000b84:	4b0a      	ldr	r3, [pc, #40]	@ (8000bb0 <MX_I2C2_Init+0x30>)
 8000b86:	6003      	str	r3, [r0, #0]
 8000b88:	4b0a      	ldr	r3, [pc, #40]	@ (8000bb4 <MX_I2C2_Init+0x34>)
 8000b8a:	6043      	str	r3, [r0, #4]
 8000b8c:	2300      	movs	r3, #0
 8000b8e:	6083      	str	r3, [r0, #8]
 8000b90:	60c3      	str	r3, [r0, #12]
 8000b92:	f44f 4280 	mov.w	r2, #16384	@ 0x4000
 8000b96:	6102      	str	r2, [r0, #16]
 8000b98:	6143      	str	r3, [r0, #20]
 8000b9a:	6183      	str	r3, [r0, #24]
 8000b9c:	61c3      	str	r3, [r0, #28]
 8000b9e:	6203      	str	r3, [r0, #32]
 8000ba0:	f001 f81c 	bl	8001bdc <HAL_I2C_Init>
 8000ba4:	b900      	cbnz	r0, 8000ba8 <MX_I2C2_Init+0x28>
 8000ba6:	bd08      	pop	{r3, pc}
 8000ba8:	f7ff ffb4 	bl	8000b14 <Error_Handler>
 8000bac:	20000380 	.word	0x20000380
 8000bb0:	40005800 	.word	0x40005800
 8000bb4:	000186a0 	.word	0x000186a0

08000bb8 <MX_I2C3_Init>:
 8000bb8:	b508      	push	{r3, lr}
 8000bba:	480a      	ldr	r0, [pc, #40]	@ (8000be4 <MX_I2C3_Init+0x2c>)
 8000bbc:	4b0a      	ldr	r3, [pc, #40]	@ (8000be8 <MX_I2C3_Init+0x30>)
 8000bbe:	6003      	str	r3, [r0, #0]
 8000bc0:	4b0a      	ldr	r3, [pc, #40]	@ (8000bec <MX_I2C3_Init+0x34>)
 8000bc2:	6043      	str	r3, [r0, #4]
 8000bc4:	2300      	movs	r3, #0
 8000bc6:	6083      	str	r3, [r0, #8]
 8000bc8:	60c3      	str	r3, [r0, #12]
 8000bca:	f44f 4280 	mov.w	r2, #16384	@ 0x4000
 8000bce:	6102      	str	r2, [r0, #16]
 8000bd0:	6143      	str	r3, [r0, #20]
 8000bd2:	6183      	str	r3, [r0, #24]
 8000bd4:	61c3      	str	r3, [r0, #28]
 8000bd6:	6203      	str	r3, [r0, #32]
 8000bd8:	f001 f800 	bl	8001bdc <HAL_I2C_Init>
 8000bdc:	b900      	cbnz	r0, 8000be0 <MX_I2C3_Init+0x28>
 8000bde:	bd08      	pop	{r3, pc}
 8000be0:	f7ff ff98 	bl	8000b14 <Error_Handler>
 8000be4:	2000032c 	.word	0x2000032c
 8000be8:	40005c00 	.word	0x40005c00
 8000bec:	000186a0 	.word	0x000186a0

08000bf0 <MX_SPI1_Init>:
 8000bf0:	b508      	push	{r3, lr}
 8000bf2:	480d      	ldr	r0, [pc, #52]	@ (8000c28 <MX_SPI1_Init+0x38>)
 8000bf4:	4b0d      	ldr	r3, [pc, #52]	@ (8000c2c <MX_SPI1_Init+0x3c>)
 8000bf6:	6003      	str	r3, [r0, #0]
 8000bf8:	f44f 7382 	mov.w	r3, #260	@ 0x104
 8000bfc:	6043      	str	r3, [r0, #4]
 8000bfe:	2300      	movs	r3, #0
 8000c00:	6083      	str	r3, [r0, #8]
 8000c02:	60c3      	str	r3, [r0, #12]
 8000c04:	6103      	str	r3, [r0, #16]
 8000c06:	6143      	str	r3, [r0, #20]
 8000c08:	f44f 7200 	mov.w	r2, #512	@ 0x200
 8000c0c:	6182      	str	r2, [r0, #24]
 8000c0e:	2238      	movs	r2, #56	@ 0x38
 8000c10:	61c2      	str	r2, [r0, #28]
 8000c12:	6203      	str	r3, [r0, #32]
 8000c14:	6243      	str	r3, [r0, #36]	@ 0x24
 8000c16:	6283      	str	r3, [r0, #40]	@ 0x28
 8000c18:	230a      	movs	r3, #10
 8000c1a:	62c3      	str	r3, [r0, #44]	@ 0x2c
 8000c1c:	f002 f82a 	bl	8002c74 <HAL_SPI_Init>
 8000c20:	b900      	cbnz	r0, 8000c24 <MX_SPI1_Init+0x34>
 8000c22:	bd08      	pop	{r3, pc}
 8000c24:	f7ff ff76 	bl	8000b14 <Error_Handler>
 8000c28:	200002d4 	.word	0x200002d4
 8000c2c:	40013000 	.word	0x40013000

08000c30 <MX_SPI2_Init>:
 8000c30:	b508      	push	{r3, lr}
 8000c32:	480d      	ldr	r0, [pc, #52]	@ (8000c68 <MX_SPI2_Init+0x38>)
 8000c34:	4b0d      	ldr	r3, [pc, #52]	@ (8000c6c <MX_SPI2_Init+0x3c>)
 8000c36:	6003      	str	r3, [r0, #0]
 8000c38:	f44f 7382 	mov.w	r3, #260	@ 0x104
 8000c3c:	6043      	str	r3, [r0, #4]
 8000c3e:	2300      	movs	r3, #0
 8000c40:	6083      	str	r3, [r0, #8]
 8000c42:	60c3      	str	r3, [r0, #12]
 8000c44:	6103      	str	r3, [r0, #16]
 8000c46:	6143      	str	r3, [r0, #20]
 8000c48:	f44f 7200 	mov.w	r2, #512	@ 0x200
 8000c4c:	6182      	str	r2, [r0, #24]
 8000c4e:	61c3      	str	r3, [r0, #28]
 8000c50:	6203      	str	r3, [r0, #32]
 8000c52:	6243      	str	r3, [r0, #36]	@ 0x24
 8000c54:	6283      	str	r3, [r0, #40]	@ 0x28
 8000c56:	230a      	movs	r3, #10
 8000c58:	62c3      	str	r3, [r0, #44]	@ 0x2c
 8000c5a:	f002 f80b 	bl	8002c74 <HAL_SPI_Init>
 8000c5e:	b900      	cbnz	r0, 8000c62 <MX_SPI2_Init+0x32>
 8000c60:	bd08      	pop	{r3, pc}
 8000c62:	f7ff ff57 	bl	8000b14 <Error_Handler>
 8000c66:	bf00      	nop
 8000c68:	2000027c 	.word	0x2000027c
 8000c6c:	40003800 	.word	0x40003800

08000c70 <SystemClock_Config>:
 8000c70:	b500      	push	{lr}
 8000c72:	b095      	sub	sp, #84	@ 0x54
 8000c74:	2230      	movs	r2, #48	@ 0x30
 8000c76:	2100      	movs	r1, #0
 8000c78:	a808      	add	r0, sp, #32
 8000c7a:	f002 ffca 	bl	8003c12 <memset>
 8000c7e:	2300      	movs	r3, #0
 8000c80:	9303      	str	r3, [sp, #12]
 8000c82:	9304      	str	r3, [sp, #16]
 8000c84:	9305      	str	r3, [sp, #20]
 8000c86:	9306      	str	r3, [sp, #24]
 8000c88:	9307      	str	r3, [sp, #28]
 8000c8a:	9301      	str	r3, [sp, #4]
 8000c8c:	4a1a      	ldr	r2, [pc, #104]	@ (8000cf8 <SystemClock_Config+0x88>)
 8000c8e:	6c11      	ldr	r1, [r2, #64]	@ 0x40
 8000c90:	f041 5180 	orr.w	r1, r1, #268435456	@ 0x10000000
 8000c94:	6411      	str	r1, [r2, #64]	@ 0x40
 8000c96:	6c12      	ldr	r2, [r2, #64]	@ 0x40
 8000c98:	f002 5280 	and.w	r2, r2, #268435456	@ 0x10000000
 8000c9c:	9201      	str	r2, [sp, #4]
 8000c9e:	9a01      	ldr	r2, [sp, #4]
 8000ca0:	9302      	str	r3, [sp, #8]
 8000ca2:	4916      	ldr	r1, [pc, #88]	@ (8000cfc <SystemClock_Config+0x8c>)
 8000ca4:	680a      	ldr	r2, [r1, #0]
 8000ca6:	f422 4240 	bic.w	r2, r2, #49152	@ 0xc000
 8000caa:	f442 4200 	orr.w	r2, r2, #32768	@ 0x8000
 8000cae:	600a      	str	r2, [r1, #0]
 8000cb0:	680a      	ldr	r2, [r1, #0]
 8000cb2:	f402 4240 	and.w	r2, r2, #49152	@ 0xc000
 8000cb6:	9202      	str	r2, [sp, #8]
 8000cb8:	9a02      	ldr	r2, [sp, #8]
 8000cba:	2201      	movs	r2, #1
 8000cbc:	9208      	str	r2, [sp, #32]
 8000cbe:	f44f 3280 	mov.w	r2, #65536	@ 0x10000
 8000cc2:	9209      	str	r2, [sp, #36]	@ 0x24
 8000cc4:	930e      	str	r3, [sp, #56]	@ 0x38
 8000cc6:	a808      	add	r0, sp, #32
 8000cc8:	f001 fc02 	bl	80024d0 <HAL_RCC_OscConfig>
 8000ccc:	b980      	cbnz	r0, 8000cf0 <SystemClock_Config+0x80>
 8000cce:	230f      	movs	r3, #15
 8000cd0:	9303      	str	r3, [sp, #12]
 8000cd2:	2301      	movs	r3, #1
 8000cd4:	9304      	str	r3, [sp, #16]
 8000cd6:	2100      	movs	r1, #0
 8000cd8:	9105      	str	r1, [sp, #20]
 8000cda:	9106      	str	r1, [sp, #24]
 8000cdc:	9107      	str	r1, [sp, #28]
 8000cde:	a803      	add	r0, sp, #12
 8000ce0:	f001 fe4c 	bl	800297c <HAL_RCC_ClockConfig>
 8000ce4:	b930      	cbnz	r0, 8000cf4 <SystemClock_Config+0x84>
 8000ce6:	f001 fdef 	bl	80028c8 <HAL_RCC_EnableCSS>
 8000cea:	b015      	add	sp, #84	@ 0x54
 8000cec:	f85d fb04 	ldr.w	pc, [sp], #4
 8000cf0:	f7ff ff10 	bl	8000b14 <Error_Handler>
 8000cf4:	f7ff ff0e 	bl	8000b14 <Error_Handler>
 8000cf8:	40023800 	.word	0x40023800
 8000cfc:	40007000 	.word	0x40007000

08000d00 <main>:
 8000d00:	b508      	push	{r3, lr}
 8000d02:	f000 f963 	bl	8000fcc <HAL_Init>
 8000d06:	f7ff ffb3 	bl	8000c70 <SystemClock_Config>
 8000d0a:	f7ff fd1f 	bl	800074c <MX_GPIO_Init>
 8000d0e:	f7ff fdb5 	bl	800087c <MX_DMA_Init>
 8000d12:	f7ff ff01 	bl	8000b18 <MX_I2C1_Init>
 8000d16:	f7ff ff1b 	bl	8000b50 <MX_TIM11_Init>
 8000d1a:	f7ff ff31 	bl	8000b80 <MX_I2C2_Init>
 8000d1e:	f7ff ff4b 	bl	8000bb8 <MX_I2C3_Init>
 8000d22:	f7ff ff65 	bl	8000bf0 <MX_SPI1_Init>
 8000d26:	f7ff fcc3 	bl	80006b0 <MX_FATFS_Init>
 8000d2a:	f7ff ff81 	bl	8000c30 <MX_SPI2_Init>
 8000d2e:	4b13      	ldr	r3, [pc, #76]	@ (8000d7c <main+0x7c>)
 8000d30:	4a13      	ldr	r2, [pc, #76]	@ (8000d80 <main+0x80>)
 8000d32:	60da      	str	r2, [r3, #12]
 8000d34:	f44f 7100 	mov.w	r1, #512	@ 0x200
 8000d38:	6099      	str	r1, [r3, #8]
 8000d3a:	4912      	ldr	r1, [pc, #72]	@ (8000d84 <main+0x84>)
 8000d3c:	6159      	str	r1, [r3, #20]
 8000d3e:	f44f 5180 	mov.w	r1, #4096	@ 0x1000
 8000d42:	6119      	str	r1, [r3, #16]
 8000d44:	605a      	str	r2, [r3, #4]
 8000d46:	f44f 6280 	mov.w	r2, #1024	@ 0x400
 8000d4a:	601a      	str	r2, [r3, #0]
 8000d4c:	4a0e      	ldr	r2, [pc, #56]	@ (8000d88 <main+0x88>)
 8000d4e:	6812      	ldr	r2, [r2, #0]
 8000d50:	619a      	str	r2, [r3, #24]
 8000d52:	4a0e      	ldr	r2, [pc, #56]	@ (8000d8c <main+0x8c>)
 8000d54:	6013      	str	r3, [r2, #0]
 8000d56:	f7ff fe6f 	bl	8000a38 <LoRa_Init>
 8000d5a:	4b0d      	ldr	r3, [pc, #52]	@ (8000d90 <main+0x90>)
 8000d5c:	6818      	ldr	r0, [r3, #0]
 8000d5e:	f000 f86b 	bl	8000e38 <ssd1306_Init>
 8000d62:	43c3      	mvns	r3, r0
 8000d64:	4a0b      	ldr	r2, [pc, #44]	@ (8000d94 <main+0x94>)
 8000d66:	7013      	strb	r3, [r2, #0]
 8000d68:	4b0b      	ldr	r3, [pc, #44]	@ (8000d98 <main+0x98>)
 8000d6a:	6818      	ldr	r0, [r3, #0]
 8000d6c:	f7ff fda0 	bl	80008b0 <RTC_Set_Time_Once>
 8000d70:	4b0a      	ldr	r3, [pc, #40]	@ (8000d9c <main+0x9c>)
 8000d72:	6818      	ldr	r0, [r3, #0]
 8000d74:	f002 f9ec 	bl	8003150 <HAL_TIM_Base_Start_IT>
 8000d78:	e7fe      	b.n	8000d78 <main+0x78>
 8000d7a:	bf00      	nop
 8000d7c:	200001b8 	.word	0x200001b8
 8000d80:	40020000 	.word	0x40020000
 8000d84:	40020400 	.word	0x40020400
 8000d88:	20000004 	.word	0x20000004
 8000d8c:	200000a0 	.word	0x200000a0
 8000d90:	2000000c 	.word	0x2000000c
 8000d94:	20000068 	.word	0x20000068
 8000d98:	20000008 	.word	0x20000008
 8000d9c:	20000000 	.word	0x20000000

08000da0 <ssd1306_WriteCommand>:
 8000da0:	b500      	push	{lr}
 8000da2:	b087      	sub	sp, #28
 8000da4:	f88d 1017 	strb.w	r1, [sp, #23]
 8000da8:	230a      	movs	r3, #10
 8000daa:	9302      	str	r3, [sp, #8]
 8000dac:	2301      	movs	r3, #1
 8000dae:	9301      	str	r3, [sp, #4]
 8000db0:	f10d 0217 	add.w	r2, sp, #23
 8000db4:	9200      	str	r2, [sp, #0]
 8000db6:	2200      	movs	r2, #0
 8000db8:	2178      	movs	r1, #120	@ 0x78
 8000dba:	f000 ffed 	bl	8001d98 <HAL_I2C_Mem_Write>
 8000dbe:	b007      	add	sp, #28
 8000dc0:	f85d fb04 	ldr.w	pc, [sp], #4

08000dc4 <ssd1306_Fill>:
 8000dc4:	2300      	movs	r3, #0
 8000dc6:	e003      	b.n	8000dd0 <ssd1306_Fill+0xc>
 8000dc8:	21ff      	movs	r1, #255	@ 0xff
 8000dca:	4a05      	ldr	r2, [pc, #20]	@ (8000de0 <ssd1306_Fill+0x1c>)
 8000dcc:	54d1      	strb	r1, [r2, r3]
 8000dce:	3301      	adds	r3, #1
 8000dd0:	f5b3 6f80 	cmp.w	r3, #1024	@ 0x400
 8000dd4:	d203      	bcs.n	8000dde <ssd1306_Fill+0x1a>
 8000dd6:	2800      	cmp	r0, #0
 8000dd8:	d1f6      	bne.n	8000dc8 <ssd1306_Fill+0x4>
 8000dda:	4601      	mov	r1, r0
 8000ddc:	e7f5      	b.n	8000dca <ssd1306_Fill+0x6>
 8000dde:	4770      	bx	lr
 8000de0:	20000430 	.word	0x20000430

08000de4 <ssd1306_UpdateScreen>:
 8000de4:	b530      	push	{r4, r5, lr}
 8000de6:	b085      	sub	sp, #20
 8000de8:	4605      	mov	r5, r0
 8000dea:	2400      	movs	r4, #0
 8000dec:	e01d      	b.n	8000e2a <ssd1306_UpdateScreen+0x46>
 8000dee:	f1a4 0150 	sub.w	r1, r4, #80	@ 0x50
 8000df2:	b2c9      	uxtb	r1, r1
 8000df4:	4628      	mov	r0, r5
 8000df6:	f7ff ffd3 	bl	8000da0 <ssd1306_WriteCommand>
 8000dfa:	2100      	movs	r1, #0
 8000dfc:	4628      	mov	r0, r5
 8000dfe:	f7ff ffcf 	bl	8000da0 <ssd1306_WriteCommand>
 8000e02:	2110      	movs	r1, #16
 8000e04:	4628      	mov	r0, r5
 8000e06:	f7ff ffcb 	bl	8000da0 <ssd1306_WriteCommand>
 8000e0a:	2364      	movs	r3, #100	@ 0x64
 8000e0c:	9302      	str	r3, [sp, #8]
 8000e0e:	2380      	movs	r3, #128	@ 0x80
 8000e10:	9301      	str	r3, [sp, #4]
 8000e12:	4b08      	ldr	r3, [pc, #32]	@ (8000e34 <ssd1306_UpdateScreen+0x50>)
 8000e14:	eb03 13c4 	add.w	r3, r3, r4, lsl #7
 8000e18:	9300      	str	r3, [sp, #0]
 8000e1a:	2301      	movs	r3, #1
 8000e1c:	2240      	movs	r2, #64	@ 0x40
 8000e1e:	2178      	movs	r1, #120	@ 0x78
 8000e20:	4628      	mov	r0, r5
 8000e22:	f000 ffb9 	bl	8001d98 <HAL_I2C_Mem_Write>
 8000e26:	3401      	adds	r4, #1
 8000e28:	b2e4      	uxtb	r4, r4
 8000e2a:	2c07      	cmp	r4, #7
 8000e2c:	d9df      	bls.n	8000dee <ssd1306_UpdateScreen+0xa>
 8000e2e:	b005      	add	sp, #20
 8000e30:	bd30      	pop	{r4, r5, pc}
 8000e32:	bf00      	nop
 8000e34:	20000430 	.word	0x20000430

08000e38 <ssd1306_Init>:
 8000e38:	b538      	push	{r3, r4, r5, lr}
 8000e3a:	4604      	mov	r4, r0
 8000e3c:	2064      	movs	r0, #100	@ 0x64
 8000e3e:	f000 f8f1 	bl	8001024 <HAL_Delay>
 8000e42:	21ae      	movs	r1, #174	@ 0xae
 8000e44:	4620      	mov	r0, r4
 8000e46:	f7ff ffab 	bl	8000da0 <ssd1306_WriteCommand>
 8000e4a:	4605      	mov	r5, r0
 8000e4c:	2120      	movs	r1, #32
 8000e4e:	4620      	mov	r0, r4
 8000e50:	f7ff ffa6 	bl	8000da0 <ssd1306_WriteCommand>
 8000e54:	4405      	add	r5, r0
 8000e56:	2110      	movs	r1, #16
 8000e58:	4620      	mov	r0, r4
 8000e5a:	f7ff ffa1 	bl	8000da0 <ssd1306_WriteCommand>
 8000e5e:	4405      	add	r5, r0
 8000e60:	21b0      	movs	r1, #176	@ 0xb0
 8000e62:	4620      	mov	r0, r4
 8000e64:	f7ff ff9c 	bl	8000da0 <ssd1306_WriteCommand>
 8000e68:	4405      	add	r5, r0
 8000e6a:	21c8      	movs	r1, #200	@ 0xc8
 8000e6c:	4620      	mov	r0, r4
 8000e6e:	f7ff ff97 	bl	8000da0 <ssd1306_WriteCommand>
 8000e72:	4405      	add	r5, r0
 8000e74:	2100      	movs	r1, #0
 8000e76:	4620      	mov	r0, r4
 8000e78:	f7ff ff92 	bl	8000da0 <ssd1306_WriteCommand>
 8000e7c:	4405      	add	r5, r0
 8000e7e:	2110      	movs	r1, #16
 8000e80:	4620      	mov	r0, r4
 8000e82:	f7ff ff8d 	bl	8000da0 <ssd1306_WriteCommand>
 8000e86:	4405      	add	r5, r0
 8000e88:	2140      	movs	r1, #64	@ 0x40
 8000e8a:	4620      	mov	r0, r4
 8000e8c:	f7ff ff88 	bl	8000da0 <ssd1306_WriteCommand>
 8000e90:	4405      	add	r5, r0
 8000e92:	2181      	movs	r1, #129	@ 0x81
 8000e94:	4620      	mov	r0, r4
 8000e96:	f7ff ff83 	bl	8000da0 <ssd1306_WriteCommand>
 8000e9a:	4405      	add	r5, r0
 8000e9c:	21ff      	movs	r1, #255	@ 0xff
 8000e9e:	4620      	mov	r0, r4
 8000ea0:	f7ff ff7e 	bl	8000da0 <ssd1306_WriteCommand>
 8000ea4:	4405      	add	r5, r0
 8000ea6:	21a1      	movs	r1, #161	@ 0xa1
 8000ea8:	4620      	mov	r0, r4
 8000eaa:	f7ff ff79 	bl	8000da0 <ssd1306_WriteCommand>
 8000eae:	4405      	add	r5, r0
 8000eb0:	21a6      	movs	r1, #166	@ 0xa6
 8000eb2:	4620      	mov	r0, r4
 8000eb4:	f7ff ff74 	bl	8000da0 <ssd1306_WriteCommand>
 8000eb8:	4405      	add	r5, r0
 8000eba:	21a8      	movs	r1, #168	@ 0xa8
 8000ebc:	4620      	mov	r0, r4
 8000ebe:	f7ff ff6f 	bl	8000da0 <ssd1306_WriteCommand>
 8000ec2:	4405      	add	r5, r0
 8000ec4:	213f      	movs	r1, #63	@ 0x3f
 8000ec6:	4620      	mov	r0, r4
 8000ec8:	f7ff ff6a 	bl	8000da0 <ssd1306_WriteCommand>
 8000ecc:	4405      	add	r5, r0
 8000ece:	21a4      	movs	r1, #164	@ 0xa4
 8000ed0:	4620      	mov	r0, r4
 8000ed2:	f7ff ff65 	bl	8000da0 <ssd1306_WriteCommand>
 8000ed6:	4405      	add	r5, r0
 8000ed8:	21d3      	movs	r1, #211	@ 0xd3
 8000eda:	4620      	mov	r0, r4
 8000edc:	f7ff ff60 	bl	8000da0 <ssd1306_WriteCommand>
 8000ee0:	4405      	add	r5, r0
 8000ee2:	2100      	movs	r1, #0
 8000ee4:	4620      	mov	r0, r4
 8000ee6:	f7ff ff5b 	bl	8000da0 <ssd1306_WriteCommand>
 8000eea:	4405      	add	r5, r0
 8000eec:	21d5      	movs	r1, #213	@ 0xd5
 8000eee:	4620      	mov	r0, r4
 8000ef0:	f7ff ff56 	bl	8000da0 <ssd1306_WriteCommand>
 8000ef4:	4405      	add	r5, r0
 8000ef6:	21f0      	movs	r1, #240	@ 0xf0
 8000ef8:	4620      	mov	r0, r4
 8000efa:	f7ff ff51 	bl	8000da0 <ssd1306_WriteCommand>
 8000efe:	4405      	add	r5, r0
 8000f00:	21d9      	movs	r1, #217	@ 0xd9
 8000f02:	4620      	mov	r0, r4
 8000f04:	f7ff ff4c 	bl	8000da0 <ssd1306_WriteCommand>
 8000f08:	4405      	add	r5, r0
 8000f0a:	2122      	movs	r1, #34	@ 0x22
 8000f0c:	4620      	mov	r0, r4
 8000f0e:	f7ff ff47 	bl	8000da0 <ssd1306_WriteCommand>
 8000f12:	4405      	add	r5, r0
 8000f14:	21da      	movs	r1, #218	@ 0xda
 8000f16:	4620      	mov	r0, r4
 8000f18:	f7ff ff42 	bl	8000da0 <ssd1306_WriteCommand>
 8000f1c:	4405      	add	r5, r0
 8000f1e:	2112      	movs	r1, #18
 8000f20:	4620      	mov	r0, r4
 8000f22:	f7ff ff3d 	bl	8000da0 <ssd1306_WriteCommand>
 8000f26:	4405      	add	r5, r0
 8000f28:	21db      	movs	r1, #219	@ 0xdb
 8000f2a:	4620      	mov	r0, r4
 8000f2c:	f7ff ff38 	bl	8000da0 <ssd1306_WriteCommand>
 8000f30:	4405      	add	r5, r0
 8000f32:	2120      	movs	r1, #32
 8000f34:	4620      	mov	r0, r4
 8000f36:	f7ff ff33 	bl	8000da0 <ssd1306_WriteCommand>
 8000f3a:	4405      	add	r5, r0
 8000f3c:	218d      	movs	r1, #141	@ 0x8d
 8000f3e:	4620      	mov	r0, r4
 8000f40:	f7ff ff2e 	bl	8000da0 <ssd1306_WriteCommand>
 8000f44:	4405      	add	r5, r0
 8000f46:	2114      	movs	r1, #20
 8000f48:	4620      	mov	r0, r4
 8000f4a:	f7ff ff29 	bl	8000da0 <ssd1306_WriteCommand>
 8000f4e:	4405      	add	r5, r0
 8000f50:	21af      	movs	r1, #175	@ 0xaf
 8000f52:	4620      	mov	r0, r4
 8000f54:	f7ff ff24 	bl	8000da0 <ssd1306_WriteCommand>
 8000f58:	42e8      	cmn	r0, r5
 8000f5a:	d001      	beq.n	8000f60 <ssd1306_Init+0x128>
 8000f5c:	2001      	movs	r0, #1
 8000f5e:	bd38      	pop	{r3, r4, r5, pc}
 8000f60:	2000      	movs	r0, #0
 8000f62:	f7ff ff2f 	bl	8000dc4 <ssd1306_Fill>
 8000f66:	4620      	mov	r0, r4
 8000f68:	f7ff ff3c 	bl	8000de4 <ssd1306_UpdateScreen>
 8000f6c:	4b03      	ldr	r3, [pc, #12]	@ (8000f7c <ssd1306_Init+0x144>)
 8000f6e:	2000      	movs	r0, #0
 8000f70:	8018      	strh	r0, [r3, #0]
 8000f72:	8058      	strh	r0, [r3, #2]
 8000f74:	2201      	movs	r2, #1
 8000f76:	715a      	strb	r2, [r3, #5]
 8000f78:	e7f1      	b.n	8000f5e <ssd1306_Init+0x126>
 8000f7a:	bf00      	nop
 8000f7c:	20000428 	.word	0x20000428

08000f80 <HAL_InitTick>:
 8000f80:	b510      	push	{r4, lr}
 8000f82:	4604      	mov	r4, r0
 8000f84:	4b0e      	ldr	r3, [pc, #56]	@ (8000fc0 <HAL_InitTick+0x40>)
 8000f86:	781a      	ldrb	r2, [r3, #0]
 8000f88:	f44f 737a 	mov.w	r3, #1000	@ 0x3e8
 8000f8c:	fbb3 f3f2 	udiv	r3, r3, r2
 8000f90:	4a0c      	ldr	r2, [pc, #48]	@ (8000fc4 <HAL_InitTick+0x44>)
 8000f92:	6810      	ldr	r0, [r2, #0]
 8000f94:	fbb0 f0f3 	udiv	r0, r0, r3
 8000f98:	f000 f8c0 	bl	800111c <HAL_SYSTICK_Config>
 8000f9c:	b968      	cbnz	r0, 8000fba <HAL_InitTick+0x3a>
 8000f9e:	2c0f      	cmp	r4, #15
 8000fa0:	d901      	bls.n	8000fa6 <HAL_InitTick+0x26>
 8000fa2:	2001      	movs	r0, #1
 8000fa4:	e00a      	b.n	8000fbc <HAL_InitTick+0x3c>
 8000fa6:	2200      	movs	r2, #0
 8000fa8:	4621      	mov	r1, r4
 8000faa:	f04f 30ff 	mov.w	r0, #4294967295
 8000fae:	f000 f8a1 	bl	80010f4 <HAL_NVIC_SetPriority>
 8000fb2:	4b05      	ldr	r3, [pc, #20]	@ (8000fc8 <HAL_InitTick+0x48>)
 8000fb4:	601c      	str	r4, [r3, #0]
 8000fb6:	2000      	movs	r0, #0
 8000fb8:	e000      	b.n	8000fbc <HAL_InitTick+0x3c>
 8000fba:	2001      	movs	r0, #1
 8000fbc:	bd10      	pop	{r4, pc}
 8000fbe:	bf00      	nop
 8000fc0:	20000010 	.word	0x20000010
 8000fc4:	20000018 	.word	0x20000018
 8000fc8:	20000014 	.word	0x20000014

08000fcc <HAL_Init>:
 8000fcc:	b508      	push	{r3, lr}
 8000fce:	4b0b      	ldr	r3, [pc, #44]	@ (8000ffc <HAL_Init+0x30>)
 8000fd0:	681a      	ldr	r2, [r3, #0]
 8000fd2:	f442 7200 	orr.w	r2, r2, #512	@ 0x200
 8000fd6:	601a      	str	r2, [r3, #0]
 8000fd8:	681a      	ldr	r2, [r3, #0]
 8000fda:	f442 6280 	orr.w	r2, r2, #1024	@ 0x400
 8000fde:	601a      	str	r2, [r3, #0]
 8000fe0:	681a      	ldr	r2, [r3, #0]
 8000fe2:	f442 7280 	orr.w	r2, r2, #256	@ 0x100
 8000fe6:	601a      	str	r2, [r3, #0]
 8000fe8:	2003      	movs	r0, #3
 8000fea:	f000 f871 	bl	80010d0 <HAL_NVIC_SetPriorityGrouping>
 8000fee:	200f      	movs	r0, #15
 8000ff0:	f7ff ffc6 	bl	8000f80 <HAL_InitTick>
 8000ff4:	f001 f8fe 	bl	80021f4 <HAL_MspInit>
 8000ff8:	2000      	movs	r0, #0
 8000ffa:	bd08      	pop	{r3, pc}
 8000ffc:	40023c00 	.word	0x40023c00

08001000 <HAL_IncTick>:
 8001000:	4a03      	ldr	r2, [pc, #12]	@ (8001010 <HAL_IncTick+0x10>)
 8001002:	6811      	ldr	r1, [r2, #0]
 8001004:	4b03      	ldr	r3, [pc, #12]	@ (8001014 <HAL_IncTick+0x14>)
 8001006:	781b      	ldrb	r3, [r3, #0]
 8001008:	440b      	add	r3, r1
 800100a:	6013      	str	r3, [r2, #0]
 800100c:	4770      	bx	lr
 800100e:	bf00      	nop
 8001010:	20000830 	.word	0x20000830
 8001014:	20000010 	.word	0x20000010

08001018 <HAL_GetTick>:
 8001018:	4b01      	ldr	r3, [pc, #4]	@ (8001020 <HAL_GetTick+0x8>)
 800101a:	6818      	ldr	r0, [r3, #0]
 800101c:	4770      	bx	lr
 800101e:	bf00      	nop
 8001020:	20000830 	.word	0x20000830

08001024 <HAL_Delay>:
 8001024:	b538      	push	{r3, r4, r5, lr}
 8001026:	4604      	mov	r4, r0
 8001028:	f7ff fff6 	bl	8001018 <HAL_GetTick>
 800102c:	4605      	mov	r5, r0
 800102e:	f1b4 3fff 	cmp.w	r4, #4294967295
 8001032:	d002      	beq.n	800103a <HAL_Delay+0x16>
 8001034:	4b04      	ldr	r3, [pc, #16]	@ (8001048 <HAL_Delay+0x24>)
 8001036:	781b      	ldrb	r3, [r3, #0]
 8001038:	441c      	add	r4, r3
 800103a:	f7ff ffed 	bl	8001018 <HAL_GetTick>
 800103e:	1b40      	subs	r0, r0, r5
 8001040:	42a0      	cmp	r0, r4
 8001042:	d3fa      	bcc.n	800103a <HAL_Delay+0x16>
 8001044:	bd38      	pop	{r3, r4, r5, pc}
 8001046:	bf00      	nop
 8001048:	20000010 	.word	0x20000010

0800104c <__NVIC_EnableIRQ>:
 800104c:	2800      	cmp	r0, #0
 800104e:	db07      	blt.n	8001060 <__NVIC_EnableIRQ+0x14>
 8001050:	f000 021f 	and.w	r2, r0, #31
 8001054:	0940      	lsrs	r0, r0, #5
 8001056:	2301      	movs	r3, #1
 8001058:	4093      	lsls	r3, r2
 800105a:	4a02      	ldr	r2, [pc, #8]	@ (8001064 <__NVIC_EnableIRQ+0x18>)
 800105c:	f842 3020 	str.w	r3, [r2, r0, lsl #2]
 8001060:	4770      	bx	lr
 8001062:	bf00      	nop
 8001064:	e000e100 	.word	0xe000e100

08001068 <__NVIC_SetPriority>:
 8001068:	2800      	cmp	r0, #0
 800106a:	db08      	blt.n	800107e <__NVIC_SetPriority+0x16>
 800106c:	0109      	lsls	r1, r1, #4
 800106e:	b2c9      	uxtb	r1, r1
 8001070:	f100 4060 	add.w	r0, r0, #3758096384	@ 0xe0000000
 8001074:	f500 4061 	add.w	r0, r0, #57600	@ 0xe100
 8001078:	f880 1300 	strb.w	r1, [r0, #768]	@ 0x300
 800107c:	4770      	bx	lr
 800107e:	f000 000f 	and.w	r0, r0, #15
 8001082:	0109      	lsls	r1, r1, #4
 8001084:	b2c9      	uxtb	r1, r1
 8001086:	4b01      	ldr	r3, [pc, #4]	@ (800108c <__NVIC_SetPriority+0x24>)
 8001088:	5419      	strb	r1, [r3, r0]
 800108a:	4770      	bx	lr
 800108c:	e000ed14 	.word	0xe000ed14

08001090 <NVIC_EncodePriority>:
 8001090:	b500      	push	{lr}
 8001092:	f000 0007 	and.w	r0, r0, #7
 8001096:	f1c0 0c07 	rsb	ip, r0, #7
 800109a:	f1bc 0f04 	cmp.w	ip, #4
 800109e:	bf28      	it	cs
 80010a0:	f04f 0c04 	movcs.w	ip, #4
 80010a4:	1d03      	adds	r3, r0, #4
 80010a6:	2b06      	cmp	r3, #6
 80010a8:	d90f      	bls.n	80010ca <NVIC_EncodePriority+0x3a>
 80010aa:	1ec3      	subs	r3, r0, #3
 80010ac:	f04f 3eff 	mov.w	lr, #4294967295
 80010b0:	fa0e f00c 	lsl.w	r0, lr, ip
 80010b4:	ea21 0100 	bic.w	r1, r1, r0
 80010b8:	4099      	lsls	r1, r3
 80010ba:	fa0e fe03 	lsl.w	lr, lr, r3
 80010be:	ea22 020e 	bic.w	r2, r2, lr
 80010c2:	ea41 0002 	orr.w	r0, r1, r2
 80010c6:	f85d fb04 	ldr.w	pc, [sp], #4
 80010ca:	2300      	movs	r3, #0
 80010cc:	e7ee      	b.n	80010ac <NVIC_EncodePriority+0x1c>
	...

080010d0 <HAL_NVIC_SetPriorityGrouping>:
 80010d0:	4a07      	ldr	r2, [pc, #28]	@ (80010f0 <HAL_NVIC_SetPriorityGrouping+0x20>)
 80010d2:	68d3      	ldr	r3, [r2, #12]
 80010d4:	f423 63e0 	bic.w	r3, r3, #1792	@ 0x700
 80010d8:	041b      	lsls	r3, r3, #16
 80010da:	0c1b      	lsrs	r3, r3, #16
 80010dc:	0200      	lsls	r0, r0, #8
 80010de:	f400 60e0 	and.w	r0, r0, #1792	@ 0x700
 80010e2:	4303      	orrs	r3, r0
 80010e4:	f043 63bf 	orr.w	r3, r3, #100139008	@ 0x5f80000
 80010e8:	f443 3300 	orr.w	r3, r3, #131072	@ 0x20000
 80010ec:	60d3      	str	r3, [r2, #12]
 80010ee:	4770      	bx	lr
 80010f0:	e000ed00 	.word	0xe000ed00

080010f4 <HAL_NVIC_SetPriority>:
 80010f4:	b510      	push	{r4, lr}
 80010f6:	4604      	mov	r4, r0
 80010f8:	4b05      	ldr	r3, [pc, #20]	@ (8001110 <HAL_NVIC_SetPriority+0x1c>)
 80010fa:	68d8      	ldr	r0, [r3, #12]
 80010fc:	f3c0 2002 	ubfx	r0, r0, #8, #3
 8001100:	f7ff ffc6 	bl	8001090 <NVIC_EncodePriority>
 8001104:	4601      	mov	r1, r0
 8001106:	4620      	mov	r0, r4
 8001108:	f7ff ffae 	bl	8001068 <__NVIC_SetPriority>
 800110c:	bd10      	pop	{r4, pc}
 800110e:	bf00      	nop
 8001110:	e000ed00 	.word	0xe000ed00

08001114 <HAL_NVIC_EnableIRQ>:
 8001114:	b508      	push	{r3, lr}
 8001116:	f7ff ff99 	bl	800104c <__NVIC_EnableIRQ>
 800111a:	bd08      	pop	{r3, pc}

0800111c <HAL_SYSTICK_Config>:
 800111c:	3801      	subs	r0, #1
 800111e:	f1b0 7f80 	cmp.w	r0, #16777216	@ 0x1000000
 8001122:	d20b      	bcs.n	800113c <HAL_SYSTICK_Config+0x20>
 8001124:	f04f 23e0 	mov.w	r3, #3758153728	@ 0xe000e000
 8001128:	6158      	str	r0, [r3, #20]
 800112a:	4a05      	ldr	r2, [pc, #20]	@ (8001140 <HAL_SYSTICK_Config+0x24>)
 800112c:	21f0      	movs	r1, #240	@ 0xf0
 800112e:	f882 1023 	strb.w	r1, [r2, #35]	@ 0x23
 8001132:	2000      	movs	r0, #0
 8001134:	6198      	str	r0, [r3, #24]
 8001136:	2207      	movs	r2, #7
 8001138:	611a      	str	r2, [r3, #16]
 800113a:	4770      	bx	lr
 800113c:	2001      	movs	r0, #1
 800113e:	4770      	bx	lr
 8001140:	e000ed00 	.word	0xe000ed00

08001144 <DMA_CalcBaseAndBitshift>:
 8001144:	b410      	push	{r4}
 8001146:	6803      	ldr	r3, [r0, #0]
 8001148:	b2d9      	uxtb	r1, r3
 800114a:	3910      	subs	r1, #16
 800114c:	4a0a      	ldr	r2, [pc, #40]	@ (8001178 <DMA_CalcBaseAndBitshift+0x34>)
 800114e:	fba2 4201 	umull	r4, r2, r2, r1
 8001152:	0912      	lsrs	r2, r2, #4
 8001154:	4c09      	ldr	r4, [pc, #36]	@ (800117c <DMA_CalcBaseAndBitshift+0x38>)
 8001156:	5ca2      	ldrb	r2, [r4, r2]
 8001158:	65c2      	str	r2, [r0, #92]	@ 0x5c
 800115a:	295f      	cmp	r1, #95	@ 0x5f
 800115c:	d907      	bls.n	800116e <DMA_CalcBaseAndBitshift+0x2a>
 800115e:	f36f 0309 	bfc	r3, #0, #10
 8001162:	3304      	adds	r3, #4
 8001164:	6583      	str	r3, [r0, #88]	@ 0x58
 8001166:	6d80      	ldr	r0, [r0, #88]	@ 0x58
 8001168:	f85d 4b04 	ldr.w	r4, [sp], #4
 800116c:	4770      	bx	lr
 800116e:	f36f 0309 	bfc	r3, #0, #10
 8001172:	6583      	str	r3, [r0, #88]	@ 0x58
 8001174:	e7f7      	b.n	8001166 <DMA_CalcBaseAndBitshift+0x22>
 8001176:	bf00      	nop
 8001178:	aaaaaaab 	.word	0xaaaaaaab
 800117c:	08003fe0 	.word	0x08003fe0

08001180 <DMA_CheckFifoParam>:
 8001180:	6a83      	ldr	r3, [r0, #40]	@ 0x28
 8001182:	6982      	ldr	r2, [r0, #24]
 8001184:	b992      	cbnz	r2, 80011ac <DMA_CheckFifoParam+0x2c>
 8001186:	2b01      	cmp	r3, #1
 8001188:	d00a      	beq.n	80011a0 <DMA_CheckFifoParam+0x20>
 800118a:	2b02      	cmp	r3, #2
 800118c:	d002      	beq.n	8001194 <DMA_CheckFifoParam+0x14>
 800118e:	b10b      	cbz	r3, 8001194 <DMA_CheckFifoParam+0x14>
 8001190:	2000      	movs	r0, #0
 8001192:	4770      	bx	lr
 8001194:	6ac3      	ldr	r3, [r0, #44]	@ 0x2c
 8001196:	f013 7f80 	tst.w	r3, #16777216	@ 0x1000000
 800119a:	d128      	bne.n	80011ee <DMA_CheckFifoParam+0x6e>
 800119c:	2000      	movs	r0, #0
 800119e:	4770      	bx	lr
 80011a0:	6ac3      	ldr	r3, [r0, #44]	@ 0x2c
 80011a2:	f1b3 7fc0 	cmp.w	r3, #25165824	@ 0x1800000
 80011a6:	d024      	beq.n	80011f2 <DMA_CheckFifoParam+0x72>
 80011a8:	2000      	movs	r0, #0
 80011aa:	4770      	bx	lr
 80011ac:	f5b2 5f00 	cmp.w	r2, #8192	@ 0x2000
 80011b0:	d009      	beq.n	80011c6 <DMA_CheckFifoParam+0x46>
 80011b2:	2b02      	cmp	r3, #2
 80011b4:	d925      	bls.n	8001202 <DMA_CheckFifoParam+0x82>
 80011b6:	2b03      	cmp	r3, #3
 80011b8:	d125      	bne.n	8001206 <DMA_CheckFifoParam+0x86>
 80011ba:	6ac3      	ldr	r3, [r0, #44]	@ 0x2c
 80011bc:	f013 7f80 	tst.w	r3, #16777216	@ 0x1000000
 80011c0:	d123      	bne.n	800120a <DMA_CheckFifoParam+0x8a>
 80011c2:	2000      	movs	r0, #0
 80011c4:	4770      	bx	lr
 80011c6:	2b03      	cmp	r3, #3
 80011c8:	d803      	bhi.n	80011d2 <DMA_CheckFifoParam+0x52>
 80011ca:	e8df f003 	tbb	[pc, r3]
 80011ce:	0414      	.short	0x0414
 80011d0:	0a14      	.short	0x0a14
 80011d2:	2000      	movs	r0, #0
 80011d4:	4770      	bx	lr
 80011d6:	6ac3      	ldr	r3, [r0, #44]	@ 0x2c
 80011d8:	f013 7f80 	tst.w	r3, #16777216	@ 0x1000000
 80011dc:	d10d      	bne.n	80011fa <DMA_CheckFifoParam+0x7a>
 80011de:	2000      	movs	r0, #0
 80011e0:	4770      	bx	lr
 80011e2:	6ac3      	ldr	r3, [r0, #44]	@ 0x2c
 80011e4:	f1b3 7fc0 	cmp.w	r3, #25165824	@ 0x1800000
 80011e8:	d009      	beq.n	80011fe <DMA_CheckFifoParam+0x7e>
 80011ea:	2000      	movs	r0, #0
 80011ec:	4770      	bx	lr
 80011ee:	2001      	movs	r0, #1
 80011f0:	4770      	bx	lr
 80011f2:	2001      	movs	r0, #1
 80011f4:	4770      	bx	lr
 80011f6:	2001      	movs	r0, #1
 80011f8:	4770      	bx	lr
 80011fa:	2001      	movs	r0, #1
 80011fc:	4770      	bx	lr
 80011fe:	2001      	movs	r0, #1
 8001200:	4770      	bx	lr
 8001202:	2001      	movs	r0, #1
 8001204:	4770      	bx	lr
 8001206:	2000      	movs	r0, #0
 8001208:	4770      	bx	lr
 800120a:	2001      	movs	r0, #1
 800120c:	4770      	bx	lr
	...

08001210 <HAL_DMA_Init>:
 8001210:	b570      	push	{r4, r5, r6, lr}
 8001212:	4604      	mov	r4, r0
 8001214:	f7ff ff00 	bl	8001018 <HAL_GetTick>
 8001218:	2c00      	cmp	r4, #0
 800121a:	d05b      	beq.n	80012d4 <HAL_DMA_Init+0xc4>
 800121c:	4605      	mov	r5, r0
 800121e:	2302      	movs	r3, #2
 8001220:	f884 3035 	strb.w	r3, [r4, #53]	@ 0x35
 8001224:	2300      	movs	r3, #0
 8001226:	f884 3034 	strb.w	r3, [r4, #52]	@ 0x34
 800122a:	6822      	ldr	r2, [r4, #0]
 800122c:	6813      	ldr	r3, [r2, #0]
 800122e:	f023 0301 	bic.w	r3, r3, #1
 8001232:	6013      	str	r3, [r2, #0]
 8001234:	6823      	ldr	r3, [r4, #0]
 8001236:	681a      	ldr	r2, [r3, #0]
 8001238:	f012 0f01 	tst.w	r2, #1
 800123c:	d00a      	beq.n	8001254 <HAL_DMA_Init+0x44>
 800123e:	f7ff feeb 	bl	8001018 <HAL_GetTick>
 8001242:	1b43      	subs	r3, r0, r5
 8001244:	2b05      	cmp	r3, #5
 8001246:	d9f5      	bls.n	8001234 <HAL_DMA_Init+0x24>
 8001248:	2320      	movs	r3, #32
 800124a:	6563      	str	r3, [r4, #84]	@ 0x54
 800124c:	2003      	movs	r0, #3
 800124e:	f884 0035 	strb.w	r0, [r4, #53]	@ 0x35
 8001252:	bd70      	pop	{r4, r5, r6, pc}
 8001254:	681a      	ldr	r2, [r3, #0]
 8001256:	4920      	ldr	r1, [pc, #128]	@ (80012d8 <HAL_DMA_Init+0xc8>)
 8001258:	4011      	ands	r1, r2
 800125a:	6862      	ldr	r2, [r4, #4]
 800125c:	68a0      	ldr	r0, [r4, #8]
 800125e:	4302      	orrs	r2, r0
 8001260:	68e0      	ldr	r0, [r4, #12]
 8001262:	4302      	orrs	r2, r0
 8001264:	6920      	ldr	r0, [r4, #16]
 8001266:	4302      	orrs	r2, r0
 8001268:	6960      	ldr	r0, [r4, #20]
 800126a:	4302      	orrs	r2, r0
 800126c:	69a0      	ldr	r0, [r4, #24]
 800126e:	4302      	orrs	r2, r0
 8001270:	69e0      	ldr	r0, [r4, #28]
 8001272:	4302      	orrs	r2, r0
 8001274:	6a20      	ldr	r0, [r4, #32]
 8001276:	4302      	orrs	r2, r0
 8001278:	430a      	orrs	r2, r1
 800127a:	6a61      	ldr	r1, [r4, #36]	@ 0x24
 800127c:	2904      	cmp	r1, #4
 800127e:	d01e      	beq.n	80012be <HAL_DMA_Init+0xae>
 8001280:	601a      	str	r2, [r3, #0]
 8001282:	6826      	ldr	r6, [r4, #0]
 8001284:	6975      	ldr	r5, [r6, #20]
 8001286:	f025 0507 	bic.w	r5, r5, #7
 800128a:	6a63      	ldr	r3, [r4, #36]	@ 0x24
 800128c:	431d      	orrs	r5, r3
 800128e:	2b04      	cmp	r3, #4
 8001290:	d107      	bne.n	80012a2 <HAL_DMA_Init+0x92>
 8001292:	6aa3      	ldr	r3, [r4, #40]	@ 0x28
 8001294:	431d      	orrs	r5, r3
 8001296:	6ae3      	ldr	r3, [r4, #44]	@ 0x2c
 8001298:	b11b      	cbz	r3, 80012a2 <HAL_DMA_Init+0x92>
 800129a:	4620      	mov	r0, r4
 800129c:	f7ff ff70 	bl	8001180 <DMA_CheckFifoParam>
 80012a0:	b990      	cbnz	r0, 80012c8 <HAL_DMA_Init+0xb8>
 80012a2:	6175      	str	r5, [r6, #20]
 80012a4:	4620      	mov	r0, r4
 80012a6:	f7ff ff4d 	bl	8001144 <DMA_CalcBaseAndBitshift>
 80012aa:	6de2      	ldr	r2, [r4, #92]	@ 0x5c
 80012ac:	233f      	movs	r3, #63	@ 0x3f
 80012ae:	4093      	lsls	r3, r2
 80012b0:	6083      	str	r3, [r0, #8]
 80012b2:	2000      	movs	r0, #0
 80012b4:	6560      	str	r0, [r4, #84]	@ 0x54
 80012b6:	2301      	movs	r3, #1
 80012b8:	f884 3035 	strb.w	r3, [r4, #53]	@ 0x35
 80012bc:	e7c9      	b.n	8001252 <HAL_DMA_Init+0x42>
 80012be:	6ae1      	ldr	r1, [r4, #44]	@ 0x2c
 80012c0:	6b20      	ldr	r0, [r4, #48]	@ 0x30
 80012c2:	4301      	orrs	r1, r0
 80012c4:	430a      	orrs	r2, r1
 80012c6:	e7db      	b.n	8001280 <HAL_DMA_Init+0x70>
 80012c8:	2340      	movs	r3, #64	@ 0x40
 80012ca:	6563      	str	r3, [r4, #84]	@ 0x54
 80012cc:	2001      	movs	r0, #1
 80012ce:	f884 0035 	strb.w	r0, [r4, #53]	@ 0x35
 80012d2:	e7be      	b.n	8001252 <HAL_DMA_Init+0x42>
 80012d4:	2001      	movs	r0, #1
 80012d6:	e7bc      	b.n	8001252 <HAL_DMA_Init+0x42>
 80012d8:	f010803f 	.word	0xf010803f

080012dc <HAL_DMA_IRQHandler>:
 80012dc:	b5f0      	push	{r4, r5, r6, r7, lr}
 80012de:	b083      	sub	sp, #12
 80012e0:	4604      	mov	r4, r0
 80012e2:	2300      	movs	r3, #0
 80012e4:	9301      	str	r3, [sp, #4]
 80012e6:	4b72      	ldr	r3, [pc, #456]	@ (80014b0 <HAL_DMA_IRQHandler+0x1d4>)
 80012e8:	681d      	ldr	r5, [r3, #0]
 80012ea:	4b72      	ldr	r3, [pc, #456]	@ (80014b4 <HAL_DMA_IRQHandler+0x1d8>)
 80012ec:	fba3 3505 	umull	r3, r5, r3, r5
 80012f0:	0aad      	lsrs	r5, r5, #10
 80012f2:	6d87      	ldr	r7, [r0, #88]	@ 0x58
 80012f4:	683e      	ldr	r6, [r7, #0]
 80012f6:	6dc2      	ldr	r2, [r0, #92]	@ 0x5c
 80012f8:	2308      	movs	r3, #8
 80012fa:	4093      	lsls	r3, r2
 80012fc:	4233      	tst	r3, r6
 80012fe:	d010      	beq.n	8001322 <HAL_DMA_IRQHandler+0x46>
 8001300:	6803      	ldr	r3, [r0, #0]
 8001302:	681a      	ldr	r2, [r3, #0]
 8001304:	f012 0f04 	tst.w	r2, #4
 8001308:	d00b      	beq.n	8001322 <HAL_DMA_IRQHandler+0x46>
 800130a:	681a      	ldr	r2, [r3, #0]
 800130c:	f022 0204 	bic.w	r2, r2, #4
 8001310:	601a      	str	r2, [r3, #0]
 8001312:	6dc2      	ldr	r2, [r0, #92]	@ 0x5c
 8001314:	2308      	movs	r3, #8
 8001316:	4093      	lsls	r3, r2
 8001318:	60bb      	str	r3, [r7, #8]
 800131a:	6d43      	ldr	r3, [r0, #84]	@ 0x54
 800131c:	f043 0301 	orr.w	r3, r3, #1
 8001320:	6543      	str	r3, [r0, #84]	@ 0x54
 8001322:	6de2      	ldr	r2, [r4, #92]	@ 0x5c
 8001324:	2301      	movs	r3, #1
 8001326:	4093      	lsls	r3, r2
 8001328:	4233      	tst	r3, r6
 800132a:	d009      	beq.n	8001340 <HAL_DMA_IRQHandler+0x64>
 800132c:	6822      	ldr	r2, [r4, #0]
 800132e:	6952      	ldr	r2, [r2, #20]
 8001330:	f012 0f80 	tst.w	r2, #128	@ 0x80
 8001334:	d004      	beq.n	8001340 <HAL_DMA_IRQHandler+0x64>
 8001336:	60bb      	str	r3, [r7, #8]
 8001338:	6d63      	ldr	r3, [r4, #84]	@ 0x54
 800133a:	f043 0302 	orr.w	r3, r3, #2
 800133e:	6563      	str	r3, [r4, #84]	@ 0x54
 8001340:	6de2      	ldr	r2, [r4, #92]	@ 0x5c
 8001342:	2304      	movs	r3, #4
 8001344:	4093      	lsls	r3, r2
 8001346:	4233      	tst	r3, r6
 8001348:	d009      	beq.n	800135e <HAL_DMA_IRQHandler+0x82>
 800134a:	6822      	ldr	r2, [r4, #0]
 800134c:	6812      	ldr	r2, [r2, #0]
 800134e:	f012 0f02 	tst.w	r2, #2
 8001352:	d004      	beq.n	800135e <HAL_DMA_IRQHandler+0x82>
 8001354:	60bb      	str	r3, [r7, #8]
 8001356:	6d63      	ldr	r3, [r4, #84]	@ 0x54
 8001358:	f043 0304 	orr.w	r3, r3, #4
 800135c:	6563      	str	r3, [r4, #84]	@ 0x54
 800135e:	6de2      	ldr	r2, [r4, #92]	@ 0x5c
 8001360:	2310      	movs	r3, #16
 8001362:	4093      	lsls	r3, r2
 8001364:	4233      	tst	r3, r6
 8001366:	d024      	beq.n	80013b2 <HAL_DMA_IRQHandler+0xd6>
 8001368:	6822      	ldr	r2, [r4, #0]
 800136a:	6812      	ldr	r2, [r2, #0]
 800136c:	f012 0f08 	tst.w	r2, #8
 8001370:	d01f      	beq.n	80013b2 <HAL_DMA_IRQHandler+0xd6>
 8001372:	60bb      	str	r3, [r7, #8]
 8001374:	6823      	ldr	r3, [r4, #0]
 8001376:	681a      	ldr	r2, [r3, #0]
 8001378:	f412 2f80 	tst.w	r2, #262144	@ 0x40000
 800137c:	d00d      	beq.n	800139a <HAL_DMA_IRQHandler+0xbe>
 800137e:	681b      	ldr	r3, [r3, #0]
 8001380:	f413 2f00 	tst.w	r3, #524288	@ 0x80000
 8001384:	d104      	bne.n	8001390 <HAL_DMA_IRQHandler+0xb4>
 8001386:	6c23      	ldr	r3, [r4, #64]	@ 0x40
 8001388:	b19b      	cbz	r3, 80013b2 <HAL_DMA_IRQHandler+0xd6>
 800138a:	4620      	mov	r0, r4
 800138c:	4798      	blx	r3
 800138e:	e010      	b.n	80013b2 <HAL_DMA_IRQHandler+0xd6>
 8001390:	6ca3      	ldr	r3, [r4, #72]	@ 0x48
 8001392:	b173      	cbz	r3, 80013b2 <HAL_DMA_IRQHandler+0xd6>
 8001394:	4620      	mov	r0, r4
 8001396:	4798      	blx	r3
 8001398:	e00b      	b.n	80013b2 <HAL_DMA_IRQHandler+0xd6>
 800139a:	681a      	ldr	r2, [r3, #0]
 800139c:	f412 7f80 	tst.w	r2, #256	@ 0x100
 80013a0:	d103      	bne.n	80013aa <HAL_DMA_IRQHandler+0xce>
 80013a2:	681a      	ldr	r2, [r3, #0]
 80013a4:	f022 0208 	bic.w	r2, r2, #8
 80013a8:	601a      	str	r2, [r3, #0]
 80013aa:	6c23      	ldr	r3, [r4, #64]	@ 0x40
 80013ac:	b10b      	cbz	r3, 80013b2 <HAL_DMA_IRQHandler+0xd6>
 80013ae:	4620      	mov	r0, r4
 80013b0:	4798      	blx	r3
 80013b2:	6de2      	ldr	r2, [r4, #92]	@ 0x5c
 80013b4:	2320      	movs	r3, #32
 80013b6:	4093      	lsls	r3, r2
 80013b8:	4233      	tst	r3, r6
 80013ba:	d055      	beq.n	8001468 <HAL_DMA_IRQHandler+0x18c>
 80013bc:	6822      	ldr	r2, [r4, #0]
 80013be:	6812      	ldr	r2, [r2, #0]
 80013c0:	f012 0f10 	tst.w	r2, #16
 80013c4:	d050      	beq.n	8001468 <HAL_DMA_IRQHandler+0x18c>
 80013c6:	60bb      	str	r3, [r7, #8]
 80013c8:	f894 3035 	ldrb.w	r3, [r4, #53]	@ 0x35
 80013cc:	b2db      	uxtb	r3, r3
 80013ce:	2b05      	cmp	r3, #5
 80013d0:	d00e      	beq.n	80013f0 <HAL_DMA_IRQHandler+0x114>
 80013d2:	6823      	ldr	r3, [r4, #0]
 80013d4:	681a      	ldr	r2, [r3, #0]
 80013d6:	f412 2f80 	tst.w	r2, #262144	@ 0x40000
 80013da:	d033      	beq.n	8001444 <HAL_DMA_IRQHandler+0x168>
 80013dc:	681b      	ldr	r3, [r3, #0]
 80013de:	f413 2f00 	tst.w	r3, #524288	@ 0x80000
 80013e2:	d12a      	bne.n	800143a <HAL_DMA_IRQHandler+0x15e>
 80013e4:	6c63      	ldr	r3, [r4, #68]	@ 0x44
 80013e6:	2b00      	cmp	r3, #0
 80013e8:	d03e      	beq.n	8001468 <HAL_DMA_IRQHandler+0x18c>
 80013ea:	4620      	mov	r0, r4
 80013ec:	4798      	blx	r3
 80013ee:	e03b      	b.n	8001468 <HAL_DMA_IRQHandler+0x18c>
 80013f0:	6822      	ldr	r2, [r4, #0]
 80013f2:	6813      	ldr	r3, [r2, #0]
 80013f4:	f023 0316 	bic.w	r3, r3, #22
 80013f8:	6013      	str	r3, [r2, #0]
 80013fa:	6822      	ldr	r2, [r4, #0]
 80013fc:	6953      	ldr	r3, [r2, #20]
 80013fe:	f023 0380 	bic.w	r3, r3, #128	@ 0x80
 8001402:	6153      	str	r3, [r2, #20]
 8001404:	6c23      	ldr	r3, [r4, #64]	@ 0x40
 8001406:	b1a3      	cbz	r3, 8001432 <HAL_DMA_IRQHandler+0x156>
 8001408:	6822      	ldr	r2, [r4, #0]
 800140a:	6813      	ldr	r3, [r2, #0]
 800140c:	f023 0308 	bic.w	r3, r3, #8
 8001410:	6013      	str	r3, [r2, #0]
 8001412:	6de2      	ldr	r2, [r4, #92]	@ 0x5c
 8001414:	233f      	movs	r3, #63	@ 0x3f
 8001416:	4093      	lsls	r3, r2
 8001418:	60bb      	str	r3, [r7, #8]
 800141a:	2301      	movs	r3, #1
 800141c:	f884 3035 	strb.w	r3, [r4, #53]	@ 0x35
 8001420:	2300      	movs	r3, #0
 8001422:	f884 3034 	strb.w	r3, [r4, #52]	@ 0x34
 8001426:	6d23      	ldr	r3, [r4, #80]	@ 0x50
 8001428:	2b00      	cmp	r3, #0
 800142a:	d03f      	beq.n	80014ac <HAL_DMA_IRQHandler+0x1d0>
 800142c:	4620      	mov	r0, r4
 800142e:	4798      	blx	r3
 8001430:	e03c      	b.n	80014ac <HAL_DMA_IRQHandler+0x1d0>
 8001432:	6ca3      	ldr	r3, [r4, #72]	@ 0x48
 8001434:	2b00      	cmp	r3, #0
 8001436:	d1e7      	bne.n	8001408 <HAL_DMA_IRQHandler+0x12c>
 8001438:	e7eb      	b.n	8001412 <HAL_DMA_IRQHandler+0x136>
 800143a:	6be3      	ldr	r3, [r4, #60]	@ 0x3c
 800143c:	b1a3      	cbz	r3, 8001468 <HAL_DMA_IRQHandler+0x18c>
 800143e:	4620      	mov	r0, r4
 8001440:	4798      	blx	r3
 8001442:	e011      	b.n	8001468 <HAL_DMA_IRQHandler+0x18c>
 8001444:	681a      	ldr	r2, [r3, #0]
 8001446:	f412 7f80 	tst.w	r2, #256	@ 0x100
 800144a:	d109      	bne.n	8001460 <HAL_DMA_IRQHandler+0x184>
 800144c:	681a      	ldr	r2, [r3, #0]
 800144e:	f022 0210 	bic.w	r2, r2, #16
 8001452:	601a      	str	r2, [r3, #0]
 8001454:	2301      	movs	r3, #1
 8001456:	f884 3035 	strb.w	r3, [r4, #53]	@ 0x35
 800145a:	2300      	movs	r3, #0
 800145c:	f884 3034 	strb.w	r3, [r4, #52]	@ 0x34
 8001460:	6be3      	ldr	r3, [r4, #60]	@ 0x3c
 8001462:	b10b      	cbz	r3, 8001468 <HAL_DMA_IRQHandler+0x18c>
 8001464:	4620      	mov	r0, r4
 8001466:	4798      	blx	r3
 8001468:	6d63      	ldr	r3, [r4, #84]	@ 0x54
 800146a:	b1fb      	cbz	r3, 80014ac <HAL_DMA_IRQHandler+0x1d0>
 800146c:	6d63      	ldr	r3, [r4, #84]	@ 0x54
 800146e:	f013 0f01 	tst.w	r3, #1
 8001472:	d017      	beq.n	80014a4 <HAL_DMA_IRQHandler+0x1c8>
 8001474:	2305      	movs	r3, #5
 8001476:	f884 3035 	strb.w	r3, [r4, #53]	@ 0x35
 800147a:	6822      	ldr	r2, [r4, #0]
 800147c:	6813      	ldr	r3, [r2, #0]
 800147e:	f023 0301 	bic.w	r3, r3, #1
 8001482:	6013      	str	r3, [r2, #0]
 8001484:	9b01      	ldr	r3, [sp, #4]
 8001486:	3301      	adds	r3, #1
 8001488:	9301      	str	r3, [sp, #4]
 800148a:	42ab      	cmp	r3, r5
 800148c:	d804      	bhi.n	8001498 <HAL_DMA_IRQHandler+0x1bc>
 800148e:	6823      	ldr	r3, [r4, #0]
 8001490:	681b      	ldr	r3, [r3, #0]
 8001492:	f013 0f01 	tst.w	r3, #1
 8001496:	d1f5      	bne.n	8001484 <HAL_DMA_IRQHandler+0x1a8>
 8001498:	2301      	movs	r3, #1
 800149a:	f884 3035 	strb.w	r3, [r4, #53]	@ 0x35
 800149e:	2300      	movs	r3, #0
 80014a0:	f884 3034 	strb.w	r3, [r4, #52]	@ 0x34
 80014a4:	6ce3      	ldr	r3, [r4, #76]	@ 0x4c
 80014a6:	b10b      	cbz	r3, 80014ac <HAL_DMA_IRQHandler+0x1d0>
 80014a8:	4620      	mov	r0, r4
 80014aa:	4798      	blx	r3
 80014ac:	b003      	add	sp, #12
 80014ae:	bdf0      	pop	{r4, r5, r6, r7, pc}
 80014b0:	20000018 	.word	0x20000018
 80014b4:	1b4e81b5 	.word	0x1b4e81b5

080014b8 <HAL_GPIO_Init>:
 80014b8:	2300      	movs	r3, #0
 80014ba:	2b0f      	cmp	r3, #15
 80014bc:	f200 80d7 	bhi.w	800166e <HAL_GPIO_Init+0x1b6>
 80014c0:	b570      	push	{r4, r5, r6, lr}
 80014c2:	b082      	sub	sp, #8
 80014c4:	e065      	b.n	8001592 <HAL_GPIO_Init+0xda>
 80014c6:	6885      	ldr	r5, [r0, #8]
 80014c8:	ea4f 0e43 	mov.w	lr, r3, lsl #1
 80014cc:	2403      	movs	r4, #3
 80014ce:	fa04 f40e 	lsl.w	r4, r4, lr
 80014d2:	ea25 0504 	bic.w	r5, r5, r4
 80014d6:	68cc      	ldr	r4, [r1, #12]
 80014d8:	fa04 f40e 	lsl.w	r4, r4, lr
 80014dc:	432c      	orrs	r4, r5
 80014de:	6084      	str	r4, [r0, #8]
 80014e0:	6844      	ldr	r4, [r0, #4]
 80014e2:	ea24 0402 	bic.w	r4, r4, r2
 80014e6:	684a      	ldr	r2, [r1, #4]
 80014e8:	f3c2 1200 	ubfx	r2, r2, #4, #1
 80014ec:	409a      	lsls	r2, r3
 80014ee:	4322      	orrs	r2, r4
 80014f0:	6042      	str	r2, [r0, #4]
 80014f2:	e05c      	b.n	80015ae <HAL_GPIO_Init+0xf6>
 80014f4:	08dc      	lsrs	r4, r3, #3
 80014f6:	3408      	adds	r4, #8
 80014f8:	f850 2024 	ldr.w	r2, [r0, r4, lsl #2]
 80014fc:	f003 0507 	and.w	r5, r3, #7
 8001500:	00ad      	lsls	r5, r5, #2
 8001502:	f04f 0e0f 	mov.w	lr, #15
 8001506:	fa0e fe05 	lsl.w	lr, lr, r5
 800150a:	ea22 0e0e 	bic.w	lr, r2, lr
 800150e:	690a      	ldr	r2, [r1, #16]
 8001510:	40aa      	lsls	r2, r5
 8001512:	ea42 020e 	orr.w	r2, r2, lr
 8001516:	f840 2024 	str.w	r2, [r0, r4, lsl #2]
 800151a:	e05c      	b.n	80015d6 <HAL_GPIO_Init+0x11e>
 800151c:	2204      	movs	r2, #4
 800151e:	e000      	b.n	8001522 <HAL_GPIO_Init+0x6a>
 8001520:	2200      	movs	r2, #0
 8001522:	fa02 f20e 	lsl.w	r2, r2, lr
 8001526:	432a      	orrs	r2, r5
 8001528:	3402      	adds	r4, #2
 800152a:	4d51      	ldr	r5, [pc, #324]	@ (8001670 <HAL_GPIO_Init+0x1b8>)
 800152c:	f845 2024 	str.w	r2, [r5, r4, lsl #2]
 8001530:	4a50      	ldr	r2, [pc, #320]	@ (8001674 <HAL_GPIO_Init+0x1bc>)
 8001532:	6894      	ldr	r4, [r2, #8]
 8001534:	ea6f 020c 	mvn.w	r2, ip
 8001538:	ea24 050c 	bic.w	r5, r4, ip
 800153c:	684e      	ldr	r6, [r1, #4]
 800153e:	f416 1f80 	tst.w	r6, #1048576	@ 0x100000
 8001542:	d001      	beq.n	8001548 <HAL_GPIO_Init+0x90>
 8001544:	ea4c 0504 	orr.w	r5, ip, r4
 8001548:	4c4a      	ldr	r4, [pc, #296]	@ (8001674 <HAL_GPIO_Init+0x1bc>)
 800154a:	60a5      	str	r5, [r4, #8]
 800154c:	68e4      	ldr	r4, [r4, #12]
 800154e:	ea02 0504 	and.w	r5, r2, r4
 8001552:	684e      	ldr	r6, [r1, #4]
 8001554:	f416 1f00 	tst.w	r6, #2097152	@ 0x200000
 8001558:	d001      	beq.n	800155e <HAL_GPIO_Init+0xa6>
 800155a:	ea4c 0504 	orr.w	r5, ip, r4
 800155e:	4c45      	ldr	r4, [pc, #276]	@ (8001674 <HAL_GPIO_Init+0x1bc>)
 8001560:	60e5      	str	r5, [r4, #12]
 8001562:	6864      	ldr	r4, [r4, #4]
 8001564:	ea02 0504 	and.w	r5, r2, r4
 8001568:	684e      	ldr	r6, [r1, #4]
 800156a:	f416 3f00 	tst.w	r6, #131072	@ 0x20000
 800156e:	d001      	beq.n	8001574 <HAL_GPIO_Init+0xbc>
 8001570:	ea4c 0504 	orr.w	r5, ip, r4
 8001574:	4c3f      	ldr	r4, [pc, #252]	@ (8001674 <HAL_GPIO_Init+0x1bc>)
 8001576:	6065      	str	r5, [r4, #4]
 8001578:	6824      	ldr	r4, [r4, #0]
 800157a:	4022      	ands	r2, r4
 800157c:	684d      	ldr	r5, [r1, #4]
 800157e:	f415 3f80 	tst.w	r5, #65536	@ 0x10000
 8001582:	d001      	beq.n	8001588 <HAL_GPIO_Init+0xd0>
 8001584:	ea4c 0204 	orr.w	r2, ip, r4
 8001588:	4c3a      	ldr	r4, [pc, #232]	@ (8001674 <HAL_GPIO_Init+0x1bc>)
 800158a:	6022      	str	r2, [r4, #0]
 800158c:	3301      	adds	r3, #1
 800158e:	2b0f      	cmp	r3, #15
 8001590:	d86b      	bhi.n	800166a <HAL_GPIO_Init+0x1b2>
 8001592:	2201      	movs	r2, #1
 8001594:	409a      	lsls	r2, r3
 8001596:	680c      	ldr	r4, [r1, #0]
 8001598:	ea04 0c02 	and.w	ip, r4, r2
 800159c:	ea32 0404 	bics.w	r4, r2, r4
 80015a0:	d1f4      	bne.n	800158c <HAL_GPIO_Init+0xd4>
 80015a2:	684c      	ldr	r4, [r1, #4]
 80015a4:	f004 0403 	and.w	r4, r4, #3
 80015a8:	3c01      	subs	r4, #1
 80015aa:	2c01      	cmp	r4, #1
 80015ac:	d98b      	bls.n	80014c6 <HAL_GPIO_Init+0xe>
 80015ae:	684a      	ldr	r2, [r1, #4]
 80015b0:	f002 0203 	and.w	r2, r2, #3
 80015b4:	2a03      	cmp	r2, #3
 80015b6:	d009      	beq.n	80015cc <HAL_GPIO_Init+0x114>
 80015b8:	68c4      	ldr	r4, [r0, #12]
 80015ba:	005d      	lsls	r5, r3, #1
 80015bc:	2203      	movs	r2, #3
 80015be:	40aa      	lsls	r2, r5
 80015c0:	ea24 0402 	bic.w	r4, r4, r2
 80015c4:	688a      	ldr	r2, [r1, #8]
 80015c6:	40aa      	lsls	r2, r5
 80015c8:	4322      	orrs	r2, r4
 80015ca:	60c2      	str	r2, [r0, #12]
 80015cc:	684a      	ldr	r2, [r1, #4]
 80015ce:	f002 0203 	and.w	r2, r2, #3
 80015d2:	2a02      	cmp	r2, #2
 80015d4:	d08e      	beq.n	80014f4 <HAL_GPIO_Init+0x3c>
 80015d6:	6804      	ldr	r4, [r0, #0]
 80015d8:	ea4f 0e43 	mov.w	lr, r3, lsl #1
 80015dc:	2203      	movs	r2, #3
 80015de:	fa02 f20e 	lsl.w	r2, r2, lr
 80015e2:	ea24 0402 	bic.w	r4, r4, r2
 80015e6:	684a      	ldr	r2, [r1, #4]
 80015e8:	f002 0203 	and.w	r2, r2, #3
 80015ec:	fa02 f20e 	lsl.w	r2, r2, lr
 80015f0:	4322      	orrs	r2, r4
 80015f2:	6002      	str	r2, [r0, #0]
 80015f4:	684a      	ldr	r2, [r1, #4]
 80015f6:	f412 3f40 	tst.w	r2, #196608	@ 0x30000
 80015fa:	d0c7      	beq.n	800158c <HAL_GPIO_Init+0xd4>
 80015fc:	2200      	movs	r2, #0
 80015fe:	9201      	str	r2, [sp, #4]
 8001600:	4a1d      	ldr	r2, [pc, #116]	@ (8001678 <HAL_GPIO_Init+0x1c0>)
 8001602:	6c54      	ldr	r4, [r2, #68]	@ 0x44
 8001604:	f444 4480 	orr.w	r4, r4, #16384	@ 0x4000
 8001608:	6454      	str	r4, [r2, #68]	@ 0x44
 800160a:	6c52      	ldr	r2, [r2, #68]	@ 0x44
 800160c:	f402 4280 	and.w	r2, r2, #16384	@ 0x4000
 8001610:	9201      	str	r2, [sp, #4]
 8001612:	9a01      	ldr	r2, [sp, #4]
 8001614:	089c      	lsrs	r4, r3, #2
 8001616:	1ca5      	adds	r5, r4, #2
 8001618:	4a15      	ldr	r2, [pc, #84]	@ (8001670 <HAL_GPIO_Init+0x1b8>)
 800161a:	f852 5025 	ldr.w	r5, [r2, r5, lsl #2]
 800161e:	f003 0e03 	and.w	lr, r3, #3
 8001622:	ea4f 0e8e 	mov.w	lr, lr, lsl #2
 8001626:	220f      	movs	r2, #15
 8001628:	fa02 f20e 	lsl.w	r2, r2, lr
 800162c:	ea25 0502 	bic.w	r5, r5, r2
 8001630:	4a12      	ldr	r2, [pc, #72]	@ (800167c <HAL_GPIO_Init+0x1c4>)
 8001632:	4290      	cmp	r0, r2
 8001634:	f43f af74 	beq.w	8001520 <HAL_GPIO_Init+0x68>
 8001638:	f502 6280 	add.w	r2, r2, #1024	@ 0x400
 800163c:	4290      	cmp	r0, r2
 800163e:	d00e      	beq.n	800165e <HAL_GPIO_Init+0x1a6>
 8001640:	f502 6280 	add.w	r2, r2, #1024	@ 0x400
 8001644:	4290      	cmp	r0, r2
 8001646:	d00c      	beq.n	8001662 <HAL_GPIO_Init+0x1aa>
 8001648:	f502 6280 	add.w	r2, r2, #1024	@ 0x400
 800164c:	4290      	cmp	r0, r2
 800164e:	d00a      	beq.n	8001666 <HAL_GPIO_Init+0x1ae>
 8001650:	f502 6280 	add.w	r2, r2, #1024	@ 0x400
 8001654:	4290      	cmp	r0, r2
 8001656:	f43f af61 	beq.w	800151c <HAL_GPIO_Init+0x64>
 800165a:	2207      	movs	r2, #7
 800165c:	e761      	b.n	8001522 <HAL_GPIO_Init+0x6a>
 800165e:	2201      	movs	r2, #1
 8001660:	e75f      	b.n	8001522 <HAL_GPIO_Init+0x6a>
 8001662:	2202      	movs	r2, #2
 8001664:	e75d      	b.n	8001522 <HAL_GPIO_Init+0x6a>
 8001666:	2203      	movs	r2, #3
 8001668:	e75b      	b.n	8001522 <HAL_GPIO_Init+0x6a>
 800166a:	b002      	add	sp, #8
 800166c:	bd70      	pop	{r4, r5, r6, pc}
 800166e:	4770      	bx	lr
 8001670:	40013800 	.word	0x40013800
 8001674:	40013c00 	.word	0x40013c00
 8001678:	40023800 	.word	0x40023800
 800167c:	40020000 	.word	0x40020000

08001680 <HAL_GPIO_ReadPin>:
 8001680:	6903      	ldr	r3, [r0, #16]
 8001682:	4219      	tst	r1, r3
 8001684:	d001      	beq.n	800168a <HAL_GPIO_ReadPin+0xa>
 8001686:	2001      	movs	r0, #1
 8001688:	4770      	bx	lr
 800168a:	2000      	movs	r0, #0
 800168c:	4770      	bx	lr

0800168e <HAL_GPIO_WritePin>:
 800168e:	b10a      	cbz	r2, 8001694 <HAL_GPIO_WritePin+0x6>
 8001690:	6181      	str	r1, [r0, #24]
 8001692:	4770      	bx	lr
 8001694:	0409      	lsls	r1, r1, #16
 8001696:	6181      	str	r1, [r0, #24]
 8001698:	4770      	bx	lr

0800169a <HAL_GPIO_TogglePin>:
 800169a:	6943      	ldr	r3, [r0, #20]
 800169c:	ea01 0203 	and.w	r2, r1, r3
 80016a0:	ea21 0103 	bic.w	r1, r1, r3
 80016a4:	ea41 4102 	orr.w	r1, r1, r2, lsl #16
 80016a8:	6181      	str	r1, [r0, #24]
 80016aa:	4770      	bx	lr

080016ac <HAL_GPIO_EXTI_IRQHandler>:
 80016ac:	b508      	push	{r3, lr}
 80016ae:	4b05      	ldr	r3, [pc, #20]	@ (80016c4 <HAL_GPIO_EXTI_IRQHandler+0x18>)
 80016b0:	695b      	ldr	r3, [r3, #20]
 80016b2:	4203      	tst	r3, r0
 80016b4:	d100      	bne.n	80016b8 <HAL_GPIO_EXTI_IRQHandler+0xc>
 80016b6:	bd08      	pop	{r3, pc}
 80016b8:	4b02      	ldr	r3, [pc, #8]	@ (80016c4 <HAL_GPIO_EXTI_IRQHandler+0x18>)
 80016ba:	6158      	str	r0, [r3, #20]
 80016bc:	f7ff fa22 	bl	8000b04 <HAL_GPIO_EXTI_Callback>
 80016c0:	e7f9      	b.n	80016b6 <HAL_GPIO_EXTI_IRQHandler+0xa>
 80016c2:	bf00      	nop
 80016c4:	40013c00 	.word	0x40013c00

080016c8 <I2C_IsAcknowledgeFailed>:
 80016c8:	6803      	ldr	r3, [r0, #0]
 80016ca:	695a      	ldr	r2, [r3, #20]
 80016cc:	f412 6f80 	tst.w	r2, #1024	@ 0x400
 80016d0:	d101      	bne.n	80016d6 <I2C_IsAcknowledgeFailed+0xe>
 80016d2:	2000      	movs	r0, #0
 80016d4:	4770      	bx	lr
 80016d6:	f46f 6280 	mvn.w	r2, #1024	@ 0x400
 80016da:	615a      	str	r2, [r3, #20]
 80016dc:	2300      	movs	r3, #0
 80016de:	6303      	str	r3, [r0, #48]	@ 0x30
 80016e0:	2220      	movs	r2, #32
 80016e2:	f880 203d 	strb.w	r2, [r0, #61]	@ 0x3d
 80016e6:	f880 303e 	strb.w	r3, [r0, #62]	@ 0x3e
 80016ea:	6c02      	ldr	r2, [r0, #64]	@ 0x40
 80016ec:	f042 0204 	orr.w	r2, r2, #4
 80016f0:	6402      	str	r2, [r0, #64]	@ 0x40
 80016f2:	f880 303c 	strb.w	r3, [r0, #60]	@ 0x3c
 80016f6:	2001      	movs	r0, #1
 80016f8:	4770      	bx	lr

080016fa <I2C_WaitOnFlagUntilTimeout>:
 80016fa:	e92d 41f0 	stmdb	sp!, {r4, r5, r6, r7, r8, lr}
 80016fe:	4606      	mov	r6, r0
 8001700:	460c      	mov	r4, r1
 8001702:	4617      	mov	r7, r2
 8001704:	4698      	mov	r8, r3
 8001706:	e03b      	b.n	8001780 <I2C_WaitOnFlagUntilTimeout+0x86>
 8001708:	f7ff fc86 	bl	8001018 <HAL_GetTick>
 800170c:	9b06      	ldr	r3, [sp, #24]
 800170e:	1ac0      	subs	r0, r0, r3
 8001710:	4540      	cmp	r0, r8
 8001712:	d802      	bhi.n	800171a <I2C_WaitOnFlagUntilTimeout+0x20>
 8001714:	f1b8 0f00 	cmp.w	r8, #0
 8001718:	d132      	bne.n	8001780 <I2C_WaitOnFlagUntilTimeout+0x86>
 800171a:	2d01      	cmp	r5, #1
 800171c:	d018      	beq.n	8001750 <I2C_WaitOnFlagUntilTimeout+0x56>
 800171e:	6833      	ldr	r3, [r6, #0]
 8001720:	699b      	ldr	r3, [r3, #24]
 8001722:	ea24 0303 	bic.w	r3, r4, r3
 8001726:	b29b      	uxth	r3, r3
 8001728:	fab3 f383 	clz	r3, r3
 800172c:	095b      	lsrs	r3, r3, #5
 800172e:	429f      	cmp	r7, r3
 8001730:	d126      	bne.n	8001780 <I2C_WaitOnFlagUntilTimeout+0x86>
 8001732:	2300      	movs	r3, #0
 8001734:	6333      	str	r3, [r6, #48]	@ 0x30
 8001736:	2220      	movs	r2, #32
 8001738:	f886 203d 	strb.w	r2, [r6, #61]	@ 0x3d
 800173c:	f886 303e 	strb.w	r3, [r6, #62]	@ 0x3e
 8001740:	6c32      	ldr	r2, [r6, #64]	@ 0x40
 8001742:	f042 0220 	orr.w	r2, r2, #32
 8001746:	6432      	str	r2, [r6, #64]	@ 0x40
 8001748:	f886 303c 	strb.w	r3, [r6, #60]	@ 0x3c
 800174c:	2001      	movs	r0, #1
 800174e:	e027      	b.n	80017a0 <I2C_WaitOnFlagUntilTimeout+0xa6>
 8001750:	6833      	ldr	r3, [r6, #0]
 8001752:	695b      	ldr	r3, [r3, #20]
 8001754:	ea24 0303 	bic.w	r3, r4, r3
 8001758:	b29b      	uxth	r3, r3
 800175a:	fab3 f383 	clz	r3, r3
 800175e:	095b      	lsrs	r3, r3, #5
 8001760:	e7e5      	b.n	800172e <I2C_WaitOnFlagUntilTimeout+0x34>
 8001762:	6833      	ldr	r3, [r6, #0]
 8001764:	695b      	ldr	r3, [r3, #20]
 8001766:	ea24 0c03 	bic.w	ip, r4, r3
 800176a:	fa1f fc8c 	uxth.w	ip, ip
 800176e:	fabc fc8c 	clz	ip, ip
 8001772:	ea4f 1c5c 	mov.w	ip, ip, lsr #5
 8001776:	4567      	cmp	r7, ip
 8001778:	d111      	bne.n	800179e <I2C_WaitOnFlagUntilTimeout+0xa4>
 800177a:	f1b8 3fff 	cmp.w	r8, #4294967295
 800177e:	d1c3      	bne.n	8001708 <I2C_WaitOnFlagUntilTimeout+0xe>
 8001780:	f3c4 4507 	ubfx	r5, r4, #16, #8
 8001784:	2d01      	cmp	r5, #1
 8001786:	d0ec      	beq.n	8001762 <I2C_WaitOnFlagUntilTimeout+0x68>
 8001788:	6833      	ldr	r3, [r6, #0]
 800178a:	699b      	ldr	r3, [r3, #24]
 800178c:	ea24 0c03 	bic.w	ip, r4, r3
 8001790:	fa1f fc8c 	uxth.w	ip, ip
 8001794:	fabc fc8c 	clz	ip, ip
 8001798:	ea4f 1c5c 	mov.w	ip, ip, lsr #5
 800179c:	e7eb      	b.n	8001776 <I2C_WaitOnFlagUntilTimeout+0x7c>
 800179e:	2000      	movs	r0, #0
 80017a0:	e8bd 81f0 	ldmia.w	sp!, {r4, r5, r6, r7, r8, pc}

080017a4 <I2C_WaitOnMasterAddressFlagUntilTimeout>:
 80017a4:	e92d 43f8 	stmdb	sp!, {r3, r4, r5, r6, r7, r8, r9, lr}
 80017a8:	4605      	mov	r5, r0
 80017aa:	460e      	mov	r6, r1
 80017ac:	4690      	mov	r8, r2
 80017ae:	4699      	mov	r9, r3
 80017b0:	e053      	b.n	800185a <I2C_WaitOnMasterAddressFlagUntilTimeout+0xb6>
 80017b2:	681a      	ldr	r2, [r3, #0]
 80017b4:	f442 7200 	orr.w	r2, r2, #512	@ 0x200
 80017b8:	601a      	str	r2, [r3, #0]
 80017ba:	682b      	ldr	r3, [r5, #0]
 80017bc:	f46f 6280 	mvn.w	r2, #1024	@ 0x400
 80017c0:	615a      	str	r2, [r3, #20]
 80017c2:	2300      	movs	r3, #0
 80017c4:	632b      	str	r3, [r5, #48]	@ 0x30
 80017c6:	2220      	movs	r2, #32
 80017c8:	f885 203d 	strb.w	r2, [r5, #61]	@ 0x3d
 80017cc:	f885 303e 	strb.w	r3, [r5, #62]	@ 0x3e
 80017d0:	6c2a      	ldr	r2, [r5, #64]	@ 0x40
 80017d2:	f042 0204 	orr.w	r2, r2, #4
 80017d6:	642a      	str	r2, [r5, #64]	@ 0x40
 80017d8:	f885 303c 	strb.w	r3, [r5, #60]	@ 0x3c
 80017dc:	2001      	movs	r0, #1
 80017de:	e04a      	b.n	8001876 <I2C_WaitOnMasterAddressFlagUntilTimeout+0xd2>
 80017e0:	f7ff fc1a 	bl	8001018 <HAL_GetTick>
 80017e4:	eba0 0009 	sub.w	r0, r0, r9
 80017e8:	4540      	cmp	r0, r8
 80017ea:	d802      	bhi.n	80017f2 <I2C_WaitOnMasterAddressFlagUntilTimeout+0x4e>
 80017ec:	f1b8 0f00 	cmp.w	r8, #0
 80017f0:	d133      	bne.n	800185a <I2C_WaitOnMasterAddressFlagUntilTimeout+0xb6>
 80017f2:	2f01      	cmp	r7, #1
 80017f4:	d017      	beq.n	8001826 <I2C_WaitOnMasterAddressFlagUntilTimeout+0x82>
 80017f6:	682b      	ldr	r3, [r5, #0]
 80017f8:	699b      	ldr	r3, [r3, #24]
 80017fa:	ea26 0303 	bic.w	r3, r6, r3
 80017fe:	b29b      	uxth	r3, r3
 8001800:	3b00      	subs	r3, #0
 8001802:	bf18      	it	ne
 8001804:	2301      	movne	r3, #1
 8001806:	b343      	cbz	r3, 800185a <I2C_WaitOnMasterAddressFlagUntilTimeout+0xb6>
 8001808:	2300      	movs	r3, #0
 800180a:	632b      	str	r3, [r5, #48]	@ 0x30
 800180c:	2220      	movs	r2, #32
 800180e:	f885 203d 	strb.w	r2, [r5, #61]	@ 0x3d
 8001812:	f885 303e 	strb.w	r3, [r5, #62]	@ 0x3e
 8001816:	6c2a      	ldr	r2, [r5, #64]	@ 0x40
 8001818:	f042 0220 	orr.w	r2, r2, #32
 800181c:	642a      	str	r2, [r5, #64]	@ 0x40
 800181e:	f885 303c 	strb.w	r3, [r5, #60]	@ 0x3c
 8001822:	2001      	movs	r0, #1
 8001824:	e027      	b.n	8001876 <I2C_WaitOnMasterAddressFlagUntilTimeout+0xd2>
 8001826:	682b      	ldr	r3, [r5, #0]
 8001828:	695b      	ldr	r3, [r3, #20]
 800182a:	ea26 0303 	bic.w	r3, r6, r3
 800182e:	b29b      	uxth	r3, r3
 8001830:	3b00      	subs	r3, #0
 8001832:	bf18      	it	ne
 8001834:	2301      	movne	r3, #1
 8001836:	e7e6      	b.n	8001806 <I2C_WaitOnMasterAddressFlagUntilTimeout+0x62>
 8001838:	682b      	ldr	r3, [r5, #0]
 800183a:	699c      	ldr	r4, [r3, #24]
 800183c:	ea26 0404 	bic.w	r4, r6, r4
 8001840:	b2a4      	uxth	r4, r4
 8001842:	3c00      	subs	r4, #0
 8001844:	bf18      	it	ne
 8001846:	2401      	movne	r4, #1
 8001848:	b1a4      	cbz	r4, 8001874 <I2C_WaitOnMasterAddressFlagUntilTimeout+0xd0>
 800184a:	682b      	ldr	r3, [r5, #0]
 800184c:	695a      	ldr	r2, [r3, #20]
 800184e:	f412 6f80 	tst.w	r2, #1024	@ 0x400
 8001852:	d1ae      	bne.n	80017b2 <I2C_WaitOnMasterAddressFlagUntilTimeout+0xe>
 8001854:	f1b8 3fff 	cmp.w	r8, #4294967295
 8001858:	d1c2      	bne.n	80017e0 <I2C_WaitOnMasterAddressFlagUntilTimeout+0x3c>
 800185a:	f3c6 4707 	ubfx	r7, r6, #16, #8
 800185e:	2f01      	cmp	r7, #1
 8001860:	d1ea      	bne.n	8001838 <I2C_WaitOnMasterAddressFlagUntilTimeout+0x94>
 8001862:	682b      	ldr	r3, [r5, #0]
 8001864:	695c      	ldr	r4, [r3, #20]
 8001866:	ea26 0404 	bic.w	r4, r6, r4
 800186a:	b2a4      	uxth	r4, r4
 800186c:	3c00      	subs	r4, #0
 800186e:	bf18      	it	ne
 8001870:	2401      	movne	r4, #1
 8001872:	e7e9      	b.n	8001848 <I2C_WaitOnMasterAddressFlagUntilTimeout+0xa4>
 8001874:	2000      	movs	r0, #0
 8001876:	e8bd 83f8 	ldmia.w	sp!, {r3, r4, r5, r6, r7, r8, r9, pc}

0800187a <I2C_WaitOnTXEFlagUntilTimeout>:
 800187a:	b570      	push	{r4, r5, r6, lr}
 800187c:	4604      	mov	r4, r0
 800187e:	460d      	mov	r5, r1
 8001880:	4616      	mov	r6, r2
 8001882:	6823      	ldr	r3, [r4, #0]
 8001884:	695b      	ldr	r3, [r3, #20]
 8001886:	f013 0f80 	tst.w	r3, #128	@ 0x80
 800188a:	d121      	bne.n	80018d0 <I2C_WaitOnTXEFlagUntilTimeout+0x56>
 800188c:	4620      	mov	r0, r4
 800188e:	f7ff ff1b 	bl	80016c8 <I2C_IsAcknowledgeFailed>
 8001892:	b9f8      	cbnz	r0, 80018d4 <I2C_WaitOnTXEFlagUntilTimeout+0x5a>
 8001894:	f1b5 3fff 	cmp.w	r5, #4294967295
 8001898:	d0f3      	beq.n	8001882 <I2C_WaitOnTXEFlagUntilTimeout+0x8>
 800189a:	f7ff fbbd 	bl	8001018 <HAL_GetTick>
 800189e:	1b80      	subs	r0, r0, r6
 80018a0:	42a8      	cmp	r0, r5
 80018a2:	d801      	bhi.n	80018a8 <I2C_WaitOnTXEFlagUntilTimeout+0x2e>
 80018a4:	2d00      	cmp	r5, #0
 80018a6:	d1ec      	bne.n	8001882 <I2C_WaitOnTXEFlagUntilTimeout+0x8>
 80018a8:	6823      	ldr	r3, [r4, #0]
 80018aa:	695b      	ldr	r3, [r3, #20]
 80018ac:	f013 0f80 	tst.w	r3, #128	@ 0x80
 80018b0:	d1e7      	bne.n	8001882 <I2C_WaitOnTXEFlagUntilTimeout+0x8>
 80018b2:	2300      	movs	r3, #0
 80018b4:	6323      	str	r3, [r4, #48]	@ 0x30
 80018b6:	2220      	movs	r2, #32
 80018b8:	f884 203d 	strb.w	r2, [r4, #61]	@ 0x3d
 80018bc:	f884 303e 	strb.w	r3, [r4, #62]	@ 0x3e
 80018c0:	6c22      	ldr	r2, [r4, #64]	@ 0x40
 80018c2:	f042 0220 	orr.w	r2, r2, #32
 80018c6:	6422      	str	r2, [r4, #64]	@ 0x40
 80018c8:	f884 303c 	strb.w	r3, [r4, #60]	@ 0x3c
 80018cc:	2001      	movs	r0, #1
 80018ce:	e000      	b.n	80018d2 <I2C_WaitOnTXEFlagUntilTimeout+0x58>
 80018d0:	2000      	movs	r0, #0
 80018d2:	bd70      	pop	{r4, r5, r6, pc}
 80018d4:	2001      	movs	r0, #1
 80018d6:	e7fc      	b.n	80018d2 <I2C_WaitOnTXEFlagUntilTimeout+0x58>

080018d8 <I2C_RequestMemoryWrite>:
 80018d8:	e92d 43f0 	stmdb	sp!, {r4, r5, r6, r7, r8, r9, lr}
 80018dc:	b085      	sub	sp, #20
 80018de:	4604      	mov	r4, r0
 80018e0:	460d      	mov	r5, r1
 80018e2:	4691      	mov	r9, r2
 80018e4:	461f      	mov	r7, r3
 80018e6:	f8dd 8030 	ldr.w	r8, [sp, #48]	@ 0x30
 80018ea:	9e0d      	ldr	r6, [sp, #52]	@ 0x34
 80018ec:	6803      	ldr	r3, [r0, #0]
 80018ee:	6819      	ldr	r1, [r3, #0]
 80018f0:	f441 7180 	orr.w	r1, r1, #256	@ 0x100
 80018f4:	6019      	str	r1, [r3, #0]
 80018f6:	9600      	str	r6, [sp, #0]
 80018f8:	4643      	mov	r3, r8
 80018fa:	2200      	movs	r2, #0
 80018fc:	f04f 1101 	mov.w	r1, #65537	@ 0x10001
 8001900:	f7ff fefb 	bl	80016fa <I2C_WaitOnFlagUntilTimeout>
 8001904:	b960      	cbnz	r0, 8001920 <I2C_RequestMemoryWrite+0x48>
 8001906:	6823      	ldr	r3, [r4, #0]
 8001908:	f005 05fe 	and.w	r5, r5, #254	@ 0xfe
 800190c:	611d      	str	r5, [r3, #16]
 800190e:	4633      	mov	r3, r6
 8001910:	4642      	mov	r2, r8
 8001912:	4926      	ldr	r1, [pc, #152]	@ (80019ac <I2C_RequestMemoryWrite+0xd4>)
 8001914:	4620      	mov	r0, r4
 8001916:	f7ff ff45 	bl	80017a4 <I2C_WaitOnMasterAddressFlagUntilTimeout>
 800191a:	b168      	cbz	r0, 8001938 <I2C_RequestMemoryWrite+0x60>
 800191c:	2001      	movs	r0, #1
 800191e:	e008      	b.n	8001932 <I2C_RequestMemoryWrite+0x5a>
 8001920:	6823      	ldr	r3, [r4, #0]
 8001922:	681b      	ldr	r3, [r3, #0]
 8001924:	f413 7f80 	tst.w	r3, #256	@ 0x100
 8001928:	d002      	beq.n	8001930 <I2C_RequestMemoryWrite+0x58>
 800192a:	f44f 7300 	mov.w	r3, #512	@ 0x200
 800192e:	6423      	str	r3, [r4, #64]	@ 0x40
 8001930:	2003      	movs	r0, #3
 8001932:	b005      	add	sp, #20
 8001934:	e8bd 83f0 	ldmia.w	sp!, {r4, r5, r6, r7, r8, r9, pc}
 8001938:	2300      	movs	r3, #0
 800193a:	9303      	str	r3, [sp, #12]
 800193c:	6823      	ldr	r3, [r4, #0]
 800193e:	695a      	ldr	r2, [r3, #20]
 8001940:	9203      	str	r2, [sp, #12]
 8001942:	699b      	ldr	r3, [r3, #24]
 8001944:	9303      	str	r3, [sp, #12]
 8001946:	9b03      	ldr	r3, [sp, #12]
 8001948:	4632      	mov	r2, r6
 800194a:	4641      	mov	r1, r8
 800194c:	4620      	mov	r0, r4
 800194e:	f7ff ff94 	bl	800187a <I2C_WaitOnTXEFlagUntilTimeout>
 8001952:	b930      	cbnz	r0, 8001962 <I2C_RequestMemoryWrite+0x8a>
 8001954:	2f01      	cmp	r7, #1
 8001956:	d10f      	bne.n	8001978 <I2C_RequestMemoryWrite+0xa0>
 8001958:	6823      	ldr	r3, [r4, #0]
 800195a:	fa5f f689 	uxtb.w	r6, r9
 800195e:	611e      	str	r6, [r3, #16]
 8001960:	e7e7      	b.n	8001932 <I2C_RequestMemoryWrite+0x5a>
 8001962:	6c23      	ldr	r3, [r4, #64]	@ 0x40
 8001964:	2b04      	cmp	r3, #4
 8001966:	d001      	beq.n	800196c <I2C_RequestMemoryWrite+0x94>
 8001968:	2001      	movs	r0, #1
 800196a:	e7e2      	b.n	8001932 <I2C_RequestMemoryWrite+0x5a>
 800196c:	6822      	ldr	r2, [r4, #0]
 800196e:	6813      	ldr	r3, [r2, #0]
 8001970:	f443 7300 	orr.w	r3, r3, #512	@ 0x200
 8001974:	6013      	str	r3, [r2, #0]
 8001976:	e7f7      	b.n	8001968 <I2C_RequestMemoryWrite+0x90>
 8001978:	6823      	ldr	r3, [r4, #0]
 800197a:	ea4f 2219 	mov.w	r2, r9, lsr #8
 800197e:	611a      	str	r2, [r3, #16]
 8001980:	4632      	mov	r2, r6
 8001982:	4641      	mov	r1, r8
 8001984:	4620      	mov	r0, r4
 8001986:	f7ff ff78 	bl	800187a <I2C_WaitOnTXEFlagUntilTimeout>
 800198a:	b920      	cbnz	r0, 8001996 <I2C_RequestMemoryWrite+0xbe>
 800198c:	6823      	ldr	r3, [r4, #0]
 800198e:	fa5f f689 	uxtb.w	r6, r9
 8001992:	611e      	str	r6, [r3, #16]
 8001994:	e7cd      	b.n	8001932 <I2C_RequestMemoryWrite+0x5a>
 8001996:	6c23      	ldr	r3, [r4, #64]	@ 0x40
 8001998:	2b04      	cmp	r3, #4
 800199a:	d001      	beq.n	80019a0 <I2C_RequestMemoryWrite+0xc8>
 800199c:	2001      	movs	r0, #1
 800199e:	e7c8      	b.n	8001932 <I2C_RequestMemoryWrite+0x5a>
 80019a0:	6822      	ldr	r2, [r4, #0]
 80019a2:	6813      	ldr	r3, [r2, #0]
 80019a4:	f443 7300 	orr.w	r3, r3, #512	@ 0x200
 80019a8:	6013      	str	r3, [r2, #0]
 80019aa:	e7f7      	b.n	800199c <I2C_RequestMemoryWrite+0xc4>
 80019ac:	00010002 	.word	0x00010002

080019b0 <I2C_RequestMemoryRead>:
 80019b0:	e92d 47f0 	stmdb	sp!, {r4, r5, r6, r7, r8, r9, sl, lr}
 80019b4:	b084      	sub	sp, #16
 80019b6:	4604      	mov	r4, r0
 80019b8:	460d      	mov	r5, r1
 80019ba:	4616      	mov	r6, r2
 80019bc:	4699      	mov	r9, r3
 80019be:	9f0c      	ldr	r7, [sp, #48]	@ 0x30
 80019c0:	f8dd 8034 	ldr.w	r8, [sp, #52]	@ 0x34
 80019c4:	6802      	ldr	r2, [r0, #0]
 80019c6:	6813      	ldr	r3, [r2, #0]
 80019c8:	f443 6380 	orr.w	r3, r3, #1024	@ 0x400
 80019cc:	6013      	str	r3, [r2, #0]
 80019ce:	6803      	ldr	r3, [r0, #0]
 80019d0:	6819      	ldr	r1, [r3, #0]
 80019d2:	f441 7180 	orr.w	r1, r1, #256	@ 0x100
 80019d6:	6019      	str	r1, [r3, #0]
 80019d8:	f8cd 8000 	str.w	r8, [sp]
 80019dc:	463b      	mov	r3, r7
 80019de:	2200      	movs	r2, #0
 80019e0:	f04f 1101 	mov.w	r1, #65537	@ 0x10001
 80019e4:	f7ff fe89 	bl	80016fa <I2C_WaitOnFlagUntilTimeout>
 80019e8:	b970      	cbnz	r0, 8001a08 <I2C_RequestMemoryRead+0x58>
 80019ea:	fa5f fa85 	uxtb.w	sl, r5
 80019ee:	6823      	ldr	r3, [r4, #0]
 80019f0:	f005 05fe 	and.w	r5, r5, #254	@ 0xfe
 80019f4:	611d      	str	r5, [r3, #16]
 80019f6:	4643      	mov	r3, r8
 80019f8:	463a      	mov	r2, r7
 80019fa:	4941      	ldr	r1, [pc, #260]	@ (8001b00 <I2C_RequestMemoryRead+0x150>)
 80019fc:	4620      	mov	r0, r4
 80019fe:	f7ff fed1 	bl	80017a4 <I2C_WaitOnMasterAddressFlagUntilTimeout>
 8001a02:	b168      	cbz	r0, 8001a20 <I2C_RequestMemoryRead+0x70>
 8001a04:	2001      	movs	r0, #1
 8001a06:	e008      	b.n	8001a1a <I2C_RequestMemoryRead+0x6a>
 8001a08:	6823      	ldr	r3, [r4, #0]
 8001a0a:	681b      	ldr	r3, [r3, #0]
 8001a0c:	f413 7f80 	tst.w	r3, #256	@ 0x100
 8001a10:	d002      	beq.n	8001a18 <I2C_RequestMemoryRead+0x68>
 8001a12:	f44f 7300 	mov.w	r3, #512	@ 0x200
 8001a16:	6423      	str	r3, [r4, #64]	@ 0x40
 8001a18:	2003      	movs	r0, #3
 8001a1a:	b004      	add	sp, #16
 8001a1c:	e8bd 87f0 	ldmia.w	sp!, {r4, r5, r6, r7, r8, r9, sl, pc}
 8001a20:	2300      	movs	r3, #0
 8001a22:	9303      	str	r3, [sp, #12]
 8001a24:	6823      	ldr	r3, [r4, #0]
 8001a26:	695a      	ldr	r2, [r3, #20]
 8001a28:	9203      	str	r2, [sp, #12]
 8001a2a:	699b      	ldr	r3, [r3, #24]
 8001a2c:	9303      	str	r3, [sp, #12]
 8001a2e:	9b03      	ldr	r3, [sp, #12]
 8001a30:	4642      	mov	r2, r8
 8001a32:	4639      	mov	r1, r7
 8001a34:	4620      	mov	r0, r4
 8001a36:	f7ff ff20 	bl	800187a <I2C_WaitOnTXEFlagUntilTimeout>
 8001a3a:	b980      	cbnz	r0, 8001a5e <I2C_RequestMemoryRead+0xae>
 8001a3c:	f1b9 0f01 	cmp.w	r9, #1
 8001a40:	d118      	bne.n	8001a74 <I2C_RequestMemoryRead+0xc4>
 8001a42:	6823      	ldr	r3, [r4, #0]
 8001a44:	b2f6      	uxtb	r6, r6
 8001a46:	611e      	str	r6, [r3, #16]
 8001a48:	4642      	mov	r2, r8
 8001a4a:	4639      	mov	r1, r7
 8001a4c:	4620      	mov	r0, r4
 8001a4e:	f7ff ff14 	bl	800187a <I2C_WaitOnTXEFlagUntilTimeout>
 8001a52:	b368      	cbz	r0, 8001ab0 <I2C_RequestMemoryRead+0x100>
 8001a54:	6c23      	ldr	r3, [r4, #64]	@ 0x40
 8001a56:	2b04      	cmp	r3, #4
 8001a58:	d024      	beq.n	8001aa4 <I2C_RequestMemoryRead+0xf4>
 8001a5a:	2001      	movs	r0, #1
 8001a5c:	e7dd      	b.n	8001a1a <I2C_RequestMemoryRead+0x6a>
 8001a5e:	6c23      	ldr	r3, [r4, #64]	@ 0x40
 8001a60:	2b04      	cmp	r3, #4
 8001a62:	d001      	beq.n	8001a68 <I2C_RequestMemoryRead+0xb8>
 8001a64:	2001      	movs	r0, #1
 8001a66:	e7d8      	b.n	8001a1a <I2C_RequestMemoryRead+0x6a>
 8001a68:	6822      	ldr	r2, [r4, #0]
 8001a6a:	6813      	ldr	r3, [r2, #0]
 8001a6c:	f443 7300 	orr.w	r3, r3, #512	@ 0x200
 8001a70:	6013      	str	r3, [r2, #0]
 8001a72:	e7f7      	b.n	8001a64 <I2C_RequestMemoryRead+0xb4>
 8001a74:	6823      	ldr	r3, [r4, #0]
 8001a76:	0a32      	lsrs	r2, r6, #8
 8001a78:	611a      	str	r2, [r3, #16]
 8001a7a:	4642      	mov	r2, r8
 8001a7c:	4639      	mov	r1, r7
 8001a7e:	4620      	mov	r0, r4
 8001a80:	f7ff fefb 	bl	800187a <I2C_WaitOnTXEFlagUntilTimeout>
 8001a84:	b918      	cbnz	r0, 8001a8e <I2C_RequestMemoryRead+0xde>
 8001a86:	6823      	ldr	r3, [r4, #0]
 8001a88:	b2f6      	uxtb	r6, r6
 8001a8a:	611e      	str	r6, [r3, #16]
 8001a8c:	e7dc      	b.n	8001a48 <I2C_RequestMemoryRead+0x98>
 8001a8e:	6c23      	ldr	r3, [r4, #64]	@ 0x40
 8001a90:	2b04      	cmp	r3, #4
 8001a92:	d001      	beq.n	8001a98 <I2C_RequestMemoryRead+0xe8>
 8001a94:	2001      	movs	r0, #1
 8001a96:	e7c0      	b.n	8001a1a <I2C_RequestMemoryRead+0x6a>
 8001a98:	6822      	ldr	r2, [r4, #0]
 8001a9a:	6813      	ldr	r3, [r2, #0]
 8001a9c:	f443 7300 	orr.w	r3, r3, #512	@ 0x200
 8001aa0:	6013      	str	r3, [r2, #0]
 8001aa2:	e7f7      	b.n	8001a94 <I2C_RequestMemoryRead+0xe4>
 8001aa4:	6822      	ldr	r2, [r4, #0]
 8001aa6:	6813      	ldr	r3, [r2, #0]
 8001aa8:	f443 7300 	orr.w	r3, r3, #512	@ 0x200
 8001aac:	6013      	str	r3, [r2, #0]
 8001aae:	e7d4      	b.n	8001a5a <I2C_RequestMemoryRead+0xaa>
 8001ab0:	6822      	ldr	r2, [r4, #0]
 8001ab2:	6813      	ldr	r3, [r2, #0]
 8001ab4:	f443 7380 	orr.w	r3, r3, #256	@ 0x100
 8001ab8:	6013      	str	r3, [r2, #0]
 8001aba:	f8cd 8000 	str.w	r8, [sp]
 8001abe:	463b      	mov	r3, r7
 8001ac0:	2200      	movs	r2, #0
 8001ac2:	f04f 1101 	mov.w	r1, #65537	@ 0x10001
 8001ac6:	4620      	mov	r0, r4
 8001ac8:	f7ff fe17 	bl	80016fa <I2C_WaitOnFlagUntilTimeout>
 8001acc:	b968      	cbnz	r0, 8001aea <I2C_RequestMemoryRead+0x13a>
 8001ace:	6822      	ldr	r2, [r4, #0]
 8001ad0:	f04a 0301 	orr.w	r3, sl, #1
 8001ad4:	6113      	str	r3, [r2, #16]
 8001ad6:	4643      	mov	r3, r8
 8001ad8:	463a      	mov	r2, r7
 8001ada:	4909      	ldr	r1, [pc, #36]	@ (8001b00 <I2C_RequestMemoryRead+0x150>)
 8001adc:	4620      	mov	r0, r4
 8001ade:	f7ff fe61 	bl	80017a4 <I2C_WaitOnMasterAddressFlagUntilTimeout>
 8001ae2:	2800      	cmp	r0, #0
 8001ae4:	d099      	beq.n	8001a1a <I2C_RequestMemoryRead+0x6a>
 8001ae6:	2001      	movs	r0, #1
 8001ae8:	e797      	b.n	8001a1a <I2C_RequestMemoryRead+0x6a>
 8001aea:	6823      	ldr	r3, [r4, #0]
 8001aec:	681b      	ldr	r3, [r3, #0]
 8001aee:	f413 7f80 	tst.w	r3, #256	@ 0x100
 8001af2:	d002      	beq.n	8001afa <I2C_RequestMemoryRead+0x14a>
 8001af4:	f44f 7300 	mov.w	r3, #512	@ 0x200
 8001af8:	6423      	str	r3, [r4, #64]	@ 0x40
 8001afa:	2003      	movs	r0, #3
 8001afc:	e78d      	b.n	8001a1a <I2C_RequestMemoryRead+0x6a>
 8001afe:	bf00      	nop
 8001b00:	00010002 	.word	0x00010002

08001b04 <I2C_WaitOnBTFFlagUntilTimeout>:
 8001b04:	b570      	push	{r4, r5, r6, lr}
 8001b06:	4604      	mov	r4, r0
 8001b08:	460d      	mov	r5, r1
 8001b0a:	4616      	mov	r6, r2
 8001b0c:	6823      	ldr	r3, [r4, #0]
 8001b0e:	695b      	ldr	r3, [r3, #20]
 8001b10:	f013 0f04 	tst.w	r3, #4
 8001b14:	d121      	bne.n	8001b5a <I2C_WaitOnBTFFlagUntilTimeout+0x56>
 8001b16:	4620      	mov	r0, r4
 8001b18:	f7ff fdd6 	bl	80016c8 <I2C_IsAcknowledgeFailed>
 8001b1c:	b9f8      	cbnz	r0, 8001b5e <I2C_WaitOnBTFFlagUntilTimeout+0x5a>
 8001b1e:	f1b5 3fff 	cmp.w	r5, #4294967295
 8001b22:	d0f3      	beq.n	8001b0c <I2C_WaitOnBTFFlagUntilTimeout+0x8>
 8001b24:	f7ff fa78 	bl	8001018 <HAL_GetTick>
 8001b28:	1b80      	subs	r0, r0, r6
 8001b2a:	42a8      	cmp	r0, r5
 8001b2c:	d801      	bhi.n	8001b32 <I2C_WaitOnBTFFlagUntilTimeout+0x2e>
 8001b2e:	2d00      	cmp	r5, #0
 8001b30:	d1ec      	bne.n	8001b0c <I2C_WaitOnBTFFlagUntilTimeout+0x8>
 8001b32:	6823      	ldr	r3, [r4, #0]
 8001b34:	695b      	ldr	r3, [r3, #20]
 8001b36:	f013 0f04 	tst.w	r3, #4
 8001b3a:	d1e7      	bne.n	8001b0c <I2C_WaitOnBTFFlagUntilTimeout+0x8>
 8001b3c:	2300      	movs	r3, #0
 8001b3e:	6323      	str	r3, [r4, #48]	@ 0x30
 8001b40:	2220      	movs	r2, #32
 8001b42:	f884 203d 	strb.w	r2, [r4, #61]	@ 0x3d
 8001b46:	f884 303e 	strb.w	r3, [r4, #62]	@ 0x3e
 8001b4a:	6c22      	ldr	r2, [r4, #64]	@ 0x40
 8001b4c:	f042 0220 	orr.w	r2, r2, #32
 8001b50:	6422      	str	r2, [r4, #64]	@ 0x40
 8001b52:	f884 303c 	strb.w	r3, [r4, #60]	@ 0x3c
 8001b56:	2001      	movs	r0, #1
 8001b58:	e000      	b.n	8001b5c <I2C_WaitOnBTFFlagUntilTimeout+0x58>
 8001b5a:	2000      	movs	r0, #0
 8001b5c:	bd70      	pop	{r4, r5, r6, pc}
 8001b5e:	2001      	movs	r0, #1
 8001b60:	e7fc      	b.n	8001b5c <I2C_WaitOnBTFFlagUntilTimeout+0x58>

08001b62 <I2C_WaitOnRXNEFlagUntilTimeout>:
 8001b62:	b570      	push	{r4, r5, r6, lr}
 8001b64:	4604      	mov	r4, r0
 8001b66:	460d      	mov	r5, r1
 8001b68:	4616      	mov	r6, r2
 8001b6a:	e014      	b.n	8001b96 <I2C_WaitOnRXNEFlagUntilTimeout+0x34>
 8001b6c:	f06f 0210 	mvn.w	r2, #16
 8001b70:	615a      	str	r2, [r3, #20]
 8001b72:	2300      	movs	r3, #0
 8001b74:	6323      	str	r3, [r4, #48]	@ 0x30
 8001b76:	2220      	movs	r2, #32
 8001b78:	f884 203d 	strb.w	r2, [r4, #61]	@ 0x3d
 8001b7c:	f884 303e 	strb.w	r3, [r4, #62]	@ 0x3e
 8001b80:	6c22      	ldr	r2, [r4, #64]	@ 0x40
 8001b82:	6422      	str	r2, [r4, #64]	@ 0x40
 8001b84:	f884 303c 	strb.w	r3, [r4, #60]	@ 0x3c
 8001b88:	2001      	movs	r0, #1
 8001b8a:	e025      	b.n	8001bd8 <I2C_WaitOnRXNEFlagUntilTimeout+0x76>
 8001b8c:	6823      	ldr	r3, [r4, #0]
 8001b8e:	695b      	ldr	r3, [r3, #20]
 8001b90:	f013 0f40 	tst.w	r3, #64	@ 0x40
 8001b94:	d010      	beq.n	8001bb8 <I2C_WaitOnRXNEFlagUntilTimeout+0x56>
 8001b96:	6823      	ldr	r3, [r4, #0]
 8001b98:	6958      	ldr	r0, [r3, #20]
 8001b9a:	f010 0f40 	tst.w	r0, #64	@ 0x40
 8001b9e:	d11a      	bne.n	8001bd6 <I2C_WaitOnRXNEFlagUntilTimeout+0x74>
 8001ba0:	6958      	ldr	r0, [r3, #20]
 8001ba2:	f010 0f10 	tst.w	r0, #16
 8001ba6:	d1e1      	bne.n	8001b6c <I2C_WaitOnRXNEFlagUntilTimeout+0xa>
 8001ba8:	f7ff fa36 	bl	8001018 <HAL_GetTick>
 8001bac:	1b80      	subs	r0, r0, r6
 8001bae:	42a8      	cmp	r0, r5
 8001bb0:	d8ec      	bhi.n	8001b8c <I2C_WaitOnRXNEFlagUntilTimeout+0x2a>
 8001bb2:	2d00      	cmp	r5, #0
 8001bb4:	d1ef      	bne.n	8001b96 <I2C_WaitOnRXNEFlagUntilTimeout+0x34>
 8001bb6:	e7e9      	b.n	8001b8c <I2C_WaitOnRXNEFlagUntilTimeout+0x2a>
 8001bb8:	2300      	movs	r3, #0
 8001bba:	6323      	str	r3, [r4, #48]	@ 0x30
 8001bbc:	2220      	movs	r2, #32
 8001bbe:	f884 203d 	strb.w	r2, [r4, #61]	@ 0x3d
 8001bc2:	f884 303e 	strb.w	r3, [r4, #62]	@ 0x3e
 8001bc6:	6c22      	ldr	r2, [r4, #64]	@ 0x40
 8001bc8:	f042 0220 	orr.w	r2, r2, #32
 8001bcc:	6422      	str	r2, [r4, #64]	@ 0x40
 8001bce:	f884 303c 	strb.w	r3, [r4, #60]	@ 0x3c
 8001bd2:	2001      	movs	r0, #1
 8001bd4:	e000      	b.n	8001bd8 <I2C_WaitOnRXNEFlagUntilTimeout+0x76>
 8001bd6:	2000      	movs	r0, #0
 8001bd8:	bd70      	pop	{r4, r5, r6, pc}
	...

08001bdc <HAL_I2C_Init>:
 8001bdc:	2800      	cmp	r0, #0
 8001bde:	f000 80cc 	beq.w	8001d7a <HAL_I2C_Init+0x19e>
 8001be2:	b570      	push	{r4, r5, r6, lr}
 8001be4:	4604      	mov	r4, r0
 8001be6:	f890 303d 	ldrb.w	r3, [r0, #61]	@ 0x3d
 8001bea:	2b00      	cmp	r3, #0
 8001bec:	d077      	beq.n	8001cde <HAL_I2C_Init+0x102>
 8001bee:	2324      	movs	r3, #36	@ 0x24
 8001bf0:	f884 303d 	strb.w	r3, [r4, #61]	@ 0x3d
 8001bf4:	6822      	ldr	r2, [r4, #0]
 8001bf6:	6813      	ldr	r3, [r2, #0]
 8001bf8:	f023 0301 	bic.w	r3, r3, #1
 8001bfc:	6013      	str	r3, [r2, #0]
 8001bfe:	6822      	ldr	r2, [r4, #0]
 8001c00:	6813      	ldr	r3, [r2, #0]
 8001c02:	f443 4300 	orr.w	r3, r3, #32768	@ 0x8000
 8001c06:	6013      	str	r3, [r2, #0]
 8001c08:	6822      	ldr	r2, [r4, #0]
 8001c0a:	6813      	ldr	r3, [r2, #0]
 8001c0c:	f423 4300 	bic.w	r3, r3, #32768	@ 0x8000
 8001c10:	6013      	str	r3, [r2, #0]
 8001c12:	f000 ff69 	bl	8002ae8 <HAL_RCC_GetPCLK1Freq>
 8001c16:	6862      	ldr	r2, [r4, #4]
 8001c18:	4b5a      	ldr	r3, [pc, #360]	@ (8001d84 <HAL_I2C_Init+0x1a8>)
 8001c1a:	429a      	cmp	r2, r3
 8001c1c:	d864      	bhi.n	8001ce8 <HAL_I2C_Init+0x10c>
 8001c1e:	4b5a      	ldr	r3, [pc, #360]	@ (8001d88 <HAL_I2C_Init+0x1ac>)
 8001c20:	4298      	cmp	r0, r3
 8001c22:	bf8c      	ite	hi
 8001c24:	2300      	movhi	r3, #0
 8001c26:	2301      	movls	r3, #1
 8001c28:	2b00      	cmp	r3, #0
 8001c2a:	f040 80a8 	bne.w	8001d7e <HAL_I2C_Init+0x1a2>
 8001c2e:	4957      	ldr	r1, [pc, #348]	@ (8001d8c <HAL_I2C_Init+0x1b0>)
 8001c30:	fba1 3100 	umull	r3, r1, r1, r0
 8001c34:	0c8b      	lsrs	r3, r1, #18
 8001c36:	6825      	ldr	r5, [r4, #0]
 8001c38:	686a      	ldr	r2, [r5, #4]
 8001c3a:	f022 023f 	bic.w	r2, r2, #63	@ 0x3f
 8001c3e:	ea42 4291 	orr.w	r2, r2, r1, lsr #18
 8001c42:	606a      	str	r2, [r5, #4]
 8001c44:	6821      	ldr	r1, [r4, #0]
 8001c46:	6a0a      	ldr	r2, [r1, #32]
 8001c48:	f022 023f 	bic.w	r2, r2, #63	@ 0x3f
 8001c4c:	6866      	ldr	r6, [r4, #4]
 8001c4e:	4d4d      	ldr	r5, [pc, #308]	@ (8001d84 <HAL_I2C_Init+0x1a8>)
 8001c50:	42ae      	cmp	r6, r5
 8001c52:	d84f      	bhi.n	8001cf4 <HAL_I2C_Init+0x118>
 8001c54:	3301      	adds	r3, #1
 8001c56:	4313      	orrs	r3, r2
 8001c58:	620b      	str	r3, [r1, #32]
 8001c5a:	6821      	ldr	r1, [r4, #0]
 8001c5c:	69ca      	ldr	r2, [r1, #28]
 8001c5e:	f422 424f 	bic.w	r2, r2, #52992	@ 0xcf00
 8001c62:	f022 02ff 	bic.w	r2, r2, #255	@ 0xff
 8001c66:	6865      	ldr	r5, [r4, #4]
 8001c68:	4b46      	ldr	r3, [pc, #280]	@ (8001d84 <HAL_I2C_Init+0x1a8>)
 8001c6a:	429d      	cmp	r5, r3
 8001c6c:	d84c      	bhi.n	8001d08 <HAL_I2C_Init+0x12c>
 8001c6e:	1e43      	subs	r3, r0, #1
 8001c70:	006d      	lsls	r5, r5, #1
 8001c72:	fbb3 f3f5 	udiv	r3, r3, r5
 8001c76:	3301      	adds	r3, #1
 8001c78:	f640 70fc 	movw	r0, #4092	@ 0xffc
 8001c7c:	4203      	tst	r3, r0
 8001c7e:	d078      	beq.n	8001d72 <HAL_I2C_Init+0x196>
 8001c80:	f3c3 030b 	ubfx	r3, r3, #0, #12
 8001c84:	431a      	orrs	r2, r3
 8001c86:	61ca      	str	r2, [r1, #28]
 8001c88:	6821      	ldr	r1, [r4, #0]
 8001c8a:	680b      	ldr	r3, [r1, #0]
 8001c8c:	f023 03c0 	bic.w	r3, r3, #192	@ 0xc0
 8001c90:	69e2      	ldr	r2, [r4, #28]
 8001c92:	6a20      	ldr	r0, [r4, #32]
 8001c94:	4302      	orrs	r2, r0
 8001c96:	4313      	orrs	r3, r2
 8001c98:	600b      	str	r3, [r1, #0]
 8001c9a:	6821      	ldr	r1, [r4, #0]
 8001c9c:	688b      	ldr	r3, [r1, #8]
 8001c9e:	f423 4303 	bic.w	r3, r3, #33536	@ 0x8300
 8001ca2:	f023 03ff 	bic.w	r3, r3, #255	@ 0xff
 8001ca6:	6922      	ldr	r2, [r4, #16]
 8001ca8:	68e0      	ldr	r0, [r4, #12]
 8001caa:	4302      	orrs	r2, r0
 8001cac:	4313      	orrs	r3, r2
 8001cae:	608b      	str	r3, [r1, #8]
 8001cb0:	6821      	ldr	r1, [r4, #0]
 8001cb2:	68cb      	ldr	r3, [r1, #12]
 8001cb4:	f023 03ff 	bic.w	r3, r3, #255	@ 0xff
 8001cb8:	6962      	ldr	r2, [r4, #20]
 8001cba:	69a0      	ldr	r0, [r4, #24]
 8001cbc:	4302      	orrs	r2, r0
 8001cbe:	4313      	orrs	r3, r2
 8001cc0:	60cb      	str	r3, [r1, #12]
 8001cc2:	6822      	ldr	r2, [r4, #0]
 8001cc4:	6813      	ldr	r3, [r2, #0]
 8001cc6:	f043 0301 	orr.w	r3, r3, #1
 8001cca:	6013      	str	r3, [r2, #0]
 8001ccc:	2000      	movs	r0, #0
 8001cce:	6420      	str	r0, [r4, #64]	@ 0x40
 8001cd0:	2320      	movs	r3, #32
 8001cd2:	f884 303d 	strb.w	r3, [r4, #61]	@ 0x3d
 8001cd6:	6320      	str	r0, [r4, #48]	@ 0x30
 8001cd8:	f884 003e 	strb.w	r0, [r4, #62]	@ 0x3e
 8001cdc:	bd70      	pop	{r4, r5, r6, pc}
 8001cde:	f880 303c 	strb.w	r3, [r0, #60]	@ 0x3c
 8001ce2:	f000 faa3 	bl	800222c <HAL_I2C_MspInit>
 8001ce6:	e782      	b.n	8001bee <HAL_I2C_Init+0x12>
 8001ce8:	4b29      	ldr	r3, [pc, #164]	@ (8001d90 <HAL_I2C_Init+0x1b4>)
 8001cea:	4298      	cmp	r0, r3
 8001cec:	bf8c      	ite	hi
 8001cee:	2300      	movhi	r3, #0
 8001cf0:	2301      	movls	r3, #1
 8001cf2:	e799      	b.n	8001c28 <HAL_I2C_Init+0x4c>
 8001cf4:	f44f 7596 	mov.w	r5, #300	@ 0x12c
 8001cf8:	fb05 f303 	mul.w	r3, r5, r3
 8001cfc:	4d25      	ldr	r5, [pc, #148]	@ (8001d94 <HAL_I2C_Init+0x1b8>)
 8001cfe:	fba5 5303 	umull	r5, r3, r5, r3
 8001d02:	099b      	lsrs	r3, r3, #6
 8001d04:	3301      	adds	r3, #1
 8001d06:	e7a6      	b.n	8001c56 <HAL_I2C_Init+0x7a>
 8001d08:	68a6      	ldr	r6, [r4, #8]
 8001d0a:	b9be      	cbnz	r6, 8001d3c <HAL_I2C_Init+0x160>
 8001d0c:	1e43      	subs	r3, r0, #1
 8001d0e:	eb05 0c45 	add.w	ip, r5, r5, lsl #1
 8001d12:	fbb3 f3fc 	udiv	r3, r3, ip
 8001d16:	3301      	adds	r3, #1
 8001d18:	f3c3 030b 	ubfx	r3, r3, #0, #12
 8001d1c:	fab3 f383 	clz	r3, r3
 8001d20:	095b      	lsrs	r3, r3, #5
 8001d22:	bb43      	cbnz	r3, 8001d76 <HAL_I2C_Init+0x19a>
 8001d24:	b9c6      	cbnz	r6, 8001d58 <HAL_I2C_Init+0x17c>
 8001d26:	1e43      	subs	r3, r0, #1
 8001d28:	eb05 0545 	add.w	r5, r5, r5, lsl #1
 8001d2c:	fbb3 f3f5 	udiv	r3, r3, r5
 8001d30:	3301      	adds	r3, #1
 8001d32:	f3c3 030b 	ubfx	r3, r3, #0, #12
 8001d36:	f443 4300 	orr.w	r3, r3, #32768	@ 0x8000
 8001d3a:	e7a3      	b.n	8001c84 <HAL_I2C_Init+0xa8>
 8001d3c:	1e43      	subs	r3, r0, #1
 8001d3e:	eb05 0c85 	add.w	ip, r5, r5, lsl #2
 8001d42:	eb0c 0c8c 	add.w	ip, ip, ip, lsl #2
 8001d46:	fbb3 f3fc 	udiv	r3, r3, ip
 8001d4a:	3301      	adds	r3, #1
 8001d4c:	f3c3 030b 	ubfx	r3, r3, #0, #12
 8001d50:	fab3 f383 	clz	r3, r3
 8001d54:	095b      	lsrs	r3, r3, #5
 8001d56:	e7e4      	b.n	8001d22 <HAL_I2C_Init+0x146>
 8001d58:	1e43      	subs	r3, r0, #1
 8001d5a:	eb05 0585 	add.w	r5, r5, r5, lsl #2
 8001d5e:	eb05 0585 	add.w	r5, r5, r5, lsl #2
 8001d62:	fbb3 f3f5 	udiv	r3, r3, r5
 8001d66:	3301      	adds	r3, #1
 8001d68:	f3c3 030b 	ubfx	r3, r3, #0, #12
 8001d6c:	f443 4340 	orr.w	r3, r3, #49152	@ 0xc000
 8001d70:	e788      	b.n	8001c84 <HAL_I2C_Init+0xa8>
 8001d72:	2304      	movs	r3, #4
 8001d74:	e786      	b.n	8001c84 <HAL_I2C_Init+0xa8>
 8001d76:	2301      	movs	r3, #1
 8001d78:	e784      	b.n	8001c84 <HAL_I2C_Init+0xa8>
 8001d7a:	2001      	movs	r0, #1
 8001d7c:	4770      	bx	lr
 8001d7e:	2001      	movs	r0, #1
 8001d80:	e7ac      	b.n	8001cdc <HAL_I2C_Init+0x100>
 8001d82:	bf00      	nop
 8001d84:	000186a0 	.word	0x000186a0
 8001d88:	001e847f 	.word	0x001e847f
 8001d8c:	431bde83 	.word	0x431bde83
 8001d90:	003d08ff 	.word	0x003d08ff
 8001d94:	10624dd3 	.word	0x10624dd3

08001d98 <HAL_I2C_Mem_Write>:
 8001d98:	e92d 43f0 	stmdb	sp!, {r4, r5, r6, r7, r8, r9, lr}
 8001d9c:	b083      	sub	sp, #12
 8001d9e:	4604      	mov	r4, r0
 8001da0:	460f      	mov	r7, r1
 8001da2:	4690      	mov	r8, r2
 8001da4:	4699      	mov	r9, r3
 8001da6:	9e0c      	ldr	r6, [sp, #48]	@ 0x30
 8001da8:	f7ff f936 	bl	8001018 <HAL_GetTick>
 8001dac:	4605      	mov	r5, r0
 8001dae:	f894 003d 	ldrb.w	r0, [r4, #61]	@ 0x3d
 8001db2:	b2c0      	uxtb	r0, r0
 8001db4:	2820      	cmp	r0, #32
 8001db6:	d003      	beq.n	8001dc0 <HAL_I2C_Mem_Write+0x28>
 8001db8:	2002      	movs	r0, #2
 8001dba:	b003      	add	sp, #12
 8001dbc:	e8bd 83f0 	ldmia.w	sp!, {r4, r5, r6, r7, r8, r9, pc}
 8001dc0:	9500      	str	r5, [sp, #0]
 8001dc2:	2319      	movs	r3, #25
 8001dc4:	2201      	movs	r2, #1
 8001dc6:	494b      	ldr	r1, [pc, #300]	@ (8001ef4 <HAL_I2C_Mem_Write+0x15c>)
 8001dc8:	4620      	mov	r0, r4
 8001dca:	f7ff fc96 	bl	80016fa <I2C_WaitOnFlagUntilTimeout>
 8001dce:	2800      	cmp	r0, #0
 8001dd0:	f040 8089 	bne.w	8001ee6 <HAL_I2C_Mem_Write+0x14e>
 8001dd4:	f894 303c 	ldrb.w	r3, [r4, #60]	@ 0x3c
 8001dd8:	2b01      	cmp	r3, #1
 8001dda:	f000 8086 	beq.w	8001eea <HAL_I2C_Mem_Write+0x152>
 8001dde:	2301      	movs	r3, #1
 8001de0:	f884 303c 	strb.w	r3, [r4, #60]	@ 0x3c
 8001de4:	6823      	ldr	r3, [r4, #0]
 8001de6:	681a      	ldr	r2, [r3, #0]
 8001de8:	f012 0f01 	tst.w	r2, #1
 8001dec:	d103      	bne.n	8001df6 <HAL_I2C_Mem_Write+0x5e>
 8001dee:	681a      	ldr	r2, [r3, #0]
 8001df0:	f042 0201 	orr.w	r2, r2, #1
 8001df4:	601a      	str	r2, [r3, #0]
 8001df6:	6822      	ldr	r2, [r4, #0]
 8001df8:	6813      	ldr	r3, [r2, #0]
 8001dfa:	f423 6300 	bic.w	r3, r3, #2048	@ 0x800
 8001dfe:	6013      	str	r3, [r2, #0]
 8001e00:	2321      	movs	r3, #33	@ 0x21
 8001e02:	f884 303d 	strb.w	r3, [r4, #61]	@ 0x3d
 8001e06:	2340      	movs	r3, #64	@ 0x40
 8001e08:	f884 303e 	strb.w	r3, [r4, #62]	@ 0x3e
 8001e0c:	2300      	movs	r3, #0
 8001e0e:	6423      	str	r3, [r4, #64]	@ 0x40
 8001e10:	9b0a      	ldr	r3, [sp, #40]	@ 0x28
 8001e12:	6263      	str	r3, [r4, #36]	@ 0x24
 8001e14:	f8bd 302c 	ldrh.w	r3, [sp, #44]	@ 0x2c
 8001e18:	8563      	strh	r3, [r4, #42]	@ 0x2a
 8001e1a:	8d63      	ldrh	r3, [r4, #42]	@ 0x2a
 8001e1c:	8523      	strh	r3, [r4, #40]	@ 0x28
 8001e1e:	4b36      	ldr	r3, [pc, #216]	@ (8001ef8 <HAL_I2C_Mem_Write+0x160>)
 8001e20:	62e3      	str	r3, [r4, #44]	@ 0x2c
 8001e22:	9501      	str	r5, [sp, #4]
 8001e24:	9600      	str	r6, [sp, #0]
 8001e26:	464b      	mov	r3, r9
 8001e28:	4642      	mov	r2, r8
 8001e2a:	4639      	mov	r1, r7
 8001e2c:	4620      	mov	r0, r4
 8001e2e:	f7ff fd53 	bl	80018d8 <I2C_RequestMemoryWrite>
 8001e32:	2800      	cmp	r0, #0
 8001e34:	d15b      	bne.n	8001eee <HAL_I2C_Mem_Write+0x156>
 8001e36:	8d23      	ldrh	r3, [r4, #40]	@ 0x28
 8001e38:	2b00      	cmp	r3, #0
 8001e3a:	d035      	beq.n	8001ea8 <HAL_I2C_Mem_Write+0x110>
 8001e3c:	462a      	mov	r2, r5
 8001e3e:	4631      	mov	r1, r6
 8001e40:	4620      	mov	r0, r4
 8001e42:	f7ff fd1a 	bl	800187a <I2C_WaitOnTXEFlagUntilTimeout>
 8001e46:	bb20      	cbnz	r0, 8001e92 <HAL_I2C_Mem_Write+0xfa>
 8001e48:	6a62      	ldr	r2, [r4, #36]	@ 0x24
 8001e4a:	6823      	ldr	r3, [r4, #0]
 8001e4c:	7812      	ldrb	r2, [r2, #0]
 8001e4e:	611a      	str	r2, [r3, #16]
 8001e50:	6a62      	ldr	r2, [r4, #36]	@ 0x24
 8001e52:	1c53      	adds	r3, r2, #1
 8001e54:	6263      	str	r3, [r4, #36]	@ 0x24
 8001e56:	8d21      	ldrh	r1, [r4, #40]	@ 0x28
 8001e58:	3901      	subs	r1, #1
 8001e5a:	b289      	uxth	r1, r1
 8001e5c:	8521      	strh	r1, [r4, #40]	@ 0x28
 8001e5e:	8d63      	ldrh	r3, [r4, #42]	@ 0x2a
 8001e60:	b29b      	uxth	r3, r3
 8001e62:	3b01      	subs	r3, #1
 8001e64:	b29b      	uxth	r3, r3
 8001e66:	8563      	strh	r3, [r4, #42]	@ 0x2a
 8001e68:	6823      	ldr	r3, [r4, #0]
 8001e6a:	6958      	ldr	r0, [r3, #20]
 8001e6c:	f010 0f04 	tst.w	r0, #4
 8001e70:	d0e1      	beq.n	8001e36 <HAL_I2C_Mem_Write+0x9e>
 8001e72:	2900      	cmp	r1, #0
 8001e74:	d0df      	beq.n	8001e36 <HAL_I2C_Mem_Write+0x9e>
 8001e76:	7852      	ldrb	r2, [r2, #1]
 8001e78:	611a      	str	r2, [r3, #16]
 8001e7a:	6a63      	ldr	r3, [r4, #36]	@ 0x24
 8001e7c:	3301      	adds	r3, #1
 8001e7e:	6263      	str	r3, [r4, #36]	@ 0x24
 8001e80:	8d23      	ldrh	r3, [r4, #40]	@ 0x28
 8001e82:	3b01      	subs	r3, #1
 8001e84:	8523      	strh	r3, [r4, #40]	@ 0x28
 8001e86:	8d63      	ldrh	r3, [r4, #42]	@ 0x2a
 8001e88:	b29b      	uxth	r3, r3
 8001e8a:	3b01      	subs	r3, #1
 8001e8c:	b29b      	uxth	r3, r3
 8001e8e:	8563      	strh	r3, [r4, #42]	@ 0x2a
 8001e90:	e7d1      	b.n	8001e36 <HAL_I2C_Mem_Write+0x9e>
 8001e92:	6c23      	ldr	r3, [r4, #64]	@ 0x40
 8001e94:	2b04      	cmp	r3, #4
 8001e96:	d001      	beq.n	8001e9c <HAL_I2C_Mem_Write+0x104>
 8001e98:	2001      	movs	r0, #1
 8001e9a:	e78e      	b.n	8001dba <HAL_I2C_Mem_Write+0x22>
 8001e9c:	6822      	ldr	r2, [r4, #0]
 8001e9e:	6813      	ldr	r3, [r2, #0]
 8001ea0:	f443 7300 	orr.w	r3, r3, #512	@ 0x200
 8001ea4:	6013      	str	r3, [r2, #0]
 8001ea6:	e7f7      	b.n	8001e98 <HAL_I2C_Mem_Write+0x100>
 8001ea8:	462a      	mov	r2, r5
 8001eaa:	4631      	mov	r1, r6
 8001eac:	4620      	mov	r0, r4
 8001eae:	f7ff fe29 	bl	8001b04 <I2C_WaitOnBTFFlagUntilTimeout>
 8001eb2:	b150      	cbz	r0, 8001eca <HAL_I2C_Mem_Write+0x132>
 8001eb4:	6c23      	ldr	r3, [r4, #64]	@ 0x40
 8001eb6:	2b04      	cmp	r3, #4
 8001eb8:	d001      	beq.n	8001ebe <HAL_I2C_Mem_Write+0x126>
 8001eba:	2001      	movs	r0, #1
 8001ebc:	e77d      	b.n	8001dba <HAL_I2C_Mem_Write+0x22>
 8001ebe:	6822      	ldr	r2, [r4, #0]
 8001ec0:	6813      	ldr	r3, [r2, #0]
 8001ec2:	f443 7300 	orr.w	r3, r3, #512	@ 0x200
 8001ec6:	6013      	str	r3, [r2, #0]
 8001ec8:	e7f7      	b.n	8001eba <HAL_I2C_Mem_Write+0x122>
 8001eca:	6822      	ldr	r2, [r4, #0]
 8001ecc:	6813      	ldr	r3, [r2, #0]
 8001ece:	f443 7300 	orr.w	r3, r3, #512	@ 0x200
 8001ed2:	6013      	str	r3, [r2, #0]
 8001ed4:	2320      	movs	r3, #32
 8001ed6:	f884 303d 	strb.w	r3, [r4, #61]	@ 0x3d
 8001eda:	2300      	movs	r3, #0
 8001edc:	f884 303e 	strb.w	r3, [r4, #62]	@ 0x3e
 8001ee0:	f884 303c 	strb.w	r3, [r4, #60]	@ 0x3c
 8001ee4:	e769      	b.n	8001dba <HAL_I2C_Mem_Write+0x22>
 8001ee6:	2002      	movs	r0, #2
 8001ee8:	e767      	b.n	8001dba <HAL_I2C_Mem_Write+0x22>
 8001eea:	2002      	movs	r0, #2
 8001eec:	e765      	b.n	8001dba <HAL_I2C_Mem_Write+0x22>
 8001eee:	2001      	movs	r0, #1
 8001ef0:	e763      	b.n	8001dba <HAL_I2C_Mem_Write+0x22>
 8001ef2:	bf00      	nop
 8001ef4:	00100002 	.word	0x00100002
 8001ef8:	ffff0000 	.word	0xffff0000

08001efc <HAL_I2C_Mem_Read>:
 8001efc:	e92d 43f0 	stmdb	sp!, {r4, r5, r6, r7, r8, r9, lr}
 8001f00:	b087      	sub	sp, #28
 8001f02:	4604      	mov	r4, r0
 8001f04:	460f      	mov	r7, r1
 8001f06:	4690      	mov	r8, r2
 8001f08:	4699      	mov	r9, r3
 8001f0a:	9e10      	ldr	r6, [sp, #64]	@ 0x40
 8001f0c:	f7ff f884 	bl	8001018 <HAL_GetTick>
 8001f10:	4605      	mov	r5, r0
 8001f12:	f894 003d 	ldrb.w	r0, [r4, #61]	@ 0x3d
 8001f16:	b2c0      	uxtb	r0, r0
 8001f18:	2820      	cmp	r0, #32
 8001f1a:	d004      	beq.n	8001f26 <HAL_I2C_Mem_Read+0x2a>
 8001f1c:	2702      	movs	r7, #2
 8001f1e:	4638      	mov	r0, r7
 8001f20:	b007      	add	sp, #28
 8001f22:	e8bd 83f0 	ldmia.w	sp!, {r4, r5, r6, r7, r8, r9, pc}
 8001f26:	9500      	str	r5, [sp, #0]
 8001f28:	2319      	movs	r3, #25
 8001f2a:	2201      	movs	r2, #1
 8001f2c:	4988      	ldr	r1, [pc, #544]	@ (8002150 <HAL_I2C_Mem_Read+0x254>)
 8001f2e:	4620      	mov	r0, r4
 8001f30:	f7ff fbe3 	bl	80016fa <I2C_WaitOnFlagUntilTimeout>
 8001f34:	2800      	cmp	r0, #0
 8001f36:	f040 814d 	bne.w	80021d4 <HAL_I2C_Mem_Read+0x2d8>
 8001f3a:	f894 303c 	ldrb.w	r3, [r4, #60]	@ 0x3c
 8001f3e:	2b01      	cmp	r3, #1
 8001f40:	f000 814a 	beq.w	80021d8 <HAL_I2C_Mem_Read+0x2dc>
 8001f44:	2301      	movs	r3, #1
 8001f46:	f884 303c 	strb.w	r3, [r4, #60]	@ 0x3c
 8001f4a:	6823      	ldr	r3, [r4, #0]
 8001f4c:	681a      	ldr	r2, [r3, #0]
 8001f4e:	f012 0f01 	tst.w	r2, #1
 8001f52:	d103      	bne.n	8001f5c <HAL_I2C_Mem_Read+0x60>
 8001f54:	681a      	ldr	r2, [r3, #0]
 8001f56:	f042 0201 	orr.w	r2, r2, #1
 8001f5a:	601a      	str	r2, [r3, #0]
 8001f5c:	6822      	ldr	r2, [r4, #0]
 8001f5e:	6813      	ldr	r3, [r2, #0]
 8001f60:	f423 6300 	bic.w	r3, r3, #2048	@ 0x800
 8001f64:	6013      	str	r3, [r2, #0]
 8001f66:	2322      	movs	r3, #34	@ 0x22
 8001f68:	f884 303d 	strb.w	r3, [r4, #61]	@ 0x3d
 8001f6c:	2340      	movs	r3, #64	@ 0x40
 8001f6e:	f884 303e 	strb.w	r3, [r4, #62]	@ 0x3e
 8001f72:	2300      	movs	r3, #0
 8001f74:	6423      	str	r3, [r4, #64]	@ 0x40
 8001f76:	9b0e      	ldr	r3, [sp, #56]	@ 0x38
 8001f78:	6263      	str	r3, [r4, #36]	@ 0x24
 8001f7a:	f8bd 303c 	ldrh.w	r3, [sp, #60]	@ 0x3c
 8001f7e:	8563      	strh	r3, [r4, #42]	@ 0x2a
 8001f80:	8d63      	ldrh	r3, [r4, #42]	@ 0x2a
 8001f82:	8523      	strh	r3, [r4, #40]	@ 0x28
 8001f84:	4b73      	ldr	r3, [pc, #460]	@ (8002154 <HAL_I2C_Mem_Read+0x258>)
 8001f86:	62e3      	str	r3, [r4, #44]	@ 0x2c
 8001f88:	9501      	str	r5, [sp, #4]
 8001f8a:	9600      	str	r6, [sp, #0]
 8001f8c:	464b      	mov	r3, r9
 8001f8e:	4642      	mov	r2, r8
 8001f90:	4639      	mov	r1, r7
 8001f92:	4620      	mov	r0, r4
 8001f94:	f7ff fd0c 	bl	80019b0 <I2C_RequestMemoryRead>
 8001f98:	4607      	mov	r7, r0
 8001f9a:	2800      	cmp	r0, #0
 8001f9c:	f040 811e 	bne.w	80021dc <HAL_I2C_Mem_Read+0x2e0>
 8001fa0:	8d23      	ldrh	r3, [r4, #40]	@ 0x28
 8001fa2:	b95b      	cbnz	r3, 8001fbc <HAL_I2C_Mem_Read+0xc0>
 8001fa4:	9302      	str	r3, [sp, #8]
 8001fa6:	6823      	ldr	r3, [r4, #0]
 8001fa8:	695a      	ldr	r2, [r3, #20]
 8001faa:	9202      	str	r2, [sp, #8]
 8001fac:	699a      	ldr	r2, [r3, #24]
 8001fae:	9202      	str	r2, [sp, #8]
 8001fb0:	9a02      	ldr	r2, [sp, #8]
 8001fb2:	681a      	ldr	r2, [r3, #0]
 8001fb4:	f442 7200 	orr.w	r2, r2, #512	@ 0x200
 8001fb8:	601a      	str	r2, [r3, #0]
 8001fba:	e075      	b.n	80020a8 <HAL_I2C_Mem_Read+0x1ac>
 8001fbc:	2b01      	cmp	r3, #1
 8001fbe:	d00a      	beq.n	8001fd6 <HAL_I2C_Mem_Read+0xda>
 8001fc0:	2b02      	cmp	r3, #2
 8001fc2:	d01a      	beq.n	8001ffa <HAL_I2C_Mem_Read+0xfe>
 8001fc4:	2300      	movs	r3, #0
 8001fc6:	9305      	str	r3, [sp, #20]
 8001fc8:	6823      	ldr	r3, [r4, #0]
 8001fca:	695a      	ldr	r2, [r3, #20]
 8001fcc:	9205      	str	r2, [sp, #20]
 8001fce:	699b      	ldr	r3, [r3, #24]
 8001fd0:	9305      	str	r3, [sp, #20]
 8001fd2:	9b05      	ldr	r3, [sp, #20]
 8001fd4:	e068      	b.n	80020a8 <HAL_I2C_Mem_Read+0x1ac>
 8001fd6:	6822      	ldr	r2, [r4, #0]
 8001fd8:	6813      	ldr	r3, [r2, #0]
 8001fda:	f423 6380 	bic.w	r3, r3, #1024	@ 0x400
 8001fde:	6013      	str	r3, [r2, #0]
 8001fe0:	2300      	movs	r3, #0
 8001fe2:	9303      	str	r3, [sp, #12]
 8001fe4:	6823      	ldr	r3, [r4, #0]
 8001fe6:	695a      	ldr	r2, [r3, #20]
 8001fe8:	9203      	str	r2, [sp, #12]
 8001fea:	699a      	ldr	r2, [r3, #24]
 8001fec:	9203      	str	r2, [sp, #12]
 8001fee:	9a03      	ldr	r2, [sp, #12]
 8001ff0:	681a      	ldr	r2, [r3, #0]
 8001ff2:	f442 7200 	orr.w	r2, r2, #512	@ 0x200
 8001ff6:	601a      	str	r2, [r3, #0]
 8001ff8:	e056      	b.n	80020a8 <HAL_I2C_Mem_Read+0x1ac>
 8001ffa:	6822      	ldr	r2, [r4, #0]
 8001ffc:	6813      	ldr	r3, [r2, #0]
 8001ffe:	f423 6380 	bic.w	r3, r3, #1024	@ 0x400
 8002002:	6013      	str	r3, [r2, #0]
 8002004:	6822      	ldr	r2, [r4, #0]
 8002006:	6813      	ldr	r3, [r2, #0]
 8002008:	f443 6300 	orr.w	r3, r3, #2048	@ 0x800
 800200c:	6013      	str	r3, [r2, #0]
 800200e:	2300      	movs	r3, #0
 8002010:	9304      	str	r3, [sp, #16]
 8002012:	6823      	ldr	r3, [r4, #0]
 8002014:	695a      	ldr	r2, [r3, #20]
 8002016:	9204      	str	r2, [sp, #16]
 8002018:	699b      	ldr	r3, [r3, #24]
 800201a:	9304      	str	r3, [sp, #16]
 800201c:	9b04      	ldr	r3, [sp, #16]
 800201e:	e043      	b.n	80020a8 <HAL_I2C_Mem_Read+0x1ac>
 8002020:	462a      	mov	r2, r5
 8002022:	4631      	mov	r1, r6
 8002024:	4620      	mov	r0, r4
 8002026:	f7ff fd9c 	bl	8001b62 <I2C_WaitOnRXNEFlagUntilTimeout>
 800202a:	2800      	cmp	r0, #0
 800202c:	f040 80d8 	bne.w	80021e0 <HAL_I2C_Mem_Read+0x2e4>
 8002030:	6823      	ldr	r3, [r4, #0]
 8002032:	691a      	ldr	r2, [r3, #16]
 8002034:	6a63      	ldr	r3, [r4, #36]	@ 0x24
 8002036:	701a      	strb	r2, [r3, #0]
 8002038:	6a63      	ldr	r3, [r4, #36]	@ 0x24
 800203a:	3301      	adds	r3, #1
 800203c:	6263      	str	r3, [r4, #36]	@ 0x24
 800203e:	8d23      	ldrh	r3, [r4, #40]	@ 0x28
 8002040:	3b01      	subs	r3, #1
 8002042:	8523      	strh	r3, [r4, #40]	@ 0x28
 8002044:	8d63      	ldrh	r3, [r4, #42]	@ 0x2a
 8002046:	b29b      	uxth	r3, r3
 8002048:	3b01      	subs	r3, #1
 800204a:	b29b      	uxth	r3, r3
 800204c:	8563      	strh	r3, [r4, #42]	@ 0x2a
 800204e:	e02b      	b.n	80020a8 <HAL_I2C_Mem_Read+0x1ac>
 8002050:	9500      	str	r5, [sp, #0]
 8002052:	4633      	mov	r3, r6
 8002054:	2200      	movs	r2, #0
 8002056:	4940      	ldr	r1, [pc, #256]	@ (8002158 <HAL_I2C_Mem_Read+0x25c>)
 8002058:	4620      	mov	r0, r4
 800205a:	f7ff fb4e 	bl	80016fa <I2C_WaitOnFlagUntilTimeout>
 800205e:	2800      	cmp	r0, #0
 8002060:	f040 80c0 	bne.w	80021e4 <HAL_I2C_Mem_Read+0x2e8>
 8002064:	6822      	ldr	r2, [r4, #0]
 8002066:	6813      	ldr	r3, [r2, #0]
 8002068:	f443 7300 	orr.w	r3, r3, #512	@ 0x200
 800206c:	6013      	str	r3, [r2, #0]
 800206e:	6823      	ldr	r3, [r4, #0]
 8002070:	691a      	ldr	r2, [r3, #16]
 8002072:	6a63      	ldr	r3, [r4, #36]	@ 0x24
 8002074:	701a      	strb	r2, [r3, #0]
 8002076:	6a62      	ldr	r2, [r4, #36]	@ 0x24
 8002078:	1c53      	adds	r3, r2, #1
 800207a:	6263      	str	r3, [r4, #36]	@ 0x24
 800207c:	8d23      	ldrh	r3, [r4, #40]	@ 0x28
 800207e:	3b01      	subs	r3, #1
 8002080:	8523      	strh	r3, [r4, #40]	@ 0x28
 8002082:	8d63      	ldrh	r3, [r4, #42]	@ 0x2a
 8002084:	b29b      	uxth	r3, r3
 8002086:	3b01      	subs	r3, #1
 8002088:	b29b      	uxth	r3, r3
 800208a:	8563      	strh	r3, [r4, #42]	@ 0x2a
 800208c:	6823      	ldr	r3, [r4, #0]
 800208e:	691b      	ldr	r3, [r3, #16]
 8002090:	7053      	strb	r3, [r2, #1]
 8002092:	6a63      	ldr	r3, [r4, #36]	@ 0x24
 8002094:	3301      	adds	r3, #1
 8002096:	6263      	str	r3, [r4, #36]	@ 0x24
 8002098:	8d23      	ldrh	r3, [r4, #40]	@ 0x28
 800209a:	3b01      	subs	r3, #1
 800209c:	8523      	strh	r3, [r4, #40]	@ 0x28
 800209e:	8d63      	ldrh	r3, [r4, #42]	@ 0x2a
 80020a0:	b29b      	uxth	r3, r3
 80020a2:	3b01      	subs	r3, #1
 80020a4:	b29b      	uxth	r3, r3
 80020a6:	8563      	strh	r3, [r4, #42]	@ 0x2a
 80020a8:	8d23      	ldrh	r3, [r4, #40]	@ 0x28
 80020aa:	2b00      	cmp	r3, #0
 80020ac:	f000 8089 	beq.w	80021c2 <HAL_I2C_Mem_Read+0x2c6>
 80020b0:	2b03      	cmp	r3, #3
 80020b2:	d853      	bhi.n	800215c <HAL_I2C_Mem_Read+0x260>
 80020b4:	2b01      	cmp	r3, #1
 80020b6:	d0b3      	beq.n	8002020 <HAL_I2C_Mem_Read+0x124>
 80020b8:	2b02      	cmp	r3, #2
 80020ba:	d0c9      	beq.n	8002050 <HAL_I2C_Mem_Read+0x154>
 80020bc:	9500      	str	r5, [sp, #0]
 80020be:	4633      	mov	r3, r6
 80020c0:	2200      	movs	r2, #0
 80020c2:	4925      	ldr	r1, [pc, #148]	@ (8002158 <HAL_I2C_Mem_Read+0x25c>)
 80020c4:	4620      	mov	r0, r4
 80020c6:	f7ff fb18 	bl	80016fa <I2C_WaitOnFlagUntilTimeout>
 80020ca:	2800      	cmp	r0, #0
 80020cc:	f040 808c 	bne.w	80021e8 <HAL_I2C_Mem_Read+0x2ec>
 80020d0:	6822      	ldr	r2, [r4, #0]
 80020d2:	6813      	ldr	r3, [r2, #0]
 80020d4:	f423 6380 	bic.w	r3, r3, #1024	@ 0x400
 80020d8:	6013      	str	r3, [r2, #0]
 80020da:	6823      	ldr	r3, [r4, #0]
 80020dc:	691a      	ldr	r2, [r3, #16]
 80020de:	6a63      	ldr	r3, [r4, #36]	@ 0x24
 80020e0:	701a      	strb	r2, [r3, #0]
 80020e2:	6a63      	ldr	r3, [r4, #36]	@ 0x24
 80020e4:	3301      	adds	r3, #1
 80020e6:	6263      	str	r3, [r4, #36]	@ 0x24
 80020e8:	8d23      	ldrh	r3, [r4, #40]	@ 0x28
 80020ea:	3b01      	subs	r3, #1
 80020ec:	8523      	strh	r3, [r4, #40]	@ 0x28
 80020ee:	8d63      	ldrh	r3, [r4, #42]	@ 0x2a
 80020f0:	b29b      	uxth	r3, r3
 80020f2:	3b01      	subs	r3, #1
 80020f4:	b29b      	uxth	r3, r3
 80020f6:	8563      	strh	r3, [r4, #42]	@ 0x2a
 80020f8:	9500      	str	r5, [sp, #0]
 80020fa:	4633      	mov	r3, r6
 80020fc:	2200      	movs	r2, #0
 80020fe:	4916      	ldr	r1, [pc, #88]	@ (8002158 <HAL_I2C_Mem_Read+0x25c>)
 8002100:	4620      	mov	r0, r4
 8002102:	f7ff fafa 	bl	80016fa <I2C_WaitOnFlagUntilTimeout>
 8002106:	2800      	cmp	r0, #0
 8002108:	d170      	bne.n	80021ec <HAL_I2C_Mem_Read+0x2f0>
 800210a:	6822      	ldr	r2, [r4, #0]
 800210c:	6813      	ldr	r3, [r2, #0]
 800210e:	f443 7300 	orr.w	r3, r3, #512	@ 0x200
 8002112:	6013      	str	r3, [r2, #0]
 8002114:	6823      	ldr	r3, [r4, #0]
 8002116:	691a      	ldr	r2, [r3, #16]
 8002118:	6a63      	ldr	r3, [r4, #36]	@ 0x24
 800211a:	701a      	strb	r2, [r3, #0]
 800211c:	6a62      	ldr	r2, [r4, #36]	@ 0x24
 800211e:	1c53      	adds	r3, r2, #1
 8002120:	6263      	str	r3, [r4, #36]	@ 0x24
 8002122:	8d23      	ldrh	r3, [r4, #40]	@ 0x28
 8002124:	3b01      	subs	r3, #1
 8002126:	8523      	strh	r3, [r4, #40]	@ 0x28
 8002128:	8d63      	ldrh	r3, [r4, #42]	@ 0x2a
 800212a:	b29b      	uxth	r3, r3
 800212c:	3b01      	subs	r3, #1
 800212e:	b29b      	uxth	r3, r3
 8002130:	8563      	strh	r3, [r4, #42]	@ 0x2a
 8002132:	6823      	ldr	r3, [r4, #0]
 8002134:	691b      	ldr	r3, [r3, #16]
 8002136:	7053      	strb	r3, [r2, #1]
 8002138:	6a63      	ldr	r3, [r4, #36]	@ 0x24
 800213a:	3301      	adds	r3, #1
 800213c:	6263      	str	r3, [r4, #36]	@ 0x24
 800213e:	8d23      	ldrh	r3, [r4, #40]	@ 0x28
 8002140:	3b01      	subs	r3, #1
 8002142:	8523      	strh	r3, [r4, #40]	@ 0x28
 8002144:	8d63      	ldrh	r3, [r4, #42]	@ 0x2a
 8002146:	b29b      	uxth	r3, r3
 8002148:	3b01      	subs	r3, #1
 800214a:	b29b      	uxth	r3, r3
 800214c:	8563      	strh	r3, [r4, #42]	@ 0x2a
 800214e:	e7ab      	b.n	80020a8 <HAL_I2C_Mem_Read+0x1ac>
 8002150:	00100002 	.word	0x00100002
 8002154:	ffff0000 	.word	0xffff0000
 8002158:	00010004 	.word	0x00010004
 800215c:	462a      	mov	r2, r5
 800215e:	4631      	mov	r1, r6
 8002160:	4620      	mov	r0, r4
 8002162:	f7ff fcfe 	bl	8001b62 <I2C_WaitOnRXNEFlagUntilTimeout>
 8002166:	2800      	cmp	r0, #0
 8002168:	d142      	bne.n	80021f0 <HAL_I2C_Mem_Read+0x2f4>
 800216a:	6823      	ldr	r3, [r4, #0]
 800216c:	691a      	ldr	r2, [r3, #16]
 800216e:	6a63      	ldr	r3, [r4, #36]	@ 0x24
 8002170:	701a      	strb	r2, [r3, #0]
 8002172:	6a63      	ldr	r3, [r4, #36]	@ 0x24
 8002174:	3301      	adds	r3, #1
 8002176:	6263      	str	r3, [r4, #36]	@ 0x24
 8002178:	8d22      	ldrh	r2, [r4, #40]	@ 0x28
 800217a:	3a01      	subs	r2, #1
 800217c:	b292      	uxth	r2, r2
 800217e:	8522      	strh	r2, [r4, #40]	@ 0x28
 8002180:	8d63      	ldrh	r3, [r4, #42]	@ 0x2a
 8002182:	b29b      	uxth	r3, r3
 8002184:	3b01      	subs	r3, #1
 8002186:	b29b      	uxth	r3, r3
 8002188:	8563      	strh	r3, [r4, #42]	@ 0x2a
 800218a:	6823      	ldr	r3, [r4, #0]
 800218c:	6959      	ldr	r1, [r3, #20]
 800218e:	f011 0f04 	tst.w	r1, #4
 8002192:	d089      	beq.n	80020a8 <HAL_I2C_Mem_Read+0x1ac>
 8002194:	2a03      	cmp	r2, #3
 8002196:	d00f      	beq.n	80021b8 <HAL_I2C_Mem_Read+0x2bc>
 8002198:	6823      	ldr	r3, [r4, #0]
 800219a:	691a      	ldr	r2, [r3, #16]
 800219c:	6a63      	ldr	r3, [r4, #36]	@ 0x24
 800219e:	701a      	strb	r2, [r3, #0]
 80021a0:	6a63      	ldr	r3, [r4, #36]	@ 0x24
 80021a2:	3301      	adds	r3, #1
 80021a4:	6263      	str	r3, [r4, #36]	@ 0x24
 80021a6:	8d23      	ldrh	r3, [r4, #40]	@ 0x28
 80021a8:	3b01      	subs	r3, #1
 80021aa:	8523      	strh	r3, [r4, #40]	@ 0x28
 80021ac:	8d63      	ldrh	r3, [r4, #42]	@ 0x2a
 80021ae:	b29b      	uxth	r3, r3
 80021b0:	3b01      	subs	r3, #1
 80021b2:	b29b      	uxth	r3, r3
 80021b4:	8563      	strh	r3, [r4, #42]	@ 0x2a
 80021b6:	e777      	b.n	80020a8 <HAL_I2C_Mem_Read+0x1ac>
 80021b8:	681a      	ldr	r2, [r3, #0]
 80021ba:	f422 6280 	bic.w	r2, r2, #1024	@ 0x400
 80021be:	601a      	str	r2, [r3, #0]
 80021c0:	e7ea      	b.n	8002198 <HAL_I2C_Mem_Read+0x29c>
 80021c2:	2320      	movs	r3, #32
 80021c4:	f884 303d 	strb.w	r3, [r4, #61]	@ 0x3d
 80021c8:	2300      	movs	r3, #0
 80021ca:	f884 303e 	strb.w	r3, [r4, #62]	@ 0x3e
 80021ce:	f884 303c 	strb.w	r3, [r4, #60]	@ 0x3c
 80021d2:	e6a4      	b.n	8001f1e <HAL_I2C_Mem_Read+0x22>
 80021d4:	2702      	movs	r7, #2
 80021d6:	e6a2      	b.n	8001f1e <HAL_I2C_Mem_Read+0x22>
 80021d8:	2702      	movs	r7, #2
 80021da:	e6a0      	b.n	8001f1e <HAL_I2C_Mem_Read+0x22>
 80021dc:	2701      	movs	r7, #1
 80021de:	e69e      	b.n	8001f1e <HAL_I2C_Mem_Read+0x22>
 80021e0:	2701      	movs	r7, #1
 80021e2:	e69c      	b.n	8001f1e <HAL_I2C_Mem_Read+0x22>
 80021e4:	2701      	movs	r7, #1
 80021e6:	e69a      	b.n	8001f1e <HAL_I2C_Mem_Read+0x22>
 80021e8:	2701      	movs	r7, #1
 80021ea:	e698      	b.n	8001f1e <HAL_I2C_Mem_Read+0x22>
 80021ec:	2701      	movs	r7, #1
 80021ee:	e696      	b.n	8001f1e <HAL_I2C_Mem_Read+0x22>
 80021f0:	2701      	movs	r7, #1
 80021f2:	e694      	b.n	8001f1e <HAL_I2C_Mem_Read+0x22>

080021f4 <HAL_MspInit>:
 80021f4:	b082      	sub	sp, #8
 80021f6:	2100      	movs	r1, #0
 80021f8:	9100      	str	r1, [sp, #0]
 80021fa:	4b0b      	ldr	r3, [pc, #44]	@ (8002228 <HAL_MspInit+0x34>)
 80021fc:	6c5a      	ldr	r2, [r3, #68]	@ 0x44
 80021fe:	f442 4280 	orr.w	r2, r2, #16384	@ 0x4000
 8002202:	645a      	str	r2, [r3, #68]	@ 0x44
 8002204:	6c5a      	ldr	r2, [r3, #68]	@ 0x44
 8002206:	f402 4280 	and.w	r2, r2, #16384	@ 0x4000
 800220a:	9200      	str	r2, [sp, #0]
 800220c:	9a00      	ldr	r2, [sp, #0]
 800220e:	9101      	str	r1, [sp, #4]
 8002210:	6c1a      	ldr	r2, [r3, #64]	@ 0x40
 8002212:	f042 5280 	orr.w	r2, r2, #268435456	@ 0x10000000
 8002216:	641a      	str	r2, [r3, #64]	@ 0x40
 8002218:	6c1b      	ldr	r3, [r3, #64]	@ 0x40
 800221a:	f003 5380 	and.w	r3, r3, #268435456	@ 0x10000000
 800221e:	9301      	str	r3, [sp, #4]
 8002220:	9b01      	ldr	r3, [sp, #4]
 8002222:	b002      	add	sp, #8
 8002224:	4770      	bx	lr
 8002226:	bf00      	nop
 8002228:	40023800 	.word	0x40023800

0800222c <HAL_I2C_MspInit>:
 800222c:	e92d 41f0 	stmdb	sp!, {r4, r5, r6, r7, r8, lr}
 8002230:	b08c      	sub	sp, #48	@ 0x30
 8002232:	2300      	movs	r3, #0
 8002234:	9307      	str	r3, [sp, #28]
 8002236:	9308      	str	r3, [sp, #32]
 8002238:	9309      	str	r3, [sp, #36]	@ 0x24
 800223a:	930a      	str	r3, [sp, #40]	@ 0x28
 800223c:	930b      	str	r3, [sp, #44]	@ 0x2c
 800223e:	6803      	ldr	r3, [r0, #0]
 8002240:	4a4d      	ldr	r2, [pc, #308]	@ (8002378 <HAL_I2C_MspInit+0x14c>)
 8002242:	4293      	cmp	r3, r2
 8002244:	d008      	beq.n	8002258 <HAL_I2C_MspInit+0x2c>
 8002246:	4a4d      	ldr	r2, [pc, #308]	@ (800237c <HAL_I2C_MspInit+0x150>)
 8002248:	4293      	cmp	r3, r2
 800224a:	d028      	beq.n	800229e <HAL_I2C_MspInit+0x72>
 800224c:	4a4c      	ldr	r2, [pc, #304]	@ (8002380 <HAL_I2C_MspInit+0x154>)
 800224e:	4293      	cmp	r3, r2
 8002250:	d058      	beq.n	8002304 <HAL_I2C_MspInit+0xd8>
 8002252:	b00c      	add	sp, #48	@ 0x30
 8002254:	e8bd 81f0 	ldmia.w	sp!, {r4, r5, r6, r7, r8, pc}
 8002258:	2500      	movs	r5, #0
 800225a:	9500      	str	r5, [sp, #0]
 800225c:	4c49      	ldr	r4, [pc, #292]	@ (8002384 <HAL_I2C_MspInit+0x158>)
 800225e:	6b23      	ldr	r3, [r4, #48]	@ 0x30
 8002260:	f043 0302 	orr.w	r3, r3, #2
 8002264:	6323      	str	r3, [r4, #48]	@ 0x30
 8002266:	6b23      	ldr	r3, [r4, #48]	@ 0x30
 8002268:	f003 0302 	and.w	r3, r3, #2
 800226c:	9300      	str	r3, [sp, #0]
 800226e:	9b00      	ldr	r3, [sp, #0]
 8002270:	23c0      	movs	r3, #192	@ 0xc0
 8002272:	9307      	str	r3, [sp, #28]
 8002274:	2312      	movs	r3, #18
 8002276:	9308      	str	r3, [sp, #32]
 8002278:	2303      	movs	r3, #3
 800227a:	930a      	str	r3, [sp, #40]	@ 0x28
 800227c:	2304      	movs	r3, #4
 800227e:	930b      	str	r3, [sp, #44]	@ 0x2c
 8002280:	a907      	add	r1, sp, #28
 8002282:	4841      	ldr	r0, [pc, #260]	@ (8002388 <HAL_I2C_MspInit+0x15c>)
 8002284:	f7ff f918 	bl	80014b8 <HAL_GPIO_Init>
 8002288:	9501      	str	r5, [sp, #4]
 800228a:	6c23      	ldr	r3, [r4, #64]	@ 0x40
 800228c:	f443 1300 	orr.w	r3, r3, #2097152	@ 0x200000
 8002290:	6423      	str	r3, [r4, #64]	@ 0x40
 8002292:	6c23      	ldr	r3, [r4, #64]	@ 0x40
 8002294:	f403 1300 	and.w	r3, r3, #2097152	@ 0x200000
 8002298:	9301      	str	r3, [sp, #4]
 800229a:	9b01      	ldr	r3, [sp, #4]
 800229c:	e7d9      	b.n	8002252 <HAL_I2C_MspInit+0x26>
 800229e:	2500      	movs	r5, #0
 80022a0:	9502      	str	r5, [sp, #8]
 80022a2:	4c38      	ldr	r4, [pc, #224]	@ (8002384 <HAL_I2C_MspInit+0x158>)
 80022a4:	6b23      	ldr	r3, [r4, #48]	@ 0x30
 80022a6:	f043 0302 	orr.w	r3, r3, #2
 80022aa:	6323      	str	r3, [r4, #48]	@ 0x30
 80022ac:	6b23      	ldr	r3, [r4, #48]	@ 0x30
 80022ae:	f003 0302 	and.w	r3, r3, #2
 80022b2:	9302      	str	r3, [sp, #8]
 80022b4:	9b02      	ldr	r3, [sp, #8]
 80022b6:	f44f 6380 	mov.w	r3, #1024	@ 0x400
 80022ba:	9307      	str	r3, [sp, #28]
 80022bc:	f04f 0812 	mov.w	r8, #18
 80022c0:	f8cd 8020 	str.w	r8, [sp, #32]
 80022c4:	2703      	movs	r7, #3
 80022c6:	970a      	str	r7, [sp, #40]	@ 0x28
 80022c8:	2304      	movs	r3, #4
 80022ca:	930b      	str	r3, [sp, #44]	@ 0x2c
 80022cc:	4e2e      	ldr	r6, [pc, #184]	@ (8002388 <HAL_I2C_MspInit+0x15c>)
 80022ce:	a907      	add	r1, sp, #28
 80022d0:	4630      	mov	r0, r6
 80022d2:	f7ff f8f1 	bl	80014b8 <HAL_GPIO_Init>
 80022d6:	2308      	movs	r3, #8
 80022d8:	9307      	str	r3, [sp, #28]
 80022da:	f8cd 8020 	str.w	r8, [sp, #32]
 80022de:	9509      	str	r5, [sp, #36]	@ 0x24
 80022e0:	970a      	str	r7, [sp, #40]	@ 0x28
 80022e2:	2309      	movs	r3, #9
 80022e4:	930b      	str	r3, [sp, #44]	@ 0x2c
 80022e6:	a907      	add	r1, sp, #28
 80022e8:	4630      	mov	r0, r6
 80022ea:	f7ff f8e5 	bl	80014b8 <HAL_GPIO_Init>
 80022ee:	9503      	str	r5, [sp, #12]
 80022f0:	6c23      	ldr	r3, [r4, #64]	@ 0x40
 80022f2:	f443 0380 	orr.w	r3, r3, #4194304	@ 0x400000
 80022f6:	6423      	str	r3, [r4, #64]	@ 0x40
 80022f8:	6c23      	ldr	r3, [r4, #64]	@ 0x40
 80022fa:	f403 0380 	and.w	r3, r3, #4194304	@ 0x400000
 80022fe:	9303      	str	r3, [sp, #12]
 8002300:	9b03      	ldr	r3, [sp, #12]
 8002302:	e7a6      	b.n	8002252 <HAL_I2C_MspInit+0x26>
 8002304:	2500      	movs	r5, #0
 8002306:	9504      	str	r5, [sp, #16]
 8002308:	4c1e      	ldr	r4, [pc, #120]	@ (8002384 <HAL_I2C_MspInit+0x158>)
 800230a:	6b23      	ldr	r3, [r4, #48]	@ 0x30
 800230c:	f043 0301 	orr.w	r3, r3, #1
 8002310:	6323      	str	r3, [r4, #48]	@ 0x30
 8002312:	6b23      	ldr	r3, [r4, #48]	@ 0x30
 8002314:	f003 0301 	and.w	r3, r3, #1
 8002318:	9304      	str	r3, [sp, #16]
 800231a:	9b04      	ldr	r3, [sp, #16]
 800231c:	9505      	str	r5, [sp, #20]
 800231e:	6b23      	ldr	r3, [r4, #48]	@ 0x30
 8002320:	f043 0302 	orr.w	r3, r3, #2
 8002324:	6323      	str	r3, [r4, #48]	@ 0x30
 8002326:	6b23      	ldr	r3, [r4, #48]	@ 0x30
 8002328:	f003 0302 	and.w	r3, r3, #2
 800232c:	9305      	str	r3, [sp, #20]
 800232e:	9b05      	ldr	r3, [sp, #20]
 8002330:	f44f 7380 	mov.w	r3, #256	@ 0x100
 8002334:	9307      	str	r3, [sp, #28]
 8002336:	2712      	movs	r7, #18
 8002338:	9708      	str	r7, [sp, #32]
 800233a:	2603      	movs	r6, #3
 800233c:	960a      	str	r6, [sp, #40]	@ 0x28
 800233e:	2304      	movs	r3, #4
 8002340:	930b      	str	r3, [sp, #44]	@ 0x2c
 8002342:	a907      	add	r1, sp, #28
 8002344:	4811      	ldr	r0, [pc, #68]	@ (800238c <HAL_I2C_MspInit+0x160>)
 8002346:	f7ff f8b7 	bl	80014b8 <HAL_GPIO_Init>
 800234a:	2310      	movs	r3, #16
 800234c:	9307      	str	r3, [sp, #28]
 800234e:	9708      	str	r7, [sp, #32]
 8002350:	9509      	str	r5, [sp, #36]	@ 0x24
 8002352:	960a      	str	r6, [sp, #40]	@ 0x28
 8002354:	2309      	movs	r3, #9
 8002356:	930b      	str	r3, [sp, #44]	@ 0x2c
 8002358:	a907      	add	r1, sp, #28
 800235a:	480b      	ldr	r0, [pc, #44]	@ (8002388 <HAL_I2C_MspInit+0x15c>)
 800235c:	f7ff f8ac 	bl	80014b8 <HAL_GPIO_Init>
 8002360:	9506      	str	r5, [sp, #24]
 8002362:	6c23      	ldr	r3, [r4, #64]	@ 0x40
 8002364:	f443 0300 	orr.w	r3, r3, #8388608	@ 0x800000
 8002368:	6423      	str	r3, [r4, #64]	@ 0x40
 800236a:	6c23      	ldr	r3, [r4, #64]	@ 0x40
 800236c:	f403 0300 	and.w	r3, r3, #8388608	@ 0x800000
 8002370:	9306      	str	r3, [sp, #24]
 8002372:	9b06      	ldr	r3, [sp, #24]
 8002374:	e76d      	b.n	8002252 <HAL_I2C_MspInit+0x26>
 8002376:	bf00      	nop
 8002378:	40005400 	.word	0x40005400
 800237c:	40005800 	.word	0x40005800
 8002380:	40005c00 	.word	0x40005c00
 8002384:	40023800 	.word	0x40023800
 8002388:	40020400 	.word	0x40020400
 800238c:	40020000 	.word	0x40020000

08002390 <HAL_SPI_MspInit>:
 8002390:	b530      	push	{r4, r5, lr}
 8002392:	b08b      	sub	sp, #44	@ 0x2c
 8002394:	2300      	movs	r3, #0
 8002396:	9305      	str	r3, [sp, #20]
 8002398:	9306      	str	r3, [sp, #24]
 800239a:	9307      	str	r3, [sp, #28]
 800239c:	9308      	str	r3, [sp, #32]
 800239e:	9309      	str	r3, [sp, #36]	@ 0x24
 80023a0:	6803      	ldr	r3, [r0, #0]
 80023a2:	4a34      	ldr	r2, [pc, #208]	@ (8002474 <HAL_SPI_MspInit+0xe4>)
 80023a4:	4293      	cmp	r3, r2
 80023a6:	d004      	beq.n	80023b2 <HAL_SPI_MspInit+0x22>
 80023a8:	4a33      	ldr	r2, [pc, #204]	@ (8002478 <HAL_SPI_MspInit+0xe8>)
 80023aa:	4293      	cmp	r3, r2
 80023ac:	d03e      	beq.n	800242c <HAL_SPI_MspInit+0x9c>
 80023ae:	b00b      	add	sp, #44	@ 0x2c
 80023b0:	bd30      	pop	{r4, r5, pc}
 80023b2:	4604      	mov	r4, r0
 80023b4:	2500      	movs	r5, #0
 80023b6:	9501      	str	r5, [sp, #4]
 80023b8:	4b30      	ldr	r3, [pc, #192]	@ (800247c <HAL_SPI_MspInit+0xec>)
 80023ba:	6c5a      	ldr	r2, [r3, #68]	@ 0x44
 80023bc:	f442 5280 	orr.w	r2, r2, #4096	@ 0x1000
 80023c0:	645a      	str	r2, [r3, #68]	@ 0x44
 80023c2:	6c5a      	ldr	r2, [r3, #68]	@ 0x44
 80023c4:	f402 5280 	and.w	r2, r2, #4096	@ 0x1000
 80023c8:	9201      	str	r2, [sp, #4]
 80023ca:	9a01      	ldr	r2, [sp, #4]
 80023cc:	9502      	str	r5, [sp, #8]
 80023ce:	6b1a      	ldr	r2, [r3, #48]	@ 0x30
 80023d0:	f042 0201 	orr.w	r2, r2, #1
 80023d4:	631a      	str	r2, [r3, #48]	@ 0x30
 80023d6:	6b1b      	ldr	r3, [r3, #48]	@ 0x30
 80023d8:	f003 0301 	and.w	r3, r3, #1
 80023dc:	9302      	str	r3, [sp, #8]
 80023de:	9b02      	ldr	r3, [sp, #8]
 80023e0:	23e0      	movs	r3, #224	@ 0xe0
 80023e2:	9305      	str	r3, [sp, #20]
 80023e4:	2302      	movs	r3, #2
 80023e6:	9306      	str	r3, [sp, #24]
 80023e8:	2303      	movs	r3, #3
 80023ea:	9308      	str	r3, [sp, #32]
 80023ec:	2305      	movs	r3, #5
 80023ee:	9309      	str	r3, [sp, #36]	@ 0x24
 80023f0:	a905      	add	r1, sp, #20
 80023f2:	4823      	ldr	r0, [pc, #140]	@ (8002480 <HAL_SPI_MspInit+0xf0>)
 80023f4:	f7ff f860 	bl	80014b8 <HAL_GPIO_Init>
 80023f8:	4822      	ldr	r0, [pc, #136]	@ (8002484 <HAL_SPI_MspInit+0xf4>)
 80023fa:	4b23      	ldr	r3, [pc, #140]	@ (8002488 <HAL_SPI_MspInit+0xf8>)
 80023fc:	6003      	str	r3, [r0, #0]
 80023fe:	f04f 63c0 	mov.w	r3, #100663296	@ 0x6000000
 8002402:	6043      	str	r3, [r0, #4]
 8002404:	6085      	str	r5, [r0, #8]
 8002406:	60c5      	str	r5, [r0, #12]
 8002408:	f44f 6380 	mov.w	r3, #1024	@ 0x400
 800240c:	6103      	str	r3, [r0, #16]
 800240e:	6145      	str	r5, [r0, #20]
 8002410:	6185      	str	r5, [r0, #24]
 8002412:	61c5      	str	r5, [r0, #28]
 8002414:	6205      	str	r5, [r0, #32]
 8002416:	6245      	str	r5, [r0, #36]	@ 0x24
 8002418:	f7fe fefa 	bl	8001210 <HAL_DMA_Init>
 800241c:	b918      	cbnz	r0, 8002426 <HAL_SPI_MspInit+0x96>
 800241e:	4b19      	ldr	r3, [pc, #100]	@ (8002484 <HAL_SPI_MspInit+0xf4>)
 8002420:	64e3      	str	r3, [r4, #76]	@ 0x4c
 8002422:	639c      	str	r4, [r3, #56]	@ 0x38
 8002424:	e7c3      	b.n	80023ae <HAL_SPI_MspInit+0x1e>
 8002426:	f7fe fb75 	bl	8000b14 <Error_Handler>
 800242a:	e7f8      	b.n	800241e <HAL_SPI_MspInit+0x8e>
 800242c:	2100      	movs	r1, #0
 800242e:	9103      	str	r1, [sp, #12]
 8002430:	4b12      	ldr	r3, [pc, #72]	@ (800247c <HAL_SPI_MspInit+0xec>)
 8002432:	6c1a      	ldr	r2, [r3, #64]	@ 0x40
 8002434:	f442 4280 	orr.w	r2, r2, #16384	@ 0x4000
 8002438:	641a      	str	r2, [r3, #64]	@ 0x40
 800243a:	6c1a      	ldr	r2, [r3, #64]	@ 0x40
 800243c:	f402 4280 	and.w	r2, r2, #16384	@ 0x4000
 8002440:	9203      	str	r2, [sp, #12]
 8002442:	9a03      	ldr	r2, [sp, #12]
 8002444:	9104      	str	r1, [sp, #16]
 8002446:	6b1a      	ldr	r2, [r3, #48]	@ 0x30
 8002448:	f042 0202 	orr.w	r2, r2, #2
 800244c:	631a      	str	r2, [r3, #48]	@ 0x30
 800244e:	6b1b      	ldr	r3, [r3, #48]	@ 0x30
 8002450:	f003 0302 	and.w	r3, r3, #2
 8002454:	9304      	str	r3, [sp, #16]
 8002456:	9b04      	ldr	r3, [sp, #16]
 8002458:	f44f 4360 	mov.w	r3, #57344	@ 0xe000
 800245c:	9305      	str	r3, [sp, #20]
 800245e:	2302      	movs	r3, #2
 8002460:	9306      	str	r3, [sp, #24]
 8002462:	2303      	movs	r3, #3
 8002464:	9308      	str	r3, [sp, #32]
 8002466:	2305      	movs	r3, #5
 8002468:	9309      	str	r3, [sp, #36]	@ 0x24
 800246a:	a905      	add	r1, sp, #20
 800246c:	4807      	ldr	r0, [pc, #28]	@ (800248c <HAL_SPI_MspInit+0xfc>)
 800246e:	f7ff f823 	bl	80014b8 <HAL_GPIO_Init>
 8002472:	e79c      	b.n	80023ae <HAL_SPI_MspInit+0x1e>
 8002474:	40013000 	.word	0x40013000
 8002478:	40003800 	.word	0x40003800
 800247c:	40023800 	.word	0x40023800
 8002480:	40020000 	.word	0x40020000
 8002484:	2000021c 	.word	0x2000021c
 8002488:	40026410 	.word	0x40026410
 800248c:	40020400 	.word	0x40020400

08002490 <HAL_TIM_Base_MspInit>:
 8002490:	6802      	ldr	r2, [r0, #0]
 8002492:	4b0e      	ldr	r3, [pc, #56]	@ (80024cc <HAL_TIM_Base_MspInit+0x3c>)
 8002494:	429a      	cmp	r2, r3
 8002496:	d000      	beq.n	800249a <HAL_TIM_Base_MspInit+0xa>
 8002498:	4770      	bx	lr
 800249a:	b500      	push	{lr}
 800249c:	b083      	sub	sp, #12
 800249e:	2100      	movs	r1, #0
 80024a0:	9101      	str	r1, [sp, #4]
 80024a2:	f503 4370 	add.w	r3, r3, #61440	@ 0xf000
 80024a6:	6c5a      	ldr	r2, [r3, #68]	@ 0x44
 80024a8:	f442 2280 	orr.w	r2, r2, #262144	@ 0x40000
 80024ac:	645a      	str	r2, [r3, #68]	@ 0x44
 80024ae:	6c5b      	ldr	r3, [r3, #68]	@ 0x44
 80024b0:	f403 2380 	and.w	r3, r3, #262144	@ 0x40000
 80024b4:	9301      	str	r3, [sp, #4]
 80024b6:	9b01      	ldr	r3, [sp, #4]
 80024b8:	460a      	mov	r2, r1
 80024ba:	201a      	movs	r0, #26
 80024bc:	f7fe fe1a 	bl	80010f4 <HAL_NVIC_SetPriority>
 80024c0:	201a      	movs	r0, #26
 80024c2:	f7fe fe27 	bl	8001114 <HAL_NVIC_EnableIRQ>
 80024c6:	b003      	add	sp, #12
 80024c8:	f85d fb04 	ldr.w	pc, [sp], #4
 80024cc:	40014800 	.word	0x40014800

080024d0 <HAL_RCC_OscConfig>:
 80024d0:	2800      	cmp	r0, #0
 80024d2:	f000 81e0 	beq.w	8002896 <HAL_RCC_OscConfig+0x3c6>
 80024d6:	b570      	push	{r4, r5, r6, lr}
 80024d8:	b082      	sub	sp, #8
 80024da:	4604      	mov	r4, r0
 80024dc:	6803      	ldr	r3, [r0, #0]
 80024de:	f013 0f01 	tst.w	r3, #1
 80024e2:	d03b      	beq.n	800255c <HAL_RCC_OscConfig+0x8c>
 80024e4:	4b9f      	ldr	r3, [pc, #636]	@ (8002764 <HAL_RCC_OscConfig+0x294>)
 80024e6:	689b      	ldr	r3, [r3, #8]
 80024e8:	f003 030c 	and.w	r3, r3, #12
 80024ec:	2b04      	cmp	r3, #4
 80024ee:	d02c      	beq.n	800254a <HAL_RCC_OscConfig+0x7a>
 80024f0:	4b9c      	ldr	r3, [pc, #624]	@ (8002764 <HAL_RCC_OscConfig+0x294>)
 80024f2:	689b      	ldr	r3, [r3, #8]
 80024f4:	f003 030c 	and.w	r3, r3, #12
 80024f8:	2b08      	cmp	r3, #8
 80024fa:	d021      	beq.n	8002540 <HAL_RCC_OscConfig+0x70>
 80024fc:	6863      	ldr	r3, [r4, #4]
 80024fe:	f5b3 3f80 	cmp.w	r3, #65536	@ 0x10000
 8002502:	d04f      	beq.n	80025a4 <HAL_RCC_OscConfig+0xd4>
 8002504:	f5b3 2fa0 	cmp.w	r3, #327680	@ 0x50000
 8002508:	d052      	beq.n	80025b0 <HAL_RCC_OscConfig+0xe0>
 800250a:	4b96      	ldr	r3, [pc, #600]	@ (8002764 <HAL_RCC_OscConfig+0x294>)
 800250c:	681a      	ldr	r2, [r3, #0]
 800250e:	f422 3280 	bic.w	r2, r2, #65536	@ 0x10000
 8002512:	601a      	str	r2, [r3, #0]
 8002514:	681a      	ldr	r2, [r3, #0]
 8002516:	f422 2280 	bic.w	r2, r2, #262144	@ 0x40000
 800251a:	601a      	str	r2, [r3, #0]
 800251c:	6863      	ldr	r3, [r4, #4]
 800251e:	2b00      	cmp	r3, #0
 8002520:	d050      	beq.n	80025c4 <HAL_RCC_OscConfig+0xf4>
 8002522:	f7fe fd79 	bl	8001018 <HAL_GetTick>
 8002526:	4605      	mov	r5, r0
 8002528:	4b8e      	ldr	r3, [pc, #568]	@ (8002764 <HAL_RCC_OscConfig+0x294>)
 800252a:	681b      	ldr	r3, [r3, #0]
 800252c:	f413 3f00 	tst.w	r3, #131072	@ 0x20000
 8002530:	d114      	bne.n	800255c <HAL_RCC_OscConfig+0x8c>
 8002532:	f7fe fd71 	bl	8001018 <HAL_GetTick>
 8002536:	1b40      	subs	r0, r0, r5
 8002538:	2864      	cmp	r0, #100	@ 0x64
 800253a:	d9f5      	bls.n	8002528 <HAL_RCC_OscConfig+0x58>
 800253c:	2003      	movs	r0, #3
 800253e:	e1b1      	b.n	80028a4 <HAL_RCC_OscConfig+0x3d4>
 8002540:	4b88      	ldr	r3, [pc, #544]	@ (8002764 <HAL_RCC_OscConfig+0x294>)
 8002542:	685b      	ldr	r3, [r3, #4]
 8002544:	f413 0f80 	tst.w	r3, #4194304	@ 0x400000
 8002548:	d0d8      	beq.n	80024fc <HAL_RCC_OscConfig+0x2c>
 800254a:	4b86      	ldr	r3, [pc, #536]	@ (8002764 <HAL_RCC_OscConfig+0x294>)
 800254c:	681b      	ldr	r3, [r3, #0]
 800254e:	f413 3f00 	tst.w	r3, #131072	@ 0x20000
 8002552:	d003      	beq.n	800255c <HAL_RCC_OscConfig+0x8c>
 8002554:	6863      	ldr	r3, [r4, #4]
 8002556:	2b00      	cmp	r3, #0
 8002558:	f000 819f 	beq.w	800289a <HAL_RCC_OscConfig+0x3ca>
 800255c:	6823      	ldr	r3, [r4, #0]
 800255e:	f013 0f02 	tst.w	r3, #2
 8002562:	d054      	beq.n	800260e <HAL_RCC_OscConfig+0x13e>
 8002564:	4b7f      	ldr	r3, [pc, #508]	@ (8002764 <HAL_RCC_OscConfig+0x294>)
 8002566:	689b      	ldr	r3, [r3, #8]
 8002568:	f013 0f0c 	tst.w	r3, #12
 800256c:	d03e      	beq.n	80025ec <HAL_RCC_OscConfig+0x11c>
 800256e:	4b7d      	ldr	r3, [pc, #500]	@ (8002764 <HAL_RCC_OscConfig+0x294>)
 8002570:	689b      	ldr	r3, [r3, #8]
 8002572:	f003 030c 	and.w	r3, r3, #12
 8002576:	2b08      	cmp	r3, #8
 8002578:	d033      	beq.n	80025e2 <HAL_RCC_OscConfig+0x112>
 800257a:	68e3      	ldr	r3, [r4, #12]
 800257c:	2b00      	cmp	r3, #0
 800257e:	d068      	beq.n	8002652 <HAL_RCC_OscConfig+0x182>
 8002580:	4b79      	ldr	r3, [pc, #484]	@ (8002768 <HAL_RCC_OscConfig+0x298>)
 8002582:	2201      	movs	r2, #1
 8002584:	601a      	str	r2, [r3, #0]
 8002586:	f7fe fd47 	bl	8001018 <HAL_GetTick>
 800258a:	4605      	mov	r5, r0
 800258c:	4b75      	ldr	r3, [pc, #468]	@ (8002764 <HAL_RCC_OscConfig+0x294>)
 800258e:	681b      	ldr	r3, [r3, #0]
 8002590:	f013 0f02 	tst.w	r3, #2
 8002594:	d154      	bne.n	8002640 <HAL_RCC_OscConfig+0x170>
 8002596:	f7fe fd3f 	bl	8001018 <HAL_GetTick>
 800259a:	1b40      	subs	r0, r0, r5
 800259c:	2802      	cmp	r0, #2
 800259e:	d9f5      	bls.n	800258c <HAL_RCC_OscConfig+0xbc>
 80025a0:	2003      	movs	r0, #3
 80025a2:	e17f      	b.n	80028a4 <HAL_RCC_OscConfig+0x3d4>
 80025a4:	4a6f      	ldr	r2, [pc, #444]	@ (8002764 <HAL_RCC_OscConfig+0x294>)
 80025a6:	6813      	ldr	r3, [r2, #0]
 80025a8:	f443 3380 	orr.w	r3, r3, #65536	@ 0x10000
 80025ac:	6013      	str	r3, [r2, #0]
 80025ae:	e7b5      	b.n	800251c <HAL_RCC_OscConfig+0x4c>
 80025b0:	4b6c      	ldr	r3, [pc, #432]	@ (8002764 <HAL_RCC_OscConfig+0x294>)
 80025b2:	681a      	ldr	r2, [r3, #0]
 80025b4:	f442 2280 	orr.w	r2, r2, #262144	@ 0x40000
 80025b8:	601a      	str	r2, [r3, #0]
 80025ba:	681a      	ldr	r2, [r3, #0]
 80025bc:	f442 3280 	orr.w	r2, r2, #65536	@ 0x10000
 80025c0:	601a      	str	r2, [r3, #0]
 80025c2:	e7ab      	b.n	800251c <HAL_RCC_OscConfig+0x4c>
 80025c4:	f7fe fd28 	bl	8001018 <HAL_GetTick>
 80025c8:	4605      	mov	r5, r0
 80025ca:	4b66      	ldr	r3, [pc, #408]	@ (8002764 <HAL_RCC_OscConfig+0x294>)
 80025cc:	681b      	ldr	r3, [r3, #0]
 80025ce:	f413 3f00 	tst.w	r3, #131072	@ 0x20000
 80025d2:	d0c3      	beq.n	800255c <HAL_RCC_OscConfig+0x8c>
 80025d4:	f7fe fd20 	bl	8001018 <HAL_GetTick>
 80025d8:	1b40      	subs	r0, r0, r5
 80025da:	2864      	cmp	r0, #100	@ 0x64
 80025dc:	d9f5      	bls.n	80025ca <HAL_RCC_OscConfig+0xfa>
 80025de:	2003      	movs	r0, #3
 80025e0:	e160      	b.n	80028a4 <HAL_RCC_OscConfig+0x3d4>
 80025e2:	4b60      	ldr	r3, [pc, #384]	@ (8002764 <HAL_RCC_OscConfig+0x294>)
 80025e4:	685b      	ldr	r3, [r3, #4]
 80025e6:	f413 0f80 	tst.w	r3, #4194304	@ 0x400000
 80025ea:	d1c6      	bne.n	800257a <HAL_RCC_OscConfig+0xaa>
 80025ec:	4b5d      	ldr	r3, [pc, #372]	@ (8002764 <HAL_RCC_OscConfig+0x294>)
 80025ee:	681b      	ldr	r3, [r3, #0]
 80025f0:	f013 0f02 	tst.w	r3, #2
 80025f4:	d003      	beq.n	80025fe <HAL_RCC_OscConfig+0x12e>
 80025f6:	68e3      	ldr	r3, [r4, #12]
 80025f8:	2b01      	cmp	r3, #1
 80025fa:	f040 8150 	bne.w	800289e <HAL_RCC_OscConfig+0x3ce>
 80025fe:	4a59      	ldr	r2, [pc, #356]	@ (8002764 <HAL_RCC_OscConfig+0x294>)
 8002600:	6813      	ldr	r3, [r2, #0]
 8002602:	f023 03f8 	bic.w	r3, r3, #248	@ 0xf8
 8002606:	6921      	ldr	r1, [r4, #16]
 8002608:	ea43 03c1 	orr.w	r3, r3, r1, lsl #3
 800260c:	6013      	str	r3, [r2, #0]
 800260e:	6823      	ldr	r3, [r4, #0]
 8002610:	f013 0f08 	tst.w	r3, #8
 8002614:	d042      	beq.n	800269c <HAL_RCC_OscConfig+0x1cc>
 8002616:	6963      	ldr	r3, [r4, #20]
 8002618:	b36b      	cbz	r3, 8002676 <HAL_RCC_OscConfig+0x1a6>
 800261a:	4b53      	ldr	r3, [pc, #332]	@ (8002768 <HAL_RCC_OscConfig+0x298>)
 800261c:	2201      	movs	r2, #1
 800261e:	f8c3 2e80 	str.w	r2, [r3, #3712]	@ 0xe80
 8002622:	f7fe fcf9 	bl	8001018 <HAL_GetTick>
 8002626:	4605      	mov	r5, r0
 8002628:	4b4e      	ldr	r3, [pc, #312]	@ (8002764 <HAL_RCC_OscConfig+0x294>)
 800262a:	6f5b      	ldr	r3, [r3, #116]	@ 0x74
 800262c:	f013 0f02 	tst.w	r3, #2
 8002630:	d134      	bne.n	800269c <HAL_RCC_OscConfig+0x1cc>
 8002632:	f7fe fcf1 	bl	8001018 <HAL_GetTick>
 8002636:	1b40      	subs	r0, r0, r5
 8002638:	2802      	cmp	r0, #2
 800263a:	d9f5      	bls.n	8002628 <HAL_RCC_OscConfig+0x158>
 800263c:	2003      	movs	r0, #3
 800263e:	e131      	b.n	80028a4 <HAL_RCC_OscConfig+0x3d4>
 8002640:	4a48      	ldr	r2, [pc, #288]	@ (8002764 <HAL_RCC_OscConfig+0x294>)
 8002642:	6813      	ldr	r3, [r2, #0]
 8002644:	f023 03f8 	bic.w	r3, r3, #248	@ 0xf8
 8002648:	6921      	ldr	r1, [r4, #16]
 800264a:	ea43 03c1 	orr.w	r3, r3, r1, lsl #3
 800264e:	6013      	str	r3, [r2, #0]
 8002650:	e7dd      	b.n	800260e <HAL_RCC_OscConfig+0x13e>
 8002652:	4b45      	ldr	r3, [pc, #276]	@ (8002768 <HAL_RCC_OscConfig+0x298>)
 8002654:	2200      	movs	r2, #0
 8002656:	601a      	str	r2, [r3, #0]
 8002658:	f7fe fcde 	bl	8001018 <HAL_GetTick>
 800265c:	4605      	mov	r5, r0
 800265e:	4b41      	ldr	r3, [pc, #260]	@ (8002764 <HAL_RCC_OscConfig+0x294>)
 8002660:	681b      	ldr	r3, [r3, #0]
 8002662:	f013 0f02 	tst.w	r3, #2
 8002666:	d0d2      	beq.n	800260e <HAL_RCC_OscConfig+0x13e>
 8002668:	f7fe fcd6 	bl	8001018 <HAL_GetTick>
 800266c:	1b40      	subs	r0, r0, r5
 800266e:	2802      	cmp	r0, #2
 8002670:	d9f5      	bls.n	800265e <HAL_RCC_OscConfig+0x18e>
 8002672:	2003      	movs	r0, #3
 8002674:	e116      	b.n	80028a4 <HAL_RCC_OscConfig+0x3d4>
 8002676:	4b3c      	ldr	r3, [pc, #240]	@ (8002768 <HAL_RCC_OscConfig+0x298>)
 8002678:	2200      	movs	r2, #0
 800267a:	f8c3 2e80 	str.w	r2, [r3, #3712]	@ 0xe80
 800267e:	f7fe fccb 	bl	8001018 <HAL_GetTick>
 8002682:	4605      	mov	r5, r0
 8002684:	4b37      	ldr	r3, [pc, #220]	@ (8002764 <HAL_RCC_OscConfig+0x294>)
 8002686:	6f5b      	ldr	r3, [r3, #116]	@ 0x74
 8002688:	f013 0f02 	tst.w	r3, #2
 800268c:	d006      	beq.n	800269c <HAL_RCC_OscConfig+0x1cc>
 800268e:	f7fe fcc3 	bl	8001018 <HAL_GetTick>
 8002692:	1b40      	subs	r0, r0, r5
 8002694:	2802      	cmp	r0, #2
 8002696:	d9f5      	bls.n	8002684 <HAL_RCC_OscConfig+0x1b4>
 8002698:	2003      	movs	r0, #3
 800269a:	e103      	b.n	80028a4 <HAL_RCC_OscConfig+0x3d4>
 800269c:	6823      	ldr	r3, [r4, #0]
 800269e:	f013 0f04 	tst.w	r3, #4
 80026a2:	d077      	beq.n	8002794 <HAL_RCC_OscConfig+0x2c4>
 80026a4:	4b2f      	ldr	r3, [pc, #188]	@ (8002764 <HAL_RCC_OscConfig+0x294>)
 80026a6:	6c1b      	ldr	r3, [r3, #64]	@ 0x40
 80026a8:	f013 5f80 	tst.w	r3, #268435456	@ 0x10000000
 80026ac:	d133      	bne.n	8002716 <HAL_RCC_OscConfig+0x246>
 80026ae:	2300      	movs	r3, #0
 80026b0:	9301      	str	r3, [sp, #4]
 80026b2:	4b2c      	ldr	r3, [pc, #176]	@ (8002764 <HAL_RCC_OscConfig+0x294>)
 80026b4:	6c1a      	ldr	r2, [r3, #64]	@ 0x40
 80026b6:	f042 5280 	orr.w	r2, r2, #268435456	@ 0x10000000
 80026ba:	641a      	str	r2, [r3, #64]	@ 0x40
 80026bc:	6c1b      	ldr	r3, [r3, #64]	@ 0x40
 80026be:	f003 5380 	and.w	r3, r3, #268435456	@ 0x10000000
 80026c2:	9301      	str	r3, [sp, #4]
 80026c4:	9b01      	ldr	r3, [sp, #4]
 80026c6:	2501      	movs	r5, #1
 80026c8:	4b28      	ldr	r3, [pc, #160]	@ (800276c <HAL_RCC_OscConfig+0x29c>)
 80026ca:	681b      	ldr	r3, [r3, #0]
 80026cc:	f413 7f80 	tst.w	r3, #256	@ 0x100
 80026d0:	d023      	beq.n	800271a <HAL_RCC_OscConfig+0x24a>
 80026d2:	68a3      	ldr	r3, [r4, #8]
 80026d4:	2b01      	cmp	r3, #1
 80026d6:	d034      	beq.n	8002742 <HAL_RCC_OscConfig+0x272>
 80026d8:	2b05      	cmp	r3, #5
 80026da:	d038      	beq.n	800274e <HAL_RCC_OscConfig+0x27e>
 80026dc:	4b21      	ldr	r3, [pc, #132]	@ (8002764 <HAL_RCC_OscConfig+0x294>)
 80026de:	6f1a      	ldr	r2, [r3, #112]	@ 0x70
 80026e0:	f022 0201 	bic.w	r2, r2, #1
 80026e4:	671a      	str	r2, [r3, #112]	@ 0x70
 80026e6:	6f1a      	ldr	r2, [r3, #112]	@ 0x70
 80026e8:	f022 0204 	bic.w	r2, r2, #4
 80026ec:	671a      	str	r2, [r3, #112]	@ 0x70
 80026ee:	68a3      	ldr	r3, [r4, #8]
 80026f0:	2b00      	cmp	r3, #0
 80026f2:	d03d      	beq.n	8002770 <HAL_RCC_OscConfig+0x2a0>
 80026f4:	f7fe fc90 	bl	8001018 <HAL_GetTick>
 80026f8:	4606      	mov	r6, r0
 80026fa:	4b1a      	ldr	r3, [pc, #104]	@ (8002764 <HAL_RCC_OscConfig+0x294>)
 80026fc:	6f1b      	ldr	r3, [r3, #112]	@ 0x70
 80026fe:	f013 0f02 	tst.w	r3, #2
 8002702:	d146      	bne.n	8002792 <HAL_RCC_OscConfig+0x2c2>
 8002704:	f7fe fc88 	bl	8001018 <HAL_GetTick>
 8002708:	1b80      	subs	r0, r0, r6
 800270a:	f241 3388 	movw	r3, #5000	@ 0x1388
 800270e:	4298      	cmp	r0, r3
 8002710:	d9f3      	bls.n	80026fa <HAL_RCC_OscConfig+0x22a>
 8002712:	2003      	movs	r0, #3
 8002714:	e0c6      	b.n	80028a4 <HAL_RCC_OscConfig+0x3d4>
 8002716:	2500      	movs	r5, #0
 8002718:	e7d6      	b.n	80026c8 <HAL_RCC_OscConfig+0x1f8>
 800271a:	4a14      	ldr	r2, [pc, #80]	@ (800276c <HAL_RCC_OscConfig+0x29c>)
 800271c:	6813      	ldr	r3, [r2, #0]
 800271e:	f443 7380 	orr.w	r3, r3, #256	@ 0x100
 8002722:	6013      	str	r3, [r2, #0]
 8002724:	f7fe fc78 	bl	8001018 <HAL_GetTick>
 8002728:	4606      	mov	r6, r0
 800272a:	4b10      	ldr	r3, [pc, #64]	@ (800276c <HAL_RCC_OscConfig+0x29c>)
 800272c:	681b      	ldr	r3, [r3, #0]
 800272e:	f413 7f80 	tst.w	r3, #256	@ 0x100
 8002732:	d1ce      	bne.n	80026d2 <HAL_RCC_OscConfig+0x202>
 8002734:	f7fe fc70 	bl	8001018 <HAL_GetTick>
 8002738:	1b80      	subs	r0, r0, r6
 800273a:	2802      	cmp	r0, #2
 800273c:	d9f5      	bls.n	800272a <HAL_RCC_OscConfig+0x25a>
 800273e:	2003      	movs	r0, #3
 8002740:	e0b0      	b.n	80028a4 <HAL_RCC_OscConfig+0x3d4>
 8002742:	4a08      	ldr	r2, [pc, #32]	@ (8002764 <HAL_RCC_OscConfig+0x294>)
 8002744:	6f13      	ldr	r3, [r2, #112]	@ 0x70
 8002746:	f043 0301 	orr.w	r3, r3, #1
 800274a:	6713      	str	r3, [r2, #112]	@ 0x70
 800274c:	e7cf      	b.n	80026ee <HAL_RCC_OscConfig+0x21e>
 800274e:	4b05      	ldr	r3, [pc, #20]	@ (8002764 <HAL_RCC_OscConfig+0x294>)
 8002750:	6f1a      	ldr	r2, [r3, #112]	@ 0x70
 8002752:	f042 0204 	orr.w	r2, r2, #4
 8002756:	671a      	str	r2, [r3, #112]	@ 0x70
 8002758:	6f1a      	ldr	r2, [r3, #112]	@ 0x70
 800275a:	f042 0201 	orr.w	r2, r2, #1
 800275e:	671a      	str	r2, [r3, #112]	@ 0x70
 8002760:	e7c5      	b.n	80026ee <HAL_RCC_OscConfig+0x21e>
 8002762:	bf00      	nop
 8002764:	40023800 	.word	0x40023800
 8002768:	42470000 	.word	0x42470000
 800276c:	40007000 	.word	0x40007000
 8002770:	f7fe fc52 	bl	8001018 <HAL_GetTick>
 8002774:	4606      	mov	r6, r0
 8002776:	4b52      	ldr	r3, [pc, #328]	@ (80028c0 <HAL_RCC_OscConfig+0x3f0>)
 8002778:	6f1b      	ldr	r3, [r3, #112]	@ 0x70
 800277a:	f013 0f02 	tst.w	r3, #2
 800277e:	d008      	beq.n	8002792 <HAL_RCC_OscConfig+0x2c2>
 8002780:	f7fe fc4a 	bl	8001018 <HAL_GetTick>
 8002784:	1b80      	subs	r0, r0, r6
 8002786:	f241 3388 	movw	r3, #5000	@ 0x1388
 800278a:	4298      	cmp	r0, r3
 800278c:	d9f3      	bls.n	8002776 <HAL_RCC_OscConfig+0x2a6>
 800278e:	2003      	movs	r0, #3
 8002790:	e088      	b.n	80028a4 <HAL_RCC_OscConfig+0x3d4>
 8002792:	b9ed      	cbnz	r5, 80027d0 <HAL_RCC_OscConfig+0x300>
 8002794:	69a3      	ldr	r3, [r4, #24]
 8002796:	2b00      	cmp	r3, #0
 8002798:	f000 8083 	beq.w	80028a2 <HAL_RCC_OscConfig+0x3d2>
 800279c:	4a48      	ldr	r2, [pc, #288]	@ (80028c0 <HAL_RCC_OscConfig+0x3f0>)
 800279e:	6892      	ldr	r2, [r2, #8]
 80027a0:	f002 020c 	and.w	r2, r2, #12
 80027a4:	2a08      	cmp	r2, #8
 80027a6:	d051      	beq.n	800284c <HAL_RCC_OscConfig+0x37c>
 80027a8:	2b02      	cmp	r3, #2
 80027aa:	d017      	beq.n	80027dc <HAL_RCC_OscConfig+0x30c>
 80027ac:	4b45      	ldr	r3, [pc, #276]	@ (80028c4 <HAL_RCC_OscConfig+0x3f4>)
 80027ae:	2200      	movs	r2, #0
 80027b0:	661a      	str	r2, [r3, #96]	@ 0x60
 80027b2:	f7fe fc31 	bl	8001018 <HAL_GetTick>
 80027b6:	4604      	mov	r4, r0
 80027b8:	4b41      	ldr	r3, [pc, #260]	@ (80028c0 <HAL_RCC_OscConfig+0x3f0>)
 80027ba:	681b      	ldr	r3, [r3, #0]
 80027bc:	f013 7f00 	tst.w	r3, #33554432	@ 0x2000000
 80027c0:	d042      	beq.n	8002848 <HAL_RCC_OscConfig+0x378>
 80027c2:	f7fe fc29 	bl	8001018 <HAL_GetTick>
 80027c6:	1b00      	subs	r0, r0, r4
 80027c8:	2802      	cmp	r0, #2
 80027ca:	d9f5      	bls.n	80027b8 <HAL_RCC_OscConfig+0x2e8>
 80027cc:	2003      	movs	r0, #3
 80027ce:	e069      	b.n	80028a4 <HAL_RCC_OscConfig+0x3d4>
 80027d0:	4a3b      	ldr	r2, [pc, #236]	@ (80028c0 <HAL_RCC_OscConfig+0x3f0>)
 80027d2:	6c13      	ldr	r3, [r2, #64]	@ 0x40
 80027d4:	f023 5380 	bic.w	r3, r3, #268435456	@ 0x10000000
 80027d8:	6413      	str	r3, [r2, #64]	@ 0x40
 80027da:	e7db      	b.n	8002794 <HAL_RCC_OscConfig+0x2c4>
 80027dc:	4b39      	ldr	r3, [pc, #228]	@ (80028c4 <HAL_RCC_OscConfig+0x3f4>)
 80027de:	2200      	movs	r2, #0
 80027e0:	661a      	str	r2, [r3, #96]	@ 0x60
 80027e2:	f7fe fc19 	bl	8001018 <HAL_GetTick>
 80027e6:	4605      	mov	r5, r0
 80027e8:	4b35      	ldr	r3, [pc, #212]	@ (80028c0 <HAL_RCC_OscConfig+0x3f0>)
 80027ea:	681b      	ldr	r3, [r3, #0]
 80027ec:	f013 7f00 	tst.w	r3, #33554432	@ 0x2000000
 80027f0:	d006      	beq.n	8002800 <HAL_RCC_OscConfig+0x330>
 80027f2:	f7fe fc11 	bl	8001018 <HAL_GetTick>
 80027f6:	1b40      	subs	r0, r0, r5
 80027f8:	2802      	cmp	r0, #2
 80027fa:	d9f5      	bls.n	80027e8 <HAL_RCC_OscConfig+0x318>
 80027fc:	2003      	movs	r0, #3
 80027fe:	e051      	b.n	80028a4 <HAL_RCC_OscConfig+0x3d4>
 8002800:	69e3      	ldr	r3, [r4, #28]
 8002802:	6a22      	ldr	r2, [r4, #32]
 8002804:	4313      	orrs	r3, r2
 8002806:	6a62      	ldr	r2, [r4, #36]	@ 0x24
 8002808:	ea43 1382 	orr.w	r3, r3, r2, lsl #6
 800280c:	6aa2      	ldr	r2, [r4, #40]	@ 0x28
 800280e:	0852      	lsrs	r2, r2, #1
 8002810:	3a01      	subs	r2, #1
 8002812:	ea43 4302 	orr.w	r3, r3, r2, lsl #16
 8002816:	6ae2      	ldr	r2, [r4, #44]	@ 0x2c
 8002818:	ea43 6302 	orr.w	r3, r3, r2, lsl #24
 800281c:	4a28      	ldr	r2, [pc, #160]	@ (80028c0 <HAL_RCC_OscConfig+0x3f0>)
 800281e:	6053      	str	r3, [r2, #4]
 8002820:	4b28      	ldr	r3, [pc, #160]	@ (80028c4 <HAL_RCC_OscConfig+0x3f4>)
 8002822:	2201      	movs	r2, #1
 8002824:	661a      	str	r2, [r3, #96]	@ 0x60
 8002826:	f7fe fbf7 	bl	8001018 <HAL_GetTick>
 800282a:	4604      	mov	r4, r0
 800282c:	4b24      	ldr	r3, [pc, #144]	@ (80028c0 <HAL_RCC_OscConfig+0x3f0>)
 800282e:	681b      	ldr	r3, [r3, #0]
 8002830:	f013 7f00 	tst.w	r3, #33554432	@ 0x2000000
 8002834:	d106      	bne.n	8002844 <HAL_RCC_OscConfig+0x374>
 8002836:	f7fe fbef 	bl	8001018 <HAL_GetTick>
 800283a:	1b00      	subs	r0, r0, r4
 800283c:	2802      	cmp	r0, #2
 800283e:	d9f5      	bls.n	800282c <HAL_RCC_OscConfig+0x35c>
 8002840:	2003      	movs	r0, #3
 8002842:	e02f      	b.n	80028a4 <HAL_RCC_OscConfig+0x3d4>
 8002844:	2000      	movs	r0, #0
 8002846:	e02d      	b.n	80028a4 <HAL_RCC_OscConfig+0x3d4>
 8002848:	2000      	movs	r0, #0
 800284a:	e02b      	b.n	80028a4 <HAL_RCC_OscConfig+0x3d4>
 800284c:	2b01      	cmp	r3, #1
 800284e:	d02b      	beq.n	80028a8 <HAL_RCC_OscConfig+0x3d8>
 8002850:	4b1b      	ldr	r3, [pc, #108]	@ (80028c0 <HAL_RCC_OscConfig+0x3f0>)
 8002852:	685b      	ldr	r3, [r3, #4]
 8002854:	f403 0180 	and.w	r1, r3, #4194304	@ 0x400000
 8002858:	69e2      	ldr	r2, [r4, #28]
 800285a:	4291      	cmp	r1, r2
 800285c:	d126      	bne.n	80028ac <HAL_RCC_OscConfig+0x3dc>
 800285e:	f003 023f 	and.w	r2, r3, #63	@ 0x3f
 8002862:	6a21      	ldr	r1, [r4, #32]
 8002864:	428a      	cmp	r2, r1
 8002866:	d123      	bne.n	80028b0 <HAL_RCC_OscConfig+0x3e0>
 8002868:	6a61      	ldr	r1, [r4, #36]	@ 0x24
 800286a:	f647 72c0 	movw	r2, #32704	@ 0x7fc0
 800286e:	401a      	ands	r2, r3
 8002870:	ebb2 1f81 	cmp.w	r2, r1, lsl #6
 8002874:	d11e      	bne.n	80028b4 <HAL_RCC_OscConfig+0x3e4>
 8002876:	f403 3140 	and.w	r1, r3, #196608	@ 0x30000
 800287a:	6aa2      	ldr	r2, [r4, #40]	@ 0x28
 800287c:	0852      	lsrs	r2, r2, #1
 800287e:	3a01      	subs	r2, #1
 8002880:	ebb1 4f02 	cmp.w	r1, r2, lsl #16
 8002884:	d118      	bne.n	80028b8 <HAL_RCC_OscConfig+0x3e8>
 8002886:	f003 6370 	and.w	r3, r3, #251658240	@ 0xf000000
 800288a:	6ae2      	ldr	r2, [r4, #44]	@ 0x2c
 800288c:	ebb3 6f02 	cmp.w	r3, r2, lsl #24
 8002890:	d114      	bne.n	80028bc <HAL_RCC_OscConfig+0x3ec>
 8002892:	2000      	movs	r0, #0
 8002894:	e006      	b.n	80028a4 <HAL_RCC_OscConfig+0x3d4>
 8002896:	2001      	movs	r0, #1
 8002898:	4770      	bx	lr
 800289a:	2001      	movs	r0, #1
 800289c:	e002      	b.n	80028a4 <HAL_RCC_OscConfig+0x3d4>
 800289e:	2001      	movs	r0, #1
 80028a0:	e000      	b.n	80028a4 <HAL_RCC_OscConfig+0x3d4>
 80028a2:	2000      	movs	r0, #0
 80028a4:	b002      	add	sp, #8
 80028a6:	bd70      	pop	{r4, r5, r6, pc}
 80028a8:	2001      	movs	r0, #1
 80028aa:	e7fb      	b.n	80028a4 <HAL_RCC_OscConfig+0x3d4>
 80028ac:	2001      	movs	r0, #1
 80028ae:	e7f9      	b.n	80028a4 <HAL_RCC_OscConfig+0x3d4>
 80028b0:	2001      	movs	r0, #1
 80028b2:	e7f7      	b.n	80028a4 <HAL_RCC_OscConfig+0x3d4>
 80028b4:	2001      	movs	r0, #1
 80028b6:	e7f5      	b.n	80028a4 <HAL_RCC_OscConfig+0x3d4>
 80028b8:	2001      	movs	r0, #1
 80028ba:	e7f3      	b.n	80028a4 <HAL_RCC_OscConfig+0x3d4>
 80028bc:	2001      	movs	r0, #1
 80028be:	e7f1      	b.n	80028a4 <HAL_RCC_OscConfig+0x3d4>
 80028c0:	40023800 	.word	0x40023800
 80028c4:	42470000 	.word	0x42470000

080028c8 <HAL_RCC_EnableCSS>:
 80028c8:	4b01      	ldr	r3, [pc, #4]	@ (80028d0 <HAL_RCC_EnableCSS+0x8>)
 80028ca:	2201      	movs	r2, #1
 80028cc:	64da      	str	r2, [r3, #76]	@ 0x4c
 80028ce:	4770      	bx	lr
 80028d0:	42470000 	.word	0x42470000

080028d4 <HAL_RCC_GetSysClockFreq>:
 80028d4:	b508      	push	{r3, lr}
 80028d6:	4b26      	ldr	r3, [pc, #152]	@ (8002970 <HAL_RCC_GetSysClockFreq+0x9c>)
 80028d8:	689b      	ldr	r3, [r3, #8]
 80028da:	f003 030c 	and.w	r3, r3, #12
 80028de:	2b04      	cmp	r3, #4
 80028e0:	d041      	beq.n	8002966 <HAL_RCC_GetSysClockFreq+0x92>
 80028e2:	2b08      	cmp	r3, #8
 80028e4:	d141      	bne.n	800296a <HAL_RCC_GetSysClockFreq+0x96>
 80028e6:	4b22      	ldr	r3, [pc, #136]	@ (8002970 <HAL_RCC_GetSysClockFreq+0x9c>)
 80028e8:	685a      	ldr	r2, [r3, #4]
 80028ea:	f002 023f 	and.w	r2, r2, #63	@ 0x3f
 80028ee:	685b      	ldr	r3, [r3, #4]
 80028f0:	f413 0f80 	tst.w	r3, #4194304	@ 0x400000
 80028f4:	d012      	beq.n	800291c <HAL_RCC_GetSysClockFreq+0x48>
 80028f6:	4b1e      	ldr	r3, [pc, #120]	@ (8002970 <HAL_RCC_GetSysClockFreq+0x9c>)
 80028f8:	6859      	ldr	r1, [r3, #4]
 80028fa:	f3c1 1188 	ubfx	r1, r1, #6, #9
 80028fe:	481d      	ldr	r0, [pc, #116]	@ (8002974 <HAL_RCC_GetSysClockFreq+0xa0>)
 8002900:	2300      	movs	r3, #0
 8002902:	fba1 0100 	umull	r0, r1, r1, r0
 8002906:	f7fd fc47 	bl	8000198 <__aeabi_uldivmod>
 800290a:	4b19      	ldr	r3, [pc, #100]	@ (8002970 <HAL_RCC_GetSysClockFreq+0x9c>)
 800290c:	685b      	ldr	r3, [r3, #4]
 800290e:	f3c3 4301 	ubfx	r3, r3, #16, #2
 8002912:	3301      	adds	r3, #1
 8002914:	005b      	lsls	r3, r3, #1
 8002916:	fbb0 f0f3 	udiv	r0, r0, r3
 800291a:	bd08      	pop	{r3, pc}
 800291c:	4b14      	ldr	r3, [pc, #80]	@ (8002970 <HAL_RCC_GetSysClockFreq+0x9c>)
 800291e:	6858      	ldr	r0, [r3, #4]
 8002920:	f3c0 1088 	ubfx	r0, r0, #6, #9
 8002924:	ea4f 1c40 	mov.w	ip, r0, lsl #5
 8002928:	ebbc 0c00 	subs.w	ip, ip, r0
 800292c:	eb6e 0e0e 	sbc.w	lr, lr, lr
 8002930:	ea4f 138e 	mov.w	r3, lr, lsl #6
 8002934:	ea43 639c 	orr.w	r3, r3, ip, lsr #26
 8002938:	ea4f 118c 	mov.w	r1, ip, lsl #6
 800293c:	ebb1 010c 	subs.w	r1, r1, ip
 8002940:	eb63 030e 	sbc.w	r3, r3, lr
 8002944:	00db      	lsls	r3, r3, #3
 8002946:	ea43 7351 	orr.w	r3, r3, r1, lsr #29
 800294a:	00c9      	lsls	r1, r1, #3
 800294c:	eb11 0c00 	adds.w	ip, r1, r0
 8002950:	f143 0300 	adc.w	r3, r3, #0
 8002954:	0299      	lsls	r1, r3, #10
 8002956:	2300      	movs	r3, #0
 8002958:	ea4f 208c 	mov.w	r0, ip, lsl #10
 800295c:	ea41 519c 	orr.w	r1, r1, ip, lsr #22
 8002960:	f7fd fc1a 	bl	8000198 <__aeabi_uldivmod>
 8002964:	e7d1      	b.n	800290a <HAL_RCC_GetSysClockFreq+0x36>
 8002966:	4803      	ldr	r0, [pc, #12]	@ (8002974 <HAL_RCC_GetSysClockFreq+0xa0>)
 8002968:	e7d7      	b.n	800291a <HAL_RCC_GetSysClockFreq+0x46>
 800296a:	4803      	ldr	r0, [pc, #12]	@ (8002978 <HAL_RCC_GetSysClockFreq+0xa4>)
 800296c:	e7d5      	b.n	800291a <HAL_RCC_GetSysClockFreq+0x46>
 800296e:	bf00      	nop
 8002970:	40023800 	.word	0x40023800
 8002974:	017d7840 	.word	0x017d7840
 8002978:	00f42400 	.word	0x00f42400

0800297c <HAL_RCC_ClockConfig>:
 800297c:	2800      	cmp	r0, #0
 800297e:	f000 809b 	beq.w	8002ab8 <HAL_RCC_ClockConfig+0x13c>
 8002982:	b570      	push	{r4, r5, r6, lr}
 8002984:	460d      	mov	r5, r1
 8002986:	4604      	mov	r4, r0
 8002988:	4b4f      	ldr	r3, [pc, #316]	@ (8002ac8 <HAL_RCC_ClockConfig+0x14c>)
 800298a:	681b      	ldr	r3, [r3, #0]
 800298c:	f003 0307 	and.w	r3, r3, #7
 8002990:	428b      	cmp	r3, r1
 8002992:	d208      	bcs.n	80029a6 <HAL_RCC_ClockConfig+0x2a>
 8002994:	b2cb      	uxtb	r3, r1
 8002996:	4a4c      	ldr	r2, [pc, #304]	@ (8002ac8 <HAL_RCC_ClockConfig+0x14c>)
 8002998:	7013      	strb	r3, [r2, #0]
 800299a:	6813      	ldr	r3, [r2, #0]
 800299c:	f003 0307 	and.w	r3, r3, #7
 80029a0:	428b      	cmp	r3, r1
 80029a2:	f040 808b 	bne.w	8002abc <HAL_RCC_ClockConfig+0x140>
 80029a6:	6823      	ldr	r3, [r4, #0]
 80029a8:	f013 0f02 	tst.w	r3, #2
 80029ac:	d017      	beq.n	80029de <HAL_RCC_ClockConfig+0x62>
 80029ae:	f013 0f04 	tst.w	r3, #4
 80029b2:	d004      	beq.n	80029be <HAL_RCC_ClockConfig+0x42>
 80029b4:	4a45      	ldr	r2, [pc, #276]	@ (8002acc <HAL_RCC_ClockConfig+0x150>)
 80029b6:	6893      	ldr	r3, [r2, #8]
 80029b8:	f443 53e0 	orr.w	r3, r3, #7168	@ 0x1c00
 80029bc:	6093      	str	r3, [r2, #8]
 80029be:	6823      	ldr	r3, [r4, #0]
 80029c0:	f013 0f08 	tst.w	r3, #8
 80029c4:	d004      	beq.n	80029d0 <HAL_RCC_ClockConfig+0x54>
 80029c6:	4a41      	ldr	r2, [pc, #260]	@ (8002acc <HAL_RCC_ClockConfig+0x150>)
 80029c8:	6893      	ldr	r3, [r2, #8]
 80029ca:	f443 4360 	orr.w	r3, r3, #57344	@ 0xe000
 80029ce:	6093      	str	r3, [r2, #8]
 80029d0:	4a3e      	ldr	r2, [pc, #248]	@ (8002acc <HAL_RCC_ClockConfig+0x150>)
 80029d2:	6893      	ldr	r3, [r2, #8]
 80029d4:	f023 03f0 	bic.w	r3, r3, #240	@ 0xf0
 80029d8:	68a1      	ldr	r1, [r4, #8]
 80029da:	430b      	orrs	r3, r1
 80029dc:	6093      	str	r3, [r2, #8]
 80029de:	6823      	ldr	r3, [r4, #0]
 80029e0:	f013 0f01 	tst.w	r3, #1
 80029e4:	d032      	beq.n	8002a4c <HAL_RCC_ClockConfig+0xd0>
 80029e6:	6863      	ldr	r3, [r4, #4]
 80029e8:	2b01      	cmp	r3, #1
 80029ea:	d021      	beq.n	8002a30 <HAL_RCC_ClockConfig+0xb4>
 80029ec:	1e9a      	subs	r2, r3, #2
 80029ee:	2a01      	cmp	r2, #1
 80029f0:	d925      	bls.n	8002a3e <HAL_RCC_ClockConfig+0xc2>
 80029f2:	4a36      	ldr	r2, [pc, #216]	@ (8002acc <HAL_RCC_ClockConfig+0x150>)
 80029f4:	6812      	ldr	r2, [r2, #0]
 80029f6:	f012 0f02 	tst.w	r2, #2
 80029fa:	d061      	beq.n	8002ac0 <HAL_RCC_ClockConfig+0x144>
 80029fc:	4933      	ldr	r1, [pc, #204]	@ (8002acc <HAL_RCC_ClockConfig+0x150>)
 80029fe:	688a      	ldr	r2, [r1, #8]
 8002a00:	f022 0203 	bic.w	r2, r2, #3
 8002a04:	4313      	orrs	r3, r2
 8002a06:	608b      	str	r3, [r1, #8]
 8002a08:	f7fe fb06 	bl	8001018 <HAL_GetTick>
 8002a0c:	4606      	mov	r6, r0
 8002a0e:	4b2f      	ldr	r3, [pc, #188]	@ (8002acc <HAL_RCC_ClockConfig+0x150>)
 8002a10:	689b      	ldr	r3, [r3, #8]
 8002a12:	f003 030c 	and.w	r3, r3, #12
 8002a16:	6862      	ldr	r2, [r4, #4]
 8002a18:	ebb3 0f82 	cmp.w	r3, r2, lsl #2
 8002a1c:	d016      	beq.n	8002a4c <HAL_RCC_ClockConfig+0xd0>
 8002a1e:	f7fe fafb 	bl	8001018 <HAL_GetTick>
 8002a22:	1b80      	subs	r0, r0, r6
 8002a24:	f241 3388 	movw	r3, #5000	@ 0x1388
 8002a28:	4298      	cmp	r0, r3
 8002a2a:	d9f0      	bls.n	8002a0e <HAL_RCC_ClockConfig+0x92>
 8002a2c:	2003      	movs	r0, #3
 8002a2e:	e042      	b.n	8002ab6 <HAL_RCC_ClockConfig+0x13a>
 8002a30:	4a26      	ldr	r2, [pc, #152]	@ (8002acc <HAL_RCC_ClockConfig+0x150>)
 8002a32:	6812      	ldr	r2, [r2, #0]
 8002a34:	f412 3f00 	tst.w	r2, #131072	@ 0x20000
 8002a38:	d1e0      	bne.n	80029fc <HAL_RCC_ClockConfig+0x80>
 8002a3a:	2001      	movs	r0, #1
 8002a3c:	e03b      	b.n	8002ab6 <HAL_RCC_ClockConfig+0x13a>
 8002a3e:	4a23      	ldr	r2, [pc, #140]	@ (8002acc <HAL_RCC_ClockConfig+0x150>)
 8002a40:	6812      	ldr	r2, [r2, #0]
 8002a42:	f012 7f00 	tst.w	r2, #33554432	@ 0x2000000
 8002a46:	d1d9      	bne.n	80029fc <HAL_RCC_ClockConfig+0x80>
 8002a48:	2001      	movs	r0, #1
 8002a4a:	e034      	b.n	8002ab6 <HAL_RCC_ClockConfig+0x13a>
 8002a4c:	4b1e      	ldr	r3, [pc, #120]	@ (8002ac8 <HAL_RCC_ClockConfig+0x14c>)
 8002a4e:	681b      	ldr	r3, [r3, #0]
 8002a50:	f003 0307 	and.w	r3, r3, #7
 8002a54:	42ab      	cmp	r3, r5
 8002a56:	d907      	bls.n	8002a68 <HAL_RCC_ClockConfig+0xec>
 8002a58:	b2ea      	uxtb	r2, r5
 8002a5a:	4b1b      	ldr	r3, [pc, #108]	@ (8002ac8 <HAL_RCC_ClockConfig+0x14c>)
 8002a5c:	701a      	strb	r2, [r3, #0]
 8002a5e:	681b      	ldr	r3, [r3, #0]
 8002a60:	f003 0307 	and.w	r3, r3, #7
 8002a64:	42ab      	cmp	r3, r5
 8002a66:	d12d      	bne.n	8002ac4 <HAL_RCC_ClockConfig+0x148>
 8002a68:	6823      	ldr	r3, [r4, #0]
 8002a6a:	f013 0f04 	tst.w	r3, #4
 8002a6e:	d006      	beq.n	8002a7e <HAL_RCC_ClockConfig+0x102>
 8002a70:	4a16      	ldr	r2, [pc, #88]	@ (8002acc <HAL_RCC_ClockConfig+0x150>)
 8002a72:	6893      	ldr	r3, [r2, #8]
 8002a74:	f423 53e0 	bic.w	r3, r3, #7168	@ 0x1c00
 8002a78:	68e1      	ldr	r1, [r4, #12]
 8002a7a:	430b      	orrs	r3, r1
 8002a7c:	6093      	str	r3, [r2, #8]
 8002a7e:	6823      	ldr	r3, [r4, #0]
 8002a80:	f013 0f08 	tst.w	r3, #8
 8002a84:	d007      	beq.n	8002a96 <HAL_RCC_ClockConfig+0x11a>
 8002a86:	4a11      	ldr	r2, [pc, #68]	@ (8002acc <HAL_RCC_ClockConfig+0x150>)
 8002a88:	6893      	ldr	r3, [r2, #8]
 8002a8a:	f423 4360 	bic.w	r3, r3, #57344	@ 0xe000
 8002a8e:	6921      	ldr	r1, [r4, #16]
 8002a90:	ea43 03c1 	orr.w	r3, r3, r1, lsl #3
 8002a94:	6093      	str	r3, [r2, #8]
 8002a96:	f7ff ff1d 	bl	80028d4 <HAL_RCC_GetSysClockFreq>
 8002a9a:	4b0c      	ldr	r3, [pc, #48]	@ (8002acc <HAL_RCC_ClockConfig+0x150>)
 8002a9c:	689b      	ldr	r3, [r3, #8]
 8002a9e:	f3c3 1303 	ubfx	r3, r3, #4, #4
 8002aa2:	4a0b      	ldr	r2, [pc, #44]	@ (8002ad0 <HAL_RCC_ClockConfig+0x154>)
 8002aa4:	5cd3      	ldrb	r3, [r2, r3]
 8002aa6:	40d8      	lsrs	r0, r3
 8002aa8:	4b0a      	ldr	r3, [pc, #40]	@ (8002ad4 <HAL_RCC_ClockConfig+0x158>)
 8002aaa:	6018      	str	r0, [r3, #0]
 8002aac:	4b0a      	ldr	r3, [pc, #40]	@ (8002ad8 <HAL_RCC_ClockConfig+0x15c>)
 8002aae:	6818      	ldr	r0, [r3, #0]
 8002ab0:	f7fe fa66 	bl	8000f80 <HAL_InitTick>
 8002ab4:	2000      	movs	r0, #0
 8002ab6:	bd70      	pop	{r4, r5, r6, pc}
 8002ab8:	2001      	movs	r0, #1
 8002aba:	4770      	bx	lr
 8002abc:	2001      	movs	r0, #1
 8002abe:	e7fa      	b.n	8002ab6 <HAL_RCC_ClockConfig+0x13a>
 8002ac0:	2001      	movs	r0, #1
 8002ac2:	e7f8      	b.n	8002ab6 <HAL_RCC_ClockConfig+0x13a>
 8002ac4:	2001      	movs	r0, #1
 8002ac6:	e7f6      	b.n	8002ab6 <HAL_RCC_ClockConfig+0x13a>
 8002ac8:	40023c00 	.word	0x40023c00
 8002acc:	40023800 	.word	0x40023800
 8002ad0:	08003ff0 	.word	0x08003ff0
 8002ad4:	20000018 	.word	0x20000018
 8002ad8:	20000014 	.word	0x20000014

08002adc <HAL_RCC_GetHCLKFreq>:
 8002adc:	4b01      	ldr	r3, [pc, #4]	@ (8002ae4 <HAL_RCC_GetHCLKFreq+0x8>)
 8002ade:	6818      	ldr	r0, [r3, #0]
 8002ae0:	4770      	bx	lr
 8002ae2:	bf00      	nop
 8002ae4:	20000018 	.word	0x20000018

08002ae8 <HAL_RCC_GetPCLK1Freq>:
 8002ae8:	b508      	push	{r3, lr}
 8002aea:	f7ff fff7 	bl	8002adc <HAL_RCC_GetHCLKFreq>
 8002aee:	4b04      	ldr	r3, [pc, #16]	@ (8002b00 <HAL_RCC_GetPCLK1Freq+0x18>)
 8002af0:	689b      	ldr	r3, [r3, #8]
 8002af2:	f3c3 2382 	ubfx	r3, r3, #10, #3
 8002af6:	4a03      	ldr	r2, [pc, #12]	@ (8002b04 <HAL_RCC_GetPCLK1Freq+0x1c>)
 8002af8:	5cd3      	ldrb	r3, [r2, r3]
 8002afa:	40d8      	lsrs	r0, r3
 8002afc:	bd08      	pop	{r3, pc}
 8002afe:	bf00      	nop
 8002b00:	40023800 	.word	0x40023800
 8002b04:	08003fe8 	.word	0x08003fe8

08002b08 <HAL_RCC_CSSCallback>:
 8002b08:	4770      	bx	lr
	...

08002b0c <HAL_RCC_NMI_IRQHandler>:
 8002b0c:	b508      	push	{r3, lr}
 8002b0e:	4b06      	ldr	r3, [pc, #24]	@ (8002b28 <HAL_RCC_NMI_IRQHandler+0x1c>)
 8002b10:	68db      	ldr	r3, [r3, #12]
 8002b12:	f013 0f80 	tst.w	r3, #128	@ 0x80
 8002b16:	d100      	bne.n	8002b1a <HAL_RCC_NMI_IRQHandler+0xe>
 8002b18:	bd08      	pop	{r3, pc}
 8002b1a:	f7ff fff5 	bl	8002b08 <HAL_RCC_CSSCallback>
 8002b1e:	4b02      	ldr	r3, [pc, #8]	@ (8002b28 <HAL_RCC_NMI_IRQHandler+0x1c>)
 8002b20:	2280      	movs	r2, #128	@ 0x80
 8002b22:	739a      	strb	r2, [r3, #14]
 8002b24:	e7f8      	b.n	8002b18 <HAL_RCC_NMI_IRQHandler+0xc>
 8002b26:	bf00      	nop
 8002b28:	40023800 	.word	0x40023800

08002b2c <SPI_WaitFlagStateUntilTimeout>:
 8002b2c:	e92d 47f0 	stmdb	sp!, {r4, r5, r6, r7, r8, r9, sl, lr}
 8002b30:	b082      	sub	sp, #8
 8002b32:	4605      	mov	r5, r0
 8002b34:	4688      	mov	r8, r1
 8002b36:	4617      	mov	r7, r2
 8002b38:	461e      	mov	r6, r3
 8002b3a:	f7fe fa6d 	bl	8001018 <HAL_GetTick>
 8002b3e:	9b0a      	ldr	r3, [sp, #40]	@ 0x28
 8002b40:	1a1b      	subs	r3, r3, r0
 8002b42:	eb03 0906 	add.w	r9, r3, r6
 8002b46:	f7fe fa67 	bl	8001018 <HAL_GetTick>
 8002b4a:	4682      	mov	sl, r0
 8002b4c:	4b28      	ldr	r3, [pc, #160]	@ (8002bf0 <SPI_WaitFlagStateUntilTimeout+0xc4>)
 8002b4e:	681b      	ldr	r3, [r3, #0]
 8002b50:	f3c3 33cb 	ubfx	r3, r3, #15, #12
 8002b54:	fb09 f303 	mul.w	r3, r9, r3
 8002b58:	9301      	str	r3, [sp, #4]
 8002b5a:	682b      	ldr	r3, [r5, #0]
 8002b5c:	689c      	ldr	r4, [r3, #8]
 8002b5e:	ea38 0404 	bics.w	r4, r8, r4
 8002b62:	bf0c      	ite	eq
 8002b64:	2301      	moveq	r3, #1
 8002b66:	2300      	movne	r3, #0
 8002b68:	42bb      	cmp	r3, r7
 8002b6a:	d03d      	beq.n	8002be8 <SPI_WaitFlagStateUntilTimeout+0xbc>
 8002b6c:	f1b6 3fff 	cmp.w	r6, #4294967295
 8002b70:	d0f3      	beq.n	8002b5a <SPI_WaitFlagStateUntilTimeout+0x2e>
 8002b72:	f7fe fa51 	bl	8001018 <HAL_GetTick>
 8002b76:	eba0 000a 	sub.w	r0, r0, sl
 8002b7a:	4548      	cmp	r0, r9
 8002b7c:	d203      	bcs.n	8002b86 <SPI_WaitFlagStateUntilTimeout+0x5a>
 8002b7e:	9b01      	ldr	r3, [sp, #4]
 8002b80:	bb73      	cbnz	r3, 8002be0 <SPI_WaitFlagStateUntilTimeout+0xb4>
 8002b82:	4699      	mov	r9, r3
 8002b84:	e7e9      	b.n	8002b5a <SPI_WaitFlagStateUntilTimeout+0x2e>
 8002b86:	682a      	ldr	r2, [r5, #0]
 8002b88:	6853      	ldr	r3, [r2, #4]
 8002b8a:	f023 03e0 	bic.w	r3, r3, #224	@ 0xe0
 8002b8e:	6053      	str	r3, [r2, #4]
 8002b90:	686b      	ldr	r3, [r5, #4]
 8002b92:	f5b3 7f82 	cmp.w	r3, #260	@ 0x104
 8002b96:	d00b      	beq.n	8002bb0 <SPI_WaitFlagStateUntilTimeout+0x84>
 8002b98:	6aab      	ldr	r3, [r5, #40]	@ 0x28
 8002b9a:	f5b3 5f00 	cmp.w	r3, #8192	@ 0x2000
 8002b9e:	d014      	beq.n	8002bca <SPI_WaitFlagStateUntilTimeout+0x9e>
 8002ba0:	2301      	movs	r3, #1
 8002ba2:	f885 3051 	strb.w	r3, [r5, #81]	@ 0x51
 8002ba6:	2300      	movs	r3, #0
 8002ba8:	f885 3050 	strb.w	r3, [r5, #80]	@ 0x50
 8002bac:	2003      	movs	r0, #3
 8002bae:	e01c      	b.n	8002bea <SPI_WaitFlagStateUntilTimeout+0xbe>
 8002bb0:	68ab      	ldr	r3, [r5, #8]
 8002bb2:	f5b3 4f00 	cmp.w	r3, #32768	@ 0x8000
 8002bb6:	d002      	beq.n	8002bbe <SPI_WaitFlagStateUntilTimeout+0x92>
 8002bb8:	f5b3 6f80 	cmp.w	r3, #1024	@ 0x400
 8002bbc:	d1ec      	bne.n	8002b98 <SPI_WaitFlagStateUntilTimeout+0x6c>
 8002bbe:	682a      	ldr	r2, [r5, #0]
 8002bc0:	6813      	ldr	r3, [r2, #0]
 8002bc2:	f023 0340 	bic.w	r3, r3, #64	@ 0x40
 8002bc6:	6013      	str	r3, [r2, #0]
 8002bc8:	e7e6      	b.n	8002b98 <SPI_WaitFlagStateUntilTimeout+0x6c>
 8002bca:	682a      	ldr	r2, [r5, #0]
 8002bcc:	6813      	ldr	r3, [r2, #0]
 8002bce:	f423 5300 	bic.w	r3, r3, #8192	@ 0x2000
 8002bd2:	6013      	str	r3, [r2, #0]
 8002bd4:	682a      	ldr	r2, [r5, #0]
 8002bd6:	6813      	ldr	r3, [r2, #0]
 8002bd8:	f443 5300 	orr.w	r3, r3, #8192	@ 0x2000
 8002bdc:	6013      	str	r3, [r2, #0]
 8002bde:	e7df      	b.n	8002ba0 <SPI_WaitFlagStateUntilTimeout+0x74>
 8002be0:	9b01      	ldr	r3, [sp, #4]
 8002be2:	3b01      	subs	r3, #1
 8002be4:	9301      	str	r3, [sp, #4]
 8002be6:	e7b8      	b.n	8002b5a <SPI_WaitFlagStateUntilTimeout+0x2e>
 8002be8:	2000      	movs	r0, #0
 8002bea:	b002      	add	sp, #8
 8002bec:	e8bd 87f0 	ldmia.w	sp!, {r4, r5, r6, r7, r8, r9, sl, pc}
 8002bf0:	20000018 	.word	0x20000018

08002bf4 <SPI_EndRxTxTransaction>:
 8002bf4:	b570      	push	{r4, r5, r6, lr}
 8002bf6:	b084      	sub	sp, #16
 8002bf8:	4604      	mov	r4, r0
 8002bfa:	460d      	mov	r5, r1
 8002bfc:	4616      	mov	r6, r2
 8002bfe:	9200      	str	r2, [sp, #0]
 8002c00:	460b      	mov	r3, r1
 8002c02:	2201      	movs	r2, #1
 8002c04:	2102      	movs	r1, #2
 8002c06:	f7ff ff91 	bl	8002b2c <SPI_WaitFlagStateUntilTimeout>
 8002c0a:	b9d0      	cbnz	r0, 8002c42 <SPI_EndRxTxTransaction+0x4e>
 8002c0c:	4b17      	ldr	r3, [pc, #92]	@ (8002c6c <SPI_EndRxTxTransaction+0x78>)
 8002c0e:	681b      	ldr	r3, [r3, #0]
 8002c10:	4a17      	ldr	r2, [pc, #92]	@ (8002c70 <SPI_EndRxTxTransaction+0x7c>)
 8002c12:	fba2 2303 	umull	r2, r3, r2, r3
 8002c16:	0d5b      	lsrs	r3, r3, #21
 8002c18:	f44f 727a 	mov.w	r2, #1000	@ 0x3e8
 8002c1c:	fb02 f303 	mul.w	r3, r2, r3
 8002c20:	9303      	str	r3, [sp, #12]
 8002c22:	6863      	ldr	r3, [r4, #4]
 8002c24:	f5b3 7f82 	cmp.w	r3, #260	@ 0x104
 8002c28:	d011      	beq.n	8002c4e <SPI_EndRxTxTransaction+0x5a>
 8002c2a:	9b03      	ldr	r3, [sp, #12]
 8002c2c:	b13b      	cbz	r3, 8002c3e <SPI_EndRxTxTransaction+0x4a>
 8002c2e:	9b03      	ldr	r3, [sp, #12]
 8002c30:	3b01      	subs	r3, #1
 8002c32:	9303      	str	r3, [sp, #12]
 8002c34:	6823      	ldr	r3, [r4, #0]
 8002c36:	689b      	ldr	r3, [r3, #8]
 8002c38:	f013 0f80 	tst.w	r3, #128	@ 0x80
 8002c3c:	d1f5      	bne.n	8002c2a <SPI_EndRxTxTransaction+0x36>
 8002c3e:	b004      	add	sp, #16
 8002c40:	bd70      	pop	{r4, r5, r6, pc}
 8002c42:	6d63      	ldr	r3, [r4, #84]	@ 0x54
 8002c44:	f043 0320 	orr.w	r3, r3, #32
 8002c48:	6563      	str	r3, [r4, #84]	@ 0x54
 8002c4a:	2003      	movs	r0, #3
 8002c4c:	e7f7      	b.n	8002c3e <SPI_EndRxTxTransaction+0x4a>
 8002c4e:	9600      	str	r6, [sp, #0]
 8002c50:	462b      	mov	r3, r5
 8002c52:	2200      	movs	r2, #0
 8002c54:	2180      	movs	r1, #128	@ 0x80
 8002c56:	4620      	mov	r0, r4
 8002c58:	f7ff ff68 	bl	8002b2c <SPI_WaitFlagStateUntilTimeout>
 8002c5c:	2800      	cmp	r0, #0
 8002c5e:	d0ee      	beq.n	8002c3e <SPI_EndRxTxTransaction+0x4a>
 8002c60:	6d63      	ldr	r3, [r4, #84]	@ 0x54
 8002c62:	f043 0320 	orr.w	r3, r3, #32
 8002c66:	6563      	str	r3, [r4, #84]	@ 0x54
 8002c68:	2003      	movs	r0, #3
 8002c6a:	e7e8      	b.n	8002c3e <SPI_EndRxTxTransaction+0x4a>
 8002c6c:	20000018 	.word	0x20000018
 8002c70:	165e9f81 	.word	0x165e9f81

08002c74 <HAL_SPI_Init>:
 8002c74:	2800      	cmp	r0, #0
 8002c76:	d05a      	beq.n	8002d2e <HAL_SPI_Init+0xba>
 8002c78:	b510      	push	{r4, lr}
 8002c7a:	4604      	mov	r4, r0
 8002c7c:	6a43      	ldr	r3, [r0, #36]	@ 0x24
 8002c7e:	b933      	cbnz	r3, 8002c8e <HAL_SPI_Init+0x1a>
 8002c80:	6843      	ldr	r3, [r0, #4]
 8002c82:	f5b3 7f82 	cmp.w	r3, #260	@ 0x104
 8002c86:	d005      	beq.n	8002c94 <HAL_SPI_Init+0x20>
 8002c88:	2300      	movs	r3, #0
 8002c8a:	61c3      	str	r3, [r0, #28]
 8002c8c:	e002      	b.n	8002c94 <HAL_SPI_Init+0x20>
 8002c8e:	2300      	movs	r3, #0
 8002c90:	6103      	str	r3, [r0, #16]
 8002c92:	6143      	str	r3, [r0, #20]
 8002c94:	2300      	movs	r3, #0
 8002c96:	62a3      	str	r3, [r4, #40]	@ 0x28
 8002c98:	f894 3051 	ldrb.w	r3, [r4, #81]	@ 0x51
 8002c9c:	2b00      	cmp	r3, #0
 8002c9e:	d040      	beq.n	8002d22 <HAL_SPI_Init+0xae>
 8002ca0:	2302      	movs	r3, #2
 8002ca2:	f884 3051 	strb.w	r3, [r4, #81]	@ 0x51
 8002ca6:	6822      	ldr	r2, [r4, #0]
 8002ca8:	6813      	ldr	r3, [r2, #0]
 8002caa:	f023 0340 	bic.w	r3, r3, #64	@ 0x40
 8002cae:	6013      	str	r3, [r2, #0]
 8002cb0:	6863      	ldr	r3, [r4, #4]
 8002cb2:	f403 7382 	and.w	r3, r3, #260	@ 0x104
 8002cb6:	68a2      	ldr	r2, [r4, #8]
 8002cb8:	f402 4204 	and.w	r2, r2, #33792	@ 0x8400
 8002cbc:	4313      	orrs	r3, r2
 8002cbe:	68e2      	ldr	r2, [r4, #12]
 8002cc0:	f402 6200 	and.w	r2, r2, #2048	@ 0x800
 8002cc4:	4313      	orrs	r3, r2
 8002cc6:	6922      	ldr	r2, [r4, #16]
 8002cc8:	f002 0202 	and.w	r2, r2, #2
 8002ccc:	4313      	orrs	r3, r2
 8002cce:	6962      	ldr	r2, [r4, #20]
 8002cd0:	f002 0201 	and.w	r2, r2, #1
 8002cd4:	4313      	orrs	r3, r2
 8002cd6:	69a2      	ldr	r2, [r4, #24]
 8002cd8:	f402 7200 	and.w	r2, r2, #512	@ 0x200
 8002cdc:	4313      	orrs	r3, r2
 8002cde:	69e2      	ldr	r2, [r4, #28]
 8002ce0:	f002 0238 	and.w	r2, r2, #56	@ 0x38
 8002ce4:	4313      	orrs	r3, r2
 8002ce6:	6a22      	ldr	r2, [r4, #32]
 8002ce8:	f002 0280 	and.w	r2, r2, #128	@ 0x80
 8002cec:	4313      	orrs	r3, r2
 8002cee:	6aa2      	ldr	r2, [r4, #40]	@ 0x28
 8002cf0:	f402 5200 	and.w	r2, r2, #8192	@ 0x2000
 8002cf4:	6821      	ldr	r1, [r4, #0]
 8002cf6:	4313      	orrs	r3, r2
 8002cf8:	600b      	str	r3, [r1, #0]
 8002cfa:	8b63      	ldrh	r3, [r4, #26]
 8002cfc:	f003 0304 	and.w	r3, r3, #4
 8002d00:	6a62      	ldr	r2, [r4, #36]	@ 0x24
 8002d02:	f002 0210 	and.w	r2, r2, #16
 8002d06:	6821      	ldr	r1, [r4, #0]
 8002d08:	4313      	orrs	r3, r2
 8002d0a:	604b      	str	r3, [r1, #4]
 8002d0c:	6822      	ldr	r2, [r4, #0]
 8002d0e:	69d3      	ldr	r3, [r2, #28]
 8002d10:	f423 6300 	bic.w	r3, r3, #2048	@ 0x800
 8002d14:	61d3      	str	r3, [r2, #28]
 8002d16:	2000      	movs	r0, #0
 8002d18:	6560      	str	r0, [r4, #84]	@ 0x54
 8002d1a:	2301      	movs	r3, #1
 8002d1c:	f884 3051 	strb.w	r3, [r4, #81]	@ 0x51
 8002d20:	bd10      	pop	{r4, pc}
 8002d22:	f884 3050 	strb.w	r3, [r4, #80]	@ 0x50
 8002d26:	4620      	mov	r0, r4
 8002d28:	f7ff fb32 	bl	8002390 <HAL_SPI_MspInit>
 8002d2c:	e7b8      	b.n	8002ca0 <HAL_SPI_Init+0x2c>
 8002d2e:	2001      	movs	r0, #1
 8002d30:	4770      	bx	lr

08002d32 <HAL_SPI_Transmit>:
 8002d32:	e92d 43f0 	stmdb	sp!, {r4, r5, r6, r7, r8, r9, lr}
 8002d36:	b083      	sub	sp, #12
 8002d38:	4604      	mov	r4, r0
 8002d3a:	4689      	mov	r9, r1
 8002d3c:	4690      	mov	r8, r2
 8002d3e:	461d      	mov	r5, r3
 8002d40:	f7fe f96a 	bl	8001018 <HAL_GetTick>
 8002d44:	f894 6051 	ldrb.w	r6, [r4, #81]	@ 0x51
 8002d48:	b2f6      	uxtb	r6, r6
 8002d4a:	2e01      	cmp	r6, #1
 8002d4c:	f040 80cc 	bne.w	8002ee8 <HAL_SPI_Transmit+0x1b6>
 8002d50:	4607      	mov	r7, r0
 8002d52:	f1b9 0f00 	cmp.w	r9, #0
 8002d56:	f000 80c8 	beq.w	8002eea <HAL_SPI_Transmit+0x1b8>
 8002d5a:	f1b8 0f00 	cmp.w	r8, #0
 8002d5e:	f000 80c4 	beq.w	8002eea <HAL_SPI_Transmit+0x1b8>
 8002d62:	f894 3050 	ldrb.w	r3, [r4, #80]	@ 0x50
 8002d66:	2b01      	cmp	r3, #1
 8002d68:	f000 80c3 	beq.w	8002ef2 <HAL_SPI_Transmit+0x1c0>
 8002d6c:	2301      	movs	r3, #1
 8002d6e:	f884 3050 	strb.w	r3, [r4, #80]	@ 0x50
 8002d72:	2303      	movs	r3, #3
 8002d74:	f884 3051 	strb.w	r3, [r4, #81]	@ 0x51
 8002d78:	2300      	movs	r3, #0
 8002d7a:	6563      	str	r3, [r4, #84]	@ 0x54
 8002d7c:	f8c4 9030 	str.w	r9, [r4, #48]	@ 0x30
 8002d80:	f8a4 8034 	strh.w	r8, [r4, #52]	@ 0x34
 8002d84:	f8a4 8036 	strh.w	r8, [r4, #54]	@ 0x36
 8002d88:	63a3      	str	r3, [r4, #56]	@ 0x38
 8002d8a:	87a3      	strh	r3, [r4, #60]	@ 0x3c
 8002d8c:	87e3      	strh	r3, [r4, #62]	@ 0x3e
 8002d8e:	6463      	str	r3, [r4, #68]	@ 0x44
 8002d90:	6423      	str	r3, [r4, #64]	@ 0x40
 8002d92:	68a3      	ldr	r3, [r4, #8]
 8002d94:	f5b3 4f00 	cmp.w	r3, #32768	@ 0x8000
 8002d98:	d01e      	beq.n	8002dd8 <HAL_SPI_Transmit+0xa6>
 8002d9a:	6823      	ldr	r3, [r4, #0]
 8002d9c:	681a      	ldr	r2, [r3, #0]
 8002d9e:	f012 0f40 	tst.w	r2, #64	@ 0x40
 8002da2:	d103      	bne.n	8002dac <HAL_SPI_Transmit+0x7a>
 8002da4:	681a      	ldr	r2, [r3, #0]
 8002da6:	f042 0240 	orr.w	r2, r2, #64	@ 0x40
 8002daa:	601a      	str	r2, [r3, #0]
 8002dac:	68e3      	ldr	r3, [r4, #12]
 8002dae:	f5b3 6f00 	cmp.w	r3, #2048	@ 0x800
 8002db2:	d01c      	beq.n	8002dee <HAL_SPI_Transmit+0xbc>
 8002db4:	6863      	ldr	r3, [r4, #4]
 8002db6:	b113      	cbz	r3, 8002dbe <HAL_SPI_Transmit+0x8c>
 8002db8:	f1b8 0f01 	cmp.w	r8, #1
 8002dbc:	d15f      	bne.n	8002e7e <HAL_SPI_Transmit+0x14c>
 8002dbe:	6b22      	ldr	r2, [r4, #48]	@ 0x30
 8002dc0:	6823      	ldr	r3, [r4, #0]
 8002dc2:	7812      	ldrb	r2, [r2, #0]
 8002dc4:	731a      	strb	r2, [r3, #12]
 8002dc6:	6b23      	ldr	r3, [r4, #48]	@ 0x30
 8002dc8:	3301      	adds	r3, #1
 8002dca:	6323      	str	r3, [r4, #48]	@ 0x30
 8002dcc:	8ee3      	ldrh	r3, [r4, #54]	@ 0x36
 8002dce:	b29b      	uxth	r3, r3
 8002dd0:	3b01      	subs	r3, #1
 8002dd2:	b29b      	uxth	r3, r3
 8002dd4:	86e3      	strh	r3, [r4, #54]	@ 0x36
 8002dd6:	e052      	b.n	8002e7e <HAL_SPI_Transmit+0x14c>
 8002dd8:	6822      	ldr	r2, [r4, #0]
 8002dda:	6813      	ldr	r3, [r2, #0]
 8002ddc:	f023 0340 	bic.w	r3, r3, #64	@ 0x40
 8002de0:	6013      	str	r3, [r2, #0]
 8002de2:	6822      	ldr	r2, [r4, #0]
 8002de4:	6813      	ldr	r3, [r2, #0]
 8002de6:	f443 4380 	orr.w	r3, r3, #16384	@ 0x4000
 8002dea:	6013      	str	r3, [r2, #0]
 8002dec:	e7d5      	b.n	8002d9a <HAL_SPI_Transmit+0x68>
 8002dee:	6863      	ldr	r3, [r4, #4]
 8002df0:	b113      	cbz	r3, 8002df8 <HAL_SPI_Transmit+0xc6>
 8002df2:	f1b8 0f01 	cmp.w	r8, #1
 8002df6:	d115      	bne.n	8002e24 <HAL_SPI_Transmit+0xf2>
 8002df8:	6b22      	ldr	r2, [r4, #48]	@ 0x30
 8002dfa:	6823      	ldr	r3, [r4, #0]
 8002dfc:	8812      	ldrh	r2, [r2, #0]
 8002dfe:	60da      	str	r2, [r3, #12]
 8002e00:	6b23      	ldr	r3, [r4, #48]	@ 0x30
 8002e02:	3302      	adds	r3, #2
 8002e04:	6323      	str	r3, [r4, #48]	@ 0x30
 8002e06:	8ee3      	ldrh	r3, [r4, #54]	@ 0x36
 8002e08:	b29b      	uxth	r3, r3
 8002e0a:	3b01      	subs	r3, #1
 8002e0c:	b29b      	uxth	r3, r3
 8002e0e:	86e3      	strh	r3, [r4, #54]	@ 0x36
 8002e10:	e008      	b.n	8002e24 <HAL_SPI_Transmit+0xf2>
 8002e12:	f7fe f901 	bl	8001018 <HAL_GetTick>
 8002e16:	1bc0      	subs	r0, r0, r7
 8002e18:	42a8      	cmp	r0, r5
 8002e1a:	d302      	bcc.n	8002e22 <HAL_SPI_Transmit+0xf0>
 8002e1c:	f1b5 3fff 	cmp.w	r5, #4294967295
 8002e20:	d115      	bne.n	8002e4e <HAL_SPI_Transmit+0x11c>
 8002e22:	b1a5      	cbz	r5, 8002e4e <HAL_SPI_Transmit+0x11c>
 8002e24:	8ee3      	ldrh	r3, [r4, #54]	@ 0x36
 8002e26:	b29b      	uxth	r3, r3
 8002e28:	2b00      	cmp	r3, #0
 8002e2a:	d042      	beq.n	8002eb2 <HAL_SPI_Transmit+0x180>
 8002e2c:	6823      	ldr	r3, [r4, #0]
 8002e2e:	689a      	ldr	r2, [r3, #8]
 8002e30:	f012 0f02 	tst.w	r2, #2
 8002e34:	d0ed      	beq.n	8002e12 <HAL_SPI_Transmit+0xe0>
 8002e36:	6b22      	ldr	r2, [r4, #48]	@ 0x30
 8002e38:	8812      	ldrh	r2, [r2, #0]
 8002e3a:	60da      	str	r2, [r3, #12]
 8002e3c:	6b23      	ldr	r3, [r4, #48]	@ 0x30
 8002e3e:	3302      	adds	r3, #2
 8002e40:	6323      	str	r3, [r4, #48]	@ 0x30
 8002e42:	8ee3      	ldrh	r3, [r4, #54]	@ 0x36
 8002e44:	b29b      	uxth	r3, r3
 8002e46:	3b01      	subs	r3, #1
 8002e48:	b29b      	uxth	r3, r3
 8002e4a:	86e3      	strh	r3, [r4, #54]	@ 0x36
 8002e4c:	e7ea      	b.n	8002e24 <HAL_SPI_Transmit+0xf2>
 8002e4e:	2301      	movs	r3, #1
 8002e50:	f884 3051 	strb.w	r3, [r4, #81]	@ 0x51
 8002e54:	2300      	movs	r3, #0
 8002e56:	f884 3050 	strb.w	r3, [r4, #80]	@ 0x50
 8002e5a:	2603      	movs	r6, #3
 8002e5c:	e045      	b.n	8002eea <HAL_SPI_Transmit+0x1b8>
 8002e5e:	6b22      	ldr	r2, [r4, #48]	@ 0x30
 8002e60:	7812      	ldrb	r2, [r2, #0]
 8002e62:	731a      	strb	r2, [r3, #12]
 8002e64:	6b23      	ldr	r3, [r4, #48]	@ 0x30
 8002e66:	3301      	adds	r3, #1
 8002e68:	6323      	str	r3, [r4, #48]	@ 0x30
 8002e6a:	f8b4 c036 	ldrh.w	ip, [r4, #54]	@ 0x36
 8002e6e:	fa1f fc8c 	uxth.w	ip, ip
 8002e72:	f10c 3cff 	add.w	ip, ip, #4294967295
 8002e76:	fa1f fc8c 	uxth.w	ip, ip
 8002e7a:	f8a4 c036 	strh.w	ip, [r4, #54]	@ 0x36
 8002e7e:	8ee3      	ldrh	r3, [r4, #54]	@ 0x36
 8002e80:	b29b      	uxth	r3, r3
 8002e82:	b1b3      	cbz	r3, 8002eb2 <HAL_SPI_Transmit+0x180>
 8002e84:	6823      	ldr	r3, [r4, #0]
 8002e86:	689a      	ldr	r2, [r3, #8]
 8002e88:	f012 0f02 	tst.w	r2, #2
 8002e8c:	d1e7      	bne.n	8002e5e <HAL_SPI_Transmit+0x12c>
 8002e8e:	f7fe f8c3 	bl	8001018 <HAL_GetTick>
 8002e92:	1bc0      	subs	r0, r0, r7
 8002e94:	42a8      	cmp	r0, r5
 8002e96:	d302      	bcc.n	8002e9e <HAL_SPI_Transmit+0x16c>
 8002e98:	f1b5 3fff 	cmp.w	r5, #4294967295
 8002e9c:	d101      	bne.n	8002ea2 <HAL_SPI_Transmit+0x170>
 8002e9e:	2d00      	cmp	r5, #0
 8002ea0:	d1ed      	bne.n	8002e7e <HAL_SPI_Transmit+0x14c>
 8002ea2:	2301      	movs	r3, #1
 8002ea4:	f884 3051 	strb.w	r3, [r4, #81]	@ 0x51
 8002ea8:	2300      	movs	r3, #0
 8002eaa:	f884 3050 	strb.w	r3, [r4, #80]	@ 0x50
 8002eae:	2603      	movs	r6, #3
 8002eb0:	e01b      	b.n	8002eea <HAL_SPI_Transmit+0x1b8>
 8002eb2:	463a      	mov	r2, r7
 8002eb4:	4629      	mov	r1, r5
 8002eb6:	4620      	mov	r0, r4
 8002eb8:	f7ff fe9c 	bl	8002bf4 <SPI_EndRxTxTransaction>
 8002ebc:	b108      	cbz	r0, 8002ec2 <HAL_SPI_Transmit+0x190>
 8002ebe:	2320      	movs	r3, #32
 8002ec0:	6563      	str	r3, [r4, #84]	@ 0x54
 8002ec2:	68a3      	ldr	r3, [r4, #8]
 8002ec4:	b933      	cbnz	r3, 8002ed4 <HAL_SPI_Transmit+0x1a2>
 8002ec6:	9301      	str	r3, [sp, #4]
 8002ec8:	6823      	ldr	r3, [r4, #0]
 8002eca:	68da      	ldr	r2, [r3, #12]
 8002ecc:	9201      	str	r2, [sp, #4]
 8002ece:	689b      	ldr	r3, [r3, #8]
 8002ed0:	9301      	str	r3, [sp, #4]
 8002ed2:	9b01      	ldr	r3, [sp, #4]
 8002ed4:	2301      	movs	r3, #1
 8002ed6:	f884 3051 	strb.w	r3, [r4, #81]	@ 0x51
 8002eda:	2300      	movs	r3, #0
 8002edc:	f884 3050 	strb.w	r3, [r4, #80]	@ 0x50
 8002ee0:	6d63      	ldr	r3, [r4, #84]	@ 0x54
 8002ee2:	b913      	cbnz	r3, 8002eea <HAL_SPI_Transmit+0x1b8>
 8002ee4:	2600      	movs	r6, #0
 8002ee6:	e000      	b.n	8002eea <HAL_SPI_Transmit+0x1b8>
 8002ee8:	2602      	movs	r6, #2
 8002eea:	4630      	mov	r0, r6
 8002eec:	b003      	add	sp, #12
 8002eee:	e8bd 83f0 	ldmia.w	sp!, {r4, r5, r6, r7, r8, r9, pc}
 8002ef2:	2602      	movs	r6, #2
 8002ef4:	e7f9      	b.n	8002eea <HAL_SPI_Transmit+0x1b8>

08002ef6 <HAL_SPI_TransmitReceive>:
 8002ef6:	e92d 43f0 	stmdb	sp!, {r4, r5, r6, r7, r8, r9, lr}
 8002efa:	b083      	sub	sp, #12
 8002efc:	4604      	mov	r4, r0
 8002efe:	4688      	mov	r8, r1
 8002f00:	4691      	mov	r9, r2
 8002f02:	461f      	mov	r7, r3
 8002f04:	9d0a      	ldr	r5, [sp, #40]	@ 0x28
 8002f06:	f7fe f887 	bl	8001018 <HAL_GetTick>
 8002f0a:	4606      	mov	r6, r0
 8002f0c:	f894 3051 	ldrb.w	r3, [r4, #81]	@ 0x51
 8002f10:	b2db      	uxtb	r3, r3
 8002f12:	6862      	ldr	r2, [r4, #4]
 8002f14:	2b01      	cmp	r3, #1
 8002f16:	d00a      	beq.n	8002f2e <HAL_SPI_TransmitReceive+0x38>
 8002f18:	f5b2 7f82 	cmp.w	r2, #260	@ 0x104
 8002f1c:	f040 8105 	bne.w	800312a <HAL_SPI_TransmitReceive+0x234>
 8002f20:	68a2      	ldr	r2, [r4, #8]
 8002f22:	2a00      	cmp	r2, #0
 8002f24:	f040 8105 	bne.w	8003132 <HAL_SPI_TransmitReceive+0x23c>
 8002f28:	2b04      	cmp	r3, #4
 8002f2a:	f040 8104 	bne.w	8003136 <HAL_SPI_TransmitReceive+0x240>
 8002f2e:	f1b8 0f00 	cmp.w	r8, #0
 8002f32:	f000 8102 	beq.w	800313a <HAL_SPI_TransmitReceive+0x244>
 8002f36:	f1b9 0f00 	cmp.w	r9, #0
 8002f3a:	f000 8100 	beq.w	800313e <HAL_SPI_TransmitReceive+0x248>
 8002f3e:	2f00      	cmp	r7, #0
 8002f40:	f000 80ff 	beq.w	8003142 <HAL_SPI_TransmitReceive+0x24c>
 8002f44:	f894 3050 	ldrb.w	r3, [r4, #80]	@ 0x50
 8002f48:	2b01      	cmp	r3, #1
 8002f4a:	f000 80fc 	beq.w	8003146 <HAL_SPI_TransmitReceive+0x250>
 8002f4e:	2301      	movs	r3, #1
 8002f50:	f884 3050 	strb.w	r3, [r4, #80]	@ 0x50
 8002f54:	f894 3051 	ldrb.w	r3, [r4, #81]	@ 0x51
 8002f58:	b2db      	uxtb	r3, r3
 8002f5a:	2b04      	cmp	r3, #4
 8002f5c:	d002      	beq.n	8002f64 <HAL_SPI_TransmitReceive+0x6e>
 8002f5e:	2305      	movs	r3, #5
 8002f60:	f884 3051 	strb.w	r3, [r4, #81]	@ 0x51
 8002f64:	2300      	movs	r3, #0
 8002f66:	6563      	str	r3, [r4, #84]	@ 0x54
 8002f68:	f8c4 9038 	str.w	r9, [r4, #56]	@ 0x38
 8002f6c:	87e7      	strh	r7, [r4, #62]	@ 0x3e
 8002f6e:	87a7      	strh	r7, [r4, #60]	@ 0x3c
 8002f70:	f8c4 8030 	str.w	r8, [r4, #48]	@ 0x30
 8002f74:	86e7      	strh	r7, [r4, #54]	@ 0x36
 8002f76:	86a7      	strh	r7, [r4, #52]	@ 0x34
 8002f78:	6423      	str	r3, [r4, #64]	@ 0x40
 8002f7a:	6463      	str	r3, [r4, #68]	@ 0x44
 8002f7c:	6823      	ldr	r3, [r4, #0]
 8002f7e:	681a      	ldr	r2, [r3, #0]
 8002f80:	f012 0f40 	tst.w	r2, #64	@ 0x40
 8002f84:	d103      	bne.n	8002f8e <HAL_SPI_TransmitReceive+0x98>
 8002f86:	681a      	ldr	r2, [r3, #0]
 8002f88:	f042 0240 	orr.w	r2, r2, #64	@ 0x40
 8002f8c:	601a      	str	r2, [r3, #0]
 8002f8e:	68e3      	ldr	r3, [r4, #12]
 8002f90:	f5b3 6f00 	cmp.w	r3, #2048	@ 0x800
 8002f94:	d011      	beq.n	8002fba <HAL_SPI_TransmitReceive+0xc4>
 8002f96:	6863      	ldr	r3, [r4, #4]
 8002f98:	b10b      	cbz	r3, 8002f9e <HAL_SPI_TransmitReceive+0xa8>
 8002f9a:	2f01      	cmp	r7, #1
 8002f9c:	d10b      	bne.n	8002fb6 <HAL_SPI_TransmitReceive+0xc0>
 8002f9e:	6b22      	ldr	r2, [r4, #48]	@ 0x30
 8002fa0:	6823      	ldr	r3, [r4, #0]
 8002fa2:	7812      	ldrb	r2, [r2, #0]
 8002fa4:	731a      	strb	r2, [r3, #12]
 8002fa6:	6b23      	ldr	r3, [r4, #48]	@ 0x30
 8002fa8:	3301      	adds	r3, #1
 8002faa:	6323      	str	r3, [r4, #48]	@ 0x30
 8002fac:	8ee3      	ldrh	r3, [r4, #54]	@ 0x36
 8002fae:	b29b      	uxth	r3, r3
 8002fb0:	3b01      	subs	r3, #1
 8002fb2:	b29b      	uxth	r3, r3
 8002fb4:	86e3      	strh	r3, [r4, #54]	@ 0x36
 8002fb6:	2701      	movs	r7, #1
 8002fb8:	e071      	b.n	800309e <HAL_SPI_TransmitReceive+0x1a8>
 8002fba:	6863      	ldr	r3, [r4, #4]
 8002fbc:	b10b      	cbz	r3, 8002fc2 <HAL_SPI_TransmitReceive+0xcc>
 8002fbe:	2f01      	cmp	r7, #1
 8002fc0:	d10b      	bne.n	8002fda <HAL_SPI_TransmitReceive+0xe4>
 8002fc2:	6b22      	ldr	r2, [r4, #48]	@ 0x30
 8002fc4:	6823      	ldr	r3, [r4, #0]
 8002fc6:	8812      	ldrh	r2, [r2, #0]
 8002fc8:	60da      	str	r2, [r3, #12]
 8002fca:	6b23      	ldr	r3, [r4, #48]	@ 0x30
 8002fcc:	3302      	adds	r3, #2
 8002fce:	6323      	str	r3, [r4, #48]	@ 0x30
 8002fd0:	8ee3      	ldrh	r3, [r4, #54]	@ 0x36
 8002fd2:	b29b      	uxth	r3, r3
 8002fd4:	3b01      	subs	r3, #1
 8002fd6:	b29b      	uxth	r3, r3
 8002fd8:	86e3      	strh	r3, [r4, #54]	@ 0x36
 8002fda:	2701      	movs	r7, #1
 8002fdc:	e01b      	b.n	8003016 <HAL_SPI_TransmitReceive+0x120>
 8002fde:	6823      	ldr	r3, [r4, #0]
 8002fe0:	689a      	ldr	r2, [r3, #8]
 8002fe2:	f012 0f01 	tst.w	r2, #1
 8002fe6:	d00e      	beq.n	8003006 <HAL_SPI_TransmitReceive+0x110>
 8002fe8:	8fe2      	ldrh	r2, [r4, #62]	@ 0x3e
 8002fea:	b292      	uxth	r2, r2
 8002fec:	b15a      	cbz	r2, 8003006 <HAL_SPI_TransmitReceive+0x110>
 8002fee:	68da      	ldr	r2, [r3, #12]
 8002ff0:	6ba3      	ldr	r3, [r4, #56]	@ 0x38
 8002ff2:	801a      	strh	r2, [r3, #0]
 8002ff4:	6ba3      	ldr	r3, [r4, #56]	@ 0x38
 8002ff6:	3302      	adds	r3, #2
 8002ff8:	63a3      	str	r3, [r4, #56]	@ 0x38
 8002ffa:	8fe3      	ldrh	r3, [r4, #62]	@ 0x3e
 8002ffc:	b29b      	uxth	r3, r3
 8002ffe:	3b01      	subs	r3, #1
 8003000:	b29b      	uxth	r3, r3
 8003002:	87e3      	strh	r3, [r4, #62]	@ 0x3e
 8003004:	2701      	movs	r7, #1
 8003006:	f7fe f807 	bl	8001018 <HAL_GetTick>
 800300a:	1b80      	subs	r0, r0, r6
 800300c:	42a8      	cmp	r0, r5
 800300e:	d302      	bcc.n	8003016 <HAL_SPI_TransmitReceive+0x120>
 8003010:	f1b5 3fff 	cmp.w	r5, #4294967295
 8003014:	d11e      	bne.n	8003054 <HAL_SPI_TransmitReceive+0x15e>
 8003016:	8ee3      	ldrh	r3, [r4, #54]	@ 0x36
 8003018:	b29b      	uxth	r3, r3
 800301a:	b91b      	cbnz	r3, 8003024 <HAL_SPI_TransmitReceive+0x12e>
 800301c:	8fe3      	ldrh	r3, [r4, #62]	@ 0x3e
 800301e:	b29b      	uxth	r3, r3
 8003020:	2b00      	cmp	r3, #0
 8003022:	d062      	beq.n	80030ea <HAL_SPI_TransmitReceive+0x1f4>
 8003024:	6823      	ldr	r3, [r4, #0]
 8003026:	689a      	ldr	r2, [r3, #8]
 8003028:	f012 0f02 	tst.w	r2, #2
 800302c:	d0d7      	beq.n	8002fde <HAL_SPI_TransmitReceive+0xe8>
 800302e:	8ee2      	ldrh	r2, [r4, #54]	@ 0x36
 8003030:	b292      	uxth	r2, r2
 8003032:	2a00      	cmp	r2, #0
 8003034:	d0d3      	beq.n	8002fde <HAL_SPI_TransmitReceive+0xe8>
 8003036:	2f00      	cmp	r7, #0
 8003038:	d0d1      	beq.n	8002fde <HAL_SPI_TransmitReceive+0xe8>
 800303a:	6b22      	ldr	r2, [r4, #48]	@ 0x30
 800303c:	8812      	ldrh	r2, [r2, #0]
 800303e:	60da      	str	r2, [r3, #12]
 8003040:	6b23      	ldr	r3, [r4, #48]	@ 0x30
 8003042:	3302      	adds	r3, #2
 8003044:	6323      	str	r3, [r4, #48]	@ 0x30
 8003046:	8ee3      	ldrh	r3, [r4, #54]	@ 0x36
 8003048:	b29b      	uxth	r3, r3
 800304a:	3b01      	subs	r3, #1
 800304c:	b29b      	uxth	r3, r3
 800304e:	86e3      	strh	r3, [r4, #54]	@ 0x36
 8003050:	2700      	movs	r7, #0
 8003052:	e7c4      	b.n	8002fde <HAL_SPI_TransmitReceive+0xe8>
 8003054:	2301      	movs	r3, #1
 8003056:	f884 3051 	strb.w	r3, [r4, #81]	@ 0x51
 800305a:	2300      	movs	r3, #0
 800305c:	f884 3050 	strb.w	r3, [r4, #80]	@ 0x50
 8003060:	2003      	movs	r0, #3
 8003062:	e063      	b.n	800312c <HAL_SPI_TransmitReceive+0x236>
 8003064:	6823      	ldr	r3, [r4, #0]
 8003066:	689a      	ldr	r2, [r3, #8]
 8003068:	f012 0f01 	tst.w	r2, #1
 800306c:	d00e      	beq.n	800308c <HAL_SPI_TransmitReceive+0x196>
 800306e:	8fe2      	ldrh	r2, [r4, #62]	@ 0x3e
 8003070:	b292      	uxth	r2, r2
 8003072:	b15a      	cbz	r2, 800308c <HAL_SPI_TransmitReceive+0x196>
 8003074:	68da      	ldr	r2, [r3, #12]
 8003076:	6ba3      	ldr	r3, [r4, #56]	@ 0x38
 8003078:	701a      	strb	r2, [r3, #0]
 800307a:	6ba3      	ldr	r3, [r4, #56]	@ 0x38
 800307c:	3301      	adds	r3, #1
 800307e:	63a3      	str	r3, [r4, #56]	@ 0x38
 8003080:	8fe3      	ldrh	r3, [r4, #62]	@ 0x3e
 8003082:	b29b      	uxth	r3, r3
 8003084:	3b01      	subs	r3, #1
 8003086:	b29b      	uxth	r3, r3
 8003088:	87e3      	strh	r3, [r4, #62]	@ 0x3e
 800308a:	2701      	movs	r7, #1
 800308c:	f7fd ffc4 	bl	8001018 <HAL_GetTick>
 8003090:	1b83      	subs	r3, r0, r6
 8003092:	42ab      	cmp	r3, r5
 8003094:	d302      	bcc.n	800309c <HAL_SPI_TransmitReceive+0x1a6>
 8003096:	f1b5 3fff 	cmp.w	r5, #4294967295
 800309a:	d11e      	bne.n	80030da <HAL_SPI_TransmitReceive+0x1e4>
 800309c:	b1ed      	cbz	r5, 80030da <HAL_SPI_TransmitReceive+0x1e4>
 800309e:	8ee3      	ldrh	r3, [r4, #54]	@ 0x36
 80030a0:	b29b      	uxth	r3, r3
 80030a2:	b913      	cbnz	r3, 80030aa <HAL_SPI_TransmitReceive+0x1b4>
 80030a4:	8fe3      	ldrh	r3, [r4, #62]	@ 0x3e
 80030a6:	b29b      	uxth	r3, r3
 80030a8:	b1fb      	cbz	r3, 80030ea <HAL_SPI_TransmitReceive+0x1f4>
 80030aa:	6823      	ldr	r3, [r4, #0]
 80030ac:	689a      	ldr	r2, [r3, #8]
 80030ae:	f012 0f02 	tst.w	r2, #2
 80030b2:	d0d7      	beq.n	8003064 <HAL_SPI_TransmitReceive+0x16e>
 80030b4:	8ee2      	ldrh	r2, [r4, #54]	@ 0x36
 80030b6:	b292      	uxth	r2, r2
 80030b8:	2a00      	cmp	r2, #0
 80030ba:	d0d3      	beq.n	8003064 <HAL_SPI_TransmitReceive+0x16e>
 80030bc:	2f00      	cmp	r7, #0
 80030be:	d0d1      	beq.n	8003064 <HAL_SPI_TransmitReceive+0x16e>
 80030c0:	6b22      	ldr	r2, [r4, #48]	@ 0x30
 80030c2:	7812      	ldrb	r2, [r2, #0]
 80030c4:	731a      	strb	r2, [r3, #12]
 80030c6:	6b23      	ldr	r3, [r4, #48]	@ 0x30
 80030c8:	3301      	adds	r3, #1
 80030ca:	6323      	str	r3, [r4, #48]	@ 0x30
 80030cc:	8ee3      	ldrh	r3, [r4, #54]	@ 0x36
 80030ce:	b29b      	uxth	r3, r3
 80030d0:	3b01      	subs	r3, #1
 80030d2:	b29b      	uxth	r3, r3
 80030d4:	86e3      	strh	r3, [r4, #54]	@ 0x36
 80030d6:	2700      	movs	r7, #0
 80030d8:	e7c4      	b.n	8003064 <HAL_SPI_TransmitReceive+0x16e>
 80030da:	2301      	movs	r3, #1
 80030dc:	f884 3051 	strb.w	r3, [r4, #81]	@ 0x51
 80030e0:	2300      	movs	r3, #0
 80030e2:	f884 3050 	strb.w	r3, [r4, #80]	@ 0x50
 80030e6:	2003      	movs	r0, #3
 80030e8:	e020      	b.n	800312c <HAL_SPI_TransmitReceive+0x236>
 80030ea:	4632      	mov	r2, r6
 80030ec:	4629      	mov	r1, r5
 80030ee:	4620      	mov	r0, r4
 80030f0:	f7ff fd80 	bl	8002bf4 <SPI_EndRxTxTransaction>
 80030f4:	b990      	cbnz	r0, 800311c <HAL_SPI_TransmitReceive+0x226>
 80030f6:	68a3      	ldr	r3, [r4, #8]
 80030f8:	b933      	cbnz	r3, 8003108 <HAL_SPI_TransmitReceive+0x212>
 80030fa:	9301      	str	r3, [sp, #4]
 80030fc:	6823      	ldr	r3, [r4, #0]
 80030fe:	68da      	ldr	r2, [r3, #12]
 8003100:	9201      	str	r2, [sp, #4]
 8003102:	689b      	ldr	r3, [r3, #8]
 8003104:	9301      	str	r3, [sp, #4]
 8003106:	9b01      	ldr	r3, [sp, #4]
 8003108:	2301      	movs	r3, #1
 800310a:	f884 3051 	strb.w	r3, [r4, #81]	@ 0x51
 800310e:	2300      	movs	r3, #0
 8003110:	f884 3050 	strb.w	r3, [r4, #80]	@ 0x50
 8003114:	6d63      	ldr	r3, [r4, #84]	@ 0x54
 8003116:	b14b      	cbz	r3, 800312c <HAL_SPI_TransmitReceive+0x236>
 8003118:	2001      	movs	r0, #1
 800311a:	e007      	b.n	800312c <HAL_SPI_TransmitReceive+0x236>
 800311c:	2320      	movs	r3, #32
 800311e:	6563      	str	r3, [r4, #84]	@ 0x54
 8003120:	2300      	movs	r3, #0
 8003122:	f884 3050 	strb.w	r3, [r4, #80]	@ 0x50
 8003126:	2001      	movs	r0, #1
 8003128:	e000      	b.n	800312c <HAL_SPI_TransmitReceive+0x236>
 800312a:	2002      	movs	r0, #2
 800312c:	b003      	add	sp, #12
 800312e:	e8bd 83f0 	ldmia.w	sp!, {r4, r5, r6, r7, r8, r9, pc}
 8003132:	2002      	movs	r0, #2
 8003134:	e7fa      	b.n	800312c <HAL_SPI_TransmitReceive+0x236>
 8003136:	2002      	movs	r0, #2
 8003138:	e7f8      	b.n	800312c <HAL_SPI_TransmitReceive+0x236>
 800313a:	2001      	movs	r0, #1
 800313c:	e7f6      	b.n	800312c <HAL_SPI_TransmitReceive+0x236>
 800313e:	2001      	movs	r0, #1
 8003140:	e7f4      	b.n	800312c <HAL_SPI_TransmitReceive+0x236>
 8003142:	2001      	movs	r0, #1
 8003144:	e7f2      	b.n	800312c <HAL_SPI_TransmitReceive+0x236>
 8003146:	2002      	movs	r0, #2
 8003148:	e7f0      	b.n	800312c <HAL_SPI_TransmitReceive+0x236>

0800314a <HAL_SPI_GetState>:
 800314a:	f890 0051 	ldrb.w	r0, [r0, #81]	@ 0x51
 800314e:	4770      	bx	lr

08003150 <HAL_TIM_Base_Start_IT>:
 8003150:	f890 303d 	ldrb.w	r3, [r0, #61]	@ 0x3d
 8003154:	b2db      	uxtb	r3, r3
 8003156:	2b01      	cmp	r3, #1
 8003158:	d12f      	bne.n	80031ba <HAL_TIM_Base_Start_IT+0x6a>
 800315a:	2302      	movs	r3, #2
 800315c:	f880 303d 	strb.w	r3, [r0, #61]	@ 0x3d
 8003160:	6802      	ldr	r2, [r0, #0]
 8003162:	68d3      	ldr	r3, [r2, #12]
 8003164:	f043 0301 	orr.w	r3, r3, #1
 8003168:	60d3      	str	r3, [r2, #12]
 800316a:	6803      	ldr	r3, [r0, #0]
 800316c:	4a15      	ldr	r2, [pc, #84]	@ (80031c4 <HAL_TIM_Base_Start_IT+0x74>)
 800316e:	4293      	cmp	r3, r2
 8003170:	d018      	beq.n	80031a4 <HAL_TIM_Base_Start_IT+0x54>
 8003172:	f1b3 4f80 	cmp.w	r3, #1073741824	@ 0x40000000
 8003176:	d015      	beq.n	80031a4 <HAL_TIM_Base_Start_IT+0x54>
 8003178:	f5a2 427c 	sub.w	r2, r2, #64512	@ 0xfc00
 800317c:	4293      	cmp	r3, r2
 800317e:	d011      	beq.n	80031a4 <HAL_TIM_Base_Start_IT+0x54>
 8003180:	f502 6280 	add.w	r2, r2, #1024	@ 0x400
 8003184:	4293      	cmp	r3, r2
 8003186:	d00d      	beq.n	80031a4 <HAL_TIM_Base_Start_IT+0x54>
 8003188:	f502 6280 	add.w	r2, r2, #1024	@ 0x400
 800318c:	4293      	cmp	r3, r2
 800318e:	d009      	beq.n	80031a4 <HAL_TIM_Base_Start_IT+0x54>
 8003190:	f502 329a 	add.w	r2, r2, #78848	@ 0x13400
 8003194:	4293      	cmp	r3, r2
 8003196:	d005      	beq.n	80031a4 <HAL_TIM_Base_Start_IT+0x54>
 8003198:	681a      	ldr	r2, [r3, #0]
 800319a:	f042 0201 	orr.w	r2, r2, #1
 800319e:	601a      	str	r2, [r3, #0]
 80031a0:	2000      	movs	r0, #0
 80031a2:	4770      	bx	lr
 80031a4:	689a      	ldr	r2, [r3, #8]
 80031a6:	f002 0207 	and.w	r2, r2, #7
 80031aa:	2a06      	cmp	r2, #6
 80031ac:	d007      	beq.n	80031be <HAL_TIM_Base_Start_IT+0x6e>
 80031ae:	681a      	ldr	r2, [r3, #0]
 80031b0:	f042 0201 	orr.w	r2, r2, #1
 80031b4:	601a      	str	r2, [r3, #0]
 80031b6:	2000      	movs	r0, #0
 80031b8:	4770      	bx	lr
 80031ba:	2001      	movs	r0, #1
 80031bc:	4770      	bx	lr
 80031be:	2000      	movs	r0, #0
 80031c0:	4770      	bx	lr
 80031c2:	bf00      	nop
 80031c4:	40010000 	.word	0x40010000

080031c8 <HAL_TIM_OC_DelayElapsedCallback>:
 80031c8:	4770      	bx	lr

080031ca <HAL_TIM_IC_CaptureCallback>:
 80031ca:	4770      	bx	lr

080031cc <HAL_TIM_PWM_PulseFinishedCallback>:
 80031cc:	4770      	bx	lr

080031ce <HAL_TIM_TriggerCallback>:
 80031ce:	4770      	bx	lr

080031d0 <HAL_TIM_IRQHandler>:
 80031d0:	b570      	push	{r4, r5, r6, lr}
 80031d2:	4604      	mov	r4, r0
 80031d4:	6803      	ldr	r3, [r0, #0]
 80031d6:	68de      	ldr	r6, [r3, #12]
 80031d8:	691d      	ldr	r5, [r3, #16]
 80031da:	f015 0f02 	tst.w	r5, #2
 80031de:	d010      	beq.n	8003202 <HAL_TIM_IRQHandler+0x32>
 80031e0:	f016 0f02 	tst.w	r6, #2
 80031e4:	d00d      	beq.n	8003202 <HAL_TIM_IRQHandler+0x32>
 80031e6:	f06f 0202 	mvn.w	r2, #2
 80031ea:	611a      	str	r2, [r3, #16]
 80031ec:	2301      	movs	r3, #1
 80031ee:	7703      	strb	r3, [r0, #28]
 80031f0:	6803      	ldr	r3, [r0, #0]
 80031f2:	699b      	ldr	r3, [r3, #24]
 80031f4:	f013 0f03 	tst.w	r3, #3
 80031f8:	d05e      	beq.n	80032b8 <HAL_TIM_IRQHandler+0xe8>
 80031fa:	f7ff ffe6 	bl	80031ca <HAL_TIM_IC_CaptureCallback>
 80031fe:	2300      	movs	r3, #0
 8003200:	7723      	strb	r3, [r4, #28]
 8003202:	f015 0f04 	tst.w	r5, #4
 8003206:	d012      	beq.n	800322e <HAL_TIM_IRQHandler+0x5e>
 8003208:	f016 0f04 	tst.w	r6, #4
 800320c:	d00f      	beq.n	800322e <HAL_TIM_IRQHandler+0x5e>
 800320e:	6823      	ldr	r3, [r4, #0]
 8003210:	f06f 0204 	mvn.w	r2, #4
 8003214:	611a      	str	r2, [r3, #16]
 8003216:	2302      	movs	r3, #2
 8003218:	7723      	strb	r3, [r4, #28]
 800321a:	6823      	ldr	r3, [r4, #0]
 800321c:	699b      	ldr	r3, [r3, #24]
 800321e:	f413 7f40 	tst.w	r3, #768	@ 0x300
 8003222:	d04f      	beq.n	80032c4 <HAL_TIM_IRQHandler+0xf4>
 8003224:	4620      	mov	r0, r4
 8003226:	f7ff ffd0 	bl	80031ca <HAL_TIM_IC_CaptureCallback>
 800322a:	2300      	movs	r3, #0
 800322c:	7723      	strb	r3, [r4, #28]
 800322e:	f015 0f08 	tst.w	r5, #8
 8003232:	d012      	beq.n	800325a <HAL_TIM_IRQHandler+0x8a>
 8003234:	f016 0f08 	tst.w	r6, #8
 8003238:	d00f      	beq.n	800325a <HAL_TIM_IRQHandler+0x8a>
 800323a:	6823      	ldr	r3, [r4, #0]
 800323c:	f06f 0208 	mvn.w	r2, #8
 8003240:	611a      	str	r2, [r3, #16]
 8003242:	2304      	movs	r3, #4
 8003244:	7723      	strb	r3, [r4, #28]
 8003246:	6823      	ldr	r3, [r4, #0]
 8003248:	69db      	ldr	r3, [r3, #28]
 800324a:	f013 0f03 	tst.w	r3, #3
 800324e:	d040      	beq.n	80032d2 <HAL_TIM_IRQHandler+0x102>
 8003250:	4620      	mov	r0, r4
 8003252:	f7ff ffba 	bl	80031ca <HAL_TIM_IC_CaptureCallback>
 8003256:	2300      	movs	r3, #0
 8003258:	7723      	strb	r3, [r4, #28]
 800325a:	f015 0f10 	tst.w	r5, #16
 800325e:	d012      	beq.n	8003286 <HAL_TIM_IRQHandler+0xb6>
 8003260:	f016 0f10 	tst.w	r6, #16
 8003264:	d00f      	beq.n	8003286 <HAL_TIM_IRQHandler+0xb6>
 8003266:	6823      	ldr	r3, [r4, #0]
 8003268:	f06f 0210 	mvn.w	r2, #16
 800326c:	611a      	str	r2, [r3, #16]
 800326e:	2308      	movs	r3, #8
 8003270:	7723      	strb	r3, [r4, #28]
 8003272:	6823      	ldr	r3, [r4, #0]
 8003274:	69db      	ldr	r3, [r3, #28]
 8003276:	f413 7f40 	tst.w	r3, #768	@ 0x300
 800327a:	d031      	beq.n	80032e0 <HAL_TIM_IRQHandler+0x110>
 800327c:	4620      	mov	r0, r4
 800327e:	f7ff ffa4 	bl	80031ca <HAL_TIM_IC_CaptureCallback>
 8003282:	2300      	movs	r3, #0
 8003284:	7723      	strb	r3, [r4, #28]
 8003286:	f015 0f01 	tst.w	r5, #1
 800328a:	d002      	beq.n	8003292 <HAL_TIM_IRQHandler+0xc2>
 800328c:	f016 0f01 	tst.w	r6, #1
 8003290:	d12d      	bne.n	80032ee <HAL_TIM_IRQHandler+0x11e>
 8003292:	f015 0f80 	tst.w	r5, #128	@ 0x80
 8003296:	d002      	beq.n	800329e <HAL_TIM_IRQHandler+0xce>
 8003298:	f016 0f80 	tst.w	r6, #128	@ 0x80
 800329c:	d12f      	bne.n	80032fe <HAL_TIM_IRQHandler+0x12e>
 800329e:	f015 0f40 	tst.w	r5, #64	@ 0x40
 80032a2:	d002      	beq.n	80032aa <HAL_TIM_IRQHandler+0xda>
 80032a4:	f016 0f40 	tst.w	r6, #64	@ 0x40
 80032a8:	d131      	bne.n	800330e <HAL_TIM_IRQHandler+0x13e>
 80032aa:	f015 0f20 	tst.w	r5, #32
 80032ae:	d002      	beq.n	80032b6 <HAL_TIM_IRQHandler+0xe6>
 80032b0:	f016 0f20 	tst.w	r6, #32
 80032b4:	d133      	bne.n	800331e <HAL_TIM_IRQHandler+0x14e>
 80032b6:	bd70      	pop	{r4, r5, r6, pc}
 80032b8:	f7ff ff86 	bl	80031c8 <HAL_TIM_OC_DelayElapsedCallback>
 80032bc:	4620      	mov	r0, r4
 80032be:	f7ff ff85 	bl	80031cc <HAL_TIM_PWM_PulseFinishedCallback>
 80032c2:	e79c      	b.n	80031fe <HAL_TIM_IRQHandler+0x2e>
 80032c4:	4620      	mov	r0, r4
 80032c6:	f7ff ff7f 	bl	80031c8 <HAL_TIM_OC_DelayElapsedCallback>
 80032ca:	4620      	mov	r0, r4
 80032cc:	f7ff ff7e 	bl	80031cc <HAL_TIM_PWM_PulseFinishedCallback>
 80032d0:	e7ab      	b.n	800322a <HAL_TIM_IRQHandler+0x5a>
 80032d2:	4620      	mov	r0, r4
 80032d4:	f7ff ff78 	bl	80031c8 <HAL_TIM_OC_DelayElapsedCallback>
 80032d8:	4620      	mov	r0, r4
 80032da:	f7ff ff77 	bl	80031cc <HAL_TIM_PWM_PulseFinishedCallback>
 80032de:	e7ba      	b.n	8003256 <HAL_TIM_IRQHandler+0x86>
 80032e0:	4620      	mov	r0, r4
 80032e2:	f7ff ff71 	bl	80031c8 <HAL_TIM_OC_DelayElapsedCallback>
 80032e6:	4620      	mov	r0, r4
 80032e8:	f7ff ff70 	bl	80031cc <HAL_TIM_PWM_PulseFinishedCallback>
 80032ec:	e7c9      	b.n	8003282 <HAL_TIM_IRQHandler+0xb2>
 80032ee:	6823      	ldr	r3, [r4, #0]
 80032f0:	f06f 0201 	mvn.w	r2, #1
 80032f4:	611a      	str	r2, [r3, #16]
 80032f6:	4620      	mov	r0, r4
 80032f8:	f7fd fb84 	bl	8000a04 <HAL_TIM_PeriodElapsedCallback>
 80032fc:	e7c9      	b.n	8003292 <HAL_TIM_IRQHandler+0xc2>
 80032fe:	6823      	ldr	r3, [r4, #0]
 8003300:	f06f 0280 	mvn.w	r2, #128	@ 0x80
 8003304:	611a      	str	r2, [r3, #16]
 8003306:	4620      	mov	r0, r4
 8003308:	f000 f891 	bl	800342e <HAL_TIMEx_BreakCallback>
 800330c:	e7c7      	b.n	800329e <HAL_TIM_IRQHandler+0xce>
 800330e:	6823      	ldr	r3, [r4, #0]
 8003310:	f06f 0240 	mvn.w	r2, #64	@ 0x40
 8003314:	611a      	str	r2, [r3, #16]
 8003316:	4620      	mov	r0, r4
 8003318:	f7ff ff59 	bl	80031ce <HAL_TIM_TriggerCallback>
 800331c:	e7c5      	b.n	80032aa <HAL_TIM_IRQHandler+0xda>
 800331e:	6823      	ldr	r3, [r4, #0]
 8003320:	f06f 0220 	mvn.w	r2, #32
 8003324:	611a      	str	r2, [r3, #16]
 8003326:	4620      	mov	r0, r4
 8003328:	f000 f880 	bl	800342c <HAL_TIMEx_CommutCallback>
 800332c:	e7c3      	b.n	80032b6 <HAL_TIM_IRQHandler+0xe6>
	...

08003330 <TIM_Base_SetConfig>:
 8003330:	6803      	ldr	r3, [r0, #0]
 8003332:	4a27      	ldr	r2, [pc, #156]	@ (80033d0 <TIM_Base_SetConfig+0xa0>)
 8003334:	4290      	cmp	r0, r2
 8003336:	d00e      	beq.n	8003356 <TIM_Base_SetConfig+0x26>
 8003338:	f1b0 4f80 	cmp.w	r0, #1073741824	@ 0x40000000
 800333c:	d00b      	beq.n	8003356 <TIM_Base_SetConfig+0x26>
 800333e:	f5a2 427c 	sub.w	r2, r2, #64512	@ 0xfc00
 8003342:	4290      	cmp	r0, r2
 8003344:	d007      	beq.n	8003356 <TIM_Base_SetConfig+0x26>
 8003346:	f502 6280 	add.w	r2, r2, #1024	@ 0x400
 800334a:	4290      	cmp	r0, r2
 800334c:	d003      	beq.n	8003356 <TIM_Base_SetConfig+0x26>
 800334e:	f502 6280 	add.w	r2, r2, #1024	@ 0x400
 8003352:	4290      	cmp	r0, r2
 8003354:	d103      	bne.n	800335e <TIM_Base_SetConfig+0x2e>
 8003356:	f023 0370 	bic.w	r3, r3, #112	@ 0x70
 800335a:	684a      	ldr	r2, [r1, #4]
 800335c:	4313      	orrs	r3, r2
 800335e:	4a1c      	ldr	r2, [pc, #112]	@ (80033d0 <TIM_Base_SetConfig+0xa0>)
 8003360:	4290      	cmp	r0, r2
 8003362:	d01a      	beq.n	800339a <TIM_Base_SetConfig+0x6a>
 8003364:	f1b0 4f80 	cmp.w	r0, #1073741824	@ 0x40000000
 8003368:	d017      	beq.n	800339a <TIM_Base_SetConfig+0x6a>
 800336a:	f5a2 427c 	sub.w	r2, r2, #64512	@ 0xfc00
 800336e:	4290      	cmp	r0, r2
 8003370:	d013      	beq.n	800339a <TIM_Base_SetConfig+0x6a>
 8003372:	f502 6280 	add.w	r2, r2, #1024	@ 0x400
 8003376:	4290      	cmp	r0, r2
 8003378:	d00f      	beq.n	800339a <TIM_Base_SetConfig+0x6a>
 800337a:	f502 6280 	add.w	r2, r2, #1024	@ 0x400
 800337e:	4290      	cmp	r0, r2
 8003380:	d00b      	beq.n	800339a <TIM_Base_SetConfig+0x6a>
 8003382:	f502 329a 	add.w	r2, r2, #78848	@ 0x13400
 8003386:	4290      	cmp	r0, r2
 8003388:	d007      	beq.n	800339a <TIM_Base_SetConfig+0x6a>
 800338a:	f502 6280 	add.w	r2, r2, #1024	@ 0x400
 800338e:	4290      	cmp	r0, r2
 8003390:	d003      	beq.n	800339a <TIM_Base_SetConfig+0x6a>
 8003392:	f502 6280 	add.w	r2, r2, #1024	@ 0x400
 8003396:	4290      	cmp	r0, r2
 8003398:	d103      	bne.n	80033a2 <TIM_Base_SetConfig+0x72>
 800339a:	f423 7340 	bic.w	r3, r3, #768	@ 0x300
 800339e:	68ca      	ldr	r2, [r1, #12]
 80033a0:	4313      	orrs	r3, r2
 80033a2:	f023 0380 	bic.w	r3, r3, #128	@ 0x80
 80033a6:	694a      	ldr	r2, [r1, #20]
 80033a8:	4313      	orrs	r3, r2
 80033aa:	688a      	ldr	r2, [r1, #8]
 80033ac:	62c2      	str	r2, [r0, #44]	@ 0x2c
 80033ae:	680a      	ldr	r2, [r1, #0]
 80033b0:	6282      	str	r2, [r0, #40]	@ 0x28
 80033b2:	4a07      	ldr	r2, [pc, #28]	@ (80033d0 <TIM_Base_SetConfig+0xa0>)
 80033b4:	4290      	cmp	r0, r2
 80033b6:	d007      	beq.n	80033c8 <TIM_Base_SetConfig+0x98>
 80033b8:	6802      	ldr	r2, [r0, #0]
 80033ba:	f042 0204 	orr.w	r2, r2, #4
 80033be:	6002      	str	r2, [r0, #0]
 80033c0:	2201      	movs	r2, #1
 80033c2:	6142      	str	r2, [r0, #20]
 80033c4:	6003      	str	r3, [r0, #0]
 80033c6:	4770      	bx	lr
 80033c8:	690a      	ldr	r2, [r1, #16]
 80033ca:	6302      	str	r2, [r0, #48]	@ 0x30
 80033cc:	e7f4      	b.n	80033b8 <TIM_Base_SetConfig+0x88>
 80033ce:	bf00      	nop
 80033d0:	40010000 	.word	0x40010000

080033d4 <HAL_TIM_Base_Init>:
 80033d4:	b340      	cbz	r0, 8003428 <HAL_TIM_Base_Init+0x54>
 80033d6:	b510      	push	{r4, lr}
 80033d8:	4604      	mov	r4, r0
 80033da:	f890 303d 	ldrb.w	r3, [r0, #61]	@ 0x3d
 80033de:	b1f3      	cbz	r3, 800341e <HAL_TIM_Base_Init+0x4a>
 80033e0:	2302      	movs	r3, #2
 80033e2:	f884 303d 	strb.w	r3, [r4, #61]	@ 0x3d
 80033e6:	4621      	mov	r1, r4
 80033e8:	f851 0b04 	ldr.w	r0, [r1], #4
 80033ec:	f7ff ffa0 	bl	8003330 <TIM_Base_SetConfig>
 80033f0:	2301      	movs	r3, #1
 80033f2:	f884 3046 	strb.w	r3, [r4, #70]	@ 0x46
 80033f6:	f884 303e 	strb.w	r3, [r4, #62]	@ 0x3e
 80033fa:	f884 303f 	strb.w	r3, [r4, #63]	@ 0x3f
 80033fe:	f884 3040 	strb.w	r3, [r4, #64]	@ 0x40
 8003402:	f884 3041 	strb.w	r3, [r4, #65]	@ 0x41
 8003406:	f884 3042 	strb.w	r3, [r4, #66]	@ 0x42
 800340a:	f884 3043 	strb.w	r3, [r4, #67]	@ 0x43
 800340e:	f884 3044 	strb.w	r3, [r4, #68]	@ 0x44
 8003412:	f884 3045 	strb.w	r3, [r4, #69]	@ 0x45
 8003416:	f884 303d 	strb.w	r3, [r4, #61]	@ 0x3d
 800341a:	2000      	movs	r0, #0
 800341c:	bd10      	pop	{r4, pc}
 800341e:	f880 303c 	strb.w	r3, [r0, #60]	@ 0x3c
 8003422:	f7ff f835 	bl	8002490 <HAL_TIM_Base_MspInit>
 8003426:	e7db      	b.n	80033e0 <HAL_TIM_Base_Init+0xc>
 8003428:	2001      	movs	r0, #1
 800342a:	4770      	bx	lr

0800342c <HAL_TIMEx_CommutCallback>:
 800342c:	4770      	bx	lr

0800342e <HAL_TIMEx_BreakCallback>:
 800342e:	4770      	bx	lr

08003430 <NMI_Handler>:
 8003430:	b508      	push	{r3, lr}
 8003432:	f7ff fb6b 	bl	8002b0c <HAL_RCC_NMI_IRQHandler>
 8003436:	e7fe      	b.n	8003436 <NMI_Handler+0x6>

08003438 <HardFault_Handler>:
 8003438:	e7fe      	b.n	8003438 <HardFault_Handler>

0800343a <MemManage_Handler>:
 800343a:	e7fe      	b.n	800343a <MemManage_Handler>

0800343c <BusFault_Handler>:
 800343c:	e7fe      	b.n	800343c <BusFault_Handler>

0800343e <UsageFault_Handler>:
 800343e:	e7fe      	b.n	800343e <UsageFault_Handler>

08003440 <SVC_Handler>:
 8003440:	4770      	bx	lr

08003442 <DebugMon_Handler>:
 8003442:	4770      	bx	lr

08003444 <PendSV_Handler>:
 8003444:	4770      	bx	lr

08003446 <SysTick_Handler>:
 8003446:	b508      	push	{r3, lr}
 8003448:	f7fd fdda 	bl	8001000 <HAL_IncTick>
 800344c:	bd08      	pop	{r3, pc}

0800344e <EXTI9_5_IRQHandler>:
 800344e:	b508      	push	{r3, lr}
 8003450:	f44f 7000 	mov.w	r0, #512	@ 0x200
 8003454:	f7fe f92a 	bl	80016ac <HAL_GPIO_EXTI_IRQHandler>
 8003458:	bd08      	pop	{r3, pc}
	...

0800345c <TIM1_TRG_COM_TIM11_IRQHandler>:
 800345c:	b508      	push	{r3, lr}
 800345e:	4802      	ldr	r0, [pc, #8]	@ (8003468 <TIM1_TRG_COM_TIM11_IRQHandler+0xc>)
 8003460:	f7ff feb6 	bl	80031d0 <HAL_TIM_IRQHandler>
 8003464:	bd08      	pop	{r3, pc}
 8003466:	bf00      	nop
 8003468:	200001d4 	.word	0x200001d4

0800346c <DMA2_Stream0_IRQHandler>:
 800346c:	b508      	push	{r3, lr}
 800346e:	4802      	ldr	r0, [pc, #8]	@ (8003478 <DMA2_Stream0_IRQHandler+0xc>)
 8003470:	f7fd ff34 	bl	80012dc <HAL_DMA_IRQHandler>
 8003474:	bd08      	pop	{r3, pc}
 8003476:	bf00      	nop
 8003478:	2000021c 	.word	0x2000021c

0800347c <SystemInit>:
 800347c:	4a03      	ldr	r2, [pc, #12]	@ (800348c <SystemInit+0x10>)
 800347e:	f8d2 3088 	ldr.w	r3, [r2, #136]	@ 0x88
 8003482:	f443 0370 	orr.w	r3, r3, #15728640	@ 0xf00000
 8003486:	f8c2 3088 	str.w	r3, [r2, #136]	@ 0x88
 800348a:	4770      	bx	lr
 800348c:	e000ed00 	.word	0xe000ed00

08003490 <USER_initialize>:
 8003490:	b508      	push	{r3, lr}
 8003492:	f000 f925 	bl	80036e0 <USER_SPI_initialize>
 8003496:	bd08      	pop	{r3, pc}

08003498 <USER_status>:
 8003498:	b508      	push	{r3, lr}
 800349a:	f000 f9d7 	bl	800384c <USER_SPI_status>
 800349e:	bd08      	pop	{r3, pc}

080034a0 <USER_read>:
 80034a0:	b508      	push	{r3, lr}
 80034a2:	f000 f9dd 	bl	8003860 <USER_SPI_read>
 80034a6:	bd08      	pop	{r3, pc}

080034a8 <USER_write>:
 80034a8:	b508      	push	{r3, lr}
 80034aa:	f000 fa1f 	bl	80038ec <USER_SPI_write>
 80034ae:	bd08      	pop	{r3, pc}

080034b0 <USER_ioctl>:
 80034b0:	b508      	push	{r3, lr}
 80034b2:	f000 fa73 	bl	800399c <USER_SPI_ioctl>
 80034b6:	bd08      	pop	{r3, pc}

080034b8 <xchg_spi>:
 80034b8:	b500      	push	{lr}
 80034ba:	b087      	sub	sp, #28
 80034bc:	f88d 000f 	strb.w	r0, [sp, #15]
 80034c0:	2332      	movs	r3, #50	@ 0x32
 80034c2:	9300      	str	r3, [sp, #0]
 80034c4:	2301      	movs	r3, #1
 80034c6:	f10d 0217 	add.w	r2, sp, #23
 80034ca:	f10d 010f 	add.w	r1, sp, #15
 80034ce:	4804      	ldr	r0, [pc, #16]	@ (80034e0 <xchg_spi+0x28>)
 80034d0:	f7ff fd11 	bl	8002ef6 <HAL_SPI_TransmitReceive>
 80034d4:	f89d 0017 	ldrb.w	r0, [sp, #23]
 80034d8:	b007      	add	sp, #28
 80034da:	f85d fb04 	ldr.w	pc, [sp], #4
 80034de:	bf00      	nop
 80034e0:	200002d4 	.word	0x200002d4

080034e4 <wait_ready>:
 80034e4:	b570      	push	{r4, r5, r6, lr}
 80034e6:	4606      	mov	r6, r0
 80034e8:	f7fd fd96 	bl	8001018 <HAL_GetTick>
 80034ec:	4605      	mov	r5, r0
 80034ee:	20ff      	movs	r0, #255	@ 0xff
 80034f0:	f7ff ffe2 	bl	80034b8 <xchg_spi>
 80034f4:	4604      	mov	r4, r0
 80034f6:	28ff      	cmp	r0, #255	@ 0xff
 80034f8:	d004      	beq.n	8003504 <wait_ready+0x20>
 80034fa:	f7fd fd8d 	bl	8001018 <HAL_GetTick>
 80034fe:	1b40      	subs	r0, r0, r5
 8003500:	42b0      	cmp	r0, r6
 8003502:	d3f4      	bcc.n	80034ee <wait_ready+0xa>
 8003504:	2cff      	cmp	r4, #255	@ 0xff
 8003506:	bf14      	ite	ne
 8003508:	2000      	movne	r0, #0
 800350a:	2001      	moveq	r0, #1
 800350c:	bd70      	pop	{r4, r5, r6, pc}

0800350e <rcvr_spi_multi>:
 800350e:	b570      	push	{r4, r5, r6, lr}
 8003510:	4606      	mov	r6, r0
 8003512:	460d      	mov	r5, r1
 8003514:	2400      	movs	r4, #0
 8003516:	e004      	b.n	8003522 <rcvr_spi_multi+0x14>
 8003518:	20ff      	movs	r0, #255	@ 0xff
 800351a:	f7ff ffcd 	bl	80034b8 <xchg_spi>
 800351e:	5530      	strb	r0, [r6, r4]
 8003520:	3401      	adds	r4, #1
 8003522:	42ac      	cmp	r4, r5
 8003524:	d3f8      	bcc.n	8003518 <rcvr_spi_multi+0xa>
 8003526:	bd70      	pop	{r4, r5, r6, pc}

08003528 <despiselect>:
 8003528:	b508      	push	{r3, lr}
 800352a:	2201      	movs	r2, #1
 800352c:	2110      	movs	r1, #16
 800352e:	4803      	ldr	r0, [pc, #12]	@ (800353c <despiselect+0x14>)
 8003530:	f7fe f8ad 	bl	800168e <HAL_GPIO_WritePin>
 8003534:	20ff      	movs	r0, #255	@ 0xff
 8003536:	f7ff ffbf 	bl	80034b8 <xchg_spi>
 800353a:	bd08      	pop	{r3, pc}
 800353c:	40020000 	.word	0x40020000

08003540 <spiselect>:
 8003540:	b510      	push	{r4, lr}
 8003542:	2200      	movs	r2, #0
 8003544:	2110      	movs	r1, #16
 8003546:	4809      	ldr	r0, [pc, #36]	@ (800356c <spiselect+0x2c>)
 8003548:	f7fe f8a1 	bl	800168e <HAL_GPIO_WritePin>
 800354c:	20ff      	movs	r0, #255	@ 0xff
 800354e:	f7ff ffb3 	bl	80034b8 <xchg_spi>
 8003552:	f44f 70fa 	mov.w	r0, #500	@ 0x1f4
 8003556:	f7ff ffc5 	bl	80034e4 <wait_ready>
 800355a:	b110      	cbz	r0, 8003562 <spiselect+0x22>
 800355c:	2401      	movs	r4, #1
 800355e:	4620      	mov	r0, r4
 8003560:	bd10      	pop	{r4, pc}
 8003562:	4604      	mov	r4, r0
 8003564:	f7ff ffe0 	bl	8003528 <despiselect>
 8003568:	e7f9      	b.n	800355e <spiselect+0x1e>
 800356a:	bf00      	nop
 800356c:	40020000 	.word	0x40020000

08003570 <send_cmd>:
 8003570:	b538      	push	{r3, r4, r5, lr}
 8003572:	4604      	mov	r4, r0
 8003574:	460d      	mov	r5, r1
 8003576:	f010 0f80 	tst.w	r0, #128	@ 0x80
 800357a:	d11d      	bne.n	80035b8 <send_cmd+0x48>
 800357c:	2c0c      	cmp	r4, #12
 800357e:	d004      	beq.n	800358a <send_cmd+0x1a>
 8003580:	f7ff ffd2 	bl	8003528 <despiselect>
 8003584:	f7ff ffdc 	bl	8003540 <spiselect>
 8003588:	b3b0      	cbz	r0, 80035f8 <send_cmd+0x88>
 800358a:	f044 0040 	orr.w	r0, r4, #64	@ 0x40
 800358e:	f7ff ff93 	bl	80034b8 <xchg_spi>
 8003592:	0e28      	lsrs	r0, r5, #24
 8003594:	f7ff ff90 	bl	80034b8 <xchg_spi>
 8003598:	f3c5 4007 	ubfx	r0, r5, #16, #8
 800359c:	f7ff ff8c 	bl	80034b8 <xchg_spi>
 80035a0:	f3c5 2007 	ubfx	r0, r5, #8, #8
 80035a4:	f7ff ff88 	bl	80034b8 <xchg_spi>
 80035a8:	b2e8      	uxtb	r0, r5
 80035aa:	f7ff ff85 	bl	80034b8 <xchg_spi>
 80035ae:	b164      	cbz	r4, 80035ca <send_cmd+0x5a>
 80035b0:	2c08      	cmp	r4, #8
 80035b2:	d01b      	beq.n	80035ec <send_cmd+0x7c>
 80035b4:	2001      	movs	r0, #1
 80035b6:	e009      	b.n	80035cc <send_cmd+0x5c>
 80035b8:	f000 047f 	and.w	r4, r0, #127	@ 0x7f
 80035bc:	2100      	movs	r1, #0
 80035be:	2037      	movs	r0, #55	@ 0x37
 80035c0:	f7ff ffd6 	bl	8003570 <send_cmd>
 80035c4:	2801      	cmp	r0, #1
 80035c6:	d9d9      	bls.n	800357c <send_cmd+0xc>
 80035c8:	e00f      	b.n	80035ea <send_cmd+0x7a>
 80035ca:	2095      	movs	r0, #149	@ 0x95
 80035cc:	f7ff ff74 	bl	80034b8 <xchg_spi>
 80035d0:	2c0c      	cmp	r4, #12
 80035d2:	d00d      	beq.n	80035f0 <send_cmd+0x80>
 80035d4:	240a      	movs	r4, #10
 80035d6:	20ff      	movs	r0, #255	@ 0xff
 80035d8:	f7ff ff6e 	bl	80034b8 <xchg_spi>
 80035dc:	f010 0f80 	tst.w	r0, #128	@ 0x80
 80035e0:	d003      	beq.n	80035ea <send_cmd+0x7a>
 80035e2:	1e63      	subs	r3, r4, #1
 80035e4:	f013 04ff 	ands.w	r4, r3, #255	@ 0xff
 80035e8:	d1f5      	bne.n	80035d6 <send_cmd+0x66>
 80035ea:	bd38      	pop	{r3, r4, r5, pc}
 80035ec:	2087      	movs	r0, #135	@ 0x87
 80035ee:	e7ed      	b.n	80035cc <send_cmd+0x5c>
 80035f0:	20ff      	movs	r0, #255	@ 0xff
 80035f2:	f7ff ff61 	bl	80034b8 <xchg_spi>
 80035f6:	e7ed      	b.n	80035d4 <send_cmd+0x64>
 80035f8:	20ff      	movs	r0, #255	@ 0xff
 80035fa:	e7f6      	b.n	80035ea <send_cmd+0x7a>

080035fc <xmit_spi_multi>:
 80035fc:	b508      	push	{r3, lr}
 80035fe:	f04f 33ff 	mov.w	r3, #4294967295
 8003602:	b28a      	uxth	r2, r1
 8003604:	4601      	mov	r1, r0
 8003606:	4802      	ldr	r0, [pc, #8]	@ (8003610 <xmit_spi_multi+0x14>)
 8003608:	f7ff fb93 	bl	8002d32 <HAL_SPI_Transmit>
 800360c:	bd08      	pop	{r3, pc}
 800360e:	bf00      	nop
 8003610:	200002d4 	.word	0x200002d4

08003614 <xmit_datablock>:
 8003614:	b538      	push	{r3, r4, r5, lr}
 8003616:	4605      	mov	r5, r0
 8003618:	460c      	mov	r4, r1
 800361a:	f44f 70fa 	mov.w	r0, #500	@ 0x1f4
 800361e:	f7ff ff61 	bl	80034e4 <wait_ready>
 8003622:	b900      	cbnz	r0, 8003626 <xmit_datablock+0x12>
 8003624:	bd38      	pop	{r3, r4, r5, pc}
 8003626:	4620      	mov	r0, r4
 8003628:	f7ff ff46 	bl	80034b8 <xchg_spi>
 800362c:	2cfd      	cmp	r4, #253	@ 0xfd
 800362e:	d101      	bne.n	8003634 <xmit_datablock+0x20>
 8003630:	2001      	movs	r0, #1
 8003632:	e7f7      	b.n	8003624 <xmit_datablock+0x10>
 8003634:	f44f 7100 	mov.w	r1, #512	@ 0x200
 8003638:	4628      	mov	r0, r5
 800363a:	f7ff ffdf 	bl	80035fc <xmit_spi_multi>
 800363e:	20ff      	movs	r0, #255	@ 0xff
 8003640:	f7ff ff3a 	bl	80034b8 <xchg_spi>
 8003644:	20ff      	movs	r0, #255	@ 0xff
 8003646:	f7ff ff37 	bl	80034b8 <xchg_spi>
 800364a:	20ff      	movs	r0, #255	@ 0xff
 800364c:	f7ff ff34 	bl	80034b8 <xchg_spi>
 8003650:	f000 001f 	and.w	r0, r0, #31
 8003654:	2805      	cmp	r0, #5
 8003656:	d101      	bne.n	800365c <xmit_datablock+0x48>
 8003658:	2001      	movs	r0, #1
 800365a:	e7e3      	b.n	8003624 <xmit_datablock+0x10>
 800365c:	2000      	movs	r0, #0
 800365e:	e7e1      	b.n	8003624 <xmit_datablock+0x10>

08003660 <SPI_Timer_On>:
 8003660:	b510      	push	{r4, lr}
 8003662:	4604      	mov	r4, r0
 8003664:	f7fd fcd8 	bl	8001018 <HAL_GetTick>
 8003668:	4b02      	ldr	r3, [pc, #8]	@ (8003674 <SPI_Timer_On+0x14>)
 800366a:	6018      	str	r0, [r3, #0]
 800366c:	4b02      	ldr	r3, [pc, #8]	@ (8003678 <SPI_Timer_On+0x18>)
 800366e:	601c      	str	r4, [r3, #0]
 8003670:	bd10      	pop	{r4, pc}
 8003672:	bf00      	nop
 8003674:	20000838 	.word	0x20000838
 8003678:	20000834 	.word	0x20000834

0800367c <SPI_Timer_Status>:
 800367c:	b508      	push	{r3, lr}
 800367e:	f7fd fccb 	bl	8001018 <HAL_GetTick>
 8003682:	4b05      	ldr	r3, [pc, #20]	@ (8003698 <SPI_Timer_Status+0x1c>)
 8003684:	681b      	ldr	r3, [r3, #0]
 8003686:	1ac0      	subs	r0, r0, r3
 8003688:	4b04      	ldr	r3, [pc, #16]	@ (800369c <SPI_Timer_Status+0x20>)
 800368a:	681b      	ldr	r3, [r3, #0]
 800368c:	4298      	cmp	r0, r3
 800368e:	bf2c      	ite	cs
 8003690:	2000      	movcs	r0, #0
 8003692:	2001      	movcc	r0, #1
 8003694:	bd08      	pop	{r3, pc}
 8003696:	bf00      	nop
 8003698:	20000838 	.word	0x20000838
 800369c:	20000834 	.word	0x20000834

080036a0 <rcvr_datablock>:
 80036a0:	b570      	push	{r4, r5, r6, lr}
 80036a2:	4605      	mov	r5, r0
 80036a4:	460e      	mov	r6, r1
 80036a6:	20c8      	movs	r0, #200	@ 0xc8
 80036a8:	f7ff ffda 	bl	8003660 <SPI_Timer_On>
 80036ac:	20ff      	movs	r0, #255	@ 0xff
 80036ae:	f7ff ff03 	bl	80034b8 <xchg_spi>
 80036b2:	4604      	mov	r4, r0
 80036b4:	28ff      	cmp	r0, #255	@ 0xff
 80036b6:	d103      	bne.n	80036c0 <rcvr_datablock+0x20>
 80036b8:	f7ff ffe0 	bl	800367c <SPI_Timer_Status>
 80036bc:	2800      	cmp	r0, #0
 80036be:	d1f5      	bne.n	80036ac <rcvr_datablock+0xc>
 80036c0:	2cfe      	cmp	r4, #254	@ 0xfe
 80036c2:	d001      	beq.n	80036c8 <rcvr_datablock+0x28>
 80036c4:	2000      	movs	r0, #0
 80036c6:	bd70      	pop	{r4, r5, r6, pc}
 80036c8:	4631      	mov	r1, r6
 80036ca:	4628      	mov	r0, r5
 80036cc:	f7ff ff1f 	bl	800350e <rcvr_spi_multi>
 80036d0:	20ff      	movs	r0, #255	@ 0xff
 80036d2:	f7ff fef1 	bl	80034b8 <xchg_spi>
 80036d6:	20ff      	movs	r0, #255	@ 0xff
 80036d8:	f7ff feee 	bl	80034b8 <xchg_spi>
 80036dc:	2001      	movs	r0, #1
 80036de:	e7f2      	b.n	80036c6 <rcvr_datablock+0x26>

080036e0 <USER_SPI_initialize>:
 80036e0:	2800      	cmp	r0, #0
 80036e2:	f040 80ab 	bne.w	800383c <USER_SPI_initialize+0x15c>
 80036e6:	4b56      	ldr	r3, [pc, #344]	@ (8003840 <USER_SPI_initialize+0x160>)
 80036e8:	781b      	ldrb	r3, [r3, #0]
 80036ea:	f013 0f02 	tst.w	r3, #2
 80036ee:	d109      	bne.n	8003704 <USER_SPI_initialize+0x24>
 80036f0:	b570      	push	{r4, r5, r6, lr}
 80036f2:	b082      	sub	sp, #8
 80036f4:	4b53      	ldr	r3, [pc, #332]	@ (8003844 <USER_SPI_initialize+0x164>)
 80036f6:	681a      	ldr	r2, [r3, #0]
 80036f8:	6813      	ldr	r3, [r2, #0]
 80036fa:	f043 0338 	orr.w	r3, r3, #56	@ 0x38
 80036fe:	6013      	str	r3, [r2, #0]
 8003700:	240a      	movs	r4, #10
 8003702:	e008      	b.n	8003716 <USER_SPI_initialize+0x36>
 8003704:	4b4e      	ldr	r3, [pc, #312]	@ (8003840 <USER_SPI_initialize+0x160>)
 8003706:	7818      	ldrb	r0, [r3, #0]
 8003708:	b2c0      	uxtb	r0, r0
 800370a:	4770      	bx	lr
 800370c:	20ff      	movs	r0, #255	@ 0xff
 800370e:	f7ff fed3 	bl	80034b8 <xchg_spi>
 8003712:	3c01      	subs	r4, #1
 8003714:	b2e4      	uxtb	r4, r4
 8003716:	2c00      	cmp	r4, #0
 8003718:	d1f8      	bne.n	800370c <USER_SPI_initialize+0x2c>
 800371a:	2100      	movs	r1, #0
 800371c:	4608      	mov	r0, r1
 800371e:	f7ff ff27 	bl	8003570 <send_cmd>
 8003722:	4605      	mov	r5, r0
 8003724:	2801      	cmp	r0, #1
 8003726:	d017      	beq.n	8003758 <USER_SPI_initialize+0x78>
 8003728:	4b47      	ldr	r3, [pc, #284]	@ (8003848 <USER_SPI_initialize+0x168>)
 800372a:	701c      	strb	r4, [r3, #0]
 800372c:	f7ff fefc 	bl	8003528 <despiselect>
 8003730:	2c00      	cmp	r4, #0
 8003732:	d07f      	beq.n	8003834 <USER_SPI_initialize+0x154>
 8003734:	4b43      	ldr	r3, [pc, #268]	@ (8003844 <USER_SPI_initialize+0x164>)
 8003736:	681a      	ldr	r2, [r3, #0]
 8003738:	6813      	ldr	r3, [r2, #0]
 800373a:	f023 0338 	bic.w	r3, r3, #56	@ 0x38
 800373e:	f043 0310 	orr.w	r3, r3, #16
 8003742:	6013      	str	r3, [r2, #0]
 8003744:	4a3e      	ldr	r2, [pc, #248]	@ (8003840 <USER_SPI_initialize+0x160>)
 8003746:	7813      	ldrb	r3, [r2, #0]
 8003748:	f003 03fe 	and.w	r3, r3, #254	@ 0xfe
 800374c:	7013      	strb	r3, [r2, #0]
 800374e:	4b3c      	ldr	r3, [pc, #240]	@ (8003840 <USER_SPI_initialize+0x160>)
 8003750:	7818      	ldrb	r0, [r3, #0]
 8003752:	b2c0      	uxtb	r0, r0
 8003754:	b002      	add	sp, #8
 8003756:	bd70      	pop	{r4, r5, r6, pc}
 8003758:	f44f 707a 	mov.w	r0, #1000	@ 0x3e8
 800375c:	f7ff ff80 	bl	8003660 <SPI_Timer_On>
 8003760:	f44f 71d5 	mov.w	r1, #426	@ 0x1aa
 8003764:	2008      	movs	r0, #8
 8003766:	f7ff ff03 	bl	8003570 <send_cmd>
 800376a:	2801      	cmp	r0, #1
 800376c:	d13e      	bne.n	80037ec <USER_SPI_initialize+0x10c>
 800376e:	4625      	mov	r5, r4
 8003770:	e009      	b.n	8003786 <USER_SPI_initialize+0xa6>
 8003772:	20ff      	movs	r0, #255	@ 0xff
 8003774:	f7ff fea0 	bl	80034b8 <xchg_spi>
 8003778:	f105 0308 	add.w	r3, r5, #8
 800377c:	446b      	add	r3, sp
 800377e:	f803 0c04 	strb.w	r0, [r3, #-4]
 8003782:	3501      	adds	r5, #1
 8003784:	b2ed      	uxtb	r5, r5
 8003786:	2d03      	cmp	r5, #3
 8003788:	d9f3      	bls.n	8003772 <USER_SPI_initialize+0x92>
 800378a:	f89d 3006 	ldrb.w	r3, [sp, #6]
 800378e:	2b01      	cmp	r3, #1
 8003790:	d1ca      	bne.n	8003728 <USER_SPI_initialize+0x48>
 8003792:	f89d 3007 	ldrb.w	r3, [sp, #7]
 8003796:	2baa      	cmp	r3, #170	@ 0xaa
 8003798:	d1c6      	bne.n	8003728 <USER_SPI_initialize+0x48>
 800379a:	f7ff ff6f 	bl	800367c <SPI_Timer_Status>
 800379e:	b130      	cbz	r0, 80037ae <USER_SPI_initialize+0xce>
 80037a0:	f04f 4180 	mov.w	r1, #1073741824	@ 0x40000000
 80037a4:	20a9      	movs	r0, #169	@ 0xa9
 80037a6:	f7ff fee3 	bl	8003570 <send_cmd>
 80037aa:	2800      	cmp	r0, #0
 80037ac:	d1f5      	bne.n	800379a <USER_SPI_initialize+0xba>
 80037ae:	f7ff ff65 	bl	800367c <SPI_Timer_Status>
 80037b2:	b908      	cbnz	r0, 80037b8 <USER_SPI_initialize+0xd8>
 80037b4:	4604      	mov	r4, r0
 80037b6:	e7b7      	b.n	8003728 <USER_SPI_initialize+0x48>
 80037b8:	2100      	movs	r1, #0
 80037ba:	203a      	movs	r0, #58	@ 0x3a
 80037bc:	f7ff fed8 	bl	8003570 <send_cmd>
 80037c0:	4605      	mov	r5, r0
 80037c2:	b150      	cbz	r0, 80037da <USER_SPI_initialize+0xfa>
 80037c4:	e7b0      	b.n	8003728 <USER_SPI_initialize+0x48>
 80037c6:	20ff      	movs	r0, #255	@ 0xff
 80037c8:	f7ff fe76 	bl	80034b8 <xchg_spi>
 80037cc:	f105 0308 	add.w	r3, r5, #8
 80037d0:	446b      	add	r3, sp
 80037d2:	f803 0c04 	strb.w	r0, [r3, #-4]
 80037d6:	3501      	adds	r5, #1
 80037d8:	b2ed      	uxtb	r5, r5
 80037da:	2d03      	cmp	r5, #3
 80037dc:	d9f3      	bls.n	80037c6 <USER_SPI_initialize+0xe6>
 80037de:	f89d 3004 	ldrb.w	r3, [sp, #4]
 80037e2:	f013 0f40 	tst.w	r3, #64	@ 0x40
 80037e6:	d023      	beq.n	8003830 <USER_SPI_initialize+0x150>
 80037e8:	240c      	movs	r4, #12
 80037ea:	e79d      	b.n	8003728 <USER_SPI_initialize+0x48>
 80037ec:	2100      	movs	r1, #0
 80037ee:	20a9      	movs	r0, #169	@ 0xa9
 80037f0:	f7ff febe 	bl	8003570 <send_cmd>
 80037f4:	2801      	cmp	r0, #1
 80037f6:	d90e      	bls.n	8003816 <USER_SPI_initialize+0x136>
 80037f8:	462e      	mov	r6, r5
 80037fa:	f7ff ff3f 	bl	800367c <SPI_Timer_Status>
 80037fe:	b128      	cbz	r0, 800380c <USER_SPI_initialize+0x12c>
 8003800:	2100      	movs	r1, #0
 8003802:	4628      	mov	r0, r5
 8003804:	f7ff feb4 	bl	8003570 <send_cmd>
 8003808:	2800      	cmp	r0, #0
 800380a:	d1f6      	bne.n	80037fa <USER_SPI_initialize+0x11a>
 800380c:	f7ff ff36 	bl	800367c <SPI_Timer_Status>
 8003810:	b920      	cbnz	r0, 800381c <USER_SPI_initialize+0x13c>
 8003812:	4604      	mov	r4, r0
 8003814:	e788      	b.n	8003728 <USER_SPI_initialize+0x48>
 8003816:	2602      	movs	r6, #2
 8003818:	25a9      	movs	r5, #169	@ 0xa9
 800381a:	e7ee      	b.n	80037fa <USER_SPI_initialize+0x11a>
 800381c:	f44f 7100 	mov.w	r1, #512	@ 0x200
 8003820:	2010      	movs	r0, #16
 8003822:	f7ff fea5 	bl	8003570 <send_cmd>
 8003826:	2800      	cmp	r0, #0
 8003828:	f47f af7e 	bne.w	8003728 <USER_SPI_initialize+0x48>
 800382c:	4634      	mov	r4, r6
 800382e:	e77b      	b.n	8003728 <USER_SPI_initialize+0x48>
 8003830:	2404      	movs	r4, #4
 8003832:	e779      	b.n	8003728 <USER_SPI_initialize+0x48>
 8003834:	4b02      	ldr	r3, [pc, #8]	@ (8003840 <USER_SPI_initialize+0x160>)
 8003836:	2201      	movs	r2, #1
 8003838:	701a      	strb	r2, [r3, #0]
 800383a:	e788      	b.n	800374e <USER_SPI_initialize+0x6e>
 800383c:	2001      	movs	r0, #1
 800383e:	4770      	bx	lr
 8003840:	20000030 	.word	0x20000030
 8003844:	200002d4 	.word	0x200002d4
 8003848:	2000083c 	.word	0x2000083c

0800384c <USER_SPI_status>:
 800384c:	b918      	cbnz	r0, 8003856 <USER_SPI_status+0xa>
 800384e:	4b03      	ldr	r3, [pc, #12]	@ (800385c <USER_SPI_status+0x10>)
 8003850:	7818      	ldrb	r0, [r3, #0]
 8003852:	b2c0      	uxtb	r0, r0
 8003854:	4770      	bx	lr
 8003856:	2001      	movs	r0, #1
 8003858:	4770      	bx	lr
 800385a:	bf00      	nop
 800385c:	20000030 	.word	0x20000030

08003860 <USER_SPI_read>:
 8003860:	2800      	cmp	r0, #0
 8003862:	d139      	bne.n	80038d8 <USER_SPI_read+0x78>
 8003864:	b538      	push	{r3, r4, r5, lr}
 8003866:	460d      	mov	r5, r1
 8003868:	461c      	mov	r4, r3
 800386a:	2b00      	cmp	r3, #0
 800386c:	d036      	beq.n	80038dc <USER_SPI_read+0x7c>
 800386e:	4b1d      	ldr	r3, [pc, #116]	@ (80038e4 <USER_SPI_read+0x84>)
 8003870:	781b      	ldrb	r3, [r3, #0]
 8003872:	f013 0f01 	tst.w	r3, #1
 8003876:	d133      	bne.n	80038e0 <USER_SPI_read+0x80>
 8003878:	4b1b      	ldr	r3, [pc, #108]	@ (80038e8 <USER_SPI_read+0x88>)
 800387a:	781b      	ldrb	r3, [r3, #0]
 800387c:	f013 0f08 	tst.w	r3, #8
 8003880:	d100      	bne.n	8003884 <USER_SPI_read+0x24>
 8003882:	0252      	lsls	r2, r2, #9
 8003884:	2c01      	cmp	r4, #1
 8003886:	d018      	beq.n	80038ba <USER_SPI_read+0x5a>
 8003888:	4611      	mov	r1, r2
 800388a:	2012      	movs	r0, #18
 800388c:	f7ff fe70 	bl	8003570 <send_cmd>
 8003890:	b968      	cbnz	r0, 80038ae <USER_SPI_read+0x4e>
 8003892:	f44f 7100 	mov.w	r1, #512	@ 0x200
 8003896:	4628      	mov	r0, r5
 8003898:	f7ff ff02 	bl	80036a0 <rcvr_datablock>
 800389c:	b118      	cbz	r0, 80038a6 <USER_SPI_read+0x46>
 800389e:	f505 7500 	add.w	r5, r5, #512	@ 0x200
 80038a2:	3c01      	subs	r4, #1
 80038a4:	d1f5      	bne.n	8003892 <USER_SPI_read+0x32>
 80038a6:	2100      	movs	r1, #0
 80038a8:	200c      	movs	r0, #12
 80038aa:	f7ff fe61 	bl	8003570 <send_cmd>
 80038ae:	f7ff fe3b 	bl	8003528 <despiselect>
 80038b2:	1e20      	subs	r0, r4, #0
 80038b4:	bf18      	it	ne
 80038b6:	2001      	movne	r0, #1
 80038b8:	bd38      	pop	{r3, r4, r5, pc}
 80038ba:	4611      	mov	r1, r2
 80038bc:	2011      	movs	r0, #17
 80038be:	f7ff fe57 	bl	8003570 <send_cmd>
 80038c2:	2800      	cmp	r0, #0
 80038c4:	d1f3      	bne.n	80038ae <USER_SPI_read+0x4e>
 80038c6:	f44f 7100 	mov.w	r1, #512	@ 0x200
 80038ca:	4628      	mov	r0, r5
 80038cc:	f7ff fee8 	bl	80036a0 <rcvr_datablock>
 80038d0:	2800      	cmp	r0, #0
 80038d2:	d0ec      	beq.n	80038ae <USER_SPI_read+0x4e>
 80038d4:	2400      	movs	r4, #0
 80038d6:	e7ea      	b.n	80038ae <USER_SPI_read+0x4e>
 80038d8:	2004      	movs	r0, #4
 80038da:	4770      	bx	lr
 80038dc:	2004      	movs	r0, #4
 80038de:	e7eb      	b.n	80038b8 <USER_SPI_read+0x58>
 80038e0:	2003      	movs	r0, #3
 80038e2:	e7e9      	b.n	80038b8 <USER_SPI_read+0x58>
 80038e4:	20000030 	.word	0x20000030
 80038e8:	2000083c 	.word	0x2000083c

080038ec <USER_SPI_write>:
 80038ec:	2800      	cmp	r0, #0
 80038ee:	d148      	bne.n	8003982 <USER_SPI_write+0x96>
 80038f0:	b570      	push	{r4, r5, r6, lr}
 80038f2:	460d      	mov	r5, r1
 80038f4:	4616      	mov	r6, r2
 80038f6:	461c      	mov	r4, r3
 80038f8:	2b00      	cmp	r3, #0
 80038fa:	d044      	beq.n	8003986 <USER_SPI_write+0x9a>
 80038fc:	4b25      	ldr	r3, [pc, #148]	@ (8003994 <USER_SPI_write+0xa8>)
 80038fe:	781b      	ldrb	r3, [r3, #0]
 8003900:	f013 0f01 	tst.w	r3, #1
 8003904:	d141      	bne.n	800398a <USER_SPI_write+0x9e>
 8003906:	4b23      	ldr	r3, [pc, #140]	@ (8003994 <USER_SPI_write+0xa8>)
 8003908:	781b      	ldrb	r3, [r3, #0]
 800390a:	f013 0f04 	tst.w	r3, #4
 800390e:	d13e      	bne.n	800398e <USER_SPI_write+0xa2>
 8003910:	4b21      	ldr	r3, [pc, #132]	@ (8003998 <USER_SPI_write+0xac>)
 8003912:	781b      	ldrb	r3, [r3, #0]
 8003914:	f013 0f08 	tst.w	r3, #8
 8003918:	d100      	bne.n	800391c <USER_SPI_write+0x30>
 800391a:	0256      	lsls	r6, r2, #9
 800391c:	2c01      	cmp	r4, #1
 800391e:	d01b      	beq.n	8003958 <USER_SPI_write+0x6c>
 8003920:	f013 0f06 	tst.w	r3, #6
 8003924:	d126      	bne.n	8003974 <USER_SPI_write+0x88>
 8003926:	4631      	mov	r1, r6
 8003928:	2019      	movs	r0, #25
 800392a:	f7ff fe21 	bl	8003570 <send_cmd>
 800392e:	b968      	cbnz	r0, 800394c <USER_SPI_write+0x60>
 8003930:	21fc      	movs	r1, #252	@ 0xfc
 8003932:	4628      	mov	r0, r5
 8003934:	f7ff fe6e 	bl	8003614 <xmit_datablock>
 8003938:	b118      	cbz	r0, 8003942 <USER_SPI_write+0x56>
 800393a:	f505 7500 	add.w	r5, r5, #512	@ 0x200
 800393e:	3c01      	subs	r4, #1
 8003940:	d1f6      	bne.n	8003930 <USER_SPI_write+0x44>
 8003942:	21fd      	movs	r1, #253	@ 0xfd
 8003944:	2000      	movs	r0, #0
 8003946:	f7ff fe65 	bl	8003614 <xmit_datablock>
 800394a:	b1c0      	cbz	r0, 800397e <USER_SPI_write+0x92>
 800394c:	f7ff fdec 	bl	8003528 <despiselect>
 8003950:	1e20      	subs	r0, r4, #0
 8003952:	bf18      	it	ne
 8003954:	2001      	movne	r0, #1
 8003956:	bd70      	pop	{r4, r5, r6, pc}
 8003958:	4631      	mov	r1, r6
 800395a:	2018      	movs	r0, #24
 800395c:	f7ff fe08 	bl	8003570 <send_cmd>
 8003960:	2800      	cmp	r0, #0
 8003962:	d1f3      	bne.n	800394c <USER_SPI_write+0x60>
 8003964:	21fe      	movs	r1, #254	@ 0xfe
 8003966:	4628      	mov	r0, r5
 8003968:	f7ff fe54 	bl	8003614 <xmit_datablock>
 800396c:	2800      	cmp	r0, #0
 800396e:	d0ed      	beq.n	800394c <USER_SPI_write+0x60>
 8003970:	2400      	movs	r4, #0
 8003972:	e7eb      	b.n	800394c <USER_SPI_write+0x60>
 8003974:	4621      	mov	r1, r4
 8003976:	2097      	movs	r0, #151	@ 0x97
 8003978:	f7ff fdfa 	bl	8003570 <send_cmd>
 800397c:	e7d3      	b.n	8003926 <USER_SPI_write+0x3a>
 800397e:	2401      	movs	r4, #1
 8003980:	e7e4      	b.n	800394c <USER_SPI_write+0x60>
 8003982:	2004      	movs	r0, #4
 8003984:	4770      	bx	lr
 8003986:	2004      	movs	r0, #4
 8003988:	e7e5      	b.n	8003956 <USER_SPI_write+0x6a>
 800398a:	2003      	movs	r0, #3
 800398c:	e7e3      	b.n	8003956 <USER_SPI_write+0x6a>
 800398e:	2002      	movs	r0, #2
 8003990:	e7e1      	b.n	8003956 <USER_SPI_write+0x6a>
 8003992:	bf00      	nop
 8003994:	20000030 	.word	0x20000030
 8003998:	2000083c 	.word	0x2000083c

0800399c <USER_SPI_ioctl>:
 800399c:	b570      	push	{r4, r5, r6, lr}
 800399e:	b084      	sub	sp, #16
 80039a0:	2800      	cmp	r0, #0
 80039a2:	f040 8104 	bne.w	8003bae <USER_SPI_ioctl+0x212>
 80039a6:	460d      	mov	r5, r1
 80039a8:	4616      	mov	r6, r2
 80039aa:	4b83      	ldr	r3, [pc, #524]	@ (8003bb8 <USER_SPI_ioctl+0x21c>)
 80039ac:	781b      	ldrb	r3, [r3, #0]
 80039ae:	f013 0f01 	tst.w	r3, #1
 80039b2:	f040 80fe 	bne.w	8003bb2 <USER_SPI_ioctl+0x216>
 80039b6:	2904      	cmp	r1, #4
 80039b8:	f200 80ed 	bhi.w	8003b96 <USER_SPI_ioctl+0x1fa>
 80039bc:	e8df f011 	tbh	[pc, r1, lsl #1]
 80039c0:	000c0005 	.word	0x000c0005
 80039c4:	005400eb 	.word	0x005400eb
 80039c8:	00af      	.short	0x00af
 80039ca:	f7ff fdb9 	bl	8003540 <spiselect>
 80039ce:	2800      	cmp	r0, #0
 80039d0:	f040 80e3 	bne.w	8003b9a <USER_SPI_ioctl+0x1fe>
 80039d4:	2401      	movs	r4, #1
 80039d6:	e006      	b.n	80039e6 <USER_SPI_ioctl+0x4a>
 80039d8:	2100      	movs	r1, #0
 80039da:	2009      	movs	r0, #9
 80039dc:	f7ff fdc8 	bl	8003570 <send_cmd>
 80039e0:	4604      	mov	r4, r0
 80039e2:	b128      	cbz	r0, 80039f0 <USER_SPI_ioctl+0x54>
 80039e4:	462c      	mov	r4, r5
 80039e6:	f7ff fd9f 	bl	8003528 <despiselect>
 80039ea:	4620      	mov	r0, r4
 80039ec:	b004      	add	sp, #16
 80039ee:	bd70      	pop	{r4, r5, r6, pc}
 80039f0:	2110      	movs	r1, #16
 80039f2:	4668      	mov	r0, sp
 80039f4:	f7ff fe54 	bl	80036a0 <rcvr_datablock>
 80039f8:	2800      	cmp	r0, #0
 80039fa:	f000 80d0 	beq.w	8003b9e <USER_SPI_ioctl+0x202>
 80039fe:	f89d 3000 	ldrb.w	r3, [sp]
 8003a02:	099b      	lsrs	r3, r3, #6
 8003a04:	2b01      	cmp	r3, #1
 8003a06:	d01f      	beq.n	8003a48 <USER_SPI_ioctl+0xac>
 8003a08:	f89d 2005 	ldrb.w	r2, [sp, #5]
 8003a0c:	f002 020f 	and.w	r2, r2, #15
 8003a10:	f89d 300a 	ldrb.w	r3, [sp, #10]
 8003a14:	eb02 12d3 	add.w	r2, r2, r3, lsr #7
 8003a18:	f89d 3009 	ldrb.w	r3, [sp, #9]
 8003a1c:	005b      	lsls	r3, r3, #1
 8003a1e:	f003 0306 	and.w	r3, r3, #6
 8003a22:	441a      	add	r2, r3
 8003a24:	f89d 1008 	ldrb.w	r1, [sp, #8]
 8003a28:	f89d 3007 	ldrb.w	r3, [sp, #7]
 8003a2c:	009b      	lsls	r3, r3, #2
 8003a2e:	eb03 1391 	add.w	r3, r3, r1, lsr #6
 8003a32:	f89d 1006 	ldrb.w	r1, [sp, #6]
 8003a36:	0289      	lsls	r1, r1, #10
 8003a38:	f401 6140 	and.w	r1, r1, #3072	@ 0xc00
 8003a3c:	440b      	add	r3, r1
 8003a3e:	3301      	adds	r3, #1
 8003a40:	3a07      	subs	r2, #7
 8003a42:	4093      	lsls	r3, r2
 8003a44:	6033      	str	r3, [r6, #0]
 8003a46:	e7ce      	b.n	80039e6 <USER_SPI_ioctl+0x4a>
 8003a48:	f89d 3009 	ldrb.w	r3, [sp, #9]
 8003a4c:	f89d 2008 	ldrb.w	r2, [sp, #8]
 8003a50:	eb03 2302 	add.w	r3, r3, r2, lsl #8
 8003a54:	f89d 2007 	ldrb.w	r2, [sp, #7]
 8003a58:	0412      	lsls	r2, r2, #16
 8003a5a:	f402 127c 	and.w	r2, r2, #4128768	@ 0x3f0000
 8003a5e:	4413      	add	r3, r2
 8003a60:	3301      	adds	r3, #1
 8003a62:	029b      	lsls	r3, r3, #10
 8003a64:	6033      	str	r3, [r6, #0]
 8003a66:	e7be      	b.n	80039e6 <USER_SPI_ioctl+0x4a>
 8003a68:	4b54      	ldr	r3, [pc, #336]	@ (8003bbc <USER_SPI_ioctl+0x220>)
 8003a6a:	781b      	ldrb	r3, [r3, #0]
 8003a6c:	f013 0f04 	tst.w	r3, #4
 8003a70:	d020      	beq.n	8003ab4 <USER_SPI_ioctl+0x118>
 8003a72:	2100      	movs	r1, #0
 8003a74:	208d      	movs	r0, #141	@ 0x8d
 8003a76:	f7ff fd7b 	bl	8003570 <send_cmd>
 8003a7a:	b108      	cbz	r0, 8003a80 <USER_SPI_ioctl+0xe4>
 8003a7c:	2401      	movs	r4, #1
 8003a7e:	e7b2      	b.n	80039e6 <USER_SPI_ioctl+0x4a>
 8003a80:	20ff      	movs	r0, #255	@ 0xff
 8003a82:	f7ff fd19 	bl	80034b8 <xchg_spi>
 8003a86:	2110      	movs	r1, #16
 8003a88:	4668      	mov	r0, sp
 8003a8a:	f7ff fe09 	bl	80036a0 <rcvr_datablock>
 8003a8e:	b978      	cbnz	r0, 8003ab0 <USER_SPI_ioctl+0x114>
 8003a90:	2401      	movs	r4, #1
 8003a92:	e7a8      	b.n	80039e6 <USER_SPI_ioctl+0x4a>
 8003a94:	20ff      	movs	r0, #255	@ 0xff
 8003a96:	f7ff fd0f 	bl	80034b8 <xchg_spi>
 8003a9a:	3c01      	subs	r4, #1
 8003a9c:	b2e4      	uxtb	r4, r4
 8003a9e:	2c00      	cmp	r4, #0
 8003aa0:	d1f8      	bne.n	8003a94 <USER_SPI_ioctl+0xf8>
 8003aa2:	f89d 200a 	ldrb.w	r2, [sp, #10]
 8003aa6:	0912      	lsrs	r2, r2, #4
 8003aa8:	2310      	movs	r3, #16
 8003aaa:	4093      	lsls	r3, r2
 8003aac:	6033      	str	r3, [r6, #0]
 8003aae:	e79a      	b.n	80039e6 <USER_SPI_ioctl+0x4a>
 8003ab0:	2430      	movs	r4, #48	@ 0x30
 8003ab2:	e7f4      	b.n	8003a9e <USER_SPI_ioctl+0x102>
 8003ab4:	2100      	movs	r1, #0
 8003ab6:	2009      	movs	r0, #9
 8003ab8:	f7ff fd5a 	bl	8003570 <send_cmd>
 8003abc:	4605      	mov	r5, r0
 8003abe:	b108      	cbz	r0, 8003ac4 <USER_SPI_ioctl+0x128>
 8003ac0:	2401      	movs	r4, #1
 8003ac2:	e790      	b.n	80039e6 <USER_SPI_ioctl+0x4a>
 8003ac4:	2110      	movs	r1, #16
 8003ac6:	4668      	mov	r0, sp
 8003ac8:	f7ff fdea 	bl	80036a0 <rcvr_datablock>
 8003acc:	2800      	cmp	r0, #0
 8003ace:	d068      	beq.n	8003ba2 <USER_SPI_ioctl+0x206>
 8003ad0:	4b3a      	ldr	r3, [pc, #232]	@ (8003bbc <USER_SPI_ioctl+0x220>)
 8003ad2:	781c      	ldrb	r4, [r3, #0]
 8003ad4:	f014 0402 	ands.w	r4, r4, #2
 8003ad8:	d011      	beq.n	8003afe <USER_SPI_ioctl+0x162>
 8003ada:	f89d 300a 	ldrb.w	r3, [sp, #10]
 8003ade:	005b      	lsls	r3, r3, #1
 8003ae0:	f003 037e 	and.w	r3, r3, #126	@ 0x7e
 8003ae4:	f89d 200b 	ldrb.w	r2, [sp, #11]
 8003ae8:	eb03 13d2 	add.w	r3, r3, r2, lsr #7
 8003aec:	3301      	adds	r3, #1
 8003aee:	f89d 200d 	ldrb.w	r2, [sp, #13]
 8003af2:	0992      	lsrs	r2, r2, #6
 8003af4:	3a01      	subs	r2, #1
 8003af6:	4093      	lsls	r3, r2
 8003af8:	6033      	str	r3, [r6, #0]
 8003afa:	462c      	mov	r4, r5
 8003afc:	e773      	b.n	80039e6 <USER_SPI_ioctl+0x4a>
 8003afe:	f89d 200a 	ldrb.w	r2, [sp, #10]
 8003b02:	f3c2 0284 	ubfx	r2, r2, #2, #5
 8003b06:	f89d 100b 	ldrb.w	r1, [sp, #11]
 8003b0a:	00cb      	lsls	r3, r1, #3
 8003b0c:	f003 0318 	and.w	r3, r3, #24
 8003b10:	eb03 1351 	add.w	r3, r3, r1, lsr #5
 8003b14:	3301      	adds	r3, #1
 8003b16:	fb02 3303 	mla	r3, r2, r3, r3
 8003b1a:	6033      	str	r3, [r6, #0]
 8003b1c:	e763      	b.n	80039e6 <USER_SPI_ioctl+0x4a>
 8003b1e:	4b27      	ldr	r3, [pc, #156]	@ (8003bbc <USER_SPI_ioctl+0x220>)
 8003b20:	781b      	ldrb	r3, [r3, #0]
 8003b22:	f013 0f06 	tst.w	r3, #6
 8003b26:	d101      	bne.n	8003b2c <USER_SPI_ioctl+0x190>
 8003b28:	2401      	movs	r4, #1
 8003b2a:	e75c      	b.n	80039e6 <USER_SPI_ioctl+0x4a>
 8003b2c:	466a      	mov	r2, sp
 8003b2e:	210b      	movs	r1, #11
 8003b30:	f7ff ff34 	bl	800399c <USER_SPI_ioctl>
 8003b34:	bbb8      	cbnz	r0, 8003ba6 <USER_SPI_ioctl+0x20a>
 8003b36:	f89d 3000 	ldrb.w	r3, [sp]
 8003b3a:	099b      	lsrs	r3, r3, #6
 8003b3c:	d104      	bne.n	8003b48 <USER_SPI_ioctl+0x1ac>
 8003b3e:	f89d 300a 	ldrb.w	r3, [sp, #10]
 8003b42:	f013 0f40 	tst.w	r3, #64	@ 0x40
 8003b46:	d030      	beq.n	8003baa <USER_SPI_ioctl+0x20e>
 8003b48:	6831      	ldr	r1, [r6, #0]
 8003b4a:	6874      	ldr	r4, [r6, #4]
 8003b4c:	4b1b      	ldr	r3, [pc, #108]	@ (8003bbc <USER_SPI_ioctl+0x220>)
 8003b4e:	781b      	ldrb	r3, [r3, #0]
 8003b50:	f013 0f08 	tst.w	r3, #8
 8003b54:	d101      	bne.n	8003b5a <USER_SPI_ioctl+0x1be>
 8003b56:	0249      	lsls	r1, r1, #9
 8003b58:	0264      	lsls	r4, r4, #9
 8003b5a:	2020      	movs	r0, #32
 8003b5c:	f7ff fd08 	bl	8003570 <send_cmd>
 8003b60:	b108      	cbz	r0, 8003b66 <USER_SPI_ioctl+0x1ca>
 8003b62:	2401      	movs	r4, #1
 8003b64:	e73f      	b.n	80039e6 <USER_SPI_ioctl+0x4a>
 8003b66:	4621      	mov	r1, r4
 8003b68:	2021      	movs	r0, #33	@ 0x21
 8003b6a:	f7ff fd01 	bl	8003570 <send_cmd>
 8003b6e:	b108      	cbz	r0, 8003b74 <USER_SPI_ioctl+0x1d8>
 8003b70:	2401      	movs	r4, #1
 8003b72:	e738      	b.n	80039e6 <USER_SPI_ioctl+0x4a>
 8003b74:	2100      	movs	r1, #0
 8003b76:	2026      	movs	r0, #38	@ 0x26
 8003b78:	f7ff fcfa 	bl	8003570 <send_cmd>
 8003b7c:	4604      	mov	r4, r0
 8003b7e:	b108      	cbz	r0, 8003b84 <USER_SPI_ioctl+0x1e8>
 8003b80:	2401      	movs	r4, #1
 8003b82:	e730      	b.n	80039e6 <USER_SPI_ioctl+0x4a>
 8003b84:	f247 5030 	movw	r0, #30000	@ 0x7530
 8003b88:	f7ff fcac 	bl	80034e4 <wait_ready>
 8003b8c:	2800      	cmp	r0, #0
 8003b8e:	f47f af2a 	bne.w	80039e6 <USER_SPI_ioctl+0x4a>
 8003b92:	2401      	movs	r4, #1
 8003b94:	e727      	b.n	80039e6 <USER_SPI_ioctl+0x4a>
 8003b96:	2404      	movs	r4, #4
 8003b98:	e725      	b.n	80039e6 <USER_SPI_ioctl+0x4a>
 8003b9a:	462c      	mov	r4, r5
 8003b9c:	e723      	b.n	80039e6 <USER_SPI_ioctl+0x4a>
 8003b9e:	462c      	mov	r4, r5
 8003ba0:	e721      	b.n	80039e6 <USER_SPI_ioctl+0x4a>
 8003ba2:	2401      	movs	r4, #1
 8003ba4:	e71f      	b.n	80039e6 <USER_SPI_ioctl+0x4a>
 8003ba6:	2401      	movs	r4, #1
 8003ba8:	e71d      	b.n	80039e6 <USER_SPI_ioctl+0x4a>
 8003baa:	2401      	movs	r4, #1
 8003bac:	e71b      	b.n	80039e6 <USER_SPI_ioctl+0x4a>
 8003bae:	2404      	movs	r4, #4
 8003bb0:	e71b      	b.n	80039ea <USER_SPI_ioctl+0x4e>
 8003bb2:	2403      	movs	r4, #3
 8003bb4:	e719      	b.n	80039ea <USER_SPI_ioctl+0x4e>
 8003bb6:	bf00      	nop
 8003bb8:	20000030 	.word	0x20000030
 8003bbc:	2000083c 	.word	0x2000083c

08003bc0 <Reset_Handler>:
 8003bc0:	f8df d034 	ldr.w	sp, [pc, #52]	@ 8003bf8 <LoopFillZerobss+0xe>
 8003bc4:	f7ff fc5a 	bl	800347c <SystemInit>
 8003bc8:	480c      	ldr	r0, [pc, #48]	@ (8003bfc <LoopFillZerobss+0x12>)
 8003bca:	490d      	ldr	r1, [pc, #52]	@ (8003c00 <LoopFillZerobss+0x16>)
 8003bcc:	4a0d      	ldr	r2, [pc, #52]	@ (8003c04 <LoopFillZerobss+0x1a>)
 8003bce:	2300      	movs	r3, #0
 8003bd0:	e002      	b.n	8003bd8 <LoopCopyDataInit>

08003bd2 <CopyDataInit>:
 8003bd2:	58d4      	ldr	r4, [r2, r3]
 8003bd4:	50c4      	str	r4, [r0, r3]
 8003bd6:	3304      	adds	r3, #4

08003bd8 <LoopCopyDataInit>:
 8003bd8:	18c4      	adds	r4, r0, r3
 8003bda:	428c      	cmp	r4, r1
 8003bdc:	d3f9      	bcc.n	8003bd2 <CopyDataInit>
 8003bde:	4a0a      	ldr	r2, [pc, #40]	@ (8003c08 <LoopFillZerobss+0x1e>)
 8003be0:	4c0a      	ldr	r4, [pc, #40]	@ (8003c0c <LoopFillZerobss+0x22>)
 8003be2:	2300      	movs	r3, #0
 8003be4:	e001      	b.n	8003bea <LoopFillZerobss>

08003be6 <FillZerobss>:
 8003be6:	6013      	str	r3, [r2, #0]
 8003be8:	3204      	adds	r2, #4

08003bea <LoopFillZerobss>:
 8003bea:	42a2      	cmp	r2, r4
 8003bec:	d3fb      	bcc.n	8003be6 <FillZerobss>
 8003bee:	f000 f82b 	bl	8003c48 <__libc_init_array>
 8003bf2:	f7fd f885 	bl	8000d00 <main>
 8003bf6:	4770      	bx	lr
 8003bf8:	20018000 	.word	0x20018000
 8003bfc:	20000000 	.word	0x20000000
 8003c00:	20000034 	.word	0x20000034
 8003c04:	08004010 	.word	0x08004010
 8003c08:	20000038 	.word	0x20000038
 8003c0c:	20000840 	.word	0x20000840

08003c10 <ADC_IRQHandler>:
 8003c10:	e7fe      	b.n	8003c10 <ADC_IRQHandler>

08003c12 <memset>:
 8003c12:	4402      	add	r2, r0
 8003c14:	4603      	mov	r3, r0
 8003c16:	4293      	cmp	r3, r2
 8003c18:	d100      	bne.n	8003c1c <memset+0xa>
 8003c1a:	4770      	bx	lr
 8003c1c:	f803 1b01 	strb.w	r1, [r3], #1
 8003c20:	e7f9      	b.n	8003c16 <memset+0x4>

08003c22 <strncmp>:
 8003c22:	b510      	push	{r4, lr}
 8003c24:	b16a      	cbz	r2, 8003c42 <strncmp+0x20>
 8003c26:	3901      	subs	r1, #1
 8003c28:	1884      	adds	r4, r0, r2
 8003c2a:	f810 2b01 	ldrb.w	r2, [r0], #1
 8003c2e:	f811 3f01 	ldrb.w	r3, [r1, #1]!
 8003c32:	429a      	cmp	r2, r3
 8003c34:	d103      	bne.n	8003c3e <strncmp+0x1c>
 8003c36:	42a0      	cmp	r0, r4
 8003c38:	d001      	beq.n	8003c3e <strncmp+0x1c>
 8003c3a:	2a00      	cmp	r2, #0
 8003c3c:	d1f5      	bne.n	8003c2a <strncmp+0x8>
 8003c3e:	1ad0      	subs	r0, r2, r3
 8003c40:	bd10      	pop	{r4, pc}
 8003c42:	4610      	mov	r0, r2
 8003c44:	e7fc      	b.n	8003c40 <strncmp+0x1e>
	...

08003c48 <__libc_init_array>:
 8003c48:	b570      	push	{r4, r5, r6, lr}
 8003c4a:	4d0d      	ldr	r5, [pc, #52]	@ (8003c80 <__libc_init_array+0x38>)
 8003c4c:	4c0d      	ldr	r4, [pc, #52]	@ (8003c84 <__libc_init_array+0x3c>)
 8003c4e:	1b64      	subs	r4, r4, r5
 8003c50:	10a4      	asrs	r4, r4, #2
 8003c52:	2600      	movs	r6, #0
 8003c54:	42a6      	cmp	r6, r4
 8003c56:	d109      	bne.n	8003c6c <__libc_init_array+0x24>
 8003c58:	4d0b      	ldr	r5, [pc, #44]	@ (8003c88 <__libc_init_array+0x40>)
 8003c5a:	4c0c      	ldr	r4, [pc, #48]	@ (8003c8c <__libc_init_array+0x44>)
 8003c5c:	f000 f984 	bl	8003f68 <_init>
 8003c60:	1b64      	subs	r4, r4, r5
 8003c62:	10a4      	asrs	r4, r4, #2
 8003c64:	2600      	movs	r6, #0
 8003c66:	42a6      	cmp	r6, r4
 8003c68:	d105      	bne.n	8003c76 <__libc_init_array+0x2e>
 8003c6a:	bd70      	pop	{r4, r5, r6, pc}
 8003c6c:	f855 3b04 	ldr.w	r3, [r5], #4
 8003c70:	4798      	blx	r3
 8003c72:	3601      	adds	r6, #1
 8003c74:	e7ee      	b.n	8003c54 <__libc_init_array+0xc>
 8003c76:	f855 3b04 	ldr.w	r3, [r5], #4
 8003c7a:	4798      	blx	r3
 8003c7c:	3601      	adds	r6, #1
 8003c7e:	e7f2      	b.n	8003c66 <__libc_init_array+0x1e>
 8003c80:	08004008 	.word	0x08004008
 8003c84:	08004008 	.word	0x08004008
 8003c88:	08004008 	.word	0x08004008
 8003c8c:	0800400c 	.word	0x0800400c

08003c90 <memcpy>:
 8003c90:	440a      	add	r2, r1
 8003c92:	4291      	cmp	r1, r2
 8003c94:	f100 33ff 	add.w	r3, r0, #4294967295
 8003c98:	d100      	bne.n	8003c9c <memcpy+0xc>
 8003c9a:	4770      	bx	lr
 8003c9c:	b510      	push	{r4, lr}
 8003c9e:	f811 4b01 	ldrb.w	r4, [r1], #1
 8003ca2:	f803 4f01 	strb.w	r4, [r3, #1]!
 8003ca6:	4291      	cmp	r1, r2
 8003ca8:	d1f9      	bne.n	8003c9e <memcpy+0xe>
 8003caa:	bd10      	pop	{r4, pc}

08003cac <__udivmoddi4>:
 8003cac:	e92d 47f0 	stmdb	sp!, {r4, r5, r6, r7, r8, r9, sl, lr}
 8003cb0:	9d08      	ldr	r5, [sp, #32]
 8003cb2:	460e      	mov	r6, r1
 8003cb4:	4604      	mov	r4, r0
 8003cb6:	460f      	mov	r7, r1
 8003cb8:	2b00      	cmp	r3, #0
 8003cba:	d14a      	bne.n	8003d52 <__udivmoddi4+0xa6>
 8003cbc:	4694      	mov	ip, r2
 8003cbe:	458c      	cmp	ip, r1
 8003cc0:	fab2 f282 	clz	r2, r2
 8003cc4:	d960      	bls.n	8003d88 <__udivmoddi4+0xdc>
 8003cc6:	b142      	cbz	r2, 8003cda <__udivmoddi4+0x2e>
 8003cc8:	f1c2 0320 	rsb	r3, r2, #32
 8003ccc:	4097      	lsls	r7, r2
 8003cce:	fa20 f303 	lsr.w	r3, r0, r3
 8003cd2:	fa0c fc02 	lsl.w	ip, ip, r2
 8003cd6:	431f      	orrs	r7, r3
 8003cd8:	4094      	lsls	r4, r2
 8003cda:	ea4f 4e1c 	mov.w	lr, ip, lsr #16
 8003cde:	fa1f f68c 	uxth.w	r6, ip
 8003ce2:	fbb7 f1fe 	udiv	r1, r7, lr
 8003ce6:	0c23      	lsrs	r3, r4, #16
 8003ce8:	fb0e 7711 	mls	r7, lr, r1, r7
 8003cec:	ea43 4307 	orr.w	r3, r3, r7, lsl #16
 8003cf0:	fb01 f006 	mul.w	r0, r1, r6
 8003cf4:	4298      	cmp	r0, r3
 8003cf6:	d90a      	bls.n	8003d0e <__udivmoddi4+0x62>
 8003cf8:	eb1c 0303 	adds.w	r3, ip, r3
 8003cfc:	f101 37ff 	add.w	r7, r1, #4294967295
 8003d00:	f080 8115 	bcs.w	8003f2e <__udivmoddi4+0x282>
 8003d04:	4298      	cmp	r0, r3
 8003d06:	f240 8112 	bls.w	8003f2e <__udivmoddi4+0x282>
 8003d0a:	3902      	subs	r1, #2
 8003d0c:	4463      	add	r3, ip
 8003d0e:	1a1b      	subs	r3, r3, r0
 8003d10:	b2a4      	uxth	r4, r4
 8003d12:	fbb3 f0fe 	udiv	r0, r3, lr
 8003d16:	fb0e 3310 	mls	r3, lr, r0, r3
 8003d1a:	ea44 4403 	orr.w	r4, r4, r3, lsl #16
 8003d1e:	fb00 f606 	mul.w	r6, r0, r6
 8003d22:	42a6      	cmp	r6, r4
 8003d24:	d90a      	bls.n	8003d3c <__udivmoddi4+0x90>
 8003d26:	eb1c 0404 	adds.w	r4, ip, r4
 8003d2a:	f100 33ff 	add.w	r3, r0, #4294967295
 8003d2e:	f080 8100 	bcs.w	8003f32 <__udivmoddi4+0x286>
 8003d32:	42a6      	cmp	r6, r4
 8003d34:	f240 80fd 	bls.w	8003f32 <__udivmoddi4+0x286>
 8003d38:	4464      	add	r4, ip
 8003d3a:	3802      	subs	r0, #2
 8003d3c:	ea40 4001 	orr.w	r0, r0, r1, lsl #16
 8003d40:	1ba4      	subs	r4, r4, r6
 8003d42:	2100      	movs	r1, #0
 8003d44:	b11d      	cbz	r5, 8003d4e <__udivmoddi4+0xa2>
 8003d46:	40d4      	lsrs	r4, r2
 8003d48:	2300      	movs	r3, #0
 8003d4a:	e9c5 4300 	strd	r4, r3, [r5]
 8003d4e:	e8bd 87f0 	ldmia.w	sp!, {r4, r5, r6, r7, r8, r9, sl, pc}
 8003d52:	428b      	cmp	r3, r1
 8003d54:	d905      	bls.n	8003d62 <__udivmoddi4+0xb6>
 8003d56:	b10d      	cbz	r5, 8003d5c <__udivmoddi4+0xb0>
 8003d58:	e9c5 0100 	strd	r0, r1, [r5]
 8003d5c:	2100      	movs	r1, #0
 8003d5e:	4608      	mov	r0, r1
 8003d60:	e7f5      	b.n	8003d4e <__udivmoddi4+0xa2>
 8003d62:	fab3 f183 	clz	r1, r3
 8003d66:	2900      	cmp	r1, #0
 8003d68:	d146      	bne.n	8003df8 <__udivmoddi4+0x14c>
 8003d6a:	42b3      	cmp	r3, r6
 8003d6c:	d302      	bcc.n	8003d74 <__udivmoddi4+0xc8>
 8003d6e:	4282      	cmp	r2, r0
 8003d70:	f200 80f5 	bhi.w	8003f5e <__udivmoddi4+0x2b2>
 8003d74:	1a84      	subs	r4, r0, r2
 8003d76:	eb66 0203 	sbc.w	r2, r6, r3
 8003d7a:	2001      	movs	r0, #1
 8003d7c:	4617      	mov	r7, r2
 8003d7e:	2d00      	cmp	r5, #0
 8003d80:	d0e5      	beq.n	8003d4e <__udivmoddi4+0xa2>
 8003d82:	e9c5 4700 	strd	r4, r7, [r5]
 8003d86:	e7e2      	b.n	8003d4e <__udivmoddi4+0xa2>
 8003d88:	2a00      	cmp	r2, #0
 8003d8a:	f040 8093 	bne.w	8003eb4 <__udivmoddi4+0x208>
 8003d8e:	eba1 030c 	sub.w	r3, r1, ip
 8003d92:	ea4f 471c 	mov.w	r7, ip, lsr #16
 8003d96:	fa1f fe8c 	uxth.w	lr, ip
 8003d9a:	2101      	movs	r1, #1
 8003d9c:	fbb3 f6f7 	udiv	r6, r3, r7
 8003da0:	fb07 3016 	mls	r0, r7, r6, r3
 8003da4:	0c23      	lsrs	r3, r4, #16
 8003da6:	ea43 4300 	orr.w	r3, r3, r0, lsl #16
 8003daa:	fb0e f006 	mul.w	r0, lr, r6
 8003dae:	4298      	cmp	r0, r3
 8003db0:	d908      	bls.n	8003dc4 <__udivmoddi4+0x118>
 8003db2:	eb1c 0303 	adds.w	r3, ip, r3
 8003db6:	f106 38ff 	add.w	r8, r6, #4294967295
 8003dba:	d202      	bcs.n	8003dc2 <__udivmoddi4+0x116>
 8003dbc:	4298      	cmp	r0, r3
 8003dbe:	f200 80d0 	bhi.w	8003f62 <__udivmoddi4+0x2b6>
 8003dc2:	4646      	mov	r6, r8
 8003dc4:	1a1b      	subs	r3, r3, r0
 8003dc6:	b2a4      	uxth	r4, r4
 8003dc8:	fbb3 f0f7 	udiv	r0, r3, r7
 8003dcc:	fb07 3310 	mls	r3, r7, r0, r3
 8003dd0:	ea44 4403 	orr.w	r4, r4, r3, lsl #16
 8003dd4:	fb0e fe00 	mul.w	lr, lr, r0
 8003dd8:	45a6      	cmp	lr, r4
 8003dda:	d908      	bls.n	8003dee <__udivmoddi4+0x142>
 8003ddc:	eb1c 0404 	adds.w	r4, ip, r4
 8003de0:	f100 33ff 	add.w	r3, r0, #4294967295
 8003de4:	d202      	bcs.n	8003dec <__udivmoddi4+0x140>
 8003de6:	45a6      	cmp	lr, r4
 8003de8:	f200 80b6 	bhi.w	8003f58 <__udivmoddi4+0x2ac>
 8003dec:	4618      	mov	r0, r3
 8003dee:	eba4 040e 	sub.w	r4, r4, lr
 8003df2:	ea40 4006 	orr.w	r0, r0, r6, lsl #16
 8003df6:	e7a5      	b.n	8003d44 <__udivmoddi4+0x98>
 8003df8:	f1c1 0720 	rsb	r7, r1, #32
 8003dfc:	408b      	lsls	r3, r1
 8003dfe:	fa22 fc07 	lsr.w	ip, r2, r7
 8003e02:	ea4c 0c03 	orr.w	ip, ip, r3
 8003e06:	fa06 fe01 	lsl.w	lr, r6, r1
 8003e0a:	fa20 f407 	lsr.w	r4, r0, r7
 8003e0e:	fa26 f307 	lsr.w	r3, r6, r7
 8003e12:	ea44 040e 	orr.w	r4, r4, lr
 8003e16:	fa00 f801 	lsl.w	r8, r0, r1
 8003e1a:	ea4f 401c 	mov.w	r0, ip, lsr #16
 8003e1e:	ea4f 4914 	mov.w	r9, r4, lsr #16
 8003e22:	fbb3 fef0 	udiv	lr, r3, r0
 8003e26:	fa1f f68c 	uxth.w	r6, ip
 8003e2a:	fb00 331e 	mls	r3, r0, lr, r3
 8003e2e:	ea49 4303 	orr.w	r3, r9, r3, lsl #16
 8003e32:	fb0e f906 	mul.w	r9, lr, r6
 8003e36:	4599      	cmp	r9, r3
 8003e38:	fa02 f201 	lsl.w	r2, r2, r1
 8003e3c:	d90b      	bls.n	8003e56 <__udivmoddi4+0x1aa>
 8003e3e:	eb1c 0303 	adds.w	r3, ip, r3
 8003e42:	f10e 3aff 	add.w	sl, lr, #4294967295
 8003e46:	f080 8085 	bcs.w	8003f54 <__udivmoddi4+0x2a8>
 8003e4a:	4599      	cmp	r9, r3
 8003e4c:	f240 8082 	bls.w	8003f54 <__udivmoddi4+0x2a8>
 8003e50:	f1ae 0e02 	sub.w	lr, lr, #2
 8003e54:	4463      	add	r3, ip
 8003e56:	eba3 0909 	sub.w	r9, r3, r9
 8003e5a:	b2a4      	uxth	r4, r4
 8003e5c:	fbb9 f3f0 	udiv	r3, r9, r0
 8003e60:	fb00 9913 	mls	r9, r0, r3, r9
 8003e64:	ea44 4409 	orr.w	r4, r4, r9, lsl #16
 8003e68:	fb03 f606 	mul.w	r6, r3, r6
 8003e6c:	42a6      	cmp	r6, r4
 8003e6e:	d908      	bls.n	8003e82 <__udivmoddi4+0x1d6>
 8003e70:	eb1c 0404 	adds.w	r4, ip, r4
 8003e74:	f103 30ff 	add.w	r0, r3, #4294967295
 8003e78:	d268      	bcs.n	8003f4c <__udivmoddi4+0x2a0>
 8003e7a:	42a6      	cmp	r6, r4
 8003e7c:	d966      	bls.n	8003f4c <__udivmoddi4+0x2a0>
 8003e7e:	3b02      	subs	r3, #2
 8003e80:	4464      	add	r4, ip
 8003e82:	ea43 400e 	orr.w	r0, r3, lr, lsl #16
 8003e86:	1ba4      	subs	r4, r4, r6
 8003e88:	fba0 e602 	umull	lr, r6, r0, r2
 8003e8c:	42b4      	cmp	r4, r6
 8003e8e:	4673      	mov	r3, lr
 8003e90:	46b1      	mov	r9, r6
 8003e92:	d352      	bcc.n	8003f3a <__udivmoddi4+0x28e>
 8003e94:	d04f      	beq.n	8003f36 <__udivmoddi4+0x28a>
 8003e96:	b15d      	cbz	r5, 8003eb0 <__udivmoddi4+0x204>
 8003e98:	ebb8 0203 	subs.w	r2, r8, r3
 8003e9c:	eb64 0409 	sbc.w	r4, r4, r9
 8003ea0:	fa04 f707 	lsl.w	r7, r4, r7
 8003ea4:	fa22 f301 	lsr.w	r3, r2, r1
 8003ea8:	431f      	orrs	r7, r3
 8003eaa:	40cc      	lsrs	r4, r1
 8003eac:	e9c5 7400 	strd	r7, r4, [r5]
 8003eb0:	2100      	movs	r1, #0
 8003eb2:	e74c      	b.n	8003d4e <__udivmoddi4+0xa2>
 8003eb4:	f1c2 0120 	rsb	r1, r2, #32
 8003eb8:	fa20 f301 	lsr.w	r3, r0, r1
 8003ebc:	fa0c fc02 	lsl.w	ip, ip, r2
 8003ec0:	fa26 f101 	lsr.w	r1, r6, r1
 8003ec4:	4096      	lsls	r6, r2
 8003ec6:	4333      	orrs	r3, r6
 8003ec8:	ea4f 471c 	mov.w	r7, ip, lsr #16
 8003ecc:	fa1f fe8c 	uxth.w	lr, ip
 8003ed0:	fbb1 f0f7 	udiv	r0, r1, r7
 8003ed4:	fb07 1610 	mls	r6, r7, r0, r1
 8003ed8:	0c19      	lsrs	r1, r3, #16
 8003eda:	ea41 4106 	orr.w	r1, r1, r6, lsl #16
 8003ede:	fb00 f60e 	mul.w	r6, r0, lr
 8003ee2:	428e      	cmp	r6, r1
 8003ee4:	fa04 f402 	lsl.w	r4, r4, r2
 8003ee8:	d908      	bls.n	8003efc <__udivmoddi4+0x250>
 8003eea:	eb1c 0101 	adds.w	r1, ip, r1
 8003eee:	f100 38ff 	add.w	r8, r0, #4294967295
 8003ef2:	d22d      	bcs.n	8003f50 <__udivmoddi4+0x2a4>
 8003ef4:	428e      	cmp	r6, r1
 8003ef6:	d92b      	bls.n	8003f50 <__udivmoddi4+0x2a4>
 8003ef8:	3802      	subs	r0, #2
 8003efa:	4461      	add	r1, ip
 8003efc:	1b89      	subs	r1, r1, r6
 8003efe:	b29b      	uxth	r3, r3
 8003f00:	fbb1 f6f7 	udiv	r6, r1, r7
 8003f04:	fb07 1116 	mls	r1, r7, r6, r1
 8003f08:	ea43 4301 	orr.w	r3, r3, r1, lsl #16
 8003f0c:	fb06 f10e 	mul.w	r1, r6, lr
 8003f10:	4299      	cmp	r1, r3
 8003f12:	d908      	bls.n	8003f26 <__udivmoddi4+0x27a>
 8003f14:	eb1c 0303 	adds.w	r3, ip, r3
 8003f18:	f106 38ff 	add.w	r8, r6, #4294967295
 8003f1c:	d214      	bcs.n	8003f48 <__udivmoddi4+0x29c>
 8003f1e:	4299      	cmp	r1, r3
 8003f20:	d912      	bls.n	8003f48 <__udivmoddi4+0x29c>
 8003f22:	3e02      	subs	r6, #2
 8003f24:	4463      	add	r3, ip
 8003f26:	1a5b      	subs	r3, r3, r1
 8003f28:	ea46 4100 	orr.w	r1, r6, r0, lsl #16
 8003f2c:	e736      	b.n	8003d9c <__udivmoddi4+0xf0>
 8003f2e:	4639      	mov	r1, r7
 8003f30:	e6ed      	b.n	8003d0e <__udivmoddi4+0x62>
 8003f32:	4618      	mov	r0, r3
 8003f34:	e702      	b.n	8003d3c <__udivmoddi4+0x90>
 8003f36:	45f0      	cmp	r8, lr
 8003f38:	d2ad      	bcs.n	8003e96 <__udivmoddi4+0x1ea>
 8003f3a:	ebbe 0302 	subs.w	r3, lr, r2
 8003f3e:	eb66 060c 	sbc.w	r6, r6, ip
 8003f42:	3801      	subs	r0, #1
 8003f44:	46b1      	mov	r9, r6
 8003f46:	e7a6      	b.n	8003e96 <__udivmoddi4+0x1ea>
 8003f48:	4646      	mov	r6, r8
 8003f4a:	e7ec      	b.n	8003f26 <__udivmoddi4+0x27a>
 8003f4c:	4603      	mov	r3, r0
 8003f4e:	e798      	b.n	8003e82 <__udivmoddi4+0x1d6>
 8003f50:	4640      	mov	r0, r8
 8003f52:	e7d3      	b.n	8003efc <__udivmoddi4+0x250>
 8003f54:	46d6      	mov	lr, sl
 8003f56:	e77e      	b.n	8003e56 <__udivmoddi4+0x1aa>
 8003f58:	4464      	add	r4, ip
 8003f5a:	3802      	subs	r0, #2
 8003f5c:	e747      	b.n	8003dee <__udivmoddi4+0x142>
 8003f5e:	4608      	mov	r0, r1
 8003f60:	e70d      	b.n	8003d7e <__udivmoddi4+0xd2>
 8003f62:	3e02      	subs	r6, #2
 8003f64:	4463      	add	r3, ip
 8003f66:	e72d      	b.n	8003dc4 <__udivmoddi4+0x118>

08003f68 <_init>:
 8003f68:	b5f8      	push	{r3, r4, r5, r6, r7, lr}
 8003f6a:	bf00      	nop
 8003f6c:	bcf8      	pop	{r3, r4, r5, r6, r7}
 8003f6e:	bc08      	pop	{r3}
 8003f70:	469e      	mov	lr, r3
 8003f72:	4770      	bx	lr

08003f74 <_fini>:
 8003f74:	b5f8      	push	{r3, r4, r5, r6, r7, lr}
 8003f76:	bf00      	nop
 8003f78:	bcf8      	pop	{r3, r4, r5, r6, r7}
 8003f7a:	bc08      	pop	{r3}
 8003f7c:	469e      	mov	lr, r3
 8003f7e:	4770      	bx	lr
