ARM GAS  C:\Users\joabk\AppData\Local\Temp\ccqURA6q.s 			page 1


   1              		.cpu cortex-m4
   2              		.arch armv7e-m
   3              		.fpu fpv4-sp-d16
   4              		.eabi_attribute 27, 1
   5              		.eabi_attribute 28, 1
   6              		.eabi_attribute 20, 1
   7              		.eabi_attribute 21, 1
   8              		.eabi_attribute 23, 3
   9              		.eabi_attribute 24, 1
  10              		.eabi_attribute 25, 1
  11              		.eabi_attribute 26, 1
  12              		.eabi_attribute 30, 1
  13              		.eabi_attribute 34, 1
  14              		.eabi_attribute 18, 4
  15              		.file	"ff.c"
  16              		.text
  17              		.section	.text.ld_word,"ax",%progbits
  18              		.align	1
  19              		.syntax unified
  20              		.thumb
  21              		.thumb_func
  23              	ld_word:
  24              		@ args = 0, pretend = 0, frame = 0
  25              		@ frame_needed = 0, uses_anonymous_args = 0
  26              		@ link register save eliminated.
  27 0000 4278     		ldrb	r2, [r0, #1]	@ zero_extendqisi2
  28 0002 0078     		ldrb	r0, [r0]	@ zero_extendqisi2
  29 0004 40EA0220 		orr	r0, r0, r2, lsl #8
  30 0008 7047     		bx	lr
  32              		.section	.text.ld_dword,"ax",%progbits
  33              		.align	1
  34              		.syntax unified
  35              		.thumb
  36              		.thumb_func
  38              	ld_dword:
  39              		@ args = 0, pretend = 0, frame = 0
  40              		@ frame_needed = 0, uses_anonymous_args = 0
  41              		@ link register save eliminated.
  42 0000 C378     		ldrb	r3, [r0, #3]	@ zero_extendqisi2
  43 0002 8278     		ldrb	r2, [r0, #2]	@ zero_extendqisi2
  44 0004 42EA0322 		orr	r2, r2, r3, lsl #8
  45 0008 4378     		ldrb	r3, [r0, #1]	@ zero_extendqisi2
  46 000a 43EA0223 		orr	r3, r3, r2, lsl #8
  47 000e 0078     		ldrb	r0, [r0]	@ zero_extendqisi2
  48 0010 40EA0320 		orr	r0, r0, r3, lsl #8
  49 0014 7047     		bx	lr
  51              		.section	.text.st_word,"ax",%progbits
  52              		.align	1
  53              		.syntax unified
  54              		.thumb
  55              		.thumb_func
  57              	st_word:
  58              		@ args = 0, pretend = 0, frame = 0
  59              		@ frame_needed = 0, uses_anonymous_args = 0
  60              		@ link register save eliminated.
  61 0000 0170     		strb	r1, [r0]
  62 0002 090A     		lsrs	r1, r1, #8
ARM GAS  C:\Users\joabk\AppData\Local\Temp\ccqURA6q.s 			page 2


  63 0004 4170     		strb	r1, [r0, #1]
  64 0006 7047     		bx	lr
  66              		.section	.text.st_dword,"ax",%progbits
  67              		.align	1
  68              		.syntax unified
  69              		.thumb
  70              		.thumb_func
  72              	st_dword:
  73              		@ args = 0, pretend = 0, frame = 0
  74              		@ frame_needed = 0, uses_anonymous_args = 0
  75              		@ link register save eliminated.
  76 0000 0170     		strb	r1, [r0]
  77 0002 C1F30723 		ubfx	r3, r1, #8, #8
  78 0006 4370     		strb	r3, [r0, #1]
  79 0008 C1F30743 		ubfx	r3, r1, #16, #8
  80 000c 8370     		strb	r3, [r0, #2]
  81 000e 090E     		lsrs	r1, r1, #24
  82 0010 C170     		strb	r1, [r0, #3]
  83 0012 7047     		bx	lr
  85              		.section	.text.mem_cpy,"ax",%progbits
  86              		.align	1
  87              		.syntax unified
  88              		.thumb
  89              		.thumb_func
  91              	mem_cpy:
  92              		@ args = 0, pretend = 0, frame = 0
  93              		@ frame_needed = 0, uses_anonymous_args = 0
  94              		@ link register save eliminated.
  95 0000 9446     		mov	ip, r2
  96 0002 32B1     		cbz	r2, .L5
  97              	.L7:
  98 0004 0A78     		ldrb	r2, [r1]	@ zero_extendqisi2
  99 0006 0131     		adds	r1, r1, #1
 100 0008 0270     		strb	r2, [r0]
 101 000a 0130     		adds	r0, r0, #1
 102 000c BCF1010C 		subs	ip, ip, #1
 103 0010 F8D1     		bne	.L7
 104              	.L5:
 105 0012 7047     		bx	lr
 107              		.section	.text.mem_set,"ax",%progbits
 108              		.align	1
 109              		.syntax unified
 110              		.thumb
 111              		.thumb_func
 113              	mem_set:
 114              		@ args = 0, pretend = 0, frame = 0
 115              		@ frame_needed = 0, uses_anonymous_args = 0
 116              		@ link register save eliminated.
 117              	.L9:
 118 0000 0170     		strb	r1, [r0]
 119 0002 0130     		adds	r0, r0, #1
 120 0004 013A     		subs	r2, r2, #1
 121 0006 FBD1     		bne	.L9
 122 0008 7047     		bx	lr
 124              		.section	.text.mem_cmp,"ax",%progbits
 125              		.align	1
 126              		.syntax unified
ARM GAS  C:\Users\joabk\AppData\Local\Temp\ccqURA6q.s 			page 3


 127              		.thumb
 128              		.thumb_func
 130              	mem_cmp:
 131              		@ args = 0, pretend = 0, frame = 0
 132              		@ frame_needed = 0, uses_anonymous_args = 0
 133              		@ link register save eliminated.
 134 0000 8446     		mov	ip, r0
 135              	.L12:
 136 0002 9CF80000 		ldrb	r0, [ip]	@ zero_extendqisi2
 137 0006 0CF1010C 		add	ip, ip, #1
 138 000a 0B78     		ldrb	r3, [r1]	@ zero_extendqisi2
 139 000c 0131     		adds	r1, r1, #1
 140 000e C01A     		subs	r0, r0, r3
 141 0010 013A     		subs	r2, r2, #1
 142 0012 01D0     		beq	.L10
 143 0014 0028     		cmp	r0, #0
 144 0016 F4D0     		beq	.L12
 145              	.L10:
 146 0018 7047     		bx	lr
 148              		.section	.text.chk_chr,"ax",%progbits
 149              		.align	1
 150              		.syntax unified
 151              		.thumb
 152              		.thumb_func
 154              	chk_chr:
 155              		@ args = 0, pretend = 0, frame = 0
 156              		@ frame_needed = 0, uses_anonymous_args = 0
 157              		@ link register save eliminated.
 158 0000 0346     		mov	r3, r0
 159 0002 00E0     		b	.L14
 160              	.L16:
 161 0004 0133     		adds	r3, r3, #1
 162              	.L14:
 163 0006 1878     		ldrb	r0, [r3]	@ zero_extendqisi2
 164 0008 08B1     		cbz	r0, .L15
 165 000a 8842     		cmp	r0, r1
 166 000c FAD1     		bne	.L16
 167              	.L15:
 168 000e 7047     		bx	lr
 170              		.section	.text.chk_lock,"ax",%progbits
 171              		.align	1
 172              		.syntax unified
 173              		.thumb
 174              		.thumb_func
 176              	chk_lock:
 177              		@ args = 0, pretend = 0, frame = 0
 178              		@ frame_needed = 0, uses_anonymous_args = 0
 179              		@ link register save eliminated.
 180 0000 30B4     		push	{r4, r5}
 181 0002 0025     		movs	r5, #0
 182 0004 2B46     		mov	r3, r5
 183 0006 01E0     		b	.L18
 184              	.L25:
 185 0008 0125     		movs	r5, #1
 186              	.L19:
 187 000a 0133     		adds	r3, r3, #1
 188              	.L18:
ARM GAS  C:\Users\joabk\AppData\Local\Temp\ccqURA6q.s 			page 4


 189 000c 012B     		cmp	r3, #1
 190 000e 15D8     		bhi	.L20
 191 0010 1A01     		lsls	r2, r3, #4
 192 0012 174C     		ldr	r4, .L34
 193 0014 A258     		ldr	r2, [r4, r2]
 194 0016 002A     		cmp	r2, #0
 195 0018 F6D0     		beq	.L25
 196 001a 0468     		ldr	r4, [r0]
 197 001c A242     		cmp	r2, r4
 198 001e F4D1     		bne	.L19
 199 0020 134A     		ldr	r2, .L34
 200 0022 02EB0312 		add	r2, r2, r3, lsl #4
 201 0026 5468     		ldr	r4, [r2, #4]
 202 0028 8268     		ldr	r2, [r0, #8]
 203 002a 9442     		cmp	r4, r2
 204 002c EDD1     		bne	.L19
 205 002e 104A     		ldr	r2, .L34
 206 0030 02EB0312 		add	r2, r2, r3, lsl #4
 207 0034 9468     		ldr	r4, [r2, #8]
 208 0036 4269     		ldr	r2, [r0, #20]
 209 0038 9442     		cmp	r4, r2
 210 003a E6D1     		bne	.L19
 211              	.L20:
 212 003c 022B     		cmp	r3, #2
 213 003e 0AD0     		beq	.L31
 214 0040 A1B9     		cbnz	r1, .L28
 215 0042 0B4A     		ldr	r2, .L34
 216 0044 02EB0313 		add	r3, r2, r3, lsl #4
 217 0048 9B89     		ldrh	r3, [r3, #12]
 218 004a B3F5807F 		cmp	r3, #256
 219 004e 0BD0     		beq	.L32
 220 0050 0020     		movs	r0, #0
 221              	.L24:
 222 0052 30BC     		pop	{r4, r5}
 223 0054 7047     		bx	lr
 224              	.L31:
 225 0056 2DB9     		cbnz	r5, .L26
 226 0058 0229     		cmp	r1, #2
 227 005a 01D0     		beq	.L33
 228 005c 1220     		movs	r0, #18
 229 005e F8E7     		b	.L24
 230              	.L33:
 231 0060 0020     		movs	r0, #0
 232 0062 F6E7     		b	.L24
 233              	.L26:
 234 0064 0020     		movs	r0, #0
 235 0066 F4E7     		b	.L24
 236              	.L32:
 237 0068 1020     		movs	r0, #16
 238 006a F2E7     		b	.L24
 239              	.L28:
 240 006c 1020     		movs	r0, #16
 241 006e F0E7     		b	.L24
 242              	.L35:
 243              		.align	2
 244              	.L34:
 245 0070 00000000 		.word	Files
ARM GAS  C:\Users\joabk\AppData\Local\Temp\ccqURA6q.s 			page 5


 247              		.section	.text.enq_lock,"ax",%progbits
 248              		.align	1
 249              		.syntax unified
 250              		.thumb
 251              		.thumb_func
 253              	enq_lock:
 254              		@ args = 0, pretend = 0, frame = 0
 255              		@ frame_needed = 0, uses_anonymous_args = 0
 256              		@ link register save eliminated.
 257 0000 0020     		movs	r0, #0
 258 0002 00E0     		b	.L37
 259              	.L39:
 260 0004 0130     		adds	r0, r0, #1
 261              	.L37:
 262 0006 0128     		cmp	r0, #1
 263 0008 04D8     		bhi	.L38
 264 000a 0301     		lsls	r3, r0, #4
 265 000c 034A     		ldr	r2, .L40
 266 000e D358     		ldr	r3, [r2, r3]
 267 0010 002B     		cmp	r3, #0
 268 0012 F7D1     		bne	.L39
 269              	.L38:
 270 0014 0238     		subs	r0, r0, #2
 271 0016 18BF     		it	ne
 272 0018 0120     		movne	r0, #1
 273 001a 7047     		bx	lr
 274              	.L41:
 275              		.align	2
 276              	.L40:
 277 001c 00000000 		.word	Files
 279              		.section	.text.inc_lock,"ax",%progbits
 280              		.align	1
 281              		.syntax unified
 282              		.thumb
 283              		.thumb_func
 285              	inc_lock:
 286              		@ args = 0, pretend = 0, frame = 0
 287              		@ frame_needed = 0, uses_anonymous_args = 0
 288              		@ link register save eliminated.
 289 0000 70B4     		push	{r4, r5, r6}
 290 0002 0023     		movs	r3, #0
 291 0004 00E0     		b	.L43
 292              	.L44:
 293 0006 0133     		adds	r3, r3, #1
 294              	.L43:
 295 0008 012B     		cmp	r3, #1
 296 000a 13D8     		bhi	.L45
 297 000c 1A01     		lsls	r2, r3, #4
 298 000e 234C     		ldr	r4, .L59
 299 0010 A458     		ldr	r4, [r4, r2]
 300 0012 0268     		ldr	r2, [r0]
 301 0014 9442     		cmp	r4, r2
 302 0016 F6D1     		bne	.L44
 303 0018 204A     		ldr	r2, .L59
 304 001a 02EB0312 		add	r2, r2, r3, lsl #4
 305 001e 5468     		ldr	r4, [r2, #4]
 306 0020 8268     		ldr	r2, [r0, #8]
ARM GAS  C:\Users\joabk\AppData\Local\Temp\ccqURA6q.s 			page 6


 307 0022 9442     		cmp	r4, r2
 308 0024 EFD1     		bne	.L44
 309 0026 1D4A     		ldr	r2, .L59
 310 0028 02EB0312 		add	r2, r2, r3, lsl #4
 311 002c 9468     		ldr	r4, [r2, #8]
 312 002e 4269     		ldr	r2, [r0, #20]
 313 0030 9442     		cmp	r4, r2
 314 0032 E8D1     		bne	.L44
 315              	.L45:
 316 0034 022B     		cmp	r3, #2
 317 0036 08D0     		beq	.L58
 318              	.L48:
 319 0038 F9B1     		cbz	r1, .L52
 320 003a 184A     		ldr	r2, .L59
 321 003c 02EB0312 		add	r2, r2, r3, lsl #4
 322 0040 9289     		ldrh	r2, [r2, #12]
 323 0042 4ABB     		cbnz	r2, .L56
 324 0044 4FF48072 		mov	r2, #256
 325 0048 1DE0     		b	.L53
 326              	.L58:
 327 004a 0023     		movs	r3, #0
 328              	.L47:
 329 004c 012B     		cmp	r3, #1
 330 004e 05D8     		bhi	.L49
 331 0050 1A01     		lsls	r2, r3, #4
 332 0052 124C     		ldr	r4, .L59
 333 0054 A258     		ldr	r2, [r4, r2]
 334 0056 0AB1     		cbz	r2, .L49
 335 0058 0133     		adds	r3, r3, #1
 336 005a F7E7     		b	.L47
 337              	.L49:
 338 005c 022B     		cmp	r3, #2
 339 005e 19D0     		beq	.L55
 340 0060 0E4D     		ldr	r5, .L59
 341 0062 1C01     		lsls	r4, r3, #4
 342 0064 05EB0312 		add	r2, r5, r3, lsl #4
 343 0068 0668     		ldr	r6, [r0]
 344 006a 2E51     		str	r6, [r5, r4]
 345 006c 8468     		ldr	r4, [r0, #8]
 346 006e 5460     		str	r4, [r2, #4]
 347 0070 4069     		ldr	r0, [r0, #20]
 348 0072 9060     		str	r0, [r2, #8]
 349 0074 0020     		movs	r0, #0
 350 0076 9081     		strh	r0, [r2, #12]	@ movhi
 351 0078 DEE7     		b	.L48
 352              	.L52:
 353 007a 084A     		ldr	r2, .L59
 354 007c 02EB0312 		add	r2, r2, r3, lsl #4
 355 0080 9289     		ldrh	r2, [r2, #12]
 356 0082 0132     		adds	r2, r2, #1
 357 0084 92B2     		uxth	r2, r2
 358              	.L53:
 359 0086 0549     		ldr	r1, .L59
 360 0088 01EB0311 		add	r1, r1, r3, lsl #4
 361 008c 8A81     		strh	r2, [r1, #12]	@ movhi
 362 008e 581C     		adds	r0, r3, #1
 363              	.L42:
ARM GAS  C:\Users\joabk\AppData\Local\Temp\ccqURA6q.s 			page 7


 364 0090 70BC     		pop	{r4, r5, r6}
 365 0092 7047     		bx	lr
 366              	.L55:
 367 0094 0020     		movs	r0, #0
 368 0096 FBE7     		b	.L42
 369              	.L56:
 370 0098 0020     		movs	r0, #0
 371 009a F9E7     		b	.L42
 372              	.L60:
 373              		.align	2
 374              	.L59:
 375 009c 00000000 		.word	Files
 377              		.section	.text.dec_lock,"ax",%progbits
 378              		.align	1
 379              		.syntax unified
 380              		.thumb
 381              		.thumb_func
 383              	dec_lock:
 384              		@ args = 0, pretend = 0, frame = 0
 385              		@ frame_needed = 0, uses_anonymous_args = 0
 386              		@ link register save eliminated.
 387 0000 0138     		subs	r0, r0, #1
 388 0002 0128     		cmp	r0, #1
 389 0004 15D8     		bhi	.L65
 390 0006 0D4B     		ldr	r3, .L68
 391 0008 03EB0013 		add	r3, r3, r0, lsl #4
 392 000c 9B89     		ldrh	r3, [r3, #12]
 393 000e B3F5807F 		cmp	r3, #256
 394 0012 03D0     		beq	.L66
 395 0014 43B1     		cbz	r3, .L64
 396 0016 013B     		subs	r3, r3, #1
 397 0018 9BB2     		uxth	r3, r3
 398 001a 00E0     		b	.L63
 399              	.L66:
 400 001c 0023     		movs	r3, #0
 401              	.L63:
 402 001e 074A     		ldr	r2, .L68
 403 0020 02EB0012 		add	r2, r2, r0, lsl #4
 404 0024 9381     		strh	r3, [r2, #12]	@ movhi
 405 0026 33B9     		cbnz	r3, .L67
 406              	.L64:
 407 0028 0301     		lsls	r3, r0, #4
 408 002a 0020     		movs	r0, #0
 409 002c 034A     		ldr	r2, .L68
 410 002e D050     		str	r0, [r2, r3]
 411 0030 7047     		bx	lr
 412              	.L65:
 413 0032 0220     		movs	r0, #2
 414 0034 7047     		bx	lr
 415              	.L67:
 416 0036 0020     		movs	r0, #0
 417 0038 7047     		bx	lr
 418              	.L69:
 419 003a 00BF     		.align	2
 420              	.L68:
 421 003c 00000000 		.word	Files
 423              		.section	.text.clear_lock,"ax",%progbits
ARM GAS  C:\Users\joabk\AppData\Local\Temp\ccqURA6q.s 			page 8


 424              		.align	1
 425              		.syntax unified
 426              		.thumb
 427              		.thumb_func
 429              	clear_lock:
 430              		@ args = 0, pretend = 0, frame = 0
 431              		@ frame_needed = 0, uses_anonymous_args = 0
 432              		@ link register save eliminated.
 433 0000 0023     		movs	r3, #0
 434 0002 03E0     		b	.L75
 435              	.L82:
 436 0004 5DF8044B 		ldr	r4, [sp], #4
 437 0008 7047     		bx	lr
 438              	.L81:
 439 000a 0133     		adds	r3, r3, #1
 440              	.L75:
 441 000c 012B     		cmp	r3, #1
 442 000e 11D8     		bhi	.L80
 443 0010 1A01     		lsls	r2, r3, #4
 444 0012 0949     		ldr	r1, .L83
 445 0014 8A58     		ldr	r2, [r1, r2]
 446 0016 8242     		cmp	r2, r0
 447 0018 F7D1     		bne	.L81
 448 001a 10B4     		push	{r4}
 449              	.L76:
 450 001c 1A01     		lsls	r2, r3, #4
 451 001e 0024     		movs	r4, #0
 452 0020 8C50     		str	r4, [r1, r2]
 453              	.L72:
 454 0022 0133     		adds	r3, r3, #1
 455 0024 012B     		cmp	r3, #1
 456 0026 EDD8     		bhi	.L82
 457 0028 1A01     		lsls	r2, r3, #4
 458 002a 0349     		ldr	r1, .L83
 459 002c 8A58     		ldr	r2, [r1, r2]
 460 002e 8242     		cmp	r2, r0
 461 0030 F7D1     		bne	.L72
 462 0032 F3E7     		b	.L76
 463              	.L80:
 464 0034 7047     		bx	lr
 465              	.L84:
 466 0036 00BF     		.align	2
 467              	.L83:
 468 0038 00000000 		.word	Files
 470              		.section	.text.clust2sect,"ax",%progbits
 471              		.align	1
 472              		.syntax unified
 473              		.thumb
 474              		.thumb_func
 476              	clust2sect:
 477              		@ args = 0, pretend = 0, frame = 0
 478              		@ frame_needed = 0, uses_anonymous_args = 0
 479              		@ link register save eliminated.
 480 0000 0239     		subs	r1, r1, #2
 481 0002 8369     		ldr	r3, [r0, #24]
 482 0004 023B     		subs	r3, r3, #2
 483 0006 8B42     		cmp	r3, r1
ARM GAS  C:\Users\joabk\AppData\Local\Temp\ccqURA6q.s 			page 9


 484 0008 04D9     		bls	.L87
 485 000a 4389     		ldrh	r3, [r0, #10]
 486 000c C06A     		ldr	r0, [r0, #44]
 487 000e 01FB0300 		mla	r0, r1, r3, r0
 488 0012 7047     		bx	lr
 489              	.L87:
 490 0014 0020     		movs	r0, #0
 491 0016 7047     		bx	lr
 493              		.section	.text.clmt_clust,"ax",%progbits
 494              		.align	1
 495              		.syntax unified
 496              		.thumb
 497              		.thumb_func
 499              	clmt_clust:
 500              		@ args = 0, pretend = 0, frame = 0
 501              		@ frame_needed = 0, uses_anonymous_args = 0
 502              		@ link register save eliminated.
 503 0000 0268     		ldr	r2, [r0]
 504 0002 C36A     		ldr	r3, [r0, #44]
 505 0004 0433     		adds	r3, r3, #4
 506 0006 490A     		lsrs	r1, r1, #9
 507 0008 5289     		ldrh	r2, [r2, #10]
 508 000a B1FBF2F1 		udiv	r1, r1, r2
 509 000e 01E0     		b	.L91
 510              	.L92:
 511 0010 091A     		subs	r1, r1, r0
 512 0012 0833     		adds	r3, r3, #8
 513              	.L91:
 514 0014 1868     		ldr	r0, [r3]
 515 0016 18B1     		cbz	r0, .L88
 516 0018 8142     		cmp	r1, r0
 517 001a F9D2     		bcs	.L92
 518 001c 5868     		ldr	r0, [r3, #4]
 519 001e 0844     		add	r0, r0, r1
 520              	.L88:
 521 0020 7047     		bx	lr
 523              		.section	.text.ld_clust,"ax",%progbits
 524              		.align	1
 525              		.syntax unified
 526              		.thumb
 527              		.thumb_func
 529              	ld_clust:
 530              		@ args = 0, pretend = 0, frame = 0
 531              		@ frame_needed = 0, uses_anonymous_args = 0
 532 0000 70B5     		push	{r4, r5, r6, lr}
 533 0002 0646     		mov	r6, r0
 534 0004 0D46     		mov	r5, r1
 535 0006 01F11A00 		add	r0, r1, #26
 536 000a FFF7FEFF 		bl	ld_word
 537 000e 3378     		ldrb	r3, [r6]	@ zero_extendqisi2
 538 0010 032B     		cmp	r3, #3
 539 0012 00D0     		beq	.L96
 540              	.L93:
 541 0014 70BD     		pop	{r4, r5, r6, pc}
 542              	.L96:
 543 0016 0446     		mov	r4, r0
 544 0018 05F11400 		add	r0, r5, #20
ARM GAS  C:\Users\joabk\AppData\Local\Temp\ccqURA6q.s 			page 10


 545 001c FFF7FEFF 		bl	ld_word
 546 0020 44EA0040 		orr	r0, r4, r0, lsl #16
 547 0024 F6E7     		b	.L93
 549              		.section	.text.st_clust,"ax",%progbits
 550              		.align	1
 551              		.syntax unified
 552              		.thumb
 553              		.thumb_func
 555              	st_clust:
 556              		@ args = 0, pretend = 0, frame = 0
 557              		@ frame_needed = 0, uses_anonymous_args = 0
 558 0000 70B5     		push	{r4, r5, r6, lr}
 559 0002 0646     		mov	r6, r0
 560 0004 0C46     		mov	r4, r1
 561 0006 1546     		mov	r5, r2
 562 0008 91B2     		uxth	r1, r2
 563 000a 04F11A00 		add	r0, r4, #26
 564 000e FFF7FEFF 		bl	st_word
 565 0012 3378     		ldrb	r3, [r6]	@ zero_extendqisi2
 566 0014 032B     		cmp	r3, #3
 567 0016 00D0     		beq	.L100
 568              	.L97:
 569 0018 70BD     		pop	{r4, r5, r6, pc}
 570              	.L100:
 571 001a 290C     		lsrs	r1, r5, #16
 572 001c 04F11400 		add	r0, r4, #20
 573 0020 FFF7FEFF 		bl	st_word
 574 0024 F8E7     		b	.L97
 576              		.section	.text.pick_lfn,"ax",%progbits
 577              		.align	1
 578              		.syntax unified
 579              		.thumb
 580              		.thumb_func
 582              	pick_lfn:
 583              		@ args = 0, pretend = 0, frame = 0
 584              		@ frame_needed = 0, uses_anonymous_args = 0
 585 0000 2DE9F041 		push	{r4, r5, r6, r7, r8, lr}
 586 0004 8046     		mov	r8, r0
 587 0006 0E46     		mov	r6, r1
 588 0008 01F11A00 		add	r0, r1, #26
 589 000c FFF7FEFF 		bl	ld_word
 590 0010 50BB     		cbnz	r0, .L107
 591 0012 3578     		ldrb	r5, [r6]	@ zero_extendqisi2
 592 0014 25F04005 		bic	r5, r5, #64
 593 0018 013D     		subs	r5, r5, #1
 594 001a 05EB4503 		add	r3, r5, r5, lsl #1
 595 001e 05EB8305 		add	r5, r5, r3, lsl #2
 596 0022 0127     		movs	r7, #1
 597 0024 0024     		movs	r4, #0
 598 0026 04E0     		b	.L103
 599              	.L104:
 600 0028 4FF6FF73 		movw	r3, #65535
 601 002c 9842     		cmp	r0, r3
 602 002e 20D1     		bne	.L109
 603              	.L105:
 604 0030 0134     		adds	r4, r4, #1
 605              	.L103:
ARM GAS  C:\Users\joabk\AppData\Local\Temp\ccqURA6q.s 			page 11


 606 0032 0C2C     		cmp	r4, #12
 607 0034 0DD8     		bhi	.L113
 608 0036 124B     		ldr	r3, .L114
 609 0038 185D     		ldrb	r0, [r3, r4]	@ zero_extendqisi2
 610 003a 3044     		add	r0, r0, r6
 611 003c FFF7FEFF 		bl	ld_word
 612 0040 002F     		cmp	r7, #0
 613 0042 F1D0     		beq	.L104
 614 0044 FE2D     		cmp	r5, #254
 615 0046 12D8     		bhi	.L108
 616 0048 28F81500 		strh	r0, [r8, r5, lsl #1]	@ movhi
 617 004c 0746     		mov	r7, r0
 618 004e 0135     		adds	r5, r5, #1
 619 0050 EEE7     		b	.L105
 620              	.L113:
 621 0052 3378     		ldrb	r3, [r6]	@ zero_extendqisi2
 622 0054 13F0400F 		tst	r3, #64
 623 0058 0DD0     		beq	.L110
 624 005a FE2D     		cmp	r5, #254
 625 005c 0DD8     		bhi	.L111
 626 005e 0023     		movs	r3, #0
 627 0060 28F81530 		strh	r3, [r8, r5, lsl #1]	@ movhi
 628 0064 0120     		movs	r0, #1
 629 0066 00E0     		b	.L101
 630              	.L107:
 631 0068 0020     		movs	r0, #0
 632              	.L101:
 633 006a BDE8F081 		pop	{r4, r5, r6, r7, r8, pc}
 634              	.L108:
 635 006e 0020     		movs	r0, #0
 636 0070 FBE7     		b	.L101
 637              	.L109:
 638 0072 0020     		movs	r0, #0
 639 0074 F9E7     		b	.L101
 640              	.L110:
 641 0076 0120     		movs	r0, #1
 642 0078 F7E7     		b	.L101
 643              	.L111:
 644 007a 0020     		movs	r0, #0
 645 007c F5E7     		b	.L101
 646              	.L115:
 647 007e 00BF     		.align	2
 648              	.L114:
 649 0080 00000000 		.word	LfnOfs
 651              		.section	.text.put_lfn,"ax",%progbits
 652              		.align	1
 653              		.syntax unified
 654              		.thumb
 655              		.thumb_func
 657              	put_lfn:
 658              		@ args = 0, pretend = 0, frame = 0
 659              		@ frame_needed = 0, uses_anonymous_args = 0
 660 0000 2DE9F843 		push	{r3, r4, r5, r6, r7, r8, r9, lr}
 661 0004 8046     		mov	r8, r0
 662 0006 0F46     		mov	r7, r1
 663 0008 9146     		mov	r9, r2
 664 000a 4B73     		strb	r3, [r1, #13]
ARM GAS  C:\Users\joabk\AppData\Local\Temp\ccqURA6q.s 			page 12


 665 000c 0F23     		movs	r3, #15
 666 000e CB72     		strb	r3, [r1, #11]
 667 0010 0024     		movs	r4, #0
 668 0012 0C73     		strb	r4, [r1, #12]
 669 0014 2146     		mov	r1, r4
 670 0016 07F11A00 		add	r0, r7, #26
 671 001a FFF7FEFF 		bl	st_word
 672 001e 09F1FF36 		add	r6, r9, #-1
 673 0022 06EB4603 		add	r3, r6, r6, lsl #1
 674 0026 06EB8306 		add	r6, r6, r3, lsl #2
 675 002a 2546     		mov	r5, r4
 676 002c 02E0     		b	.L119
 677              	.L118:
 678 002e 0134     		adds	r4, r4, #1
 679 0030 0C2C     		cmp	r4, #12
 680 0032 11D8     		bhi	.L124
 681              	.L119:
 682 0034 4FF6FF73 		movw	r3, #65535
 683 0038 9D42     		cmp	r5, r3
 684 003a 02D0     		beq	.L117
 685 003c 38F81650 		ldrh	r5, [r8, r6, lsl #1]
 686 0040 0136     		adds	r6, r6, #1
 687              	.L117:
 688 0042 0C4B     		ldr	r3, .L125
 689 0044 185D     		ldrb	r0, [r3, r4]	@ zero_extendqisi2
 690 0046 2946     		mov	r1, r5
 691 0048 3844     		add	r0, r0, r7
 692 004a FFF7FEFF 		bl	st_word
 693 004e 002D     		cmp	r5, #0
 694 0050 EDD1     		bne	.L118
 695 0052 4FF6FF75 		movw	r5, #65535
 696 0056 EAE7     		b	.L118
 697              	.L124:
 698 0058 4FF6FF73 		movw	r3, #65535
 699 005c 9D42     		cmp	r5, r3
 700 005e 02D0     		beq	.L120
 701 0060 38F81630 		ldrh	r3, [r8, r6, lsl #1]
 702 0064 0BB9     		cbnz	r3, .L121
 703              	.L120:
 704 0066 49F04009 		orr	r9, r9, #64
 705              	.L121:
 706 006a 87F80090 		strb	r9, [r7]
 707 006e BDE8F883 		pop	{r3, r4, r5, r6, r7, r8, r9, pc}
 708              	.L126:
 709 0072 00BF     		.align	2
 710              	.L125:
 711 0074 00000000 		.word	LfnOfs
 713              		.section	.text.gen_numname,"ax",%progbits
 714              		.align	1
 715              		.syntax unified
 716              		.thumb
 717              		.thumb_func
 719              	gen_numname:
 720              		@ args = 0, pretend = 0, frame = 8
 721              		@ frame_needed = 0, uses_anonymous_args = 0
 722 0000 70B5     		push	{r4, r5, r6, lr}
 723 0002 82B0     		sub	sp, sp, #8
ARM GAS  C:\Users\joabk\AppData\Local\Temp\ccqURA6q.s 			page 13


 724 0004 0546     		mov	r5, r0
 725 0006 1646     		mov	r6, r2
 726 0008 1C46     		mov	r4, r3
 727 000a 0B22     		movs	r2, #11
 728 000c FFF7FEFF 		bl	mem_cpy
 729 0010 052C     		cmp	r4, #5
 730 0012 11D8     		bhi	.L128
 731              	.L129:
 732 0014 0723     		movs	r3, #7
 733 0016 1FE0     		b	.L135
 734              	.L131:
 735 0018 0131     		adds	r1, r1, #1
 736              	.L130:
 737 001a 0F29     		cmp	r1, #15
 738 001c 0CD8     		bhi	.L128
 739 001e 03F0010C 		and	ip, r3, #1
 740 0022 0CEB4404 		add	r4, ip, r4, lsl #1
 741 0026 5B08     		lsrs	r3, r3, #1
 742 0028 14F4803F 		tst	r4, #65536
 743 002c F4D0     		beq	.L131
 744 002e 84F48834 		eor	r4, r4, #69632
 745 0032 84F02104 		eor	r4, r4, #33
 746 0036 EFE7     		b	.L131
 747              	.L128:
 748 0038 3388     		ldrh	r3, [r6]
 749 003a 002B     		cmp	r3, #0
 750 003c EAD0     		beq	.L129
 751 003e 0236     		adds	r6, r6, #2
 752 0040 0021     		movs	r1, #0
 753 0042 EAE7     		b	.L130
 754              	.L134:
 755 0044 5A1E     		subs	r2, r3, #1
 756 0046 0833     		adds	r3, r3, #8
 757 0048 6B44     		add	r3, sp, r3
 758 004a 03F8081C 		strb	r1, [r3, #-8]
 759 004e 2109     		lsrs	r1, r4, #4
 760 0050 0F2C     		cmp	r4, #15
 761 0052 0AD9     		bls	.L145
 762 0054 1346     		mov	r3, r2
 763 0056 0C46     		mov	r4, r1
 764              	.L135:
 765 0058 04F00F02 		and	r2, r4, #15
 766 005c 02F13001 		add	r1, r2, #48
 767 0060 3929     		cmp	r1, #57
 768 0062 EFD9     		bls	.L134
 769 0064 02F13701 		add	r1, r2, #55
 770 0068 ECE7     		b	.L134
 771              	.L145:
 772 006a 7E21     		movs	r1, #126
 773 006c 02F10803 		add	r3, r2, #8
 774 0070 6B44     		add	r3, sp, r3
 775 0072 03F8081C 		strb	r1, [r3, #-8]
 776 0076 0023     		movs	r3, #0
 777 0078 00E0     		b	.L136
 778              	.L138:
 779 007a 0133     		adds	r3, r3, #1
 780              	.L136:
ARM GAS  C:\Users\joabk\AppData\Local\Temp\ccqURA6q.s 			page 14


 781 007c 9342     		cmp	r3, r2
 782 007e 09D2     		bcs	.L140
 783 0080 E95C     		ldrb	r1, [r5, r3]	@ zero_extendqisi2
 784 0082 2029     		cmp	r1, #32
 785 0084 F9D1     		bne	.L138
 786 0086 05E0     		b	.L140
 787              	.L142:
 788 0088 2020     		movs	r0, #32
 789              	.L139:
 790 008a 591C     		adds	r1, r3, #1
 791 008c E854     		strb	r0, [r5, r3]
 792 008e 0729     		cmp	r1, #7
 793 0090 09D8     		bhi	.L146
 794 0092 0B46     		mov	r3, r1
 795              	.L140:
 796 0094 072A     		cmp	r2, #7
 797 0096 F7D8     		bhi	.L142
 798 0098 02F10801 		add	r1, r2, #8
 799 009c 6944     		add	r1, sp, r1
 800 009e 11F8080C 		ldrb	r0, [r1, #-8]	@ zero_extendqisi2
 801 00a2 0132     		adds	r2, r2, #1
 802 00a4 F1E7     		b	.L139
 803              	.L146:
 804 00a6 02B0     		add	sp, sp, #8
 805              		@ sp needed
 806 00a8 70BD     		pop	{r4, r5, r6, pc}
 808              		.section	.text.sum_sfn,"ax",%progbits
 809              		.align	1
 810              		.syntax unified
 811              		.thumb
 812              		.thumb_func
 814              	sum_sfn:
 815              		@ args = 0, pretend = 0, frame = 0
 816              		@ frame_needed = 0, uses_anonymous_args = 0
 817              		@ link register save eliminated.
 818 0000 0146     		mov	r1, r0
 819 0002 4FF00B0C 		mov	ip, #11
 820 0006 0020     		movs	r0, #0
 821              	.L148:
 822 0008 C301     		lsls	r3, r0, #7
 823 000a 43EA5003 		orr	r3, r3, r0, lsr #1
 824 000e 0A78     		ldrb	r2, [r1]	@ zero_extendqisi2
 825 0010 0131     		adds	r1, r1, #1
 826 0012 52FA83F3 		uxtab	r3, r2, r3
 827 0016 D8B2     		uxtb	r0, r3
 828 0018 BCF1010C 		subs	ip, ip, #1
 829 001c F4D1     		bne	.L148
 830 001e 7047     		bx	lr
 832              		.section	.text.get_ldnumber,"ax",%progbits
 833              		.align	1
 834              		.syntax unified
 835              		.thumb
 836              		.thumb_func
 838              	get_ldnumber:
 839              		@ args = 0, pretend = 0, frame = 0
 840              		@ frame_needed = 0, uses_anonymous_args = 0
 841              		@ link register save eliminated.
ARM GAS  C:\Users\joabk\AppData\Local\Temp\ccqURA6q.s 			page 15


 842 0000 0146     		mov	r1, r0
 843 0002 0068     		ldr	r0, [r0]
 844 0004 38B1     		cbz	r0, .L164
 845 0006 0246     		mov	r2, r0
 846              	.L150:
 847 0008 1378     		ldrb	r3, [r2]	@ zero_extendqisi2
 848 000a 1F2B     		cmp	r3, #31
 849 000c 06D9     		bls	.L152
 850 000e 3A2B     		cmp	r3, #58
 851 0010 04D0     		beq	.L152
 852 0012 0132     		adds	r2, r2, #1
 853 0014 F8E7     		b	.L150
 854              	.L164:
 855 0016 4FF0FF30 		mov	r0, #-1
 856 001a 7047     		bx	lr
 857              	.L152:
 858 001c 3A2B     		cmp	r3, #58
 859 001e 01D0     		beq	.L165
 860 0020 0020     		movs	r0, #0
 861 0022 7047     		bx	lr
 862              	.L165:
 863 0024 10B4     		push	{r4}
 864 0026 0346     		mov	r3, r0
 865 0028 13F8010B 		ldrb	r0, [r3], #1	@ zero_extendqisi2
 866 002c 3038     		subs	r0, r0, #48
 867 002e 0928     		cmp	r0, #9
 868 0030 08D8     		bhi	.L157
 869 0032 9A42     		cmp	r2, r3
 870 0034 02D0     		beq	.L166
 871 0036 4FF0FF30 		mov	r0, #-1
 872 003a 05E0     		b	.L149
 873              	.L166:
 874 003c 38B9     		cbnz	r0, .L159
 875 003e 0132     		adds	r2, r2, #1
 876 0040 0A60     		str	r2, [r1]
 877 0042 01E0     		b	.L149
 878              	.L157:
 879 0044 4FF0FF30 		mov	r0, #-1
 880              	.L149:
 881 0048 5DF8044B 		ldr	r4, [sp], #4
 882 004c 7047     		bx	lr
 883              	.L159:
 884 004e 4FF0FF30 		mov	r0, #-1
 885 0052 F9E7     		b	.L149
 887              		.section	.text.putc_init,"ax",%progbits
 888              		.align	1
 889              		.syntax unified
 890              		.thumb
 891              		.thumb_func
 893              	putc_init:
 894              		@ args = 0, pretend = 0, frame = 0
 895              		@ frame_needed = 0, uses_anonymous_args = 0
 896              		@ link register save eliminated.
 897 0000 0160     		str	r1, [r0]
 898 0002 0023     		movs	r3, #0
 899 0004 4360     		str	r3, [r0, #4]
 900 0006 8360     		str	r3, [r0, #8]
ARM GAS  C:\Users\joabk\AppData\Local\Temp\ccqURA6q.s 			page 16


 901 0008 7047     		bx	lr
 903              		.section	.text.validate,"ax",%progbits
 904              		.align	1
 905              		.syntax unified
 906              		.thumb
 907              		.thumb_func
 909              	validate:
 910              		@ args = 0, pretend = 0, frame = 0
 911              		@ frame_needed = 0, uses_anonymous_args = 0
 912 0000 38B5     		push	{r3, r4, r5, lr}
 913 0002 0D46     		mov	r5, r1
 914 0004 0446     		mov	r4, r0
 915 0006 98B1     		cbz	r0, .L170
 916 0008 0368     		ldr	r3, [r0]
 917 000a 9BB1     		cbz	r3, .L171
 918 000c 1A78     		ldrb	r2, [r3]	@ zero_extendqisi2
 919 000e A2B1     		cbz	r2, .L172
 920 0010 8188     		ldrh	r1, [r0, #4]
 921 0012 DA88     		ldrh	r2, [r3, #6]
 922 0014 9142     		cmp	r1, r2
 923 0016 03D0     		beq	.L176
 924 0018 0920     		movs	r0, #9
 925 001a 0024     		movs	r4, #0
 926              	.L169:
 927 001c 2C60     		str	r4, [r5]
 928 001e 38BD     		pop	{r3, r4, r5, pc}
 929              	.L176:
 930 0020 5878     		ldrb	r0, [r3, #1]	@ zero_extendqisi2
 931 0022 FFF7FEFF 		bl	disk_status
 932 0026 10F00100 		ands	r0, r0, #1
 933 002a 09D1     		bne	.L174
 934 002c 2468     		ldr	r4, [r4]
 935 002e F5E7     		b	.L169
 936              	.L170:
 937 0030 0920     		movs	r0, #9
 938 0032 F3E7     		b	.L169
 939              	.L171:
 940 0034 1C46     		mov	r4, r3
 941 0036 0920     		movs	r0, #9
 942 0038 F0E7     		b	.L169
 943              	.L172:
 944 003a 0920     		movs	r0, #9
 945 003c 0024     		movs	r4, #0
 946 003e EDE7     		b	.L169
 947              	.L174:
 948 0040 0920     		movs	r0, #9
 949 0042 0024     		movs	r4, #0
 950 0044 EAE7     		b	.L169
 952              		.section	.text.sync_window,"ax",%progbits
 953              		.align	1
 954              		.syntax unified
 955              		.thumb
 956              		.thumb_func
 958              	sync_window:
 959              		@ args = 0, pretend = 0, frame = 0
 960              		@ frame_needed = 0, uses_anonymous_args = 0
 961 0000 2DE9F041 		push	{r4, r5, r6, r7, r8, lr}
ARM GAS  C:\Users\joabk\AppData\Local\Temp\ccqURA6q.s 			page 17


 962 0004 C578     		ldrb	r5, [r0, #3]	@ zero_extendqisi2
 963 0006 15B9     		cbnz	r5, .L183
 964              	.L178:
 965 0008 2846     		mov	r0, r5
 966 000a BDE8F081 		pop	{r4, r5, r6, r7, r8, pc}
 967              	.L183:
 968 000e 0446     		mov	r4, r0
 969 0010 076B     		ldr	r7, [r0, #48]
 970 0012 00F13408 		add	r8, r0, #52
 971 0016 0123     		movs	r3, #1
 972 0018 3A46     		mov	r2, r7
 973 001a 4146     		mov	r1, r8
 974 001c 4078     		ldrb	r0, [r0, #1]	@ zero_extendqisi2
 975 001e FFF7FEFF 		bl	disk_write
 976 0022 0546     		mov	r5, r0
 977 0024 A0B9     		cbnz	r0, .L181
 978 0026 0023     		movs	r3, #0
 979 0028 E370     		strb	r3, [r4, #3]
 980 002a 636A     		ldr	r3, [r4, #36]
 981 002c FB1A     		subs	r3, r7, r3
 982 002e E269     		ldr	r2, [r4, #28]
 983 0030 9342     		cmp	r3, r2
 984 0032 E9D2     		bcs	.L178
 985 0034 A678     		ldrb	r6, [r4, #2]	@ zero_extendqisi2
 986 0036 08E0     		b	.L179
 987              	.L180:
 988 0038 E369     		ldr	r3, [r4, #28]
 989 003a 1F44     		add	r7, r7, r3
 990 003c 0123     		movs	r3, #1
 991 003e 3A46     		mov	r2, r7
 992 0040 4146     		mov	r1, r8
 993 0042 6078     		ldrb	r0, [r4, #1]	@ zero_extendqisi2
 994 0044 FFF7FEFF 		bl	disk_write
 995 0048 013E     		subs	r6, r6, #1
 996              	.L179:
 997 004a 012E     		cmp	r6, #1
 998 004c F4D8     		bhi	.L180
 999 004e DBE7     		b	.L178
 1000              	.L181:
 1001 0050 0125     		movs	r5, #1
 1002 0052 D9E7     		b	.L178
 1004              		.section	.text.move_window,"ax",%progbits
 1005              		.align	1
 1006              		.syntax unified
 1007              		.thumb
 1008              		.thumb_func
 1010              	move_window:
 1011              		@ args = 0, pretend = 0, frame = 0
 1012              		@ frame_needed = 0, uses_anonymous_args = 0
 1013 0000 70B5     		push	{r4, r5, r6, lr}
 1014 0002 036B     		ldr	r3, [r0, #48]
 1015 0004 8B42     		cmp	r3, r1
 1016 0006 02D1     		bne	.L190
 1017 0008 0026     		movs	r6, #0
 1018              	.L185:
 1019 000a 3046     		mov	r0, r6
 1020 000c 70BD     		pop	{r4, r5, r6, pc}
ARM GAS  C:\Users\joabk\AppData\Local\Temp\ccqURA6q.s 			page 18


 1021              	.L190:
 1022 000e 0446     		mov	r4, r0
 1023 0010 0D46     		mov	r5, r1
 1024 0012 FFF7FEFF 		bl	sync_window
 1025 0016 0646     		mov	r6, r0
 1026 0018 0028     		cmp	r0, #0
 1027 001a F6D1     		bne	.L185
 1028 001c 0123     		movs	r3, #1
 1029 001e 2A46     		mov	r2, r5
 1030 0020 04F13401 		add	r1, r4, #52
 1031 0024 6078     		ldrb	r0, [r4, #1]	@ zero_extendqisi2
 1032 0026 FFF7FEFF 		bl	disk_read
 1033 002a 10B1     		cbz	r0, .L186
 1034 002c 0126     		movs	r6, #1
 1035 002e 4FF0FF35 		mov	r5, #-1
 1036              	.L186:
 1037 0032 2563     		str	r5, [r4, #48]
 1038 0034 E9E7     		b	.L185
 1040              		.section	.text.check_fs,"ax",%progbits
 1041              		.align	1
 1042              		.syntax unified
 1043              		.thumb
 1044              		.thumb_func
 1046              	check_fs:
 1047              		@ args = 0, pretend = 0, frame = 0
 1048              		@ frame_needed = 0, uses_anonymous_args = 0
 1049 0000 38B5     		push	{r3, r4, r5, lr}
 1050 0002 0446     		mov	r4, r0
 1051 0004 0023     		movs	r3, #0
 1052 0006 C370     		strb	r3, [r0, #3]
 1053 0008 4FF0FF33 		mov	r3, #-1
 1054 000c 0363     		str	r3, [r0, #48]
 1055 000e FFF7FEFF 		bl	move_window
 1056 0012 30BB     		cbnz	r0, .L194
 1057 0014 0546     		mov	r5, r0
 1058 0016 04F23220 		addw	r0, r4, #562
 1059 001a FFF7FEFF 		bl	ld_word
 1060 001e 4AF65523 		movw	r3, #43605
 1061 0022 9842     		cmp	r0, r3
 1062 0024 1FD1     		bne	.L195
 1063 0026 94F83430 		ldrb	r3, [r4, #52]	@ zero_extendqisi2
 1064 002a E92B     		cmp	r3, #233
 1065 002c 07D0     		beq	.L193
 1066 002e 636B     		ldr	r3, [r4, #52]
 1067 0030 03F0FF13 		and	r3, r3, #16711935
 1068 0034 0D4A     		ldr	r2, .L198
 1069 0036 9342     		cmp	r3, r2
 1070 0038 01D0     		beq	.L193
 1071 003a 0225     		movs	r5, #2
 1072 003c 14E0     		b	.L192
 1073              	.L193:
 1074 003e 04F16A00 		add	r0, r4, #106
 1075 0042 FFF7FEFF 		bl	ld_dword
 1076 0046 20F07F40 		bic	r0, r0, #-16777216
 1077 004a 094B     		ldr	r3, .L198+4
 1078 004c 9842     		cmp	r0, r3
 1079 004e 0BD0     		beq	.L192
ARM GAS  C:\Users\joabk\AppData\Local\Temp\ccqURA6q.s 			page 19


 1080 0050 04F18600 		add	r0, r4, #134
 1081 0054 FFF7FEFF 		bl	ld_dword
 1082 0058 064B     		ldr	r3, .L198+8
 1083 005a 9842     		cmp	r0, r3
 1084 005c 04D0     		beq	.L192
 1085 005e 0225     		movs	r5, #2
 1086 0060 02E0     		b	.L192
 1087              	.L194:
 1088 0062 0425     		movs	r5, #4
 1089 0064 00E0     		b	.L192
 1090              	.L195:
 1091 0066 0325     		movs	r5, #3
 1092              	.L192:
 1093 0068 2846     		mov	r0, r5
 1094 006a 38BD     		pop	{r3, r4, r5, pc}
 1095              	.L199:
 1096              		.align	2
 1097              	.L198:
 1098 006c EB009000 		.word	9437419
 1099 0070 46415400 		.word	5521734
 1100 0074 46415433 		.word	861159750
 1102              		.section	.text.find_volume,"ax",%progbits
 1103              		.align	1
 1104              		.syntax unified
 1105              		.thumb
 1106              		.thumb_func
 1108              	find_volume:
 1109              		@ args = 0, pretend = 0, frame = 16
 1110              		@ frame_needed = 0, uses_anonymous_args = 0
 1111 0000 2DE9F04F 		push	{r4, r5, r6, r7, r8, r9, r10, fp, lr}
 1112 0004 85B0     		sub	sp, sp, #20
 1113 0006 0D46     		mov	r5, r1
 1114 0008 1646     		mov	r6, r2
 1115 000a 0023     		movs	r3, #0
 1116 000c 0B60     		str	r3, [r1]
 1117 000e FFF7FEFF 		bl	get_ldnumber
 1118 0012 071E     		subs	r7, r0, #0
 1119 0014 C0F24681 		blt	.L217
 1120 0018 B64B     		ldr	r3, .L247
 1121 001a 53F82740 		ldr	r4, [r3, r7, lsl #2]
 1122 001e 002C     		cmp	r4, #0
 1123 0020 00F04581 		beq	.L218
 1124 0024 2C60     		str	r4, [r5]
 1125 0026 06F0FE06 		and	r6, r6, #254
 1126 002a 2378     		ldrb	r3, [r4]	@ zero_extendqisi2
 1127 002c 73B1     		cbz	r3, .L202
 1128 002e 6078     		ldrb	r0, [r4, #1]	@ zero_extendqisi2
 1129 0030 FFF7FEFF 		bl	disk_status
 1130 0034 10F00105 		ands	r5, r0, #1
 1131 0038 08D1     		bne	.L202
 1132 003a 002E     		cmp	r6, #0
 1133 003c 00F03381 		beq	.L201
 1134 0040 10F0040F 		tst	r0, #4
 1135 0044 00F02F81 		beq	.L201
 1136 0048 0A25     		movs	r5, #10
 1137 004a 2CE1     		b	.L201
 1138              	.L202:
ARM GAS  C:\Users\joabk\AppData\Local\Temp\ccqURA6q.s 			page 20


 1139 004c 0023     		movs	r3, #0
 1140 004e 2370     		strb	r3, [r4]
 1141 0050 F8B2     		uxtb	r0, r7
 1142 0052 6070     		strb	r0, [r4, #1]
 1143 0054 FFF7FEFF 		bl	disk_initialize
 1144 0058 10F00105 		ands	r5, r0, #1
 1145 005c 40F02981 		bne	.L220
 1146 0060 1EB1     		cbz	r6, .L203
 1147 0062 10F0040F 		tst	r0, #4
 1148 0066 40F02681 		bne	.L221
 1149              	.L203:
 1150 006a 0021     		movs	r1, #0
 1151 006c 2046     		mov	r0, r4
 1152 006e FFF7FEFF 		bl	check_fs
 1153 0072 0228     		cmp	r0, #2
 1154 0074 7ED0     		beq	.L222
 1155 0076 0027     		movs	r7, #0
 1156              	.L205:
 1157 0078 0428     		cmp	r0, #4
 1158 007a 00F01E81 		beq	.L225
 1159 007e 0128     		cmp	r0, #1
 1160 0080 00F21D81 		bhi	.L226
 1161 0084 04F13F00 		add	r0, r4, #63
 1162 0088 FFF7FEFF 		bl	ld_word
 1163 008c B0F5007F 		cmp	r0, #512
 1164 0090 40F01781 		bne	.L227
 1165 0094 04F14A00 		add	r0, r4, #74
 1166 0098 FFF7FEFF 		bl	ld_word
 1167 009c 0646     		mov	r6, r0
 1168 009e 20B9     		cbnz	r0, .L210
 1169 00a0 04F15800 		add	r0, r4, #88
 1170 00a4 FFF7FEFF 		bl	ld_dword
 1171 00a8 0646     		mov	r6, r0
 1172              	.L210:
 1173 00aa E661     		str	r6, [r4, #28]
 1174 00ac 94F84420 		ldrb	r2, [r4, #68]	@ zero_extendqisi2
 1175 00b0 A270     		strb	r2, [r4, #2]
 1176 00b2 531E     		subs	r3, r2, #1
 1177 00b4 DBB2     		uxtb	r3, r3
 1178 00b6 012B     		cmp	r3, #1
 1179 00b8 00F20581 		bhi	.L228
 1180 00bc 06FB02F8 		mul	r8, r6, r2
 1181 00c0 94F84190 		ldrb	r9, [r4, #65]	@ zero_extendqisi2
 1182 00c4 A4F80A90 		strh	r9, [r4, #10]	@ movhi
 1183 00c8 B9F1000F 		cmp	r9, #0
 1184 00cc 00F0FD80 		beq	.L229
 1185 00d0 09F1FF33 		add	r3, r9, #-1
 1186 00d4 19EA030F 		tst	r9, r3
 1187 00d8 40F0F980 		bne	.L230
 1188 00dc 04F14500 		add	r0, r4, #69
 1189 00e0 FFF7FEFF 		bl	ld_word
 1190 00e4 8246     		mov	r10, r0
 1191 00e6 2081     		strh	r0, [r4, #8]	@ movhi
 1192 00e8 10F00F0F 		tst	r0, #15
 1193 00ec 40F0F180 		bne	.L231
 1194 00f0 04F14700 		add	r0, r4, #71
 1195 00f4 FFF7FEFF 		bl	ld_word
ARM GAS  C:\Users\joabk\AppData\Local\Temp\ccqURA6q.s 			page 21


 1196 00f8 8346     		mov	fp, r0
 1197 00fa 20B9     		cbnz	r0, .L211
 1198 00fc 04F15400 		add	r0, r4, #84
 1199 0100 FFF7FEFF 		bl	ld_dword
 1200 0104 8346     		mov	fp, r0
 1201              	.L211:
 1202 0106 04F14200 		add	r0, r4, #66
 1203 010a FFF7FEFF 		bl	ld_word
 1204 010e 0246     		mov	r2, r0
 1205 0110 0028     		cmp	r0, #0
 1206 0112 00F0E080 		beq	.L232
 1207 0116 00EB0803 		add	r3, r0, r8
 1208 011a 03EB1A13 		add	r3, r3, r10, lsr #4
 1209 011e 9B45     		cmp	fp, r3
 1210 0120 C0F0DB80 		bcc	.L233
 1211 0124 ABEB030B 		sub	fp, fp, r3
 1212 0128 BBFBF9F1 		udiv	r1, fp, r9
 1213 012c CB45     		cmp	fp, r9
 1214 012e C0F0D680 		bcc	.L234
 1215 0132 4FF6F570 		movw	r0, #65525
 1216 0136 8142     		cmp	r1, r0
 1217 0138 34D8     		bhi	.L235
 1218 013a 40F6F570 		movw	r0, #4085
 1219 013e 8142     		cmp	r1, r0
 1220 0140 6AD9     		bls	.L236
 1221 0142 4FF0020B 		mov	fp, #2
 1222 0146 2FE0     		b	.L212
 1223              	.L223:
 1224 0148 0020     		movs	r0, #0
 1225              	.L206:
 1226 014a 04AB     		add	r3, sp, #16
 1227 014c 03EB8603 		add	r3, r3, r6, lsl #2
 1228 0150 43F8100C 		str	r0, [r3, #-16]
 1229 0154 0136     		adds	r6, r6, #1
 1230              	.L204:
 1231 0156 032E     		cmp	r6, #3
 1232 0158 0ED8     		bhi	.L242
 1233 015a 04F13400 		add	r0, r4, #52
 1234 015e 3301     		lsls	r3, r6, #4
 1235 0160 03F5DF73 		add	r3, r3, #446
 1236 0164 1844     		add	r0, r0, r3
 1237 0166 0379     		ldrb	r3, [r0, #4]	@ zero_extendqisi2
 1238 0168 002B     		cmp	r3, #0
 1239 016a EDD0     		beq	.L223
 1240 016c 0830     		adds	r0, r0, #8
 1241 016e FFF7FEFF 		bl	ld_dword
 1242 0172 EAE7     		b	.L206
 1243              	.L222:
 1244 0174 0026     		movs	r6, #0
 1245 0176 EEE7     		b	.L204
 1246              	.L242:
 1247 0178 0026     		movs	r6, #0
 1248 017a 0AE0     		b	.L209
 1249              	.L243:
 1250 017c 3946     		mov	r1, r7
 1251 017e 2046     		mov	r0, r4
 1252 0180 FFF7FEFF 		bl	check_fs
ARM GAS  C:\Users\joabk\AppData\Local\Temp\ccqURA6q.s 			page 22


 1253 0184 0128     		cmp	r0, #1
 1254 0186 7FF677AF 		bls	.L205
 1255              	.L208:
 1256 018a 0136     		adds	r6, r6, #1
 1257 018c 032E     		cmp	r6, #3
 1258 018e 3FF673AF 		bhi	.L205
 1259              	.L209:
 1260 0192 04AB     		add	r3, sp, #16
 1261 0194 03EB8603 		add	r3, r3, r6, lsl #2
 1262 0198 53F8107C 		ldr	r7, [r3, #-16]
 1263 019c 002F     		cmp	r7, #0
 1264 019e EDD1     		bne	.L243
 1265 01a0 0320     		movs	r0, #3
 1266 01a2 F2E7     		b	.L208
 1267              	.L235:
 1268 01a4 4FF0030B 		mov	fp, #3
 1269              	.L212:
 1270 01a8 01F10209 		add	r9, r1, #2
 1271 01ac C4F81890 		str	r9, [r4, #24]
 1272 01b0 2762     		str	r7, [r4, #32]
 1273 01b2 3A44     		add	r2, r2, r7
 1274 01b4 6262     		str	r2, [r4, #36]
 1275 01b6 3B44     		add	r3, r3, r7
 1276 01b8 E362     		str	r3, [r4, #44]
 1277 01ba BBF1030F 		cmp	fp, #3
 1278 01be 2ED0     		beq	.L244
 1279 01c0 BAF1000F 		cmp	r10, #0
 1280 01c4 00F09180 		beq	.L239
 1281 01c8 4244     		add	r2, r2, r8
 1282 01ca A262     		str	r2, [r4, #40]
 1283 01cc BBF1020F 		cmp	fp, #2
 1284 01d0 36D0     		beq	.L245
 1285 01d2 09EB4903 		add	r3, r9, r9, lsl #1
 1286 01d6 09F00109 		and	r9, r9, #1
 1287 01da 09EB5309 		add	r9, r9, r3, lsr #1
 1288              	.L214:
 1289 01de 09F2FF19 		addw	r9, r9, #511
 1290 01e2 B6EB592F 		cmp	r6, r9, lsr #9
 1291 01e6 C0F08280 		bcc	.L240
 1292 01ea 4FF0FF33 		mov	r3, #-1
 1293 01ee 6361     		str	r3, [r4, #20]
 1294 01f0 2361     		str	r3, [r4, #16]
 1295 01f2 8023     		movs	r3, #128
 1296 01f4 2371     		strb	r3, [r4, #4]
 1297 01f6 BBF1030F 		cmp	fp, #3
 1298 01fa 24D0     		beq	.L246
 1299              	.L216:
 1300 01fc 84F800B0 		strb	fp, [r4]
 1301 0200 3D4A     		ldr	r2, .L247+4
 1302 0202 1388     		ldrh	r3, [r2]
 1303 0204 0133     		adds	r3, r3, #1
 1304 0206 9BB2     		uxth	r3, r3
 1305 0208 1380     		strh	r3, [r2]	@ movhi
 1306 020a E380     		strh	r3, [r4, #6]	@ movhi
 1307 020c 3B4B     		ldr	r3, .L247+8
 1308 020e E360     		str	r3, [r4, #12]
 1309 0210 2046     		mov	r0, r4
ARM GAS  C:\Users\joabk\AppData\Local\Temp\ccqURA6q.s 			page 23


 1310 0212 FFF7FEFF 		bl	clear_lock
 1311 0216 46E0     		b	.L201
 1312              	.L236:
 1313 0218 4FF0010B 		mov	fp, #1
 1314 021c C4E7     		b	.L212
 1315              	.L244:
 1316 021e 04F15E00 		add	r0, r4, #94
 1317 0222 FFF7FEFF 		bl	ld_word
 1318 0226 0028     		cmp	r0, #0
 1319 0228 5BD1     		bne	.L237
 1320 022a BAF1000F 		cmp	r10, #0
 1321 022e 5AD1     		bne	.L238
 1322 0230 04F16000 		add	r0, r4, #96
 1323 0234 FFF7FEFF 		bl	ld_dword
 1324 0238 A062     		str	r0, [r4, #40]
 1325 023a 4FEA8909 		lsl	r9, r9, #2
 1326 023e CEE7     		b	.L214
 1327              	.L245:
 1328 0240 4FEA4909 		lsl	r9, r9, #1
 1329 0244 CBE7     		b	.L214
 1330              	.L246:
 1331 0246 04F16400 		add	r0, r4, #100
 1332 024a FFF7FEFF 		bl	ld_word
 1333 024e 0128     		cmp	r0, #1
 1334 0250 D4D1     		bne	.L216
 1335 0252 791C     		adds	r1, r7, #1
 1336 0254 2046     		mov	r0, r4
 1337 0256 FFF7FEFF 		bl	move_window
 1338 025a 0028     		cmp	r0, #0
 1339 025c CED1     		bne	.L216
 1340 025e 0023     		movs	r3, #0
 1341 0260 2371     		strb	r3, [r4, #4]
 1342 0262 04F23220 		addw	r0, r4, #562
 1343 0266 FFF7FEFF 		bl	ld_word
 1344 026a 4AF65523 		movw	r3, #43605
 1345 026e 9842     		cmp	r0, r3
 1346 0270 C4D1     		bne	.L216
 1347 0272 04F13400 		add	r0, r4, #52
 1348 0276 FFF7FEFF 		bl	ld_dword
 1349 027a 214B     		ldr	r3, .L247+12
 1350 027c 9842     		cmp	r0, r3
 1351 027e BDD1     		bne	.L216
 1352 0280 04F50670 		add	r0, r4, #536
 1353 0284 FFF7FEFF 		bl	ld_dword
 1354 0288 1E4B     		ldr	r3, .L247+16
 1355 028a 9842     		cmp	r0, r3
 1356 028c B6D1     		bne	.L216
 1357 028e 04F50770 		add	r0, r4, #540
 1358 0292 FFF7FEFF 		bl	ld_dword
 1359 0296 6061     		str	r0, [r4, #20]
 1360 0298 04F50870 		add	r0, r4, #544
 1361 029c FFF7FEFF 		bl	ld_dword
 1362 02a0 2061     		str	r0, [r4, #16]
 1363 02a2 ABE7     		b	.L216
 1364              	.L217:
 1365 02a4 0B25     		movs	r5, #11
 1366              	.L201:
ARM GAS  C:\Users\joabk\AppData\Local\Temp\ccqURA6q.s 			page 24


 1367 02a6 2846     		mov	r0, r5
 1368 02a8 05B0     		add	sp, sp, #20
 1369              		@ sp needed
 1370 02aa BDE8F08F 		pop	{r4, r5, r6, r7, r8, r9, r10, fp, pc}
 1371              	.L218:
 1372 02ae 0C25     		movs	r5, #12
 1373 02b0 F9E7     		b	.L201
 1374              	.L220:
 1375 02b2 0325     		movs	r5, #3
 1376 02b4 F7E7     		b	.L201
 1377              	.L221:
 1378 02b6 0A25     		movs	r5, #10
 1379 02b8 F5E7     		b	.L201
 1380              	.L225:
 1381 02ba 0125     		movs	r5, #1
 1382 02bc F3E7     		b	.L201
 1383              	.L226:
 1384 02be 0D25     		movs	r5, #13
 1385 02c0 F1E7     		b	.L201
 1386              	.L227:
 1387 02c2 0D25     		movs	r5, #13
 1388 02c4 EFE7     		b	.L201
 1389              	.L228:
 1390 02c6 0D25     		movs	r5, #13
 1391 02c8 EDE7     		b	.L201
 1392              	.L229:
 1393 02ca 0D25     		movs	r5, #13
 1394 02cc EBE7     		b	.L201
 1395              	.L230:
 1396 02ce 0D25     		movs	r5, #13
 1397 02d0 E9E7     		b	.L201
 1398              	.L231:
 1399 02d2 0D25     		movs	r5, #13
 1400 02d4 E7E7     		b	.L201
 1401              	.L232:
 1402 02d6 0D25     		movs	r5, #13
 1403 02d8 E5E7     		b	.L201
 1404              	.L233:
 1405 02da 0D25     		movs	r5, #13
 1406 02dc E3E7     		b	.L201
 1407              	.L234:
 1408 02de 0D25     		movs	r5, #13
 1409 02e0 E1E7     		b	.L201
 1410              	.L237:
 1411 02e2 0D25     		movs	r5, #13
 1412 02e4 DFE7     		b	.L201
 1413              	.L238:
 1414 02e6 0D25     		movs	r5, #13
 1415 02e8 DDE7     		b	.L201
 1416              	.L239:
 1417 02ea 0D25     		movs	r5, #13
 1418 02ec DBE7     		b	.L201
 1419              	.L240:
 1420 02ee 0D25     		movs	r5, #13
 1421 02f0 D9E7     		b	.L201
 1422              	.L248:
 1423 02f2 00BF     		.align	2
ARM GAS  C:\Users\joabk\AppData\Local\Temp\ccqURA6q.s 			page 25


 1424              	.L247:
 1425 02f4 00000000 		.word	FatFs
 1426 02f8 00000000 		.word	Fsid
 1427 02fc 00000000 		.word	LfnBuf
 1428 0300 52526141 		.word	1096897106
 1429 0304 72724161 		.word	1631679090
 1431              		.section	.text.put_fat,"ax",%progbits
 1432              		.align	1
 1433              		.syntax unified
 1434              		.thumb
 1435              		.thumb_func
 1437              	put_fat:
 1438              		@ args = 0, pretend = 0, frame = 0
 1439              		@ frame_needed = 0, uses_anonymous_args = 0
 1440 0000 2DE9F047 		push	{r4, r5, r6, r7, r8, r9, r10, lr}
 1441 0004 0129     		cmp	r1, #1
 1442 0006 75D9     		bls	.L257
 1443 0008 0746     		mov	r7, r0
 1444 000a 0C46     		mov	r4, r1
 1445 000c 1646     		mov	r6, r2
 1446 000e 8369     		ldr	r3, [r0, #24]
 1447 0010 8B42     		cmp	r3, r1
 1448 0012 73D9     		bls	.L258
 1449 0014 0378     		ldrb	r3, [r0]	@ zero_extendqisi2
 1450 0016 022B     		cmp	r3, #2
 1451 0018 3ED0     		beq	.L251
 1452 001a 032B     		cmp	r3, #3
 1453 001c 4FD0     		beq	.L252
 1454 001e 012B     		cmp	r3, #1
 1455 0020 6ED1     		bne	.L259
 1456 0022 01EB5108 		add	r8, r1, r1, lsr #1
 1457 0026 416A     		ldr	r1, [r0, #36]
 1458 0028 01EB5821 		add	r1, r1, r8, lsr #9
 1459 002c FFF7FEFF 		bl	move_window
 1460 0030 0546     		mov	r5, r0
 1461 0032 0028     		cmp	r0, #0
 1462 0034 5FD1     		bne	.L250
 1463 0036 07F1340A 		add	r10, r7, #52
 1464 003a 08F10109 		add	r9, r8, #1
 1465 003e C8F30808 		ubfx	r8, r8, #0, #9
 1466 0042 14F00104 		ands	r4, r4, #1
 1467 0046 1DD0     		beq	.L253
 1468 0048 1AF80830 		ldrb	r3, [r10, r8]	@ zero_extendqisi2
 1469 004c 03F00F03 		and	r3, r3, #15
 1470 0050 43EA0613 		orr	r3, r3, r6, lsl #4
 1471 0054 DBB2     		uxtb	r3, r3
 1472              	.L254:
 1473 0056 0AF80830 		strb	r3, [r10, r8]
 1474 005a 0123     		movs	r3, #1
 1475 005c FB70     		strb	r3, [r7, #3]
 1476 005e 796A     		ldr	r1, [r7, #36]
 1477 0060 01EB5921 		add	r1, r1, r9, lsr #9
 1478 0064 3846     		mov	r0, r7
 1479 0066 FFF7FEFF 		bl	move_window
 1480 006a 0546     		mov	r5, r0
 1481 006c 0028     		cmp	r0, #0
 1482 006e 42D1     		bne	.L250
ARM GAS  C:\Users\joabk\AppData\Local\Temp\ccqURA6q.s 			page 26


 1483 0070 C9F30809 		ubfx	r9, r9, #0, #9
 1484 0074 44B1     		cbz	r4, .L255
 1485 0076 C6F30713 		ubfx	r3, r6, #4, #8
 1486              	.L256:
 1487 007a 0AF80930 		strb	r3, [r10, r9]
 1488 007e 0123     		movs	r3, #1
 1489 0080 FB70     		strb	r3, [r7, #3]
 1490 0082 38E0     		b	.L250
 1491              	.L253:
 1492 0084 F3B2     		uxtb	r3, r6
 1493 0086 E6E7     		b	.L254
 1494              	.L255:
 1495 0088 1AF80930 		ldrb	r3, [r10, r9]	@ zero_extendqisi2
 1496 008c C6F30322 		ubfx	r2, r6, #8, #4
 1497 0090 23F00F03 		bic	r3, r3, #15
 1498 0094 1343     		orrs	r3, r3, r2
 1499 0096 F0E7     		b	.L256
 1500              	.L251:
 1501 0098 416A     		ldr	r1, [r0, #36]
 1502 009a 01EB1421 		add	r1, r1, r4, lsr #8
 1503 009e FFF7FEFF 		bl	move_window
 1504 00a2 0546     		mov	r5, r0
 1505 00a4 38BB     		cbnz	r0, .L250
 1506 00a6 07F13400 		add	r0, r7, #52
 1507 00aa 6400     		lsls	r4, r4, #1
 1508 00ac 04F4FF74 		and	r4, r4, #510
 1509 00b0 B1B2     		uxth	r1, r6
 1510 00b2 2044     		add	r0, r0, r4
 1511 00b4 FFF7FEFF 		bl	st_word
 1512 00b8 0123     		movs	r3, #1
 1513 00ba FB70     		strb	r3, [r7, #3]
 1514 00bc 1BE0     		b	.L250
 1515              	.L252:
 1516 00be 416A     		ldr	r1, [r0, #36]
 1517 00c0 01EBD411 		add	r1, r1, r4, lsr #7
 1518 00c4 FFF7FEFF 		bl	move_window
 1519 00c8 0546     		mov	r5, r0
 1520 00ca A0B9     		cbnz	r0, .L250
 1521 00cc 26F07046 		bic	r6, r6, #-268435456
 1522 00d0 07F13403 		add	r3, r7, #52
 1523 00d4 A400     		lsls	r4, r4, #2
 1524 00d6 04F4FE74 		and	r4, r4, #508
 1525 00da 1C44     		add	r4, r4, r3
 1526 00dc 2046     		mov	r0, r4
 1527 00de FFF7FEFF 		bl	ld_dword
 1528 00e2 00F07041 		and	r1, r0, #-268435456
 1529 00e6 3143     		orrs	r1, r1, r6
 1530 00e8 2046     		mov	r0, r4
 1531 00ea FFF7FEFF 		bl	st_dword
 1532 00ee 0123     		movs	r3, #1
 1533 00f0 FB70     		strb	r3, [r7, #3]
 1534 00f2 00E0     		b	.L250
 1535              	.L257:
 1536 00f4 0225     		movs	r5, #2
 1537              	.L250:
 1538 00f6 2846     		mov	r0, r5
 1539 00f8 BDE8F087 		pop	{r4, r5, r6, r7, r8, r9, r10, pc}
ARM GAS  C:\Users\joabk\AppData\Local\Temp\ccqURA6q.s 			page 27


 1540              	.L258:
 1541 00fc 0225     		movs	r5, #2
 1542 00fe FAE7     		b	.L250
 1543              	.L259:
 1544 0100 0225     		movs	r5, #2
 1545 0102 F8E7     		b	.L250
 1547              		.section	.text.get_fat,"ax",%progbits
 1548              		.align	1
 1549              		.syntax unified
 1550              		.thumb
 1551              		.thumb_func
 1553              	get_fat:
 1554              		@ args = 0, pretend = 0, frame = 0
 1555              		@ frame_needed = 0, uses_anonymous_args = 0
 1556 0000 F8B5     		push	{r3, r4, r5, r6, r7, lr}
 1557 0002 0568     		ldr	r5, [r0]
 1558 0004 0129     		cmp	r1, #1
 1559 0006 54D9     		bls	.L266
 1560 0008 0C46     		mov	r4, r1
 1561 000a AB69     		ldr	r3, [r5, #24]
 1562 000c 8B42     		cmp	r3, r1
 1563 000e 52D9     		bls	.L267
 1564 0010 2B78     		ldrb	r3, [r5]	@ zero_extendqisi2
 1565 0012 022B     		cmp	r3, #2
 1566 0014 2BD0     		beq	.L263
 1567 0016 032B     		cmp	r3, #3
 1568 0018 39D0     		beq	.L264
 1569 001a 012B     		cmp	r3, #1
 1570 001c 4DD1     		bne	.L268
 1571 001e 01EB5106 		add	r6, r1, r1, lsr #1
 1572 0022 696A     		ldr	r1, [r5, #36]
 1573 0024 01EB5621 		add	r1, r1, r6, lsr #9
 1574 0028 2846     		mov	r0, r5
 1575 002a FFF7FEFF 		bl	move_window
 1576 002e 10B1     		cbz	r0, .L274
 1577 0030 4FF0FF30 		mov	r0, #-1
 1578 0034 3EE0     		b	.L261
 1579              	.L274:
 1580 0036 771C     		adds	r7, r6, #1
 1581 0038 C6F30806 		ubfx	r6, r6, #0, #9
 1582 003c 2E44     		add	r6, r6, r5
 1583 003e 96F83460 		ldrb	r6, [r6, #52]	@ zero_extendqisi2
 1584 0042 696A     		ldr	r1, [r5, #36]
 1585 0044 01EB5721 		add	r1, r1, r7, lsr #9
 1586 0048 2846     		mov	r0, r5
 1587 004a FFF7FEFF 		bl	move_window
 1588 004e B0BB     		cbnz	r0, .L270
 1589 0050 C7F30807 		ubfx	r7, r7, #0, #9
 1590 0054 2F44     		add	r7, r7, r5
 1591 0056 97F83430 		ldrb	r3, [r7, #52]	@ zero_extendqisi2
 1592 005a 46EA0320 		orr	r0, r6, r3, lsl #8
 1593 005e 14F0010F 		tst	r4, #1
 1594 0062 01D0     		beq	.L265
 1595 0064 0009     		lsrs	r0, r0, #4
 1596 0066 25E0     		b	.L261
 1597              	.L265:
 1598 0068 C0F30B00 		ubfx	r0, r0, #0, #12
ARM GAS  C:\Users\joabk\AppData\Local\Temp\ccqURA6q.s 			page 28


 1599 006c 22E0     		b	.L261
 1600              	.L263:
 1601 006e 696A     		ldr	r1, [r5, #36]
 1602 0070 01EB1421 		add	r1, r1, r4, lsr #8
 1603 0074 2846     		mov	r0, r5
 1604 0076 FFF7FEFF 		bl	move_window
 1605 007a 18BB     		cbnz	r0, .L271
 1606 007c 05F13400 		add	r0, r5, #52
 1607 0080 6400     		lsls	r4, r4, #1
 1608 0082 04F4FF74 		and	r4, r4, #510
 1609 0086 2044     		add	r0, r0, r4
 1610 0088 FFF7FEFF 		bl	ld_word
 1611 008c 12E0     		b	.L261
 1612              	.L264:
 1613 008e 696A     		ldr	r1, [r5, #36]
 1614 0090 01EBD411 		add	r1, r1, r4, lsr #7
 1615 0094 2846     		mov	r0, r5
 1616 0096 FFF7FEFF 		bl	move_window
 1617 009a B0B9     		cbnz	r0, .L272
 1618 009c 05F13400 		add	r0, r5, #52
 1619 00a0 A400     		lsls	r4, r4, #2
 1620 00a2 04F4FE74 		and	r4, r4, #508
 1621 00a6 2044     		add	r0, r0, r4
 1622 00a8 FFF7FEFF 		bl	ld_dword
 1623 00ac 20F07040 		bic	r0, r0, #-268435456
 1624 00b0 00E0     		b	.L261
 1625              	.L266:
 1626 00b2 0120     		movs	r0, #1
 1627              	.L261:
 1628 00b4 F8BD     		pop	{r3, r4, r5, r6, r7, pc}
 1629              	.L267:
 1630 00b6 0120     		movs	r0, #1
 1631 00b8 FCE7     		b	.L261
 1632              	.L268:
 1633 00ba 0120     		movs	r0, #1
 1634 00bc FAE7     		b	.L261
 1635              	.L270:
 1636 00be 4FF0FF30 		mov	r0, #-1
 1637 00c2 F7E7     		b	.L261
 1638              	.L271:
 1639 00c4 4FF0FF30 		mov	r0, #-1
 1640 00c8 F4E7     		b	.L261
 1641              	.L272:
 1642 00ca 4FF0FF30 		mov	r0, #-1
 1643 00ce F1E7     		b	.L261
 1645              		.section	.text.dir_sdi,"ax",%progbits
 1646              		.align	1
 1647              		.syntax unified
 1648              		.thumb
 1649              		.thumb_func
 1651              	dir_sdi:
 1652              		@ args = 0, pretend = 0, frame = 0
 1653              		@ frame_needed = 0, uses_anonymous_args = 0
 1654 0000 2DE9F041 		push	{r4, r5, r6, r7, r8, lr}
 1655 0004 D0F80080 		ldr	r8, [r0]
 1656 0008 B1F5001F 		cmp	r1, #2097152
 1657 000c 3FD2     		bcs	.L282
ARM GAS  C:\Users\joabk\AppData\Local\Temp\ccqURA6q.s 			page 29


 1658 000e 0746     		mov	r7, r0
 1659 0010 0E46     		mov	r6, r1
 1660 0012 11F01F0F 		tst	r1, #31
 1661 0016 3DD1     		bne	.L283
 1662 0018 4161     		str	r1, [r0, #20]
 1663 001a 8468     		ldr	r4, [r0, #8]
 1664 001c E4B9     		cbnz	r4, .L277
 1665 001e 98F80030 		ldrb	r3, [r8]	@ zero_extendqisi2
 1666 0022 022B     		cmp	r3, #2
 1667 0024 01D9     		bls	.L278
 1668 0026 D8F82840 		ldr	r4, [r8, #40]
 1669              	.L278:
 1670 002a ACB9     		cbnz	r4, .L277
 1671 002c B8F80830 		ldrh	r3, [r8, #8]
 1672 0030 B3EB561F 		cmp	r3, r6, lsr #5
 1673 0034 30D9     		bls	.L284
 1674 0036 D8F82830 		ldr	r3, [r8, #40]
 1675 003a FB61     		str	r3, [r7, #28]
 1676              	.L279:
 1677 003c BC61     		str	r4, [r7, #24]
 1678 003e FB69     		ldr	r3, [r7, #28]
 1679 0040 93B3     		cbz	r3, .L288
 1680 0042 03EB5623 		add	r3, r3, r6, lsr #9
 1681 0046 FB61     		str	r3, [r7, #28]
 1682 0048 08F13408 		add	r8, r8, #52
 1683 004c C6F30801 		ubfx	r1, r6, #0, #9
 1684 0050 4144     		add	r1, r1, r8
 1685 0052 3962     		str	r1, [r7, #32]
 1686 0054 0020     		movs	r0, #0
 1687 0056 1BE0     		b	.L276
 1688              	.L277:
 1689 0058 B8F80A50 		ldrh	r5, [r8, #10]
 1690 005c 6D02     		lsls	r5, r5, #9
 1691              	.L280:
 1692 005e AE42     		cmp	r6, r5
 1693 0060 0FD3     		bcc	.L290
 1694 0062 2146     		mov	r1, r4
 1695 0064 3846     		mov	r0, r7
 1696 0066 FFF7FEFF 		bl	get_fat
 1697 006a 0446     		mov	r4, r0
 1698 006c B0F1FF3F 		cmp	r0, #-1
 1699 0070 14D0     		beq	.L285
 1700 0072 0128     		cmp	r0, #1
 1701 0074 14D9     		bls	.L286
 1702 0076 D8F81830 		ldr	r3, [r8, #24]
 1703 007a 8342     		cmp	r3, r0
 1704 007c 12D9     		bls	.L287
 1705 007e 761B     		subs	r6, r6, r5
 1706 0080 EDE7     		b	.L280
 1707              	.L290:
 1708 0082 2146     		mov	r1, r4
 1709 0084 4046     		mov	r0, r8
 1710 0086 FFF7FEFF 		bl	clust2sect
 1711 008a F861     		str	r0, [r7, #28]
 1712 008c D6E7     		b	.L279
 1713              	.L282:
 1714 008e 0220     		movs	r0, #2
ARM GAS  C:\Users\joabk\AppData\Local\Temp\ccqURA6q.s 			page 30


 1715              	.L276:
 1716 0090 BDE8F081 		pop	{r4, r5, r6, r7, r8, pc}
 1717              	.L283:
 1718 0094 0220     		movs	r0, #2
 1719 0096 FBE7     		b	.L276
 1720              	.L284:
 1721 0098 0220     		movs	r0, #2
 1722 009a F9E7     		b	.L276
 1723              	.L285:
 1724 009c 0120     		movs	r0, #1
 1725 009e F7E7     		b	.L276
 1726              	.L286:
 1727 00a0 0220     		movs	r0, #2
 1728 00a2 F5E7     		b	.L276
 1729              	.L287:
 1730 00a4 0220     		movs	r0, #2
 1731 00a6 F3E7     		b	.L276
 1732              	.L288:
 1733 00a8 0220     		movs	r0, #2
 1734 00aa F1E7     		b	.L276
 1736              		.section	.text.create_chain,"ax",%progbits
 1737              		.align	1
 1738              		.syntax unified
 1739              		.thumb
 1740              		.thumb_func
 1742              	create_chain:
 1743              		@ args = 0, pretend = 0, frame = 0
 1744              		@ frame_needed = 0, uses_anonymous_args = 0
 1745 0000 2DE9F041 		push	{r4, r5, r6, r7, r8, lr}
 1746 0004 0546     		mov	r5, r0
 1747 0006 0668     		ldr	r6, [r0]
 1748 0008 0F46     		mov	r7, r1
 1749 000a 51B9     		cbnz	r1, .L292
 1750 000c D6F81080 		ldr	r8, [r6, #16]
 1751 0010 B8F1000F 		cmp	r8, #0
 1752 0014 12D0     		beq	.L301
 1753 0016 B369     		ldr	r3, [r6, #24]
 1754 0018 4345     		cmp	r3, r8
 1755 001a 11D8     		bhi	.L293
 1756 001c 4FF00108 		mov	r8, #1
 1757 0020 0EE0     		b	.L293
 1758              	.L292:
 1759 0022 FFF7FEFF 		bl	get_fat
 1760 0026 0346     		mov	r3, r0
 1761 0028 0128     		cmp	r0, #1
 1762 002a 47D9     		bls	.L303
 1763 002c B0F1FF3F 		cmp	r0, #-1
 1764 0030 49D0     		beq	.L291
 1765 0032 B269     		ldr	r2, [r6, #24]
 1766 0034 8242     		cmp	r2, r0
 1767 0036 46D8     		bhi	.L291
 1768 0038 B846     		mov	r8, r7
 1769 003a 01E0     		b	.L293
 1770              	.L301:
 1771 003c 4FF00108 		mov	r8, #1
 1772              	.L293:
 1773 0040 4446     		mov	r4, r8
ARM GAS  C:\Users\joabk\AppData\Local\Temp\ccqURA6q.s 			page 31


 1774 0042 0CE0     		b	.L297
 1775              	.L295:
 1776 0044 2146     		mov	r1, r4
 1777 0046 2846     		mov	r0, r5
 1778 0048 FFF7FEFF 		bl	get_fat
 1779 004c 0346     		mov	r3, r0
 1780 004e 78B1     		cbz	r0, .L296
 1781 0050 0128     		cmp	r0, #1
 1782 0052 38D0     		beq	.L291
 1783 0054 B0F1FF3F 		cmp	r0, #-1
 1784 0058 35D0     		beq	.L291
 1785 005a 4445     		cmp	r4, r8
 1786 005c 32D0     		beq	.L308
 1787              	.L297:
 1788 005e 0134     		adds	r4, r4, #1
 1789 0060 B369     		ldr	r3, [r6, #24]
 1790 0062 A342     		cmp	r3, r4
 1791 0064 EED8     		bhi	.L295
 1792 0066 B8F1010F 		cmp	r8, #1
 1793 006a 29D9     		bls	.L304
 1794 006c 0224     		movs	r4, #2
 1795 006e E9E7     		b	.L295
 1796              	.L296:
 1797 0070 4FF0FF32 		mov	r2, #-1
 1798 0074 2146     		mov	r1, r4
 1799 0076 3046     		mov	r0, r6
 1800 0078 FFF7FEFF 		bl	put_fat
 1801 007c 0346     		mov	r3, r0
 1802 007e B0B9     		cbnz	r0, .L298
 1803 0080 77B9     		cbnz	r7, .L309
 1804              	.L299:
 1805 0082 A3B9     		cbnz	r3, .L298
 1806 0084 3461     		str	r4, [r6, #16]
 1807 0086 7269     		ldr	r2, [r6, #20]
 1808 0088 B369     		ldr	r3, [r6, #24]
 1809 008a 023B     		subs	r3, r3, #2
 1810 008c 9A42     		cmp	r2, r3
 1811 008e 01D8     		bhi	.L300
 1812 0090 013A     		subs	r2, r2, #1
 1813 0092 7261     		str	r2, [r6, #20]
 1814              	.L300:
 1815 0094 3379     		ldrb	r3, [r6, #4]	@ zero_extendqisi2
 1816 0096 43F00103 		orr	r3, r3, #1
 1817 009a 3371     		strb	r3, [r6, #4]
 1818 009c 2346     		mov	r3, r4
 1819 009e 12E0     		b	.L291
 1820              	.L309:
 1821 00a0 2246     		mov	r2, r4
 1822 00a2 3946     		mov	r1, r7
 1823 00a4 3046     		mov	r0, r6
 1824 00a6 FFF7FEFF 		bl	put_fat
 1825 00aa 0346     		mov	r3, r0
 1826 00ac E9E7     		b	.L299
 1827              	.L298:
 1828 00ae 012B     		cmp	r3, #1
 1829 00b0 01D0     		beq	.L310
 1830 00b2 0123     		movs	r3, #1
ARM GAS  C:\Users\joabk\AppData\Local\Temp\ccqURA6q.s 			page 32


 1831 00b4 07E0     		b	.L291
 1832              	.L310:
 1833 00b6 4FF0FF33 		mov	r3, #-1
 1834 00ba 04E0     		b	.L291
 1835              	.L303:
 1836 00bc 0123     		movs	r3, #1
 1837 00be 02E0     		b	.L291
 1838              	.L304:
 1839 00c0 0023     		movs	r3, #0
 1840 00c2 00E0     		b	.L291
 1841              	.L308:
 1842 00c4 0023     		movs	r3, #0
 1843              	.L291:
 1844 00c6 1846     		mov	r0, r3
 1845 00c8 BDE8F081 		pop	{r4, r5, r6, r7, r8, pc}
 1847              		.section	.text.remove_chain,"ax",%progbits
 1848              		.align	1
 1849              		.syntax unified
 1850              		.thumb
 1851              		.thumb_func
 1853              	remove_chain:
 1854              		@ args = 0, pretend = 0, frame = 0
 1855              		@ frame_needed = 0, uses_anonymous_args = 0
 1856 0000 F8B5     		push	{r3, r4, r5, r6, r7, lr}
 1857 0002 0C46     		mov	r4, r1
 1858 0004 0568     		ldr	r5, [r0]
 1859 0006 0129     		cmp	r1, #1
 1860 0008 2ED9     		bls	.L316
 1861 000a 0646     		mov	r6, r0
 1862 000c 1146     		mov	r1, r2
 1863 000e AB69     		ldr	r3, [r5, #24]
 1864 0010 A342     		cmp	r3, r4
 1865 0012 2BD9     		bls	.L317
 1866 0014 4AB1     		cbz	r2, .L315
 1867 0016 4FF0FF32 		mov	r2, #-1
 1868 001a 2846     		mov	r0, r5
 1869 001c FFF7FEFF 		bl	put_fat
 1870 0020 0746     		mov	r7, r0
 1871 0022 10B1     		cbz	r0, .L315
 1872 0024 23E0     		b	.L312
 1873              	.L314:
 1874 0026 A242     		cmp	r2, r4
 1875 0028 21D9     		bls	.L312
 1876              	.L315:
 1877 002a 2746     		mov	r7, r4
 1878 002c 2146     		mov	r1, r4
 1879 002e 3046     		mov	r0, r6
 1880 0030 FFF7FEFF 		bl	get_fat
 1881 0034 0446     		mov	r4, r0
 1882 0036 E0B1     		cbz	r0, .L318
 1883 0038 0128     		cmp	r0, #1
 1884 003a 1CD0     		beq	.L319
 1885 003c B0F1FF3F 		cmp	r0, #-1
 1886 0040 1BD0     		beq	.L320
 1887 0042 0022     		movs	r2, #0
 1888 0044 3946     		mov	r1, r7
 1889 0046 2846     		mov	r0, r5
ARM GAS  C:\Users\joabk\AppData\Local\Temp\ccqURA6q.s 			page 33


 1890 0048 FFF7FEFF 		bl	put_fat
 1891 004c 0746     		mov	r7, r0
 1892 004e 70B9     		cbnz	r0, .L312
 1893 0050 6B69     		ldr	r3, [r5, #20]
 1894 0052 AA69     		ldr	r2, [r5, #24]
 1895 0054 911E     		subs	r1, r2, #2
 1896 0056 8B42     		cmp	r3, r1
 1897 0058 E5D2     		bcs	.L314
 1898 005a 0133     		adds	r3, r3, #1
 1899 005c 6B61     		str	r3, [r5, #20]
 1900 005e 2B79     		ldrb	r3, [r5, #4]	@ zero_extendqisi2
 1901 0060 43F00103 		orr	r3, r3, #1
 1902 0064 2B71     		strb	r3, [r5, #4]
 1903 0066 DEE7     		b	.L314
 1904              	.L316:
 1905 0068 0227     		movs	r7, #2
 1906 006a 00E0     		b	.L312
 1907              	.L317:
 1908 006c 0227     		movs	r7, #2
 1909              	.L312:
 1910 006e 3846     		mov	r0, r7
 1911 0070 F8BD     		pop	{r3, r4, r5, r6, r7, pc}
 1912              	.L318:
 1913 0072 0027     		movs	r7, #0
 1914 0074 FBE7     		b	.L312
 1915              	.L319:
 1916 0076 0227     		movs	r7, #2
 1917 0078 F9E7     		b	.L312
 1918              	.L320:
 1919 007a 0127     		movs	r7, #1
 1920 007c F7E7     		b	.L312
 1922              		.section	.text.dir_next,"ax",%progbits
 1923              		.align	1
 1924              		.syntax unified
 1925              		.thumb
 1926              		.thumb_func
 1928              	dir_next:
 1929              		@ args = 0, pretend = 0, frame = 0
 1930              		@ frame_needed = 0, uses_anonymous_args = 0
 1931 0000 2DE9F047 		push	{r4, r5, r6, r7, r8, r9, r10, lr}
 1932 0004 0668     		ldr	r6, [r0]
 1933 0006 4569     		ldr	r5, [r0, #20]
 1934 0008 C369     		ldr	r3, [r0, #28]
 1935 000a 002B     		cmp	r3, #0
 1936 000c 6CD0     		beq	.L330
 1937 000e 0446     		mov	r4, r0
 1938 0010 8846     		mov	r8, r1
 1939 0012 2035     		adds	r5, r5, #32
 1940 0014 B5F5001F 		cmp	r5, #2097152
 1941 0018 68D2     		bcs	.L331
 1942 001a C5F30807 		ubfx	r7, r5, #0, #9
 1943 001e 3FB9     		cbnz	r7, .L324
 1944 0020 0133     		adds	r3, r3, #1
 1945 0022 C361     		str	r3, [r0, #28]
 1946 0024 8169     		ldr	r1, [r0, #24]
 1947 0026 79B9     		cbnz	r1, .L325
 1948 0028 3389     		ldrh	r3, [r6, #8]
ARM GAS  C:\Users\joabk\AppData\Local\Temp\ccqURA6q.s 			page 34


 1949 002a B3EB551F 		cmp	r3, r5, lsr #5
 1950 002e 07D9     		bls	.L340
 1951              	.L324:
 1952 0030 6561     		str	r5, [r4, #20]
 1953 0032 06F13403 		add	r3, r6, #52
 1954 0036 3B44     		add	r3, r3, r7
 1955 0038 2362     		str	r3, [r4, #32]
 1956 003a 0020     		movs	r0, #0
 1957              	.L323:
 1958 003c BDE8F087 		pop	{r4, r5, r6, r7, r8, r9, r10, pc}
 1959              	.L340:
 1960 0040 0023     		movs	r3, #0
 1961 0042 C361     		str	r3, [r0, #28]
 1962 0044 0420     		movs	r0, #4
 1963 0046 F9E7     		b	.L323
 1964              	.L325:
 1965 0048 7389     		ldrh	r3, [r6, #10]
 1966 004a 013B     		subs	r3, r3, #1
 1967 004c 13EA5529 		ands	r9, r3, r5, lsr #9
 1968 0050 EED1     		bne	.L324
 1969 0052 FFF7FEFF 		bl	get_fat
 1970 0056 8246     		mov	r10, r0
 1971 0058 0128     		cmp	r0, #1
 1972 005a 49D9     		bls	.L332
 1973 005c B0F1FF3F 		cmp	r0, #-1
 1974 0060 48D0     		beq	.L333
 1975 0062 B369     		ldr	r3, [r6, #24]
 1976 0064 8342     		cmp	r3, r0
 1977 0066 37D8     		bhi	.L326
 1978 0068 B8F1000F 		cmp	r8, #0
 1979 006c 11D0     		beq	.L341
 1980 006e A169     		ldr	r1, [r4, #24]
 1981 0070 2046     		mov	r0, r4
 1982 0072 FFF7FEFF 		bl	create_chain
 1983 0076 8246     		mov	r10, r0
 1984 0078 0028     		cmp	r0, #0
 1985 007a 3DD0     		beq	.L334
 1986 007c 0128     		cmp	r0, #1
 1987 007e 3DD0     		beq	.L335
 1988 0080 B0F1FF3F 		cmp	r0, #-1
 1989 0084 3CD0     		beq	.L336
 1990 0086 3046     		mov	r0, r6
 1991 0088 FFF7FEFF 		bl	sync_window
 1992 008c 28B1     		cbz	r0, .L342
 1993 008e 0120     		movs	r0, #1
 1994 0090 D4E7     		b	.L323
 1995              	.L341:
 1996 0092 0023     		movs	r3, #0
 1997 0094 E361     		str	r3, [r4, #28]
 1998 0096 0420     		movs	r0, #4
 1999 0098 D0E7     		b	.L323
 2000              	.L342:
 2001 009a 4FF40072 		mov	r2, #512
 2002 009e 0021     		movs	r1, #0
 2003 00a0 06F13400 		add	r0, r6, #52
 2004 00a4 FFF7FEFF 		bl	mem_set
 2005 00a8 5146     		mov	r1, r10
ARM GAS  C:\Users\joabk\AppData\Local\Temp\ccqURA6q.s 			page 35


 2006 00aa 3046     		mov	r0, r6
 2007 00ac FFF7FEFF 		bl	clust2sect
 2008 00b0 3063     		str	r0, [r6, #48]
 2009              	.L328:
 2010 00b2 7389     		ldrh	r3, [r6, #10]
 2011 00b4 9945     		cmp	r9, r3
 2012 00b6 0BD2     		bcs	.L343
 2013 00b8 0123     		movs	r3, #1
 2014 00ba F370     		strb	r3, [r6, #3]
 2015 00bc 3046     		mov	r0, r6
 2016 00be FFF7FEFF 		bl	sync_window
 2017 00c2 F8B9     		cbnz	r0, .L338
 2018 00c4 09F10109 		add	r9, r9, #1
 2019 00c8 336B     		ldr	r3, [r6, #48]
 2020 00ca 0133     		adds	r3, r3, #1
 2021 00cc 3363     		str	r3, [r6, #48]
 2022 00ce F0E7     		b	.L328
 2023              	.L343:
 2024 00d0 336B     		ldr	r3, [r6, #48]
 2025 00d2 A3EB0903 		sub	r3, r3, r9
 2026 00d6 3363     		str	r3, [r6, #48]
 2027              	.L326:
 2028 00d8 C4F818A0 		str	r10, [r4, #24]
 2029 00dc 5146     		mov	r1, r10
 2030 00de 3046     		mov	r0, r6
 2031 00e0 FFF7FEFF 		bl	clust2sect
 2032 00e4 E061     		str	r0, [r4, #28]
 2033 00e6 A3E7     		b	.L324
 2034              	.L330:
 2035 00e8 0420     		movs	r0, #4
 2036 00ea A7E7     		b	.L323
 2037              	.L331:
 2038 00ec 0420     		movs	r0, #4
 2039 00ee A5E7     		b	.L323
 2040              	.L332:
 2041 00f0 0220     		movs	r0, #2
 2042 00f2 A3E7     		b	.L323
 2043              	.L333:
 2044 00f4 0120     		movs	r0, #1
 2045 00f6 A1E7     		b	.L323
 2046              	.L334:
 2047 00f8 0720     		movs	r0, #7
 2048 00fa 9FE7     		b	.L323
 2049              	.L335:
 2050 00fc 0220     		movs	r0, #2
 2051 00fe 9DE7     		b	.L323
 2052              	.L336:
 2053 0100 0120     		movs	r0, #1
 2054 0102 9BE7     		b	.L323
 2055              	.L338:
 2056 0104 0120     		movs	r0, #1
 2057 0106 99E7     		b	.L323
 2059              		.section	.text.dir_alloc,"ax",%progbits
 2060              		.align	1
 2061              		.syntax unified
 2062              		.thumb
 2063              		.thumb_func
ARM GAS  C:\Users\joabk\AppData\Local\Temp\ccqURA6q.s 			page 36


 2065              	dir_alloc:
 2066              		@ args = 0, pretend = 0, frame = 0
 2067              		@ frame_needed = 0, uses_anonymous_args = 0
 2068 0000 F8B5     		push	{r3, r4, r5, r6, r7, lr}
 2069 0002 0446     		mov	r4, r0
 2070 0004 0E46     		mov	r6, r1
 2071 0006 0768     		ldr	r7, [r0]
 2072 0008 0021     		movs	r1, #0
 2073 000a FFF7FEFF 		bl	dir_sdi
 2074 000e 0246     		mov	r2, r0
 2075 0010 C0B9     		cbnz	r0, .L345
 2076 0012 0025     		movs	r5, #0
 2077 0014 08E0     		b	.L348
 2078              	.L346:
 2079 0016 0135     		adds	r5, r5, #1
 2080 0018 B542     		cmp	r5, r6
 2081 001a 13D0     		beq	.L345
 2082              	.L347:
 2083 001c 0121     		movs	r1, #1
 2084 001e 2046     		mov	r0, r4
 2085 0020 FFF7FEFF 		bl	dir_next
 2086 0024 0246     		mov	r2, r0
 2087 0026 68B9     		cbnz	r0, .L345
 2088              	.L348:
 2089 0028 E169     		ldr	r1, [r4, #28]
 2090 002a 3846     		mov	r0, r7
 2091 002c FFF7FEFF 		bl	move_window
 2092 0030 0246     		mov	r2, r0
 2093 0032 38B9     		cbnz	r0, .L345
 2094 0034 236A     		ldr	r3, [r4, #32]
 2095 0036 1B78     		ldrb	r3, [r3]	@ zero_extendqisi2
 2096 0038 E52B     		cmp	r3, #229
 2097 003a ECD0     		beq	.L346
 2098 003c 002B     		cmp	r3, #0
 2099 003e EAD0     		beq	.L346
 2100 0040 0025     		movs	r5, #0
 2101 0042 EBE7     		b	.L347
 2102              	.L345:
 2103 0044 042A     		cmp	r2, #4
 2104 0046 01D0     		beq	.L353
 2105              	.L349:
 2106 0048 1046     		mov	r0, r2
 2107 004a F8BD     		pop	{r3, r4, r5, r6, r7, pc}
 2108              	.L353:
 2109 004c 0722     		movs	r2, #7
 2110 004e FBE7     		b	.L349
 2112              		.section	.text.dir_read,"ax",%progbits
 2113              		.align	1
 2114              		.syntax unified
 2115              		.thumb
 2116              		.thumb_func
 2118              	dir_read:
 2119              		@ args = 0, pretend = 0, frame = 0
 2120              		@ frame_needed = 0, uses_anonymous_args = 0
 2121 0000 2DE9F843 		push	{r3, r4, r5, r6, r7, r8, r9, lr}
 2122 0004 0446     		mov	r4, r0
 2123 0006 8846     		mov	r8, r1
ARM GAS  C:\Users\joabk\AppData\Local\Temp\ccqURA6q.s 			page 37


 2124 0008 0768     		ldr	r7, [r0]
 2125 000a 4FF0FF09 		mov	r9, #255
 2126 000e 4E46     		mov	r6, r9
 2127 0010 0425     		movs	r5, #4
 2128 0012 2EE0     		b	.L355
 2129              	.L373:
 2130 0014 0F2B     		cmp	r3, #15
 2131 0016 19D1     		bne	.L358
 2132 0018 12F0400F 		tst	r2, #64
 2133 001c 06D0     		beq	.L359
 2134 001e 91F80D90 		ldrb	r9, [r1, #13]	@ zero_extendqisi2
 2135 0022 02F0BF02 		and	r2, r2, #191
 2136 0026 6369     		ldr	r3, [r4, #20]
 2137 0028 2363     		str	r3, [r4, #48]
 2138 002a 1646     		mov	r6, r2
 2139              	.L359:
 2140 002c B242     		cmp	r2, r6
 2141 002e 01D0     		beq	.L371
 2142 0030 FF26     		movs	r6, #255
 2143 0032 18E0     		b	.L357
 2144              	.L371:
 2145 0034 4B7B     		ldrb	r3, [r1, #13]	@ zero_extendqisi2
 2146 0036 4B45     		cmp	r3, r9
 2147 0038 01D0     		beq	.L372
 2148 003a FF26     		movs	r6, #255
 2149 003c 13E0     		b	.L357
 2150              	.L372:
 2151 003e F868     		ldr	r0, [r7, #12]
 2152 0040 FFF7FEFF 		bl	pick_lfn
 2153 0044 88B3     		cbz	r0, .L369
 2154 0046 013E     		subs	r6, r6, #1
 2155 0048 F6B2     		uxtb	r6, r6
 2156 004a 0CE0     		b	.L357
 2157              	.L358:
 2158 004c 26B9     		cbnz	r6, .L360
 2159 004e 0846     		mov	r0, r1
 2160 0050 FFF7FEFF 		bl	sum_sfn
 2161 0054 4845     		cmp	r0, r9
 2162 0056 2BD0     		beq	.L356
 2163              	.L360:
 2164 0058 4FF0FF33 		mov	r3, #-1
 2165 005c 2363     		str	r3, [r4, #48]
 2166 005e 27E0     		b	.L356
 2167              	.L364:
 2168 0060 FF26     		movs	r6, #255
 2169 0062 00E0     		b	.L357
 2170              	.L365:
 2171 0064 FF26     		movs	r6, #255
 2172              	.L357:
 2173 0066 0021     		movs	r1, #0
 2174 0068 2046     		mov	r0, r4
 2175 006a FFF7FEFF 		bl	dir_next
 2176 006e 0546     		mov	r5, r0
 2177 0070 F0B9     		cbnz	r0, .L356
 2178              	.L355:
 2179 0072 E169     		ldr	r1, [r4, #28]
 2180 0074 E1B1     		cbz	r1, .L356
ARM GAS  C:\Users\joabk\AppData\Local\Temp\ccqURA6q.s 			page 38


 2181 0076 3846     		mov	r0, r7
 2182 0078 FFF7FEFF 		bl	move_window
 2183 007c 0546     		mov	r5, r0
 2184 007e B8B9     		cbnz	r0, .L356
 2185 0080 216A     		ldr	r1, [r4, #32]
 2186 0082 0A78     		ldrb	r2, [r1]	@ zero_extendqisi2
 2187 0084 9AB1     		cbz	r2, .L363
 2188 0086 CB7A     		ldrb	r3, [r1, #11]	@ zero_extendqisi2
 2189 0088 03F03F03 		and	r3, r3, #63
 2190 008c A371     		strb	r3, [r4, #6]
 2191 008e E52A     		cmp	r2, #229
 2192 0090 E6D0     		beq	.L364
 2193 0092 2E2A     		cmp	r2, #46
 2194 0094 E6D0     		beq	.L365
 2195 0096 23F02000 		bic	r0, r3, #32
 2196 009a 0828     		cmp	r0, #8
 2197 009c 14BF     		ite	ne
 2198 009e 0020     		movne	r0, #0
 2199 00a0 0120     		moveq	r0, #1
 2200 00a2 4045     		cmp	r0, r8
 2201 00a4 B6D0     		beq	.L373
 2202 00a6 FF26     		movs	r6, #255
 2203 00a8 DDE7     		b	.L357
 2204              	.L369:
 2205 00aa FF26     		movs	r6, #255
 2206 00ac DBE7     		b	.L357
 2207              	.L363:
 2208 00ae 0425     		movs	r5, #4
 2209              	.L356:
 2210 00b0 0DB1     		cbz	r5, .L362
 2211 00b2 0023     		movs	r3, #0
 2212 00b4 E361     		str	r3, [r4, #28]
 2213              	.L362:
 2214 00b6 2846     		mov	r0, r5
 2215 00b8 BDE8F883 		pop	{r3, r4, r5, r6, r7, r8, r9, pc}
 2217              		.section	.text.dir_remove,"ax",%progbits
 2218              		.align	1
 2219              		.syntax unified
 2220              		.thumb
 2221              		.thumb_func
 2223              	dir_remove:
 2224              		@ args = 0, pretend = 0, frame = 0
 2225              		@ frame_needed = 0, uses_anonymous_args = 0
 2226 0000 70B5     		push	{r4, r5, r6, lr}
 2227 0002 0446     		mov	r4, r0
 2228 0004 0568     		ldr	r5, [r0]
 2229 0006 4669     		ldr	r6, [r0, #20]
 2230 0008 016B     		ldr	r1, [r0, #48]
 2231 000a B1F1FF3F 		cmp	r1, #-1
 2232 000e 1AD1     		bne	.L382
 2233 0010 0023     		movs	r3, #0
 2234              	.L375:
 2235 0012 B3B9     		cbnz	r3, .L376
 2236              	.L378:
 2237 0014 E169     		ldr	r1, [r4, #28]
 2238 0016 2846     		mov	r0, r5
 2239 0018 FFF7FEFF 		bl	move_window
ARM GAS  C:\Users\joabk\AppData\Local\Temp\ccqURA6q.s 			page 39


 2240 001c 0346     		mov	r3, r0
 2241 001e 70B9     		cbnz	r0, .L377
 2242 0020 226A     		ldr	r2, [r4, #32]
 2243 0022 E521     		movs	r1, #229
 2244 0024 1170     		strb	r1, [r2]
 2245 0026 0122     		movs	r2, #1
 2246 0028 EA70     		strb	r2, [r5, #3]
 2247 002a 6269     		ldr	r2, [r4, #20]
 2248 002c B242     		cmp	r2, r6
 2249 002e 06D2     		bcs	.L377
 2250 0030 0021     		movs	r1, #0
 2251 0032 2046     		mov	r0, r4
 2252 0034 FFF7FEFF 		bl	dir_next
 2253 0038 0346     		mov	r3, r0
 2254 003a 0028     		cmp	r0, #0
 2255 003c EAD0     		beq	.L378
 2256              	.L377:
 2257 003e 042B     		cmp	r3, #4
 2258 0040 05D0     		beq	.L383
 2259              	.L376:
 2260 0042 1846     		mov	r0, r3
 2261 0044 70BD     		pop	{r4, r5, r6, pc}
 2262              	.L382:
 2263 0046 FFF7FEFF 		bl	dir_sdi
 2264 004a 0346     		mov	r3, r0
 2265 004c E1E7     		b	.L375
 2266              	.L383:
 2267 004e 0223     		movs	r3, #2
 2268 0050 F7E7     		b	.L376
 2270              		.section	.rodata.create_name.str1.4,"aMS",%progbits,1
 2271              		.align	2
 2272              	.LC0:
 2273 0000 222A3A3C 		.ascii	"\"*:<>?|\177\000"
 2273      3E3F7C7F 
 2273      00
 2274 0009 000000   		.align	2
 2275              	.LC1:
 2276 000c 2B2C3B3D 		.ascii	"+,;=[]\000"
 2276      5B5D00
 2277              		.section	.text.create_name,"ax",%progbits
 2278              		.align	1
 2279              		.syntax unified
 2280              		.thumb
 2281              		.thumb_func
 2283              	create_name:
 2284              		@ args = 0, pretend = 0, frame = 8
 2285              		@ frame_needed = 0, uses_anonymous_args = 0
 2286 0000 2DE9F04F 		push	{r4, r5, r6, r7, r8, r9, r10, fp, lr}
 2287 0004 83B0     		sub	sp, sp, #12
 2288 0006 0746     		mov	r7, r0
 2289 0008 8A46     		mov	r10, r1
 2290 000a D1F80090 		ldr	r9, [r1]
 2291 000e 0368     		ldr	r3, [r0]
 2292 0010 DD68     		ldr	r5, [r3, #12]
 2293 0012 0024     		movs	r4, #0
 2294 0014 2346     		mov	r3, r4
 2295 0016 12E0     		b	.L392
ARM GAS  C:\Users\joabk\AppData\Local\Temp\ccqURA6q.s 			page 40


 2296              	.L389:
 2297 0018 0136     		adds	r6, r6, #1
 2298              	.L388:
 2299 001a 19F80630 		ldrb	r3, [r9, r6]	@ zero_extendqisi2
 2300 001e 2F2B     		cmp	r3, #47
 2301 0020 FAD0     		beq	.L389
 2302 0022 5C2B     		cmp	r3, #92
 2303 0024 F8D0     		beq	.L389
 2304              	.L385:
 2305 0026 4E44     		add	r6, r6, r9
 2306 0028 CAF80060 		str	r6, [r10]
 2307 002c 1F28     		cmp	r0, #31
 2308 002e 23D8     		bhi	.L428
 2309 0030 4FF00408 		mov	r8, #4
 2310 0034 24E0     		b	.L394
 2311              	.L391:
 2312 0036 25F81480 		strh	r8, [r5, r4, lsl #1]	@ movhi
 2313 003a 0134     		adds	r4, r4, #1
 2314 003c 3346     		mov	r3, r6
 2315              	.L392:
 2316 003e 5E1C     		adds	r6, r3, #1
 2317 0040 19F80300 		ldrb	r0, [r9, r3]	@ zero_extendqisi2
 2318 0044 1F28     		cmp	r0, #31
 2319 0046 EED9     		bls	.L385
 2320 0048 2F28     		cmp	r0, #47
 2321 004a E6D0     		beq	.L388
 2322 004c 5C28     		cmp	r0, #92
 2323 004e E4D0     		beq	.L388
 2324 0050 FE2C     		cmp	r4, #254
 2325 0052 00F2DF80 		bhi	.L425
 2326 0056 0121     		movs	r1, #1
 2327 0058 FFF7FEFF 		bl	ff_convert
 2328 005c 8046     		mov	r8, r0
 2329 005e 0028     		cmp	r0, #0
 2330 0060 00F0DA80 		beq	.L426
 2331 0064 7F28     		cmp	r0, #127
 2332 0066 E6D8     		bhi	.L391
 2333 0068 0146     		mov	r1, r0
 2334 006a 6D48     		ldr	r0, .L442
 2335 006c FFF7FEFF 		bl	chk_chr
 2336 0070 0028     		cmp	r0, #0
 2337 0072 E0D0     		beq	.L391
 2338 0074 0620     		movs	r0, #6
 2339 0076 85E0     		b	.L390
 2340              	.L428:
 2341 0078 4FF00008 		mov	r8, #0
 2342 007c 00E0     		b	.L394
 2343              	.L395:
 2344 007e 013C     		subs	r4, r4, #1
 2345              	.L394:
 2346 0080 44B1     		cbz	r4, .L396
 2347 0082 04F10043 		add	r3, r4, #-2147483648
 2348 0086 013B     		subs	r3, r3, #1
 2349 0088 35F81330 		ldrh	r3, [r5, r3, lsl #1]
 2350 008c 202B     		cmp	r3, #32
 2351 008e F6D0     		beq	.L395
 2352 0090 2E2B     		cmp	r3, #46
ARM GAS  C:\Users\joabk\AppData\Local\Temp\ccqURA6q.s 			page 41


 2353 0092 F4D0     		beq	.L395
 2354              	.L396:
 2355 0094 0023     		movs	r3, #0
 2356 0096 25F81430 		strh	r3, [r5, r4, lsl #1]	@ movhi
 2357 009a 002C     		cmp	r4, #0
 2358 009c 00F0BE80 		beq	.L429
 2359 00a0 0B22     		movs	r2, #11
 2360 00a2 2021     		movs	r1, #32
 2361 00a4 07F12400 		add	r0, r7, #36
 2362 00a8 FFF7FEFF 		bl	mem_set
 2363 00ac 0023     		movs	r3, #0
 2364 00ae 00E0     		b	.L398
 2365              	.L399:
 2366 00b0 0133     		adds	r3, r3, #1
 2367              	.L398:
 2368 00b2 35F81320 		ldrh	r2, [r5, r3, lsl #1]
 2369 00b6 202A     		cmp	r2, #32
 2370 00b8 FAD0     		beq	.L399
 2371 00ba 2E2A     		cmp	r2, #46
 2372 00bc F8D0     		beq	.L399
 2373 00be 1BB1     		cbz	r3, .L401
 2374 00c0 48F00308 		orr	r8, r8, #3
 2375 00c4 00E0     		b	.L401
 2376              	.L403:
 2377 00c6 013C     		subs	r4, r4, #1
 2378              	.L401:
 2379 00c8 6CB1     		cbz	r4, .L430
 2380 00ca 04F10042 		add	r2, r4, #-2147483648
 2381 00ce 013A     		subs	r2, r2, #1
 2382 00d0 35F81220 		ldrh	r2, [r5, r2, lsl #1]
 2383 00d4 2E2A     		cmp	r2, #46
 2384 00d6 F6D1     		bne	.L403
 2385 00d8 4FF0080B 		mov	fp, #8
 2386 00dc 4FF0000A 		mov	r10, #0
 2387 00e0 CDF804A0 		str	r10, [sp, #4]
 2388 00e4 0AE0     		b	.L404
 2389              	.L430:
 2390 00e6 A246     		mov	r10, r4
 2391 00e8 4FF0080B 		mov	fp, #8
 2392 00ec 0022     		movs	r2, #0
 2393 00ee 0192     		str	r2, [sp, #4]
 2394 00f0 04E0     		b	.L404
 2395              	.L433:
 2396 00f2 4C45     		cmp	r4, r9
 2397 00f4 0BD0     		beq	.L407
 2398              	.L406:
 2399 00f6 48F00308 		orr	r8, r8, #3
 2400 00fa 4B46     		mov	r3, r9
 2401              	.L404:
 2402 00fc 03F10109 		add	r9, r3, #1
 2403 0100 35F81360 		ldrh	r6, [r5, r3, lsl #1]
 2404 0104 FEB1     		cbz	r6, .L405
 2405 0106 202E     		cmp	r6, #32
 2406 0108 F5D0     		beq	.L406
 2407 010a 2E2E     		cmp	r6, #46
 2408 010c F1D0     		beq	.L433
 2409              	.L407:
ARM GAS  C:\Users\joabk\AppData\Local\Temp\ccqURA6q.s 			page 42


 2410 010e DA45     		cmp	r10, fp
 2411 0110 10D2     		bcs	.L409
 2412 0112 4C45     		cmp	r4, r9
 2413 0114 0ED0     		beq	.L409
 2414 0116 7F2E     		cmp	r6, #127
 2415 0118 44D8     		bhi	.L434
 2416              	.L413:
 2417 011a 002E     		cmp	r6, #0
 2418 011c 4FD1     		bne	.L435
 2419              	.L415:
 2420 011e 48F00308 		orr	r8, r8, #3
 2421 0122 5F26     		movs	r6, #95
 2422              	.L417:
 2423 0124 07EB0A03 		add	r3, r7, r10
 2424 0128 83F82460 		strb	r6, [r3, #36]
 2425 012c 4B46     		mov	r3, r9
 2426 012e 0AF1010A 		add	r10, r10, #1
 2427 0132 E3E7     		b	.L404
 2428              	.L409:
 2429 0134 BBF10B0F 		cmp	fp, #11
 2430 0138 27D0     		beq	.L436
 2431 013a 4C45     		cmp	r4, r9
 2432 013c 01D0     		beq	.L412
 2433 013e 48F00308 		orr	r8, r8, #3
 2434              	.L412:
 2435 0142 4C45     		cmp	r4, r9
 2436 0144 24D2     		bcs	.L437
 2437              	.L405:
 2438 0146 97F82430 		ldrb	r3, [r7, #36]	@ zero_extendqisi2
 2439 014a E52B     		cmp	r3, #229
 2440 014c 53D0     		beq	.L438
 2441              	.L419:
 2442 014e BBF1080F 		cmp	fp, #8
 2443 0152 54D0     		beq	.L439
 2444              	.L420:
 2445 0154 019B     		ldr	r3, [sp, #4]
 2446 0156 03F00C02 		and	r2, r3, #12
 2447 015a 0C2A     		cmp	r2, #12
 2448 015c 03D0     		beq	.L421
 2449 015e 03F00303 		and	r3, r3, #3
 2450 0162 032B     		cmp	r3, #3
 2451 0164 01D1     		bne	.L422
 2452              	.L421:
 2453 0166 48F00208 		orr	r8, r8, #2
 2454              	.L422:
 2455 016a 18F0020F 		tst	r8, #2
 2456 016e 06D1     		bne	.L423
 2457 0170 019B     		ldr	r3, [sp, #4]
 2458 0172 03F00303 		and	r3, r3, #3
 2459 0176 012B     		cmp	r3, #1
 2460 0178 46D0     		beq	.L440
 2461              	.L424:
 2462 017a 042A     		cmp	r2, #4
 2463 017c 47D0     		beq	.L441
 2464              	.L423:
 2465 017e 87F82F80 		strb	r8, [r7, #47]
 2466 0182 0020     		movs	r0, #0
ARM GAS  C:\Users\joabk\AppData\Local\Temp\ccqURA6q.s 			page 43


 2467              	.L390:
 2468 0184 03B0     		add	sp, sp, #12
 2469              		@ sp needed
 2470 0186 BDE8F08F 		pop	{r4, r5, r6, r7, r8, r9, r10, fp, pc}
 2471              	.L436:
 2472 018a 48F00308 		orr	r8, r8, #3
 2473 018e DAE7     		b	.L405
 2474              	.L437:
 2475 0190 019B     		ldr	r3, [sp, #4]
 2476 0192 9B00     		lsls	r3, r3, #2
 2477 0194 DBB2     		uxtb	r3, r3
 2478 0196 0193     		str	r3, [sp, #4]
 2479 0198 2346     		mov	r3, r4
 2480 019a 4FF00B0B 		mov	fp, #11
 2481 019e 4FF0080A 		mov	r10, #8
 2482 01a2 ABE7     		b	.L404
 2483              	.L434:
 2484 01a4 0021     		movs	r1, #0
 2485 01a6 3046     		mov	r0, r6
 2486 01a8 FFF7FEFF 		bl	ff_convert
 2487 01ac 0646     		mov	r6, r0
 2488 01ae 18B1     		cbz	r0, .L414
 2489 01b0 A0F18006 		sub	r6, r0, #128
 2490 01b4 1B4B     		ldr	r3, .L442+4
 2491 01b6 9E5D     		ldrb	r6, [r3, r6]	@ zero_extendqisi2
 2492              	.L414:
 2493 01b8 48F00208 		orr	r8, r8, #2
 2494 01bc ADE7     		b	.L413
 2495              	.L435:
 2496 01be 3146     		mov	r1, r6
 2497 01c0 1948     		ldr	r0, .L442+8
 2498 01c2 FFF7FEFF 		bl	chk_chr
 2499 01c6 0028     		cmp	r0, #0
 2500 01c8 A9D1     		bne	.L415
 2501 01ca A6F14103 		sub	r3, r6, #65
 2502 01ce 9BB2     		uxth	r3, r3
 2503 01d0 192B     		cmp	r3, #25
 2504 01d2 04D8     		bhi	.L418
 2505 01d4 019B     		ldr	r3, [sp, #4]
 2506 01d6 43F00203 		orr	r3, r3, #2
 2507 01da 0193     		str	r3, [sp, #4]
 2508 01dc A2E7     		b	.L417
 2509              	.L418:
 2510 01de A6F16103 		sub	r3, r6, #97
 2511 01e2 9BB2     		uxth	r3, r3
 2512 01e4 192B     		cmp	r3, #25
 2513 01e6 9DD8     		bhi	.L417
 2514 01e8 019B     		ldr	r3, [sp, #4]
 2515 01ea 43F00103 		orr	r3, r3, #1
 2516 01ee 0193     		str	r3, [sp, #4]
 2517 01f0 203E     		subs	r6, r6, #32
 2518 01f2 B6B2     		uxth	r6, r6
 2519 01f4 96E7     		b	.L417
 2520              	.L438:
 2521 01f6 0523     		movs	r3, #5
 2522 01f8 87F82430 		strb	r3, [r7, #36]
 2523 01fc A7E7     		b	.L419
ARM GAS  C:\Users\joabk\AppData\Local\Temp\ccqURA6q.s 			page 44


 2524              	.L439:
 2525 01fe 019B     		ldr	r3, [sp, #4]
 2526 0200 9B00     		lsls	r3, r3, #2
 2527 0202 DBB2     		uxtb	r3, r3
 2528 0204 0193     		str	r3, [sp, #4]
 2529 0206 A5E7     		b	.L420
 2530              	.L440:
 2531 0208 48F01008 		orr	r8, r8, #16
 2532 020c B5E7     		b	.L424
 2533              	.L441:
 2534 020e 48F00808 		orr	r8, r8, #8
 2535 0212 B4E7     		b	.L423
 2536              	.L425:
 2537 0214 0620     		movs	r0, #6
 2538 0216 B5E7     		b	.L390
 2539              	.L426:
 2540 0218 0620     		movs	r0, #6
 2541 021a B3E7     		b	.L390
 2542              	.L429:
 2543 021c 0620     		movs	r0, #6
 2544 021e B1E7     		b	.L390
 2545              	.L443:
 2546              		.align	2
 2547              	.L442:
 2548 0220 00000000 		.word	.LC0
 2549 0224 00000000 		.word	ExCvt
 2550 0228 0C000000 		.word	.LC1
 2552              		.section	.text.get_fileinfo,"ax",%progbits
 2553              		.align	1
 2554              		.syntax unified
 2555              		.thumb
 2556              		.thumb_func
 2558              	get_fileinfo:
 2559              		@ args = 0, pretend = 0, frame = 0
 2560              		@ frame_needed = 0, uses_anonymous_args = 0
 2561 0000 2DE9F041 		push	{r4, r5, r6, r7, r8, lr}
 2562 0004 D0F80080 		ldr	r8, [r0]
 2563 0008 0023     		movs	r3, #0
 2564 000a 8B75     		strb	r3, [r1, #22]
 2565 000c C369     		ldr	r3, [r0, #28]
 2566 000e 002B     		cmp	r3, #0
 2567 0010 6BD0     		beq	.L444
 2568 0012 0646     		mov	r6, r0
 2569 0014 0C46     		mov	r4, r1
 2570 0016 036B     		ldr	r3, [r0, #48]
 2571 0018 B3F1FF3F 		cmp	r3, #-1
 2572 001c 16D0     		beq	.L447
 2573 001e 0023     		movs	r3, #0
 2574 0020 1D46     		mov	r5, r3
 2575              	.L446:
 2576 0022 D8F80C20 		ldr	r2, [r8, #12]
 2577 0026 5F1C     		adds	r7, r3, #1
 2578 0028 32F81300 		ldrh	r0, [r2, r3, lsl #1]
 2579 002c 58B1     		cbz	r0, .L448
 2580 002e 0021     		movs	r1, #0
 2581 0030 FFF7FEFF 		bl	ff_convert
 2582 0034 30B1     		cbz	r0, .L461
ARM GAS  C:\Users\joabk\AppData\Local\Temp\ccqURA6q.s 			page 45


 2583 0036 FE2D     		cmp	r5, #254
 2584 0038 0CD8     		bhi	.L462
 2585 003a 6219     		adds	r2, r4, r5
 2586 003c 9075     		strb	r0, [r2, #22]
 2587 003e 3B46     		mov	r3, r7
 2588 0040 0135     		adds	r5, r5, #1
 2589 0042 EEE7     		b	.L446
 2590              	.L461:
 2591 0044 0025     		movs	r5, #0
 2592              	.L448:
 2593 0046 2544     		add	r5, r5, r4
 2594 0048 0023     		movs	r3, #0
 2595 004a AB75     		strb	r3, [r5, #22]
 2596              	.L447:
 2597 004c A57D     		ldrb	r5, [r4, #22]	@ zero_extendqisi2
 2598 004e 0022     		movs	r2, #0
 2599 0050 1346     		mov	r3, r2
 2600 0052 12E0     		b	.L450
 2601              	.L462:
 2602 0054 0025     		movs	r5, #0
 2603 0056 F6E7     		b	.L448
 2604              	.L468:
 2605 0058 E523     		movs	r3, #229
 2606 005a 17E0     		b	.L452
 2607              	.L469:
 2608 005c 15B9     		cbnz	r5, .L454
 2609 005e A018     		adds	r0, r4, r2
 2610 0060 2E27     		movs	r7, #46
 2611 0062 8775     		strb	r7, [r0, #22]
 2612              	.L454:
 2613 0064 A018     		adds	r0, r4, r2
 2614 0066 2E27     		movs	r7, #46
 2615 0068 4772     		strb	r7, [r0, #9]
 2616 006a 0132     		adds	r2, r2, #1
 2617 006c 10E0     		b	.L453
 2618              	.L470:
 2619 006e 1020     		movs	r0, #16
 2620 0070 1CE0     		b	.L457
 2621              	.L456:
 2622 0072 A018     		adds	r0, r4, r2
 2623 0074 8375     		strb	r3, [r0, #22]
 2624              	.L455:
 2625 0076 0132     		adds	r2, r2, #1
 2626              	.L451:
 2627 0078 0B46     		mov	r3, r1
 2628              	.L450:
 2629 007a 0A2B     		cmp	r3, #10
 2630 007c 1BD8     		bhi	.L467
 2631 007e 306A     		ldr	r0, [r6, #32]
 2632 0080 591C     		adds	r1, r3, #1
 2633 0082 C35C     		ldrb	r3, [r0, r3]	@ zero_extendqisi2
 2634 0084 202B     		cmp	r3, #32
 2635 0086 F7D0     		beq	.L451
 2636 0088 052B     		cmp	r3, #5
 2637 008a E5D0     		beq	.L468
 2638              	.L452:
 2639 008c 0929     		cmp	r1, #9
ARM GAS  C:\Users\joabk\AppData\Local\Temp\ccqURA6q.s 			page 46


 2640 008e E5D0     		beq	.L469
 2641              	.L453:
 2642 0090 A018     		adds	r0, r4, r2
 2643 0092 4372     		strb	r3, [r0, #9]
 2644 0094 002D     		cmp	r5, #0
 2645 0096 EED1     		bne	.L455
 2646 0098 A3F14100 		sub	r0, r3, #65
 2647 009c C0B2     		uxtb	r0, r0
 2648 009e 1928     		cmp	r0, #25
 2649 00a0 E7D8     		bhi	.L456
 2650 00a2 306A     		ldr	r0, [r6, #32]
 2651 00a4 077B     		ldrb	r7, [r0, #12]	@ zero_extendqisi2
 2652 00a6 0829     		cmp	r1, #8
 2653 00a8 E1D8     		bhi	.L470
 2654 00aa 0820     		movs	r0, #8
 2655              	.L457:
 2656 00ac 0742     		tst	r7, r0
 2657 00ae E0D0     		beq	.L456
 2658 00b0 2033     		adds	r3, r3, #32
 2659 00b2 DBB2     		uxtb	r3, r3
 2660 00b4 DDE7     		b	.L456
 2661              	.L467:
 2662 00b6 35B9     		cbnz	r5, .L459
 2663 00b8 A318     		adds	r3, r4, r2
 2664 00ba 0021     		movs	r1, #0
 2665 00bc 9975     		strb	r1, [r3, #22]
 2666 00be 336A     		ldr	r3, [r6, #32]
 2667 00c0 1B7B     		ldrb	r3, [r3, #12]	@ zero_extendqisi2
 2668 00c2 03B9     		cbnz	r3, .L459
 2669 00c4 0A46     		mov	r2, r1
 2670              	.L459:
 2671 00c6 2244     		add	r2, r2, r4
 2672 00c8 0023     		movs	r3, #0
 2673 00ca 5372     		strb	r3, [r2, #9]
 2674 00cc 336A     		ldr	r3, [r6, #32]
 2675 00ce DB7A     		ldrb	r3, [r3, #11]	@ zero_extendqisi2
 2676 00d0 2372     		strb	r3, [r4, #8]
 2677 00d2 306A     		ldr	r0, [r6, #32]
 2678 00d4 1C30     		adds	r0, r0, #28
 2679 00d6 FFF7FEFF 		bl	ld_dword
 2680 00da 2060     		str	r0, [r4]
 2681 00dc 306A     		ldr	r0, [r6, #32]
 2682 00de 1630     		adds	r0, r0, #22
 2683 00e0 FFF7FEFF 		bl	ld_dword
 2684 00e4 E080     		strh	r0, [r4, #6]	@ movhi
 2685 00e6 000C     		lsrs	r0, r0, #16
 2686 00e8 A080     		strh	r0, [r4, #4]	@ movhi
 2687              	.L444:
 2688 00ea BDE8F081 		pop	{r4, r5, r6, r7, r8, pc}
 2690              		.section	.text.cmp_lfn,"ax",%progbits
 2691              		.align	1
 2692              		.syntax unified
 2693              		.thumb
 2694              		.thumb_func
 2696              	cmp_lfn:
 2697              		@ args = 0, pretend = 0, frame = 0
 2698              		@ frame_needed = 0, uses_anonymous_args = 0
ARM GAS  C:\Users\joabk\AppData\Local\Temp\ccqURA6q.s 			page 47


 2699 0000 2DE9F047 		push	{r4, r5, r6, r7, r8, r9, r10, lr}
 2700 0004 8146     		mov	r9, r0
 2701 0006 0F46     		mov	r7, r1
 2702 0008 01F11A00 		add	r0, r1, #26
 2703 000c FFF7FEFF 		bl	ld_word
 2704 0010 C8BB     		cbnz	r0, .L478
 2705 0012 3E78     		ldrb	r6, [r7]	@ zero_extendqisi2
 2706 0014 06F03F06 		and	r6, r6, #63
 2707 0018 013E     		subs	r6, r6, #1
 2708 001a 06EB4603 		add	r3, r6, r6, lsl #1
 2709 001e 06EB8306 		add	r6, r6, r3, lsl #2
 2710 0022 4FF00108 		mov	r8, #1
 2711 0026 0025     		movs	r5, #0
 2712 0028 06E0     		b	.L473
 2713              	.L475:
 2714 002a 0020     		movs	r0, #0
 2715 002c 2CE0     		b	.L471
 2716              	.L474:
 2717 002e 4FF6FF73 		movw	r3, #65535
 2718 0032 9842     		cmp	r0, r3
 2719 0034 2AD1     		bne	.L485
 2720              	.L476:
 2721 0036 0135     		adds	r5, r5, #1
 2722              	.L473:
 2723 0038 0C2D     		cmp	r5, #12
 2724 003a 18D8     		bhi	.L486
 2725 003c 174B     		ldr	r3, .L487
 2726 003e 585D     		ldrb	r0, [r3, r5]	@ zero_extendqisi2
 2727 0040 3844     		add	r0, r0, r7
 2728 0042 FFF7FEFF 		bl	ld_word
 2729 0046 0446     		mov	r4, r0
 2730 0048 B8F1000F 		cmp	r8, #0
 2731 004c EFD0     		beq	.L474
 2732 004e FE2E     		cmp	r6, #254
 2733 0050 EBD8     		bhi	.L475
 2734 0052 FFF7FEFF 		bl	ff_wtoupper
 2735 0056 8046     		mov	r8, r0
 2736 0058 06F1010A 		add	r10, r6, #1
 2737 005c 39F81600 		ldrh	r0, [r9, r6, lsl #1]
 2738 0060 FFF7FEFF 		bl	ff_wtoupper
 2739 0064 8045     		cmp	r8, r0
 2740 0066 E0D1     		bne	.L475
 2741 0068 A046     		mov	r8, r4
 2742 006a 5646     		mov	r6, r10
 2743 006c E3E7     		b	.L476
 2744              	.L486:
 2745 006e 3B78     		ldrb	r3, [r7]	@ zero_extendqisi2
 2746 0070 13F0400F 		tst	r3, #64
 2747 0074 0CD0     		beq	.L481
 2748 0076 B8F1000F 		cmp	r8, #0
 2749 007a 0BD0     		beq	.L482
 2750 007c 39F81630 		ldrh	r3, [r9, r6, lsl #1]
 2751 0080 53B9     		cbnz	r3, .L483
 2752 0082 0120     		movs	r0, #1
 2753 0084 00E0     		b	.L471
 2754              	.L478:
 2755 0086 0020     		movs	r0, #0
ARM GAS  C:\Users\joabk\AppData\Local\Temp\ccqURA6q.s 			page 48


 2756              	.L471:
 2757 0088 BDE8F087 		pop	{r4, r5, r6, r7, r8, r9, r10, pc}
 2758              	.L485:
 2759 008c 0020     		movs	r0, #0
 2760 008e FBE7     		b	.L471
 2761              	.L481:
 2762 0090 0120     		movs	r0, #1
 2763 0092 F9E7     		b	.L471
 2764              	.L482:
 2765 0094 0120     		movs	r0, #1
 2766 0096 F7E7     		b	.L471
 2767              	.L483:
 2768 0098 0020     		movs	r0, #0
 2769 009a F5E7     		b	.L471
 2770              	.L488:
 2771              		.align	2
 2772              	.L487:
 2773 009c 00000000 		.word	LfnOfs
 2775              		.section	.text.dir_find,"ax",%progbits
 2776              		.align	1
 2777              		.syntax unified
 2778              		.thumb
 2779              		.thumb_func
 2781              	dir_find:
 2782              		@ args = 0, pretend = 0, frame = 0
 2783              		@ frame_needed = 0, uses_anonymous_args = 0
 2784 0000 2DE9F843 		push	{r3, r4, r5, r6, r7, r8, r9, lr}
 2785 0004 0446     		mov	r4, r0
 2786 0006 D0F80080 		ldr	r8, [r0]
 2787 000a 0021     		movs	r1, #0
 2788 000c FFF7FEFF 		bl	dir_sdi
 2789 0010 0646     		mov	r6, r0
 2790 0012 0028     		cmp	r0, #0
 2791 0014 64D1     		bne	.L490
 2792 0016 4FF0FF33 		mov	r3, #-1
 2793 001a 2363     		str	r3, [r4, #48]
 2794 001c 4FF0FF09 		mov	r9, #255
 2795 0020 4F46     		mov	r7, r9
 2796 0022 0AE0     		b	.L499
 2797              	.L491:
 2798 0024 4FF0FF33 		mov	r3, #-1
 2799 0028 2363     		str	r3, [r4, #48]
 2800 002a FF27     		movs	r7, #255
 2801              	.L494:
 2802 002c 0021     		movs	r1, #0
 2803 002e 2046     		mov	r0, r4
 2804 0030 FFF7FEFF 		bl	dir_next
 2805 0034 0646     		mov	r6, r0
 2806 0036 0028     		cmp	r0, #0
 2807 0038 52D1     		bne	.L490
 2808              	.L499:
 2809 003a E169     		ldr	r1, [r4, #28]
 2810 003c 4046     		mov	r0, r8
 2811 003e FFF7FEFF 		bl	move_window
 2812 0042 0646     		mov	r6, r0
 2813 0044 0028     		cmp	r0, #0
 2814 0046 4BD1     		bne	.L490
ARM GAS  C:\Users\joabk\AppData\Local\Temp\ccqURA6q.s 			page 49


 2815 0048 256A     		ldr	r5, [r4, #32]
 2816 004a 2B78     		ldrb	r3, [r5]	@ zero_extendqisi2
 2817 004c 002B     		cmp	r3, #0
 2818 004e 46D0     		beq	.L500
 2819 0050 EA7A     		ldrb	r2, [r5, #11]	@ zero_extendqisi2
 2820 0052 02F03F01 		and	r1, r2, #63
 2821 0056 A171     		strb	r1, [r4, #6]
 2822 0058 E52B     		cmp	r3, #229
 2823 005a E3D0     		beq	.L491
 2824 005c 12F0080F 		tst	r2, #8
 2825 0060 14D0     		beq	.L492
 2826 0062 0F29     		cmp	r1, #15
 2827 0064 DED1     		bne	.L491
 2828              	.L493:
 2829 0066 94F82F20 		ldrb	r2, [r4, #47]	@ zero_extendqisi2
 2830 006a 12F0400F 		tst	r2, #64
 2831 006e DDD1     		bne	.L494
 2832 0070 13F0400F 		tst	r3, #64
 2833 0074 06D0     		beq	.L496
 2834 0076 95F80D90 		ldrb	r9, [r5, #13]	@ zero_extendqisi2
 2835 007a 03F0BF03 		and	r3, r3, #191
 2836 007e 6269     		ldr	r2, [r4, #20]
 2837 0080 2263     		str	r2, [r4, #48]
 2838 0082 1F46     		mov	r7, r3
 2839              	.L496:
 2840 0084 BB42     		cmp	r3, r7
 2841 0086 1AD0     		beq	.L505
 2842 0088 FF27     		movs	r7, #255
 2843 008a CFE7     		b	.L494
 2844              	.L492:
 2845 008c 0F29     		cmp	r1, #15
 2846 008e EAD0     		beq	.L493
 2847 0090 27B9     		cbnz	r7, .L497
 2848 0092 2846     		mov	r0, r5
 2849 0094 FFF7FEFF 		bl	sum_sfn
 2850 0098 4845     		cmp	r0, r9
 2851 009a 21D0     		beq	.L490
 2852              	.L497:
 2853 009c 94F82F30 		ldrb	r3, [r4, #47]	@ zero_extendqisi2
 2854 00a0 13F0010F 		tst	r3, #1
 2855 00a4 06D1     		bne	.L498
 2856 00a6 0B22     		movs	r2, #11
 2857 00a8 04F12401 		add	r1, r4, #36
 2858 00ac 2846     		mov	r0, r5
 2859 00ae FFF7FEFF 		bl	mem_cmp
 2860 00b2 A8B1     		cbz	r0, .L490
 2861              	.L498:
 2862 00b4 4FF0FF33 		mov	r3, #-1
 2863 00b8 2363     		str	r3, [r4, #48]
 2864 00ba FF27     		movs	r7, #255
 2865 00bc B6E7     		b	.L494
 2866              	.L505:
 2867 00be 6B7B     		ldrb	r3, [r5, #13]	@ zero_extendqisi2
 2868 00c0 4B45     		cmp	r3, r9
 2869 00c2 01D0     		beq	.L506
 2870 00c4 FF27     		movs	r7, #255
 2871 00c6 B1E7     		b	.L494
ARM GAS  C:\Users\joabk\AppData\Local\Temp\ccqURA6q.s 			page 50


 2872              	.L506:
 2873 00c8 2946     		mov	r1, r5
 2874 00ca D8F80C00 		ldr	r0, [r8, #12]
 2875 00ce FFF7FEFF 		bl	cmp_lfn
 2876 00d2 10B1     		cbz	r0, .L503
 2877 00d4 013F     		subs	r7, r7, #1
 2878 00d6 FFB2     		uxtb	r7, r7
 2879 00d8 A8E7     		b	.L494
 2880              	.L503:
 2881 00da FF27     		movs	r7, #255
 2882 00dc A6E7     		b	.L494
 2883              	.L500:
 2884 00de 0426     		movs	r6, #4
 2885              	.L490:
 2886 00e0 3046     		mov	r0, r6
 2887 00e2 BDE8F883 		pop	{r3, r4, r5, r6, r7, r8, r9, pc}
 2889              		.section	.text.follow_path,"ax",%progbits
 2890              		.align	1
 2891              		.syntax unified
 2892              		.thumb
 2893              		.thumb_func
 2895              	follow_path:
 2896              		@ args = 0, pretend = 0, frame = 8
 2897              		@ frame_needed = 0, uses_anonymous_args = 0
 2898 0000 30B5     		push	{r4, r5, lr}
 2899 0002 83B0     		sub	sp, sp, #12
 2900 0004 0446     		mov	r4, r0
 2901 0006 0191     		str	r1, [sp, #4]
 2902 0008 0568     		ldr	r5, [r0]
 2903 000a 01E0     		b	.L508
 2904              	.L509:
 2905 000c 0133     		adds	r3, r3, #1
 2906 000e 0193     		str	r3, [sp, #4]
 2907              	.L508:
 2908 0010 019B     		ldr	r3, [sp, #4]
 2909 0012 1A78     		ldrb	r2, [r3]	@ zero_extendqisi2
 2910 0014 2F2A     		cmp	r2, #47
 2911 0016 F9D0     		beq	.L509
 2912 0018 5C2A     		cmp	r2, #92
 2913 001a F7D0     		beq	.L509
 2914 001c 0022     		movs	r2, #0
 2915 001e A260     		str	r2, [r4, #8]
 2916 0020 1B78     		ldrb	r3, [r3]	@ zero_extendqisi2
 2917 0022 1F2B     		cmp	r3, #31
 2918 0024 1ED9     		bls	.L516
 2919              	.L510:
 2920 0026 01A9     		add	r1, sp, #4
 2921 0028 2046     		mov	r0, r4
 2922 002a FFF7FEFF 		bl	create_name
 2923 002e 0346     		mov	r3, r0
 2924 0030 00BB     		cbnz	r0, .L511
 2925 0032 2046     		mov	r0, r4
 2926 0034 FFF7FEFF 		bl	dir_find
 2927 0038 94F82F20 		ldrb	r2, [r4, #47]	@ zero_extendqisi2
 2928 003c 0346     		mov	r3, r0
 2929 003e E0B9     		cbnz	r0, .L517
 2930 0040 12F0040F 		tst	r2, #4
ARM GAS  C:\Users\joabk\AppData\Local\Temp\ccqURA6q.s 			page 51


 2931 0044 16D1     		bne	.L511
 2932 0046 A379     		ldrb	r3, [r4, #6]	@ zero_extendqisi2
 2933 0048 13F0100F 		tst	r3, #16
 2934 004c 1CD0     		beq	.L514
 2935 004e 05F13401 		add	r1, r5, #52
 2936 0052 6369     		ldr	r3, [r4, #20]
 2937 0054 C3F30803 		ubfx	r3, r3, #0, #9
 2938 0058 1944     		add	r1, r1, r3
 2939 005a 2846     		mov	r0, r5
 2940 005c FFF7FEFF 		bl	ld_clust
 2941 0060 A060     		str	r0, [r4, #8]
 2942 0062 E0E7     		b	.L510
 2943              	.L516:
 2944 0064 8023     		movs	r3, #128
 2945 0066 84F82F30 		strb	r3, [r4, #47]
 2946 006a 1146     		mov	r1, r2
 2947 006c 2046     		mov	r0, r4
 2948 006e FFF7FEFF 		bl	dir_sdi
 2949 0072 0346     		mov	r3, r0
 2950              	.L511:
 2951 0074 1846     		mov	r0, r3
 2952 0076 03B0     		add	sp, sp, #12
 2953              		@ sp needed
 2954 0078 30BD     		pop	{r4, r5, pc}
 2955              	.L517:
 2956 007a 0428     		cmp	r0, #4
 2957 007c FAD1     		bne	.L511
 2958 007e 12F0040F 		tst	r2, #4
 2959 0082 F7D1     		bne	.L511
 2960 0084 0523     		movs	r3, #5
 2961 0086 F5E7     		b	.L511
 2962              	.L514:
 2963 0088 0523     		movs	r3, #5
 2964 008a F3E7     		b	.L511
 2966              		.section	.text.dir_register,"ax",%progbits
 2967              		.align	1
 2968              		.syntax unified
 2969              		.thumb
 2970              		.thumb_func
 2972              	dir_register:
 2973              		@ args = 0, pretend = 0, frame = 16
 2974              		@ frame_needed = 0, uses_anonymous_args = 0
 2975 0000 2DE9F043 		push	{r4, r5, r6, r7, r8, r9, lr}
 2976 0004 85B0     		sub	sp, sp, #20
 2977 0006 0668     		ldr	r6, [r0]
 2978 0008 90F82F30 		ldrb	r3, [r0, #47]	@ zero_extendqisi2
 2979 000c 13F0A00F 		tst	r3, #160
 2980 0010 40F08A80 		bne	.L529
 2981 0014 0746     		mov	r7, r0
 2982 0016 0024     		movs	r4, #0
 2983 0018 00E0     		b	.L520
 2984              	.L521:
 2985 001a 0134     		adds	r4, r4, #1
 2986              	.L520:
 2987 001c F368     		ldr	r3, [r6, #12]
 2988 001e 33F81430 		ldrh	r3, [r3, r4, lsl #1]
 2989 0022 002B     		cmp	r3, #0
ARM GAS  C:\Users\joabk\AppData\Local\Temp\ccqURA6q.s 			page 52


 2990 0024 F9D1     		bne	.L521
 2991 0026 07F12408 		add	r8, r7, #36
 2992 002a 0C22     		movs	r2, #12
 2993 002c 4146     		mov	r1, r8
 2994 002e 01A8     		add	r0, sp, #4
 2995 0030 FFF7FEFF 		bl	mem_cpy
 2996 0034 9DF80F30 		ldrb	r3, [sp, #15]	@ zero_extendqisi2
 2997 0038 13F0010F 		tst	r3, #1
 2998 003c 1CD0     		beq	.L522
 2999 003e 4023     		movs	r3, #64
 3000 0040 87F82F30 		strb	r3, [r7, #47]
 3001 0044 0125     		movs	r5, #1
 3002 0046 00E0     		b	.L523
 3003              	.L533:
 3004 0048 0135     		adds	r5, r5, #1
 3005              	.L523:
 3006 004a 632D     		cmp	r5, #99
 3007 004c 0BD8     		bhi	.L524
 3008 004e 2B46     		mov	r3, r5
 3009 0050 F268     		ldr	r2, [r6, #12]
 3010 0052 01A9     		add	r1, sp, #4
 3011 0054 4046     		mov	r0, r8
 3012 0056 FFF7FEFF 		bl	gen_numname
 3013 005a 3846     		mov	r0, r7
 3014 005c FFF7FEFF 		bl	dir_find
 3015 0060 8146     		mov	r9, r0
 3016 0062 0028     		cmp	r0, #0
 3017 0064 F0D0     		beq	.L533
 3018              	.L524:
 3019 0066 642D     		cmp	r5, #100
 3020 0068 64D0     		beq	.L530
 3021 006a B9F1040F 		cmp	r9, #4
 3022 006e 5DD1     		bne	.L519
 3023 0070 9DF80F30 		ldrb	r3, [sp, #15]	@ zero_extendqisi2
 3024 0074 87F82F30 		strb	r3, [r7, #47]
 3025              	.L522:
 3026 0078 9DF80F30 		ldrb	r3, [sp, #15]	@ zero_extendqisi2
 3027 007c 13F0020F 		tst	r3, #2
 3028 0080 06D0     		beq	.L531
 3029 0082 0C34     		adds	r4, r4, #12
 3030 0084 2D4B     		ldr	r3, .L535
 3031 0086 A3FB0434 		umull	r3, r4, r3, r4
 3032 008a A408     		lsrs	r4, r4, #2
 3033 008c 0134     		adds	r4, r4, #1
 3034 008e 00E0     		b	.L526
 3035              	.L531:
 3036 0090 0124     		movs	r4, #1
 3037              	.L526:
 3038 0092 2146     		mov	r1, r4
 3039 0094 3846     		mov	r0, r7
 3040 0096 FFF7FEFF 		bl	dir_alloc
 3041 009a 8146     		mov	r9, r0
 3042 009c 0028     		cmp	r0, #0
 3043 009e 45D1     		bne	.L519
 3044 00a0 013C     		subs	r4, r4, #1
 3045 00a2 1CD1     		bne	.L534
 3046              	.L527:
ARM GAS  C:\Users\joabk\AppData\Local\Temp\ccqURA6q.s 			page 53


 3047 00a4 B9F1000F 		cmp	r9, #0
 3048 00a8 40D1     		bne	.L519
 3049 00aa F969     		ldr	r1, [r7, #28]
 3050 00ac 3046     		mov	r0, r6
 3051 00ae FFF7FEFF 		bl	move_window
 3052 00b2 8146     		mov	r9, r0
 3053 00b4 0028     		cmp	r0, #0
 3054 00b6 39D1     		bne	.L519
 3055 00b8 2022     		movs	r2, #32
 3056 00ba 0021     		movs	r1, #0
 3057 00bc 386A     		ldr	r0, [r7, #32]
 3058 00be FFF7FEFF 		bl	mem_set
 3059 00c2 0B22     		movs	r2, #11
 3060 00c4 4146     		mov	r1, r8
 3061 00c6 386A     		ldr	r0, [r7, #32]
 3062 00c8 FFF7FEFF 		bl	mem_cpy
 3063 00cc 97F82F30 		ldrb	r3, [r7, #47]	@ zero_extendqisi2
 3064 00d0 3A6A     		ldr	r2, [r7, #32]
 3065 00d2 03F01803 		and	r3, r3, #24
 3066 00d6 1373     		strb	r3, [r2, #12]
 3067 00d8 0123     		movs	r3, #1
 3068 00da F370     		strb	r3, [r6, #3]
 3069 00dc 26E0     		b	.L519
 3070              	.L534:
 3071 00de 7969     		ldr	r1, [r7, #20]
 3072 00e0 A1EB4411 		sub	r1, r1, r4, lsl #5
 3073 00e4 3846     		mov	r0, r7
 3074 00e6 FFF7FEFF 		bl	dir_sdi
 3075 00ea 8146     		mov	r9, r0
 3076 00ec F0B9     		cbnz	r0, .L519
 3077 00ee 4046     		mov	r0, r8
 3078 00f0 FFF7FEFF 		bl	sum_sfn
 3079 00f4 0546     		mov	r5, r0
 3080              	.L528:
 3081 00f6 F969     		ldr	r1, [r7, #28]
 3082 00f8 3046     		mov	r0, r6
 3083 00fa FFF7FEFF 		bl	move_window
 3084 00fe 8146     		mov	r9, r0
 3085 0100 0028     		cmp	r0, #0
 3086 0102 CFD1     		bne	.L527
 3087 0104 2B46     		mov	r3, r5
 3088 0106 E2B2     		uxtb	r2, r4
 3089 0108 396A     		ldr	r1, [r7, #32]
 3090 010a F068     		ldr	r0, [r6, #12]
 3091 010c FFF7FEFF 		bl	put_lfn
 3092 0110 0123     		movs	r3, #1
 3093 0112 F370     		strb	r3, [r6, #3]
 3094 0114 0021     		movs	r1, #0
 3095 0116 3846     		mov	r0, r7
 3096 0118 FFF7FEFF 		bl	dir_next
 3097 011c 8146     		mov	r9, r0
 3098 011e 0028     		cmp	r0, #0
 3099 0120 C0D1     		bne	.L527
 3100 0122 013C     		subs	r4, r4, #1
 3101 0124 E7D1     		bne	.L528
 3102 0126 BDE7     		b	.L527
 3103              	.L529:
ARM GAS  C:\Users\joabk\AppData\Local\Temp\ccqURA6q.s 			page 54


 3104 0128 4FF00609 		mov	r9, #6
 3105              	.L519:
 3106 012c 4846     		mov	r0, r9
 3107 012e 05B0     		add	sp, sp, #20
 3108              		@ sp needed
 3109 0130 BDE8F083 		pop	{r4, r5, r6, r7, r8, r9, pc}
 3110              	.L530:
 3111 0134 4FF00709 		mov	r9, #7
 3112 0138 F8E7     		b	.L519
 3113              	.L536:
 3114 013a 00BF     		.align	2
 3115              	.L535:
 3116 013c 4FECC44E 		.word	1321528399
 3118              		.section	.text.sync_fs,"ax",%progbits
 3119              		.align	1
 3120              		.syntax unified
 3121              		.thumb
 3122              		.thumb_func
 3124              	sync_fs:
 3125              		@ args = 0, pretend = 0, frame = 0
 3126              		@ frame_needed = 0, uses_anonymous_args = 0
 3127 0000 70B5     		push	{r4, r5, r6, lr}
 3128 0002 0446     		mov	r4, r0
 3129 0004 FFF7FEFF 		bl	sync_window
 3130 0008 0546     		mov	r5, r0
 3131 000a 48B9     		cbnz	r0, .L538
 3132 000c 2378     		ldrb	r3, [r4]	@ zero_extendqisi2
 3133 000e 032B     		cmp	r3, #3
 3134 0010 08D0     		beq	.L542
 3135              	.L539:
 3136 0012 0022     		movs	r2, #0
 3137 0014 1146     		mov	r1, r2
 3138 0016 6078     		ldrb	r0, [r4, #1]	@ zero_extendqisi2
 3139 0018 FFF7FEFF 		bl	disk_ioctl
 3140 001c 00B1     		cbz	r0, .L538
 3141 001e 0125     		movs	r5, #1
 3142              	.L538:
 3143 0020 2846     		mov	r0, r5
 3144 0022 70BD     		pop	{r4, r5, r6, pc}
 3145              	.L542:
 3146 0024 2379     		ldrb	r3, [r4, #4]	@ zero_extendqisi2
 3147 0026 012B     		cmp	r3, #1
 3148 0028 F3D1     		bne	.L539
 3149 002a 04F13406 		add	r6, r4, #52
 3150 002e 4FF40072 		mov	r2, #512
 3151 0032 0021     		movs	r1, #0
 3152 0034 3046     		mov	r0, r6
 3153 0036 FFF7FEFF 		bl	mem_set
 3154 003a 4AF65521 		movw	r1, #43605
 3155 003e 04F23220 		addw	r0, r4, #562
 3156 0042 FFF7FEFF 		bl	st_word
 3157 0046 0F49     		ldr	r1, .L543
 3158 0048 3046     		mov	r0, r6
 3159 004a FFF7FEFF 		bl	st_dword
 3160 004e 0E49     		ldr	r1, .L543+4
 3161 0050 04F50670 		add	r0, r4, #536
 3162 0054 FFF7FEFF 		bl	st_dword
ARM GAS  C:\Users\joabk\AppData\Local\Temp\ccqURA6q.s 			page 55


 3163 0058 6169     		ldr	r1, [r4, #20]
 3164 005a 04F50770 		add	r0, r4, #540
 3165 005e FFF7FEFF 		bl	st_dword
 3166 0062 2169     		ldr	r1, [r4, #16]
 3167 0064 04F50870 		add	r0, r4, #544
 3168 0068 FFF7FEFF 		bl	st_dword
 3169 006c 226A     		ldr	r2, [r4, #32]
 3170 006e 0132     		adds	r2, r2, #1
 3171 0070 2263     		str	r2, [r4, #48]
 3172 0072 0123     		movs	r3, #1
 3173 0074 3146     		mov	r1, r6
 3174 0076 6078     		ldrb	r0, [r4, #1]	@ zero_extendqisi2
 3175 0078 FFF7FEFF 		bl	disk_write
 3176 007c 0023     		movs	r3, #0
 3177 007e 2371     		strb	r3, [r4, #4]
 3178 0080 C7E7     		b	.L539
 3179              	.L544:
 3180 0082 00BF     		.align	2
 3181              	.L543:
 3182 0084 52526141 		.word	1096897106
 3183 0088 72724161 		.word	1631679090
 3185              		.section	.text.f_mount,"ax",%progbits
 3186              		.align	1
 3187              		.global	f_mount
 3188              		.syntax unified
 3189              		.thumb
 3190              		.thumb_func
 3192              	f_mount:
 3193              		@ args = 0, pretend = 0, frame = 16
 3194              		@ frame_needed = 0, uses_anonymous_args = 0
 3195 0000 70B5     		push	{r4, r5, r6, lr}
 3196 0002 84B0     		sub	sp, sp, #16
 3197 0004 0190     		str	r0, [sp, #4]
 3198 0006 0091     		str	r1, [sp]
 3199 0008 1646     		mov	r6, r2
 3200 000a 0391     		str	r1, [sp, #12]
 3201 000c 03A8     		add	r0, sp, #12
 3202 000e FFF7FEFF 		bl	get_ldnumber
 3203 0012 041E     		subs	r4, r0, #0
 3204 0014 1CDB     		blt	.L549
 3205 0016 104B     		ldr	r3, .L554
 3206 0018 53F82450 		ldr	r5, [r3, r4, lsl #2]
 3207 001c 25B1     		cbz	r5, .L547
 3208 001e 2846     		mov	r0, r5
 3209 0020 FFF7FEFF 		bl	clear_lock
 3210 0024 0023     		movs	r3, #0
 3211 0026 2B70     		strb	r3, [r5]
 3212              	.L547:
 3213 0028 019B     		ldr	r3, [sp, #4]
 3214 002a 0BB1     		cbz	r3, .L548
 3215 002c 0022     		movs	r2, #0
 3216 002e 1A70     		strb	r2, [r3]
 3217              	.L548:
 3218 0030 019B     		ldr	r3, [sp, #4]
 3219 0032 094A     		ldr	r2, .L554
 3220 0034 42F82430 		str	r3, [r2, r4, lsl #2]
 3221 0038 63B1     		cbz	r3, .L550
ARM GAS  C:\Users\joabk\AppData\Local\Temp\ccqURA6q.s 			page 56


 3222 003a 012E     		cmp	r6, #1
 3223 003c 02D0     		beq	.L553
 3224 003e 0020     		movs	r0, #0
 3225              	.L546:
 3226 0040 04B0     		add	sp, sp, #16
 3227              		@ sp needed
 3228 0042 70BD     		pop	{r4, r5, r6, pc}
 3229              	.L553:
 3230 0044 0022     		movs	r2, #0
 3231 0046 01A9     		add	r1, sp, #4
 3232 0048 6846     		mov	r0, sp
 3233 004a FFF7FEFF 		bl	find_volume
 3234 004e F7E7     		b	.L546
 3235              	.L549:
 3236 0050 0B20     		movs	r0, #11
 3237 0052 F5E7     		b	.L546
 3238              	.L550:
 3239 0054 0020     		movs	r0, #0
 3240 0056 F3E7     		b	.L546
 3241              	.L555:
 3242              		.align	2
 3243              	.L554:
 3244 0058 00000000 		.word	FatFs
 3246              		.section	.text.f_open,"ax",%progbits
 3247              		.align	1
 3248              		.global	f_open
 3249              		.syntax unified
 3250              		.thumb
 3251              		.thumb_func
 3253              	f_open:
 3254              		@ args = 0, pretend = 0, frame = 64
 3255              		@ frame_needed = 0, uses_anonymous_args = 0
 3256 0000 2DE9F043 		push	{r4, r5, r6, r7, r8, r9, lr}
 3257 0004 91B0     		sub	sp, sp, #68
 3258 0006 0191     		str	r1, [sp, #4]
 3259 0008 0028     		cmp	r0, #0
 3260 000a 00F00581 		beq	.L571
 3261 000e 1446     		mov	r4, r2
 3262 0010 0646     		mov	r6, r0
 3263 0012 02F03F07 		and	r7, r2, #63
 3264 0016 3A46     		mov	r2, r7
 3265 0018 02A9     		add	r1, sp, #8
 3266 001a 01A8     		add	r0, sp, #4
 3267 001c FFF7FEFF 		bl	find_volume
 3268 0020 0546     		mov	r5, r0
 3269 0022 28B1     		cbz	r0, .L584
 3270              	.L558:
 3271 0024 0023     		movs	r3, #0
 3272 0026 3360     		str	r3, [r6]
 3273              	.L557:
 3274 0028 2846     		mov	r0, r5
 3275 002a 11B0     		add	sp, sp, #68
 3276              		@ sp needed
 3277 002c BDE8F083 		pop	{r4, r5, r6, r7, r8, r9, pc}
 3278              	.L584:
 3279 0030 029B     		ldr	r3, [sp, #8]
 3280 0032 0393     		str	r3, [sp, #12]
ARM GAS  C:\Users\joabk\AppData\Local\Temp\ccqURA6q.s 			page 57


 3281 0034 0199     		ldr	r1, [sp, #4]
 3282 0036 03A8     		add	r0, sp, #12
 3283 0038 FFF7FEFF 		bl	follow_path
 3284 003c 0546     		mov	r5, r0
 3285 003e 60B9     		cbnz	r0, .L559
 3286 0040 9DF93B30 		ldrsb	r3, [sp, #59]
 3287 0044 002B     		cmp	r3, #0
 3288 0046 52DB     		blt	.L572
 3289 0048 14F03E0F 		tst	r4, #62
 3290 004c 14BF     		ite	ne
 3291 004e 0121     		movne	r1, #1
 3292 0050 0021     		moveq	r1, #0
 3293 0052 03A8     		add	r0, sp, #12
 3294 0054 FFF7FEFF 		bl	chk_lock
 3295 0058 0546     		mov	r5, r0
 3296              	.L559:
 3297 005a 14F01C0F 		tst	r4, #28
 3298 005e 5CD0     		beq	.L560
 3299 0060 002D     		cmp	r5, #0
 3300 0062 50D0     		beq	.L561
 3301 0064 042D     		cmp	r5, #4
 3302 0066 44D0     		beq	.L585
 3303              	.L562:
 3304 0068 47F00807 		orr	r7, r7, #8
 3305              	.L563:
 3306 006c 002D     		cmp	r5, #0
 3307 006e D9D1     		bne	.L558
 3308 0070 17F0080F 		tst	r7, #8
 3309 0074 61D0     		beq	.L564
 3310 0076 FFF7FEFF 		bl	get_fattime
 3311 007a 0446     		mov	r4, r0
 3312 007c 0146     		mov	r1, r0
 3313 007e 0B98     		ldr	r0, [sp, #44]
 3314 0080 0E30     		adds	r0, r0, #14
 3315 0082 FFF7FEFF 		bl	st_dword
 3316 0086 2146     		mov	r1, r4
 3317 0088 0B98     		ldr	r0, [sp, #44]
 3318 008a 1630     		adds	r0, r0, #22
 3319 008c FFF7FEFF 		bl	st_dword
 3320 0090 0B9B     		ldr	r3, [sp, #44]
 3321 0092 2022     		movs	r2, #32
 3322 0094 DA72     		strb	r2, [r3, #11]
 3323 0096 DDF80880 		ldr	r8, [sp, #8]
 3324 009a DDF82C90 		ldr	r9, [sp, #44]
 3325 009e 4946     		mov	r1, r9
 3326 00a0 4046     		mov	r0, r8
 3327 00a2 FFF7FEFF 		bl	ld_clust
 3328 00a6 0446     		mov	r4, r0
 3329 00a8 0022     		movs	r2, #0
 3330 00aa 4946     		mov	r1, r9
 3331 00ac 4046     		mov	r0, r8
 3332 00ae FFF7FEFF 		bl	st_clust
 3333 00b2 0021     		movs	r1, #0
 3334 00b4 0B98     		ldr	r0, [sp, #44]
 3335 00b6 1C30     		adds	r0, r0, #28
 3336 00b8 FFF7FEFF 		bl	st_dword
 3337 00bc 029B     		ldr	r3, [sp, #8]
ARM GAS  C:\Users\joabk\AppData\Local\Temp\ccqURA6q.s 			page 58


 3338 00be 0122     		movs	r2, #1
 3339 00c0 DA70     		strb	r2, [r3, #3]
 3340 00c2 002C     		cmp	r4, #0
 3341 00c4 39D0     		beq	.L564
 3342 00c6 029B     		ldr	r3, [sp, #8]
 3343 00c8 D3F83080 		ldr	r8, [r3, #48]
 3344 00cc 0022     		movs	r2, #0
 3345 00ce 2146     		mov	r1, r4
 3346 00d0 03A8     		add	r0, sp, #12
 3347 00d2 FFF7FEFF 		bl	remove_chain
 3348 00d6 0546     		mov	r5, r0
 3349 00d8 0028     		cmp	r0, #0
 3350 00da A3D1     		bne	.L558
 3351 00dc 4146     		mov	r1, r8
 3352 00de 0298     		ldr	r0, [sp, #8]
 3353 00e0 FFF7FEFF 		bl	move_window
 3354 00e4 0546     		mov	r5, r0
 3355 00e6 013C     		subs	r4, r4, #1
 3356 00e8 029B     		ldr	r3, [sp, #8]
 3357 00ea 1C61     		str	r4, [r3, #16]
 3358 00ec 25E0     		b	.L564
 3359              	.L572:
 3360 00ee 0625     		movs	r5, #6
 3361 00f0 B3E7     		b	.L559
 3362              	.L585:
 3363 00f2 FFF7FEFF 		bl	enq_lock
 3364 00f6 08B9     		cbnz	r0, .L586
 3365 00f8 1225     		movs	r5, #18
 3366 00fa B5E7     		b	.L562
 3367              	.L586:
 3368 00fc 03A8     		add	r0, sp, #12
 3369 00fe FFF7FEFF 		bl	dir_register
 3370 0102 0546     		mov	r5, r0
 3371 0104 B0E7     		b	.L562
 3372              	.L561:
 3373 0106 9DF81230 		ldrb	r3, [sp, #18]	@ zero_extendqisi2
 3374 010a 13F0110F 		tst	r3, #17
 3375 010e 13D1     		bne	.L574
 3376 0110 14F0040F 		tst	r4, #4
 3377 0114 AAD0     		beq	.L563
 3378 0116 0825     		movs	r5, #8
 3379 0118 84E7     		b	.L558
 3380              	.L560:
 3381 011a 002D     		cmp	r5, #0
 3382 011c 82D1     		bne	.L558
 3383 011e 9DF81230 		ldrb	r3, [sp, #18]	@ zero_extendqisi2
 3384 0122 13F0100F 		tst	r3, #16
 3385 0126 73D1     		bne	.L576
 3386 0128 14F0020F 		tst	r4, #2
 3387 012c 05D0     		beq	.L564
 3388 012e 13F0010F 		tst	r3, #1
 3389 0132 02D0     		beq	.L564
 3390 0134 0725     		movs	r5, #7
 3391 0136 75E7     		b	.L558
 3392              	.L574:
 3393 0138 0725     		movs	r5, #7
 3394              	.L564:
ARM GAS  C:\Users\joabk\AppData\Local\Temp\ccqURA6q.s 			page 59


 3395 013a 002D     		cmp	r5, #0
 3396 013c 7FF472AF 		bne	.L558
 3397 0140 17F0080F 		tst	r7, #8
 3398 0144 01D0     		beq	.L565
 3399 0146 47F04007 		orr	r7, r7, #64
 3400              	.L565:
 3401 014a 029B     		ldr	r3, [sp, #8]
 3402 014c 1B6B     		ldr	r3, [r3, #48]
 3403 014e 7362     		str	r3, [r6, #36]
 3404 0150 0B9B     		ldr	r3, [sp, #44]
 3405 0152 B362     		str	r3, [r6, #40]
 3406 0154 012F     		cmp	r7, #1
 3407 0156 94BF     		ite	ls
 3408 0158 0021     		movls	r1, #0
 3409 015a 0121     		movhi	r1, #1
 3410 015c 03A8     		add	r0, sp, #12
 3411 015e FFF7FEFF 		bl	inc_lock
 3412 0162 3061     		str	r0, [r6, #16]
 3413 0164 08B9     		cbnz	r0, .L587
 3414 0166 0225     		movs	r5, #2
 3415 0168 5CE7     		b	.L558
 3416              	.L587:
 3417 016a 029C     		ldr	r4, [sp, #8]
 3418 016c DDF82C80 		ldr	r8, [sp, #44]
 3419 0170 4146     		mov	r1, r8
 3420 0172 2046     		mov	r0, r4
 3421 0174 FFF7FEFF 		bl	ld_clust
 3422 0178 B060     		str	r0, [r6, #8]
 3423 017a 08F11C00 		add	r0, r8, #28
 3424 017e FFF7FEFF 		bl	ld_dword
 3425 0182 F060     		str	r0, [r6, #12]
 3426 0184 0021     		movs	r1, #0
 3427 0186 F162     		str	r1, [r6, #44]
 3428 0188 3460     		str	r4, [r6]
 3429 018a E388     		ldrh	r3, [r4, #6]
 3430 018c B380     		strh	r3, [r6, #4]	@ movhi
 3431 018e 3775     		strb	r7, [r6, #20]
 3432 0190 7175     		strb	r1, [r6, #21]
 3433 0192 3162     		str	r1, [r6, #32]
 3434 0194 B161     		str	r1, [r6, #24]
 3435 0196 06F13008 		add	r8, r6, #48
 3436 019a 4FF40072 		mov	r2, #512
 3437 019e 4046     		mov	r0, r8
 3438 01a0 FFF7FEFF 		bl	mem_set
 3439 01a4 17F0200F 		tst	r7, #32
 3440 01a8 2ED0     		beq	.L566
 3441 01aa F468     		ldr	r4, [r6, #12]
 3442 01ac 64B3     		cbz	r4, .L566
 3443 01ae B461     		str	r4, [r6, #24]
 3444 01b0 029B     		ldr	r3, [sp, #8]
 3445 01b2 5F89     		ldrh	r7, [r3, #10]
 3446 01b4 7F02     		lsls	r7, r7, #9
 3447 01b6 B168     		ldr	r1, [r6, #8]
 3448 01b8 01E0     		b	.L567
 3449              	.L579:
 3450 01ba 0225     		movs	r5, #2
 3451              	.L568:
ARM GAS  C:\Users\joabk\AppData\Local\Temp\ccqURA6q.s 			page 60


 3452 01bc E41B     		subs	r4, r4, r7
 3453              	.L567:
 3454 01be 65B9     		cbnz	r5, .L569
 3455 01c0 BC42     		cmp	r4, r7
 3456 01c2 0AD9     		bls	.L569
 3457 01c4 3046     		mov	r0, r6
 3458 01c6 FFF7FEFF 		bl	get_fat
 3459 01ca 0146     		mov	r1, r0
 3460 01cc 0128     		cmp	r0, #1
 3461 01ce F4D9     		bls	.L579
 3462 01d0 B0F1FF3F 		cmp	r0, #-1
 3463 01d4 F2D1     		bne	.L568
 3464 01d6 0125     		movs	r5, #1
 3465 01d8 F0E7     		b	.L568
 3466              	.L569:
 3467 01da F161     		str	r1, [r6, #28]
 3468 01dc 002D     		cmp	r5, #0
 3469 01de 7FF421AF 		bne	.L558
 3470 01e2 C4F30803 		ubfx	r3, r4, #0, #9
 3471 01e6 7BB1     		cbz	r3, .L566
 3472 01e8 029F     		ldr	r7, [sp, #8]
 3473 01ea 3846     		mov	r0, r7
 3474 01ec FFF7FEFF 		bl	clust2sect
 3475 01f0 08B9     		cbnz	r0, .L588
 3476 01f2 0225     		movs	r5, #2
 3477 01f4 16E7     		b	.L558
 3478              	.L588:
 3479 01f6 00EB5422 		add	r2, r0, r4, lsr #9
 3480 01fa 3262     		str	r2, [r6, #32]
 3481 01fc 0123     		movs	r3, #1
 3482 01fe 4146     		mov	r1, r8
 3483 0200 7878     		ldrb	r0, [r7, #1]	@ zero_extendqisi2
 3484 0202 FFF7FEFF 		bl	disk_read
 3485 0206 28B9     		cbnz	r0, .L582
 3486              	.L566:
 3487 0208 002D     		cmp	r5, #0
 3488 020a 3FF40DAF 		beq	.L557
 3489 020e 09E7     		b	.L558
 3490              	.L576:
 3491 0210 0425     		movs	r5, #4
 3492 0212 07E7     		b	.L558
 3493              	.L582:
 3494 0214 0125     		movs	r5, #1
 3495 0216 05E7     		b	.L558
 3496              	.L571:
 3497 0218 0925     		movs	r5, #9
 3498 021a 05E7     		b	.L557
 3500              		.section	.text.f_read,"ax",%progbits
 3501              		.align	1
 3502              		.global	f_read
 3503              		.syntax unified
 3504              		.thumb
 3505              		.thumb_func
 3507              	f_read:
 3508              		@ args = 0, pretend = 0, frame = 16
 3509              		@ frame_needed = 0, uses_anonymous_args = 0
 3510 0000 2DE9F04F 		push	{r4, r5, r6, r7, r8, r9, r10, fp, lr}
ARM GAS  C:\Users\joabk\AppData\Local\Temp\ccqURA6q.s 			page 61


 3511 0004 85B0     		sub	sp, sp, #20
 3512 0006 0446     		mov	r4, r0
 3513 0008 0E46     		mov	r6, r1
 3514 000a 1746     		mov	r7, r2
 3515 000c 9846     		mov	r8, r3
 3516 000e 0023     		movs	r3, #0
 3517 0010 C8F80030 		str	r3, [r8]
 3518 0014 03A9     		add	r1, sp, #12
 3519 0016 FFF7FEFF 		bl	validate
 3520 001a 0190     		str	r0, [sp, #4]
 3521 001c 0028     		cmp	r0, #0
 3522 001e 40F0AE80 		bne	.L592
 3523 0022 637D     		ldrb	r3, [r4, #21]	@ zero_extendqisi2
 3524 0024 0193     		str	r3, [sp, #4]
 3525 0026 002B     		cmp	r3, #0
 3526 0028 40F0A980 		bne	.L592
 3527 002c 237D     		ldrb	r3, [r4, #20]	@ zero_extendqisi2
 3528 002e 13F0010F 		tst	r3, #1
 3529 0032 00F0C380 		beq	.L614
 3530 0036 E568     		ldr	r5, [r4, #12]
 3531 0038 A369     		ldr	r3, [r4, #24]
 3532 003a ED1A     		subs	r5, r5, r3
 3533 003c BD42     		cmp	r5, r7
 3534 003e 62D3     		bcc	.L612
 3535 0040 3D46     		mov	r5, r7
 3536 0042 60E0     		b	.L612
 3537              	.L597:
 3538 0044 E36A     		ldr	r3, [r4, #44]
 3539 0046 1BB1     		cbz	r3, .L599
 3540 0048 2046     		mov	r0, r4
 3541 004a FFF7FEFF 		bl	clmt_clust
 3542 004e 6AE0     		b	.L598
 3543              	.L599:
 3544 0050 E169     		ldr	r1, [r4, #28]
 3545 0052 2046     		mov	r0, r4
 3546 0054 FFF7FEFF 		bl	get_fat
 3547 0058 65E0     		b	.L598
 3548              	.L621:
 3549 005a 4FF0020A 		mov	r10, #2
 3550 005e 84F815A0 		strb	r10, [r4, #21]
 3551 0062 CDF804A0 		str	r10, [sp, #4]
 3552 0066 8AE0     		b	.L592
 3553              	.L622:
 3554 0068 4FF0010A 		mov	r10, #1
 3555 006c 84F815A0 		strb	r10, [r4, #21]
 3556 0070 CDF804A0 		str	r10, [sp, #4]
 3557 0074 83E0     		b	.L592
 3558              	.L623:
 3559 0076 4FF0020A 		mov	r10, #2
 3560 007a 84F815A0 		strb	r10, [r4, #21]
 3561 007e CDF804A0 		str	r10, [sp, #4]
 3562 0082 7CE0     		b	.L592
 3563              	.L605:
 3564 0084 94F91430 		ldrsb	r3, [r4, #20]
 3565 0088 002B     		cmp	r3, #0
 3566 008a 02DB     		blt	.L618
 3567              	.L606:
ARM GAS  C:\Users\joabk\AppData\Local\Temp\ccqURA6q.s 			page 62


 3568 008c 4FEA4A27 		lsl	r7, r10, #9
 3569 0090 2FE0     		b	.L607
 3570              	.L618:
 3571 0092 206A     		ldr	r0, [r4, #32]
 3572 0094 A0EB0900 		sub	r0, r0, r9
 3573 0098 5045     		cmp	r0, r10
 3574 009a F7D2     		bcs	.L606
 3575 009c 4FF40072 		mov	r2, #512
 3576 00a0 04F13001 		add	r1, r4, #48
 3577 00a4 06EB4020 		add	r0, r6, r0, lsl #9
 3578 00a8 FFF7FEFF 		bl	mem_cpy
 3579 00ac EEE7     		b	.L606
 3580              	.L603:
 3581 00ae 226A     		ldr	r2, [r4, #32]
 3582 00b0 4A45     		cmp	r2, r9
 3583 00b2 0DD0     		beq	.L608
 3584 00b4 94F91430 		ldrsb	r3, [r4, #20]
 3585 00b8 002B     		cmp	r3, #0
 3586 00ba 64DB     		blt	.L619
 3587              	.L609:
 3588 00bc 0123     		movs	r3, #1
 3589 00be 4A46     		mov	r2, r9
 3590 00c0 04F13001 		add	r1, r4, #48
 3591 00c4 0398     		ldr	r0, [sp, #12]
 3592 00c6 4078     		ldrb	r0, [r0, #1]	@ zero_extendqisi2
 3593 00c8 FFF7FEFF 		bl	disk_read
 3594 00cc 0028     		cmp	r0, #0
 3595 00ce 6ED1     		bne	.L620
 3596              	.L608:
 3597 00d0 C4F82090 		str	r9, [r4, #32]
 3598              	.L595:
 3599 00d4 A369     		ldr	r3, [r4, #24]
 3600 00d6 C3F30803 		ubfx	r3, r3, #0, #9
 3601 00da C3F50077 		rsb	r7, r3, #512
 3602 00de BD42     		cmp	r5, r7
 3603 00e0 00D2     		bcs	.L611
 3604 00e2 2F46     		mov	r7, r5
 3605              	.L611:
 3606 00e4 04F13001 		add	r1, r4, #48
 3607 00e8 3A46     		mov	r2, r7
 3608 00ea 1944     		add	r1, r1, r3
 3609 00ec 3046     		mov	r0, r6
 3610 00ee FFF7FEFF 		bl	mem_cpy
 3611              	.L607:
 3612 00f2 3E44     		add	r6, r6, r7
 3613 00f4 A369     		ldr	r3, [r4, #24]
 3614 00f6 3B44     		add	r3, r3, r7
 3615 00f8 A361     		str	r3, [r4, #24]
 3616 00fa D8F80030 		ldr	r3, [r8]
 3617 00fe 3B44     		add	r3, r3, r7
 3618 0100 C8F80030 		str	r3, [r8]
 3619 0104 ED1B     		subs	r5, r5, r7
 3620              	.L612:
 3621 0106 002D     		cmp	r5, #0
 3622 0108 39D0     		beq	.L592
 3623 010a A169     		ldr	r1, [r4, #24]
 3624 010c C1F30803 		ubfx	r3, r1, #0, #9
ARM GAS  C:\Users\joabk\AppData\Local\Temp\ccqURA6q.s 			page 63


 3625 0110 002B     		cmp	r3, #0
 3626 0112 DFD1     		bne	.L595
 3627 0114 039B     		ldr	r3, [sp, #12]
 3628 0116 5F89     		ldrh	r7, [r3, #10]
 3629 0118 013F     		subs	r7, r7, #1
 3630 011a 17EA5127 		ands	r7, r7, r1, lsr #9
 3631 011e 08D1     		bne	.L596
 3632 0120 0029     		cmp	r1, #0
 3633 0122 8FD1     		bne	.L597
 3634 0124 A068     		ldr	r0, [r4, #8]
 3635              	.L598:
 3636 0126 0128     		cmp	r0, #1
 3637 0128 97D9     		bls	.L621
 3638 012a B0F1FF3F 		cmp	r0, #-1
 3639 012e 9BD0     		beq	.L622
 3640 0130 E061     		str	r0, [r4, #28]
 3641              	.L596:
 3642 0132 DDF80CB0 		ldr	fp, [sp, #12]
 3643 0136 E169     		ldr	r1, [r4, #28]
 3644 0138 5846     		mov	r0, fp
 3645 013a FFF7FEFF 		bl	clust2sect
 3646 013e 8146     		mov	r9, r0
 3647 0140 0028     		cmp	r0, #0
 3648 0142 98D0     		beq	.L623
 3649 0144 B944     		add	r9, r9, r7
 3650 0146 4FEA552A 		lsr	r10, r5, #9
 3651 014a B5F5007F 		cmp	r5, #512
 3652 014e AED3     		bcc	.L603
 3653 0150 07EB0A03 		add	r3, r7, r10
 3654 0154 BBF80A20 		ldrh	r2, [fp, #10]
 3655 0158 9342     		cmp	r3, r2
 3656 015a 01D9     		bls	.L604
 3657 015c A2EB070A 		sub	r10, r2, r7
 3658              	.L604:
 3659 0160 5346     		mov	r3, r10
 3660 0162 4A46     		mov	r2, r9
 3661 0164 3146     		mov	r1, r6
 3662 0166 9BF80100 		ldrb	r0, [fp, #1]	@ zero_extendqisi2
 3663 016a FFF7FEFF 		bl	disk_read
 3664 016e 0028     		cmp	r0, #0
 3665 0170 88D0     		beq	.L605
 3666 0172 4FF0010A 		mov	r10, #1
 3667 0176 84F815A0 		strb	r10, [r4, #21]
 3668 017a CDF804A0 		str	r10, [sp, #4]
 3669              	.L592:
 3670 017e 0198     		ldr	r0, [sp, #4]
 3671 0180 05B0     		add	sp, sp, #20
 3672              		@ sp needed
 3673 0182 BDE8F08F 		pop	{r4, r5, r6, r7, r8, r9, r10, fp, pc}
 3674              	.L619:
 3675 0186 0123     		movs	r3, #1
 3676 0188 04F13001 		add	r1, r4, #48
 3677 018c 9BF80100 		ldrb	r0, [fp, #1]	@ zero_extendqisi2
 3678 0190 FFF7FEFF 		bl	disk_write
 3679 0194 20B9     		cbnz	r0, .L624
 3680 0196 237D     		ldrb	r3, [r4, #20]	@ zero_extendqisi2
 3681 0198 03F07F03 		and	r3, r3, #127
ARM GAS  C:\Users\joabk\AppData\Local\Temp\ccqURA6q.s 			page 64


 3682 019c 2375     		strb	r3, [r4, #20]
 3683 019e 8DE7     		b	.L609
 3684              	.L624:
 3685 01a0 4FF0010A 		mov	r10, #1
 3686 01a4 84F815A0 		strb	r10, [r4, #21]
 3687 01a8 CDF804A0 		str	r10, [sp, #4]
 3688 01ac E7E7     		b	.L592
 3689              	.L620:
 3690 01ae 4FF0010A 		mov	r10, #1
 3691 01b2 84F815A0 		strb	r10, [r4, #21]
 3692 01b6 CDF804A0 		str	r10, [sp, #4]
 3693 01ba E0E7     		b	.L592
 3694              	.L614:
 3695 01bc 0723     		movs	r3, #7
 3696 01be 0193     		str	r3, [sp, #4]
 3697 01c0 DDE7     		b	.L592
 3699              		.section	.text.f_write,"ax",%progbits
 3700              		.align	1
 3701              		.global	f_write
 3702              		.syntax unified
 3703              		.thumb
 3704              		.thumb_func
 3706              	f_write:
 3707              		@ args = 0, pretend = 0, frame = 16
 3708              		@ frame_needed = 0, uses_anonymous_args = 0
 3709 0000 2DE9F04F 		push	{r4, r5, r6, r7, r8, r9, r10, fp, lr}
 3710 0004 85B0     		sub	sp, sp, #20
 3711 0006 0446     		mov	r4, r0
 3712 0008 0E46     		mov	r6, r1
 3713 000a 1546     		mov	r5, r2
 3714 000c 9846     		mov	r8, r3
 3715 000e 0023     		movs	r3, #0
 3716 0010 C8F80030 		str	r3, [r8]
 3717 0014 03A9     		add	r1, sp, #12
 3718 0016 FFF7FEFF 		bl	validate
 3719 001a 0190     		str	r0, [sp, #4]
 3720 001c 0028     		cmp	r0, #0
 3721 001e 49D1     		bne	.L628
 3722 0020 637D     		ldrb	r3, [r4, #21]	@ zero_extendqisi2
 3723 0022 0193     		str	r3, [sp, #4]
 3724 0024 002B     		cmp	r3, #0
 3725 0026 45D1     		bne	.L628
 3726 0028 237D     		ldrb	r3, [r4, #20]	@ zero_extendqisi2
 3727 002a 13F0020F 		tst	r3, #2
 3728 002e 00F0E280 		beq	.L651
 3729 0032 A369     		ldr	r3, [r4, #24]
 3730 0034 EB42     		cmn	r3, r5
 3731 0036 C0F0B080 		bcc	.L649
 3732 003a DD43     		mvns	r5, r3
 3733 003c ADE0     		b	.L649
 3734              	.L632:
 3735 003e E36A     		ldr	r3, [r4, #44]
 3736 0040 002B     		cmp	r3, #0
 3737 0042 3BD0     		beq	.L635
 3738 0044 2046     		mov	r0, r4
 3739 0046 FFF7FEFF 		bl	clmt_clust
 3740              	.L634:
ARM GAS  C:\Users\joabk\AppData\Local\Temp\ccqURA6q.s 			page 65


 3741 004a 0028     		cmp	r0, #0
 3742 004c 00F0CE80 		beq	.L636
 3743              	.L633:
 3744 0050 0128     		cmp	r0, #1
 3745 0052 38D0     		beq	.L654
 3746 0054 B0F1FF3F 		cmp	r0, #-1
 3747 0058 3CD0     		beq	.L655
 3748 005a E061     		str	r0, [r4, #28]
 3749 005c A368     		ldr	r3, [r4, #8]
 3750 005e 03B9     		cbnz	r3, .L631
 3751 0060 A060     		str	r0, [r4, #8]
 3752              	.L631:
 3753 0062 94F91430 		ldrsb	r3, [r4, #20]
 3754 0066 002B     		cmp	r3, #0
 3755 0068 3BDB     		blt	.L656
 3756              	.L639:
 3757 006a DDF80CB0 		ldr	fp, [sp, #12]
 3758 006e E169     		ldr	r1, [r4, #28]
 3759 0070 5846     		mov	r0, fp
 3760 0072 FFF7FEFF 		bl	clust2sect
 3761 0076 8146     		mov	r9, r0
 3762 0078 0028     		cmp	r0, #0
 3763 007a 47D0     		beq	.L657
 3764 007c B944     		add	r9, r9, r7
 3765 007e 4FEA552A 		lsr	r10, r5, #9
 3766 0082 B5F5007F 		cmp	r5, #512
 3767 0086 5DD3     		bcc	.L642
 3768 0088 07EB0A03 		add	r3, r7, r10
 3769 008c BBF80A20 		ldrh	r2, [fp, #10]
 3770 0090 9342     		cmp	r3, r2
 3771 0092 01D9     		bls	.L643
 3772 0094 A2EB070A 		sub	r10, r2, r7
 3773              	.L643:
 3774 0098 5346     		mov	r3, r10
 3775 009a 4A46     		mov	r2, r9
 3776 009c 3146     		mov	r1, r6
 3777 009e 9BF80100 		ldrb	r0, [fp, #1]	@ zero_extendqisi2
 3778 00a2 FFF7FEFF 		bl	disk_write
 3779 00a6 C0B3     		cbz	r0, .L644
 3780 00a8 4FF0010A 		mov	r10, #1
 3781 00ac 84F815A0 		strb	r10, [r4, #21]
 3782 00b0 CDF804A0 		str	r10, [sp, #4]
 3783              	.L628:
 3784 00b4 0198     		ldr	r0, [sp, #4]
 3785 00b6 05B0     		add	sp, sp, #20
 3786              		@ sp needed
 3787 00b8 BDE8F08F 		pop	{r4, r5, r6, r7, r8, r9, r10, fp, pc}
 3788              	.L635:
 3789 00bc E169     		ldr	r1, [r4, #28]
 3790 00be 2046     		mov	r0, r4
 3791 00c0 FFF7FEFF 		bl	create_chain
 3792 00c4 C1E7     		b	.L634
 3793              	.L654:
 3794 00c6 4FF0020A 		mov	r10, #2
 3795 00ca 84F815A0 		strb	r10, [r4, #21]
 3796 00ce CDF804A0 		str	r10, [sp, #4]
 3797 00d2 EFE7     		b	.L628
ARM GAS  C:\Users\joabk\AppData\Local\Temp\ccqURA6q.s 			page 66


 3798              	.L655:
 3799 00d4 4FF0010A 		mov	r10, #1
 3800 00d8 84F815A0 		strb	r10, [r4, #21]
 3801 00dc CDF804A0 		str	r10, [sp, #4]
 3802 00e0 E8E7     		b	.L628
 3803              	.L656:
 3804 00e2 0123     		movs	r3, #1
 3805 00e4 226A     		ldr	r2, [r4, #32]
 3806 00e6 04F13001 		add	r1, r4, #48
 3807 00ea 0398     		ldr	r0, [sp, #12]
 3808 00ec 4078     		ldrb	r0, [r0, #1]	@ zero_extendqisi2
 3809 00ee FFF7FEFF 		bl	disk_write
 3810 00f2 20B9     		cbnz	r0, .L658
 3811 00f4 237D     		ldrb	r3, [r4, #20]	@ zero_extendqisi2
 3812 00f6 03F07F03 		and	r3, r3, #127
 3813 00fa 2375     		strb	r3, [r4, #20]
 3814 00fc B5E7     		b	.L639
 3815              	.L658:
 3816 00fe 4FF0010A 		mov	r10, #1
 3817 0102 84F815A0 		strb	r10, [r4, #21]
 3818 0106 CDF804A0 		str	r10, [sp, #4]
 3819 010a D3E7     		b	.L628
 3820              	.L657:
 3821 010c 4FF0020A 		mov	r10, #2
 3822 0110 84F815A0 		strb	r10, [r4, #21]
 3823 0114 CDF804A0 		str	r10, [sp, #4]
 3824 0118 CCE7     		b	.L628
 3825              	.L644:
 3826 011a 216A     		ldr	r1, [r4, #32]
 3827 011c A1EB0901 		sub	r1, r1, r9
 3828 0120 5145     		cmp	r1, r10
 3829 0122 02D3     		bcc	.L659
 3830              	.L645:
 3831 0124 4FEA4A27 		lsl	r7, r10, #9
 3832 0128 28E0     		b	.L646
 3833              	.L659:
 3834 012a 4FF40072 		mov	r2, #512
 3835 012e 06EB4121 		add	r1, r6, r1, lsl #9
 3836 0132 04F13000 		add	r0, r4, #48
 3837 0136 FFF7FEFF 		bl	mem_cpy
 3838 013a 237D     		ldrb	r3, [r4, #20]	@ zero_extendqisi2
 3839 013c 03F07F03 		and	r3, r3, #127
 3840 0140 2375     		strb	r3, [r4, #20]
 3841 0142 EFE7     		b	.L645
 3842              	.L642:
 3843 0144 236A     		ldr	r3, [r4, #32]
 3844 0146 4B45     		cmp	r3, r9
 3845 0148 03D0     		beq	.L647
 3846 014a A269     		ldr	r2, [r4, #24]
 3847 014c E368     		ldr	r3, [r4, #12]
 3848 014e 9A42     		cmp	r2, r3
 3849 0150 3BD3     		bcc	.L660
 3850              	.L647:
 3851 0152 C4F82090 		str	r9, [r4, #32]
 3852              	.L630:
 3853 0156 A369     		ldr	r3, [r4, #24]
 3854 0158 C3F30803 		ubfx	r3, r3, #0, #9
ARM GAS  C:\Users\joabk\AppData\Local\Temp\ccqURA6q.s 			page 67


 3855 015c C3F50077 		rsb	r7, r3, #512
 3856 0160 BD42     		cmp	r5, r7
 3857 0162 00D2     		bcs	.L648
 3858 0164 2F46     		mov	r7, r5
 3859              	.L648:
 3860 0166 04F13000 		add	r0, r4, #48
 3861 016a 3A46     		mov	r2, r7
 3862 016c 3146     		mov	r1, r6
 3863 016e 1844     		add	r0, r0, r3
 3864 0170 FFF7FEFF 		bl	mem_cpy
 3865 0174 237D     		ldrb	r3, [r4, #20]	@ zero_extendqisi2
 3866 0176 63F07F03 		orn	r3, r3, #127
 3867 017a 2375     		strb	r3, [r4, #20]
 3868              	.L646:
 3869 017c 3E44     		add	r6, r6, r7
 3870 017e A369     		ldr	r3, [r4, #24]
 3871 0180 3B44     		add	r3, r3, r7
 3872 0182 A361     		str	r3, [r4, #24]
 3873 0184 E268     		ldr	r2, [r4, #12]
 3874 0186 9342     		cmp	r3, r2
 3875 0188 38BF     		it	cc
 3876 018a 1346     		movcc	r3, r2
 3877 018c E360     		str	r3, [r4, #12]
 3878 018e D8F80030 		ldr	r3, [r8]
 3879 0192 3B44     		add	r3, r3, r7
 3880 0194 C8F80030 		str	r3, [r8]
 3881 0198 ED1B     		subs	r5, r5, r7
 3882              	.L649:
 3883 019a 3DB3     		cbz	r5, .L636
 3884 019c A169     		ldr	r1, [r4, #24]
 3885 019e C1F30803 		ubfx	r3, r1, #0, #9
 3886 01a2 002B     		cmp	r3, #0
 3887 01a4 D7D1     		bne	.L630
 3888 01a6 039B     		ldr	r3, [sp, #12]
 3889 01a8 5F89     		ldrh	r7, [r3, #10]
 3890 01aa 013F     		subs	r7, r7, #1
 3891 01ac 17EA5127 		ands	r7, r7, r1, lsr #9
 3892 01b0 7FF457AF 		bne	.L631
 3893 01b4 0029     		cmp	r1, #0
 3894 01b6 7FF442AF 		bne	.L632
 3895 01ba A068     		ldr	r0, [r4, #8]
 3896 01bc 0028     		cmp	r0, #0
 3897 01be 7FF447AF 		bne	.L633
 3898 01c2 2046     		mov	r0, r4
 3899 01c4 FFF7FEFF 		bl	create_chain
 3900 01c8 3FE7     		b	.L634
 3901              	.L660:
 3902 01ca 0123     		movs	r3, #1
 3903 01cc 4A46     		mov	r2, r9
 3904 01ce 04F13001 		add	r1, r4, #48
 3905 01d2 9BF80100 		ldrb	r0, [fp, #1]	@ zero_extendqisi2
 3906 01d6 FFF7FEFF 		bl	disk_read
 3907 01da 0028     		cmp	r0, #0
 3908 01dc B9D0     		beq	.L647
 3909 01de 4FF0010A 		mov	r10, #1
 3910 01e2 84F815A0 		strb	r10, [r4, #21]
 3911 01e6 CDF804A0 		str	r10, [sp, #4]
ARM GAS  C:\Users\joabk\AppData\Local\Temp\ccqURA6q.s 			page 68


 3912 01ea 63E7     		b	.L628
 3913              	.L636:
 3914 01ec 237D     		ldrb	r3, [r4, #20]	@ zero_extendqisi2
 3915 01ee 43F04003 		orr	r3, r3, #64
 3916 01f2 2375     		strb	r3, [r4, #20]
 3917 01f4 5EE7     		b	.L628
 3918              	.L651:
 3919 01f6 0723     		movs	r3, #7
 3920 01f8 0193     		str	r3, [sp, #4]
 3921 01fa 5BE7     		b	.L628
 3923              		.section	.text.putc_bfd,"ax",%progbits
 3924              		.align	1
 3925              		.syntax unified
 3926              		.thumb
 3927              		.thumb_func
 3929              	putc_bfd:
 3930              		@ args = 0, pretend = 0, frame = 8
 3931              		@ frame_needed = 0, uses_anonymous_args = 0
 3932 0000 70B5     		push	{r4, r5, r6, lr}
 3933 0002 82B0     		sub	sp, sp, #8
 3934 0004 0446     		mov	r4, r0
 3935 0006 0D46     		mov	r5, r1
 3936 0008 0A29     		cmp	r1, #10
 3937 000a 0DD0     		beq	.L668
 3938              	.L662:
 3939 000c 6368     		ldr	r3, [r4, #4]
 3940 000e 002B     		cmp	r3, #0
 3941 0010 08DB     		blt	.L661
 3942 0012 5E1C     		adds	r6, r3, #1
 3943 0014 2344     		add	r3, r3, r4
 3944 0016 1D73     		strb	r5, [r3, #12]
 3945 0018 3C2E     		cmp	r6, #60
 3946 001a 09DC     		bgt	.L669
 3947              	.L665:
 3948 001c 6660     		str	r6, [r4, #4]
 3949 001e A368     		ldr	r3, [r4, #8]
 3950 0020 0133     		adds	r3, r3, #1
 3951 0022 A360     		str	r3, [r4, #8]
 3952              	.L661:
 3953 0024 02B0     		add	sp, sp, #8
 3954              		@ sp needed
 3955 0026 70BD     		pop	{r4, r5, r6, pc}
 3956              	.L668:
 3957 0028 0D21     		movs	r1, #13
 3958 002a FFF7E9FF 		bl	putc_bfd
 3959 002e EDE7     		b	.L662
 3960              	.L669:
 3961 0030 2146     		mov	r1, r4
 3962 0032 51F80C0B 		ldr	r0, [r1], #12
 3963 0036 01AB     		add	r3, sp, #4
 3964 0038 3246     		mov	r2, r6
 3965 003a FFF7FEFF 		bl	f_write
 3966 003e 019B     		ldr	r3, [sp, #4]
 3967 0040 9E42     		cmp	r6, r3
 3968 0042 02D0     		beq	.L670
 3969 0044 4FF0FF36 		mov	r6, #-1
 3970 0048 E8E7     		b	.L665
ARM GAS  C:\Users\joabk\AppData\Local\Temp\ccqURA6q.s 			page 69


 3971              	.L670:
 3972 004a 0026     		movs	r6, #0
 3973 004c E6E7     		b	.L665
 3975              		.section	.text.putc_flush,"ax",%progbits
 3976              		.align	1
 3977              		.syntax unified
 3978              		.thumb
 3979              		.thumb_func
 3981              	putc_flush:
 3982              		@ args = 0, pretend = 0, frame = 8
 3983              		@ frame_needed = 0, uses_anonymous_args = 0
 3984 0000 4268     		ldr	r2, [r0, #4]
 3985 0002 002A     		cmp	r2, #0
 3986 0004 10DB     		blt	.L673
 3987 0006 10B5     		push	{r4, lr}
 3988 0008 82B0     		sub	sp, sp, #8
 3989 000a 0446     		mov	r4, r0
 3990 000c 0146     		mov	r1, r0
 3991 000e 51F80C0B 		ldr	r0, [r1], #12
 3992 0012 01AB     		add	r3, sp, #4
 3993 0014 FFF7FEFF 		bl	f_write
 3994 0018 48B9     		cbnz	r0, .L674
 3995 001a 6268     		ldr	r2, [r4, #4]
 3996 001c 019B     		ldr	r3, [sp, #4]
 3997 001e 9A42     		cmp	r2, r3
 3998 0020 08D1     		bne	.L675
 3999 0022 A068     		ldr	r0, [r4, #8]
 4000              	.L671:
 4001 0024 02B0     		add	sp, sp, #8
 4002              		@ sp needed
 4003 0026 10BD     		pop	{r4, pc}
 4004              	.L673:
 4005 0028 4FF0FF30 		mov	r0, #-1
 4006 002c 7047     		bx	lr
 4007              	.L674:
 4008 002e 4FF0FF30 		mov	r0, #-1
 4009 0032 F7E7     		b	.L671
 4010              	.L675:
 4011 0034 4FF0FF30 		mov	r0, #-1
 4012 0038 F4E7     		b	.L671
 4014              		.section	.text.f_sync,"ax",%progbits
 4015              		.align	1
 4016              		.global	f_sync
 4017              		.syntax unified
 4018              		.thumb
 4019              		.thumb_func
 4021              	f_sync:
 4022              		@ args = 0, pretend = 0, frame = 8
 4023              		@ frame_needed = 0, uses_anonymous_args = 0
 4024 0000 70B5     		push	{r4, r5, r6, lr}
 4025 0002 82B0     		sub	sp, sp, #8
 4026 0004 0446     		mov	r4, r0
 4027 0006 01A9     		add	r1, sp, #4
 4028 0008 FFF7FEFF 		bl	validate
 4029 000c 70B9     		cbnz	r0, .L681
 4030 000e 237D     		ldrb	r3, [r4, #20]	@ zero_extendqisi2
 4031 0010 13F0400F 		tst	r3, #64
ARM GAS  C:\Users\joabk\AppData\Local\Temp\ccqURA6q.s 			page 70


 4032 0014 0AD0     		beq	.L681
 4033 0016 13F0800F 		tst	r3, #128
 4034 001a 09D1     		bne	.L685
 4035              	.L682:
 4036 001c FFF7FEFF 		bl	get_fattime
 4037 0020 0546     		mov	r5, r0
 4038 0022 616A     		ldr	r1, [r4, #36]
 4039 0024 0198     		ldr	r0, [sp, #4]
 4040 0026 FFF7FEFF 		bl	move_window
 4041 002a 78B1     		cbz	r0, .L686
 4042              	.L681:
 4043 002c 02B0     		add	sp, sp, #8
 4044              		@ sp needed
 4045 002e 70BD     		pop	{r4, r5, r6, pc}
 4046              	.L685:
 4047 0030 0123     		movs	r3, #1
 4048 0032 226A     		ldr	r2, [r4, #32]
 4049 0034 04F13001 		add	r1, r4, #48
 4050 0038 0198     		ldr	r0, [sp, #4]
 4051 003a 4078     		ldrb	r0, [r0, #1]	@ zero_extendqisi2
 4052 003c FFF7FEFF 		bl	disk_write
 4053 0040 40BB     		cbnz	r0, .L683
 4054 0042 237D     		ldrb	r3, [r4, #20]	@ zero_extendqisi2
 4055 0044 03F07F03 		and	r3, r3, #127
 4056 0048 2375     		strb	r3, [r4, #20]
 4057 004a E7E7     		b	.L682
 4058              	.L686:
 4059 004c A66A     		ldr	r6, [r4, #40]
 4060 004e F37A     		ldrb	r3, [r6, #11]	@ zero_extendqisi2
 4061 0050 43F02003 		orr	r3, r3, #32
 4062 0054 F372     		strb	r3, [r6, #11]
 4063 0056 A268     		ldr	r2, [r4, #8]
 4064 0058 3146     		mov	r1, r6
 4065 005a 2068     		ldr	r0, [r4]
 4066 005c FFF7FEFF 		bl	st_clust
 4067 0060 E168     		ldr	r1, [r4, #12]
 4068 0062 06F11C00 		add	r0, r6, #28
 4069 0066 FFF7FEFF 		bl	st_dword
 4070 006a 2946     		mov	r1, r5
 4071 006c 06F11600 		add	r0, r6, #22
 4072 0070 FFF7FEFF 		bl	st_dword
 4073 0074 0021     		movs	r1, #0
 4074 0076 06F11200 		add	r0, r6, #18
 4075 007a FFF7FEFF 		bl	st_word
 4076 007e 019B     		ldr	r3, [sp, #4]
 4077 0080 0122     		movs	r2, #1
 4078 0082 DA70     		strb	r2, [r3, #3]
 4079 0084 0198     		ldr	r0, [sp, #4]
 4080 0086 FFF7FEFF 		bl	sync_fs
 4081 008a 237D     		ldrb	r3, [r4, #20]	@ zero_extendqisi2
 4082 008c 23F04003 		bic	r3, r3, #64
 4083 0090 2375     		strb	r3, [r4, #20]
 4084 0092 CBE7     		b	.L681
 4085              	.L683:
 4086 0094 0120     		movs	r0, #1
 4087 0096 C9E7     		b	.L681
 4089              		.section	.text.f_close,"ax",%progbits
ARM GAS  C:\Users\joabk\AppData\Local\Temp\ccqURA6q.s 			page 71


 4090              		.align	1
 4091              		.global	f_close
 4092              		.syntax unified
 4093              		.thumb
 4094              		.thumb_func
 4096              	f_close:
 4097              		@ args = 0, pretend = 0, frame = 8
 4098              		@ frame_needed = 0, uses_anonymous_args = 0
 4099 0000 10B5     		push	{r4, lr}
 4100 0002 82B0     		sub	sp, sp, #8
 4101 0004 0446     		mov	r4, r0
 4102 0006 FFF7FEFF 		bl	f_sync
 4103 000a 08B1     		cbz	r0, .L690
 4104              	.L688:
 4105 000c 02B0     		add	sp, sp, #8
 4106              		@ sp needed
 4107 000e 10BD     		pop	{r4, pc}
 4108              	.L690:
 4109 0010 01A9     		add	r1, sp, #4
 4110 0012 2046     		mov	r0, r4
 4111 0014 FFF7FEFF 		bl	validate
 4112 0018 0028     		cmp	r0, #0
 4113 001a F7D1     		bne	.L688
 4114 001c 2069     		ldr	r0, [r4, #16]
 4115 001e FFF7FEFF 		bl	dec_lock
 4116 0022 0028     		cmp	r0, #0
 4117 0024 F2D1     		bne	.L688
 4118 0026 2060     		str	r0, [r4]
 4119 0028 F0E7     		b	.L688
 4121              		.section	.text.f_lseek,"ax",%progbits
 4122              		.align	1
 4123              		.global	f_lseek
 4124              		.syntax unified
 4125              		.thumb
 4126              		.thumb_func
 4128              	f_lseek:
 4129              		@ args = 0, pretend = 0, frame = 8
 4130              		@ frame_needed = 0, uses_anonymous_args = 0
 4131 0000 2DE9F04F 		push	{r4, r5, r6, r7, r8, r9, r10, fp, lr}
 4132 0004 83B0     		sub	sp, sp, #12
 4133 0006 0446     		mov	r4, r0
 4134 0008 0D46     		mov	r5, r1
 4135 000a 01A9     		add	r1, sp, #4
 4136 000c FFF7FEFF 		bl	validate
 4137 0010 0646     		mov	r6, r0
 4138 0012 78B9     		cbnz	r0, .L694
 4139 0014 667D     		ldrb	r6, [r4, #21]	@ zero_extendqisi2
 4140 0016 6EB9     		cbnz	r6, .L694
 4141 0018 E36A     		ldr	r3, [r4, #44]
 4142 001a 002B     		cmp	r3, #0
 4143 001c 00F08980 		beq	.L695
 4144 0020 B5F1FF3F 		cmp	r5, #-1
 4145 0024 0AD0     		beq	.L735
 4146 0026 E768     		ldr	r7, [r4, #12]
 4147 0028 AF42     		cmp	r7, r5
 4148 002a 00D3     		bcc	.L703
 4149 002c 2F46     		mov	r7, r5
ARM GAS  C:\Users\joabk\AppData\Local\Temp\ccqURA6q.s 			page 72


 4150              	.L703:
 4151 002e A761     		str	r7, [r4, #24]
 4152 0030 002F     		cmp	r7, #0
 4153 0032 3FD1     		bne	.L736
 4154              	.L694:
 4155 0034 3046     		mov	r0, r6
 4156 0036 03B0     		add	sp, sp, #12
 4157              		@ sp needed
 4158 0038 BDE8F08F 		pop	{r4, r5, r6, r7, r8, r9, r10, fp, pc}
 4159              	.L735:
 4160 003c 9846     		mov	r8, r3
 4161 003e 58F804BB 		ldr	fp, [r8], #4
 4162 0042 D4F808A0 		ldr	r10, [r4, #8]
 4163 0046 BAF1000F 		cmp	r10, #0
 4164 004a 27D0     		beq	.L728
 4165 004c 4FF00209 		mov	r9, #2
 4166              	.L702:
 4167 0050 09F10209 		add	r9, r9, #2
 4168 0054 5146     		mov	r1, r10
 4169 0056 0027     		movs	r7, #0
 4170              	.L700:
 4171 0058 0137     		adds	r7, r7, #1
 4172 005a 0D46     		mov	r5, r1
 4173 005c 2046     		mov	r0, r4
 4174 005e FFF7FEFF 		bl	get_fat
 4175 0062 0146     		mov	r1, r0
 4176 0064 0128     		cmp	r0, #1
 4177 0066 13D9     		bls	.L737
 4178 0068 B0F1FF3F 		cmp	r0, #-1
 4179 006c 13D0     		beq	.L738
 4180 006e 0135     		adds	r5, r5, #1
 4181 0070 8542     		cmp	r5, r0
 4182 0072 F1D0     		beq	.L700
 4183 0074 CB45     		cmp	fp, r9
 4184 0076 05D3     		bcc	.L701
 4185 0078 4346     		mov	r3, r8
 4186 007a 43F8087B 		str	r7, [r3], #8
 4187 007e C8F804A0 		str	r10, [r8, #4]
 4188 0082 9846     		mov	r8, r3
 4189              	.L701:
 4190 0084 019B     		ldr	r3, [sp, #4]
 4191 0086 9B69     		ldr	r3, [r3, #24]
 4192 0088 8B42     		cmp	r3, r1
 4193 008a 09D9     		bls	.L697
 4194 008c 8A46     		mov	r10, r1
 4195 008e DFE7     		b	.L702
 4196              	.L737:
 4197 0090 0226     		movs	r6, #2
 4198 0092 6675     		strb	r6, [r4, #21]
 4199 0094 CEE7     		b	.L694
 4200              	.L738:
 4201 0096 0126     		movs	r6, #1
 4202 0098 6675     		strb	r6, [r4, #21]
 4203 009a CBE7     		b	.L694
 4204              	.L728:
 4205 009c 4FF00209 		mov	r9, #2
 4206              	.L697:
ARM GAS  C:\Users\joabk\AppData\Local\Temp\ccqURA6q.s 			page 73


 4207 00a0 E36A     		ldr	r3, [r4, #44]
 4208 00a2 C3F80090 		str	r9, [r3]
 4209 00a6 D945     		cmp	r9, fp
 4210 00a8 00F2EC80 		bhi	.L730
 4211 00ac 0023     		movs	r3, #0
 4212 00ae C8F80030 		str	r3, [r8]
 4213 00b2 BFE7     		b	.L694
 4214              	.L736:
 4215 00b4 07F1FF38 		add	r8, r7, #-1
 4216 00b8 4146     		mov	r1, r8
 4217 00ba 2046     		mov	r0, r4
 4218 00bc FFF7FEFF 		bl	clmt_clust
 4219 00c0 0146     		mov	r1, r0
 4220 00c2 E061     		str	r0, [r4, #28]
 4221 00c4 019D     		ldr	r5, [sp, #4]
 4222 00c6 2846     		mov	r0, r5
 4223 00c8 FFF7FEFF 		bl	clust2sect
 4224 00cc E0B1     		cbz	r0, .L739
 4225 00ce 6989     		ldrh	r1, [r5, #10]
 4226 00d0 0139     		subs	r1, r1, #1
 4227 00d2 01EA5821 		and	r1, r1, r8, lsr #9
 4228 00d6 01EB0008 		add	r8, r1, r0
 4229 00da C7F30807 		ubfx	r7, r7, #0, #9
 4230 00de 002F     		cmp	r7, #0
 4231 00e0 A8D0     		beq	.L694
 4232 00e2 226A     		ldr	r2, [r4, #32]
 4233 00e4 4245     		cmp	r2, r8
 4234 00e6 A5D0     		beq	.L694
 4235 00e8 94F91430 		ldrsb	r3, [r4, #20]
 4236 00ec 002B     		cmp	r3, #0
 4237 00ee 0EDB     		blt	.L740
 4238              	.L705:
 4239 00f0 0123     		movs	r3, #1
 4240 00f2 4246     		mov	r2, r8
 4241 00f4 04F13001 		add	r1, r4, #48
 4242 00f8 0198     		ldr	r0, [sp, #4]
 4243 00fa 4078     		ldrb	r0, [r0, #1]	@ zero_extendqisi2
 4244 00fc FFF7FEFF 		bl	disk_read
 4245 0100 A0B9     		cbnz	r0, .L741
 4246 0102 C4F82080 		str	r8, [r4, #32]
 4247 0106 95E7     		b	.L694
 4248              	.L739:
 4249 0108 0226     		movs	r6, #2
 4250 010a 6675     		strb	r6, [r4, #21]
 4251 010c 92E7     		b	.L694
 4252              	.L740:
 4253 010e 0123     		movs	r3, #1
 4254 0110 04F13001 		add	r1, r4, #48
 4255 0114 6878     		ldrb	r0, [r5, #1]	@ zero_extendqisi2
 4256 0116 FFF7FEFF 		bl	disk_write
 4257 011a 20B9     		cbnz	r0, .L742
 4258 011c 237D     		ldrb	r3, [r4, #20]	@ zero_extendqisi2
 4259 011e 03F07F03 		and	r3, r3, #127
 4260 0122 2375     		strb	r3, [r4, #20]
 4261 0124 E4E7     		b	.L705
 4262              	.L742:
 4263 0126 0126     		movs	r6, #1
ARM GAS  C:\Users\joabk\AppData\Local\Temp\ccqURA6q.s 			page 74


 4264 0128 6675     		strb	r6, [r4, #21]
 4265 012a 83E7     		b	.L694
 4266              	.L741:
 4267 012c 0126     		movs	r6, #1
 4268 012e 6675     		strb	r6, [r4, #21]
 4269 0130 80E7     		b	.L694
 4270              	.L695:
 4271 0132 E368     		ldr	r3, [r4, #12]
 4272 0134 AB42     		cmp	r3, r5
 4273 0136 04D2     		bcs	.L708
 4274 0138 227D     		ldrb	r2, [r4, #20]	@ zero_extendqisi2
 4275 013a 12F0020F 		tst	r2, #2
 4276 013e 00D1     		bne	.L708
 4277 0140 1D46     		mov	r5, r3
 4278              	.L708:
 4279 0142 A369     		ldr	r3, [r4, #24]
 4280 0144 0022     		movs	r2, #0
 4281 0146 A261     		str	r2, [r4, #24]
 4282 0148 DDB1     		cbz	r5, .L709
 4283 014a 019A     		ldr	r2, [sp, #4]
 4284 014c B2F80A80 		ldrh	r8, [r2, #10]
 4285 0150 4FEA4828 		lsl	r8, r8, #9
 4286 0154 73B1     		cbz	r3, .L710
 4287 0156 6A1E     		subs	r2, r5, #1
 4288 0158 B2FBF8F2 		udiv	r2, r2, r8
 4289 015c 013B     		subs	r3, r3, #1
 4290 015e B3FBF8F1 		udiv	r1, r3, r8
 4291 0162 8A42     		cmp	r2, r1
 4292 0164 06D3     		bcc	.L710
 4293 0166 C8F10002 		rsb	r2, r8, #0
 4294 016a 1340     		ands	r3, r3, r2
 4295 016c A361     		str	r3, [r4, #24]
 4296 016e EF1A     		subs	r7, r5, r3
 4297 0170 E569     		ldr	r5, [r4, #28]
 4298 0172 04E0     		b	.L711
 4299              	.L710:
 4300 0174 A068     		ldr	r0, [r4, #8]
 4301 0176 30B3     		cbz	r0, .L743
 4302              	.L712:
 4303 0178 E061     		str	r0, [r4, #28]
 4304 017a 2F46     		mov	r7, r5
 4305 017c 0546     		mov	r5, r0
 4306              	.L711:
 4307 017e 002D     		cmp	r5, #0
 4308 0180 41D1     		bne	.L715
 4309              	.L709:
 4310 0182 A369     		ldr	r3, [r4, #24]
 4311 0184 E268     		ldr	r2, [r4, #12]
 4312 0186 9342     		cmp	r3, r2
 4313 0188 04D9     		bls	.L724
 4314 018a E360     		str	r3, [r4, #12]
 4315 018c 227D     		ldrb	r2, [r4, #20]	@ zero_extendqisi2
 4316 018e 42F04002 		orr	r2, r2, #64
 4317 0192 2275     		strb	r2, [r4, #20]
 4318              	.L724:
 4319 0194 C3F30803 		ubfx	r3, r3, #0, #9
 4320 0198 002B     		cmp	r3, #0
ARM GAS  C:\Users\joabk\AppData\Local\Temp\ccqURA6q.s 			page 75


 4321 019a 3FF44BAF 		beq	.L694
 4322 019e 226A     		ldr	r2, [r4, #32]
 4323 01a0 AA42     		cmp	r2, r5
 4324 01a2 3FF447AF 		beq	.L694
 4325 01a6 94F91430 		ldrsb	r3, [r4, #20]
 4326 01aa 002B     		cmp	r3, #0
 4327 01ac 57DB     		blt	.L744
 4328              	.L725:
 4329 01ae 0123     		movs	r3, #1
 4330 01b0 2A46     		mov	r2, r5
 4331 01b2 04F13001 		add	r1, r4, #48
 4332 01b6 0198     		ldr	r0, [sp, #4]
 4333 01b8 4078     		ldrb	r0, [r0, #1]	@ zero_extendqisi2
 4334 01ba FFF7FEFF 		bl	disk_read
 4335 01be 0028     		cmp	r0, #0
 4336 01c0 5DD1     		bne	.L745
 4337 01c2 2562     		str	r5, [r4, #32]
 4338 01c4 36E7     		b	.L694
 4339              	.L743:
 4340 01c6 0021     		movs	r1, #0
 4341 01c8 2046     		mov	r0, r4
 4342 01ca FFF7FEFF 		bl	create_chain
 4343 01ce 0128     		cmp	r0, #1
 4344 01d0 04D0     		beq	.L746
 4345 01d2 B0F1FF3F 		cmp	r0, #-1
 4346 01d6 04D0     		beq	.L747
 4347 01d8 A060     		str	r0, [r4, #8]
 4348 01da CDE7     		b	.L712
 4349              	.L746:
 4350 01dc 0226     		movs	r6, #2
 4351 01de 6675     		strb	r6, [r4, #21]
 4352 01e0 28E7     		b	.L694
 4353              	.L747:
 4354 01e2 0126     		movs	r6, #1
 4355 01e4 6675     		strb	r6, [r4, #21]
 4356 01e6 25E7     		b	.L694
 4357              	.L716:
 4358 01e8 2946     		mov	r1, r5
 4359 01ea 2046     		mov	r0, r4
 4360 01ec FFF7FEFF 		bl	get_fat
 4361 01f0 0546     		mov	r5, r0
 4362              	.L718:
 4363 01f2 B5F1FF3F 		cmp	r5, #-1
 4364 01f6 27D0     		beq	.L748
 4365 01f8 012D     		cmp	r5, #1
 4366 01fa 28D9     		bls	.L720
 4367 01fc 019B     		ldr	r3, [sp, #4]
 4368 01fe 9B69     		ldr	r3, [r3, #24]
 4369 0200 AB42     		cmp	r3, r5
 4370 0202 24D9     		bls	.L720
 4371 0204 E561     		str	r5, [r4, #28]
 4372              	.L715:
 4373 0206 4745     		cmp	r7, r8
 4374 0208 10D9     		bls	.L717
 4375 020a A7EB0807 		sub	r7, r7, r8
 4376 020e A369     		ldr	r3, [r4, #24]
 4377 0210 4344     		add	r3, r3, r8
ARM GAS  C:\Users\joabk\AppData\Local\Temp\ccqURA6q.s 			page 76


 4378 0212 A361     		str	r3, [r4, #24]
 4379 0214 237D     		ldrb	r3, [r4, #20]	@ zero_extendqisi2
 4380 0216 13F0020F 		tst	r3, #2
 4381 021a E5D0     		beq	.L716
 4382 021c 2946     		mov	r1, r5
 4383 021e 2046     		mov	r0, r4
 4384 0220 FFF7FEFF 		bl	create_chain
 4385 0224 0546     		mov	r5, r0
 4386 0226 0028     		cmp	r0, #0
 4387 0228 E3D1     		bne	.L718
 4388 022a 0746     		mov	r7, r0
 4389              	.L717:
 4390 022c A369     		ldr	r3, [r4, #24]
 4391 022e 3B44     		add	r3, r3, r7
 4392 0230 A361     		str	r3, [r4, #24]
 4393 0232 C7F30803 		ubfx	r3, r7, #0, #9
 4394 0236 83B1     		cbz	r3, .L733
 4395 0238 2946     		mov	r1, r5
 4396 023a 0198     		ldr	r0, [sp, #4]
 4397 023c FFF7FEFF 		bl	clust2sect
 4398 0240 40B1     		cbz	r0, .L749
 4399 0242 00EB5725 		add	r5, r0, r7, lsr #9
 4400 0246 9CE7     		b	.L709
 4401              	.L748:
 4402 0248 0126     		movs	r6, #1
 4403 024a 6675     		strb	r6, [r4, #21]
 4404 024c F2E6     		b	.L694
 4405              	.L720:
 4406 024e 0226     		movs	r6, #2
 4407 0250 6675     		strb	r6, [r4, #21]
 4408 0252 EFE6     		b	.L694
 4409              	.L749:
 4410 0254 0226     		movs	r6, #2
 4411 0256 6675     		strb	r6, [r4, #21]
 4412 0258 ECE6     		b	.L694
 4413              	.L733:
 4414 025a 1D46     		mov	r5, r3
 4415 025c 91E7     		b	.L709
 4416              	.L744:
 4417 025e 0123     		movs	r3, #1
 4418 0260 04F13001 		add	r1, r4, #48
 4419 0264 0198     		ldr	r0, [sp, #4]
 4420 0266 4078     		ldrb	r0, [r0, #1]	@ zero_extendqisi2
 4421 0268 FFF7FEFF 		bl	disk_write
 4422 026c 20B9     		cbnz	r0, .L750
 4423 026e 237D     		ldrb	r3, [r4, #20]	@ zero_extendqisi2
 4424 0270 03F07F03 		and	r3, r3, #127
 4425 0274 2375     		strb	r3, [r4, #20]
 4426 0276 9AE7     		b	.L725
 4427              	.L750:
 4428 0278 0126     		movs	r6, #1
 4429 027a 6675     		strb	r6, [r4, #21]
 4430 027c DAE6     		b	.L694
 4431              	.L745:
 4432 027e 0126     		movs	r6, #1
 4433 0280 6675     		strb	r6, [r4, #21]
 4434 0282 D7E6     		b	.L694
ARM GAS  C:\Users\joabk\AppData\Local\Temp\ccqURA6q.s 			page 77


 4435              	.L730:
 4436 0284 1126     		movs	r6, #17
 4437 0286 D5E6     		b	.L694
 4439              		.section	.text.f_opendir,"ax",%progbits
 4440              		.align	1
 4441              		.global	f_opendir
 4442              		.syntax unified
 4443              		.thumb
 4444              		.thumb_func
 4446              	f_opendir:
 4447              		@ args = 0, pretend = 0, frame = 16
 4448              		@ frame_needed = 0, uses_anonymous_args = 0
 4449 0000 30B5     		push	{r4, r5, lr}
 4450 0002 85B0     		sub	sp, sp, #20
 4451 0004 0191     		str	r1, [sp, #4]
 4452 0006 0028     		cmp	r0, #0
 4453 0008 3FD0     		beq	.L758
 4454 000a 0546     		mov	r5, r0
 4455 000c 0022     		movs	r2, #0
 4456 000e 03A9     		add	r1, sp, #12
 4457 0010 01A8     		add	r0, sp, #4
 4458 0012 FFF7FEFF 		bl	find_volume
 4459 0016 0446     		mov	r4, r0
 4460 0018 20B1     		cbz	r0, .L763
 4461              	.L753:
 4462 001a 0023     		movs	r3, #0
 4463 001c 2B60     		str	r3, [r5]
 4464              	.L752:
 4465 001e 2046     		mov	r0, r4
 4466 0020 05B0     		add	sp, sp, #20
 4467              		@ sp needed
 4468 0022 30BD     		pop	{r4, r5, pc}
 4469              	.L763:
 4470 0024 039B     		ldr	r3, [sp, #12]
 4471 0026 2B60     		str	r3, [r5]
 4472 0028 0199     		ldr	r1, [sp, #4]
 4473 002a 2846     		mov	r0, r5
 4474 002c FFF7FEFF 		bl	follow_path
 4475 0030 0446     		mov	r4, r0
 4476 0032 18BB     		cbnz	r0, .L754
 4477 0034 95F92F30 		ldrsb	r3, [r5, #47]
 4478 0038 002B     		cmp	r3, #0
 4479 003a 08DB     		blt	.L755
 4480 003c AB79     		ldrb	r3, [r5, #6]	@ zero_extendqisi2
 4481 003e 13F0100F 		tst	r3, #16
 4482 0042 1AD0     		beq	.L759
 4483 0044 296A     		ldr	r1, [r5, #32]
 4484 0046 0398     		ldr	r0, [sp, #12]
 4485 0048 FFF7FEFF 		bl	ld_clust
 4486 004c A860     		str	r0, [r5, #8]
 4487              	.L755:
 4488 004e 039B     		ldr	r3, [sp, #12]
 4489 0050 DB88     		ldrh	r3, [r3, #6]
 4490 0052 AB80     		strh	r3, [r5, #4]	@ movhi
 4491 0054 0021     		movs	r1, #0
 4492 0056 2846     		mov	r0, r5
 4493 0058 FFF7FEFF 		bl	dir_sdi
ARM GAS  C:\Users\joabk\AppData\Local\Temp\ccqURA6q.s 			page 78


 4494 005c 0446     		mov	r4, r0
 4495 005e 68B9     		cbnz	r0, .L754
 4496 0060 AB68     		ldr	r3, [r5, #8]
 4497 0062 13B9     		cbnz	r3, .L764
 4498 0064 0023     		movs	r3, #0
 4499 0066 2B61     		str	r3, [r5, #16]
 4500 0068 08E0     		b	.L754
 4501              	.L764:
 4502 006a 0021     		movs	r1, #0
 4503 006c 2846     		mov	r0, r5
 4504 006e FFF7FEFF 		bl	inc_lock
 4505 0072 2861     		str	r0, [r5, #16]
 4506 0074 10B9     		cbnz	r0, .L754
 4507 0076 1224     		movs	r4, #18
 4508 0078 02E0     		b	.L757
 4509              	.L759:
 4510 007a 0524     		movs	r4, #5
 4511              	.L754:
 4512 007c 042C     		cmp	r4, #4
 4513 007e 02D0     		beq	.L765
 4514              	.L757:
 4515 0080 002C     		cmp	r4, #0
 4516 0082 CCD0     		beq	.L752
 4517 0084 C9E7     		b	.L753
 4518              	.L765:
 4519 0086 0524     		movs	r4, #5
 4520 0088 C7E7     		b	.L753
 4521              	.L758:
 4522 008a 0924     		movs	r4, #9
 4523 008c C7E7     		b	.L752
 4525              		.section	.text.f_closedir,"ax",%progbits
 4526              		.align	1
 4527              		.global	f_closedir
 4528              		.syntax unified
 4529              		.thumb
 4530              		.thumb_func
 4532              	f_closedir:
 4533              		@ args = 0, pretend = 0, frame = 8
 4534              		@ frame_needed = 0, uses_anonymous_args = 0
 4535 0000 10B5     		push	{r4, lr}
 4536 0002 82B0     		sub	sp, sp, #8
 4537 0004 0446     		mov	r4, r0
 4538 0006 01A9     		add	r1, sp, #4
 4539 0008 FFF7FEFF 		bl	validate
 4540 000c 20B9     		cbnz	r0, .L767
 4541 000e 2369     		ldr	r3, [r4, #16]
 4542 0010 23B9     		cbnz	r3, .L770
 4543              	.L768:
 4544 0012 08B9     		cbnz	r0, .L767
 4545 0014 0023     		movs	r3, #0
 4546 0016 2360     		str	r3, [r4]
 4547              	.L767:
 4548 0018 02B0     		add	sp, sp, #8
 4549              		@ sp needed
 4550 001a 10BD     		pop	{r4, pc}
 4551              	.L770:
 4552 001c 1846     		mov	r0, r3
ARM GAS  C:\Users\joabk\AppData\Local\Temp\ccqURA6q.s 			page 79


 4553 001e FFF7FEFF 		bl	dec_lock
 4554 0022 F6E7     		b	.L768
 4556              		.section	.text.f_readdir,"ax",%progbits
 4557              		.align	1
 4558              		.global	f_readdir
 4559              		.syntax unified
 4560              		.thumb
 4561              		.thumb_func
 4563              	f_readdir:
 4564              		@ args = 0, pretend = 0, frame = 8
 4565              		@ frame_needed = 0, uses_anonymous_args = 0
 4566 0000 70B5     		push	{r4, r5, r6, lr}
 4567 0002 82B0     		sub	sp, sp, #8
 4568 0004 0446     		mov	r4, r0
 4569 0006 0D46     		mov	r5, r1
 4570 0008 01A9     		add	r1, sp, #4
 4571 000a FFF7FEFF 		bl	validate
 4572 000e 0646     		mov	r6, r0
 4573 0010 C0B9     		cbnz	r0, .L772
 4574 0012 95B1     		cbz	r5, .L777
 4575 0014 0021     		movs	r1, #0
 4576 0016 2046     		mov	r0, r4
 4577 0018 FFF7FEFF 		bl	dir_read
 4578 001c 0428     		cmp	r0, #4
 4579 001e 00D0     		beq	.L774
 4580 0020 98B9     		cbnz	r0, .L775
 4581              	.L774:
 4582 0022 2946     		mov	r1, r5
 4583 0024 2046     		mov	r0, r4
 4584 0026 FFF7FEFF 		bl	get_fileinfo
 4585 002a 0021     		movs	r1, #0
 4586 002c 2046     		mov	r0, r4
 4587 002e FFF7FEFF 		bl	dir_next
 4588 0032 0428     		cmp	r0, #4
 4589 0034 06D0     		beq	.L772
 4590 0036 0646     		mov	r6, r0
 4591 0038 04E0     		b	.L772
 4592              	.L777:
 4593 003a 0021     		movs	r1, #0
 4594 003c 2046     		mov	r0, r4
 4595 003e FFF7FEFF 		bl	dir_sdi
 4596 0042 0646     		mov	r6, r0
 4597              	.L772:
 4598 0044 3046     		mov	r0, r6
 4599 0046 02B0     		add	sp, sp, #8
 4600              		@ sp needed
 4601 0048 70BD     		pop	{r4, r5, r6, pc}
 4602              	.L775:
 4603 004a 0646     		mov	r6, r0
 4604 004c FAE7     		b	.L772
 4606              		.section	.text.f_stat,"ax",%progbits
 4607              		.align	1
 4608              		.global	f_stat
 4609              		.syntax unified
 4610              		.thumb
 4611              		.thumb_func
 4613              	f_stat:
ARM GAS  C:\Users\joabk\AppData\Local\Temp\ccqURA6q.s 			page 80


 4614              		@ args = 0, pretend = 0, frame = 64
 4615              		@ frame_needed = 0, uses_anonymous_args = 0
 4616 0000 30B5     		push	{r4, r5, lr}
 4617 0002 91B0     		sub	sp, sp, #68
 4618 0004 0190     		str	r0, [sp, #4]
 4619 0006 0C46     		mov	r4, r1
 4620 0008 0022     		movs	r2, #0
 4621 000a 03A9     		add	r1, sp, #12
 4622 000c 01A8     		add	r0, sp, #4
 4623 000e FFF7FEFF 		bl	find_volume
 4624 0012 0546     		mov	r5, r0
 4625 0014 10B1     		cbz	r0, .L782
 4626              	.L779:
 4627 0016 2846     		mov	r0, r5
 4628 0018 11B0     		add	sp, sp, #68
 4629              		@ sp needed
 4630 001a 30BD     		pop	{r4, r5, pc}
 4631              	.L782:
 4632 001c 0199     		ldr	r1, [sp, #4]
 4633 001e 03A8     		add	r0, sp, #12
 4634 0020 FFF7FEFF 		bl	follow_path
 4635 0024 0546     		mov	r5, r0
 4636 0026 0028     		cmp	r0, #0
 4637 0028 F5D1     		bne	.L779
 4638 002a 9DF93B30 		ldrsb	r3, [sp, #59]
 4639 002e 002B     		cmp	r3, #0
 4640 0030 06DB     		blt	.L780
 4641 0032 002C     		cmp	r4, #0
 4642 0034 EFD0     		beq	.L779
 4643 0036 2146     		mov	r1, r4
 4644 0038 03A8     		add	r0, sp, #12
 4645 003a FFF7FEFF 		bl	get_fileinfo
 4646 003e EAE7     		b	.L779
 4647              	.L780:
 4648 0040 0625     		movs	r5, #6
 4649 0042 E8E7     		b	.L779
 4651              		.section	.text.f_getfree,"ax",%progbits
 4652              		.align	1
 4653              		.global	f_getfree
 4654              		.syntax unified
 4655              		.thumb
 4656              		.thumb_func
 4658              	f_getfree:
 4659              		@ args = 0, pretend = 0, frame = 32
 4660              		@ frame_needed = 0, uses_anonymous_args = 0
 4661 0000 2DE9F047 		push	{r4, r5, r6, r7, r8, r9, r10, lr}
 4662 0004 88B0     		sub	sp, sp, #32
 4663 0006 0190     		str	r0, [sp, #4]
 4664 0008 8846     		mov	r8, r1
 4665 000a 1446     		mov	r4, r2
 4666 000c 0022     		movs	r2, #0
 4667 000e 07A9     		add	r1, sp, #28
 4668 0010 01A8     		add	r0, sp, #4
 4669 0012 FFF7FEFF 		bl	find_volume
 4670 0016 8146     		mov	r9, r0
 4671 0018 0028     		cmp	r0, #0
 4672 001a 59D1     		bne	.L784
ARM GAS  C:\Users\joabk\AppData\Local\Temp\ccqURA6q.s 			page 81


 4673 001c 079B     		ldr	r3, [sp, #28]
 4674 001e 2360     		str	r3, [r4]
 4675 0020 5A69     		ldr	r2, [r3, #20]
 4676 0022 9D69     		ldr	r5, [r3, #24]
 4677 0024 A91E     		subs	r1, r5, #2
 4678 0026 8A42     		cmp	r2, r1
 4679 0028 02D8     		bhi	.L785
 4680 002a C8F80020 		str	r2, [r8]
 4681 002e 4FE0     		b	.L784
 4682              	.L785:
 4683 0030 1E78     		ldrb	r6, [r3]	@ zero_extendqisi2
 4684 0032 012E     		cmp	r6, #1
 4685 0034 05D0     		beq	.L799
 4686 0036 D3F824A0 		ldr	r10, [r3, #36]
 4687 003a 0024     		movs	r4, #0
 4688 003c 2646     		mov	r6, r4
 4689 003e 2746     		mov	r7, r4
 4690 0040 2FE0     		b	.L795
 4691              	.L799:
 4692 0042 0293     		str	r3, [sp, #8]
 4693 0044 0224     		movs	r4, #2
 4694 0046 0027     		movs	r7, #0
 4695 0048 04E0     		b	.L789
 4696              	.L788:
 4697 004a 0134     		adds	r4, r4, #1
 4698 004c 079B     		ldr	r3, [sp, #28]
 4699 004e 9B69     		ldr	r3, [r3, #24]
 4700 0050 A342     		cmp	r3, r4
 4701 0052 35D9     		bls	.L787
 4702              	.L789:
 4703 0054 2146     		mov	r1, r4
 4704 0056 02A8     		add	r0, sp, #8
 4705 0058 FFF7FEFF 		bl	get_fat
 4706 005c B0F1FF3F 		cmp	r0, #-1
 4707 0060 2DD0     		beq	.L796
 4708 0062 0128     		cmp	r0, #1
 4709 0064 38D0     		beq	.L797
 4710 0066 0028     		cmp	r0, #0
 4711 0068 EFD1     		bne	.L788
 4712 006a 0137     		adds	r7, r7, #1
 4713 006c EDE7     		b	.L788
 4714              	.L800:
 4715 006e 0AF10106 		add	r6, r10, #1
 4716 0072 5146     		mov	r1, r10
 4717 0074 0798     		ldr	r0, [sp, #28]
 4718 0076 FFF7FEFF 		bl	move_window
 4719 007a 8146     		mov	r9, r0
 4720 007c 00BB     		cbnz	r0, .L787
 4721 007e 079C     		ldr	r4, [sp, #28]
 4722 0080 3434     		adds	r4, r4, #52
 4723 0082 B246     		mov	r10, r6
 4724 0084 4FF40076 		mov	r6, #512
 4725 0088 0DE0     		b	.L790
 4726              	.L801:
 4727 008a 2046     		mov	r0, r4
 4728 008c FFF7FEFF 		bl	ld_word
 4729 0090 00B9     		cbnz	r0, .L792
ARM GAS  C:\Users\joabk\AppData\Local\Temp\ccqURA6q.s 			page 82


 4730 0092 0137     		adds	r7, r7, #1
 4731              	.L792:
 4732 0094 0234     		adds	r4, r4, #2
 4733 0096 023E     		subs	r6, r6, #2
 4734 0098 01E0     		b	.L793
 4735              	.L794:
 4736 009a 0434     		adds	r4, r4, #4
 4737 009c 043E     		subs	r6, r6, #4
 4738              	.L793:
 4739 009e 013D     		subs	r5, r5, #1
 4740 00a0 0ED0     		beq	.L787
 4741              	.L795:
 4742 00a2 002E     		cmp	r6, #0
 4743 00a4 E3D0     		beq	.L800
 4744              	.L790:
 4745 00a6 079B     		ldr	r3, [sp, #28]
 4746 00a8 1B78     		ldrb	r3, [r3]	@ zero_extendqisi2
 4747 00aa 022B     		cmp	r3, #2
 4748 00ac EDD0     		beq	.L801
 4749 00ae 2046     		mov	r0, r4
 4750 00b0 FFF7FEFF 		bl	ld_dword
 4751 00b4 30F07043 		bics	r3, r0, #-268435456
 4752 00b8 EFD1     		bne	.L794
 4753 00ba 0137     		adds	r7, r7, #1
 4754 00bc EDE7     		b	.L794
 4755              	.L796:
 4756 00be B146     		mov	r9, r6
 4757              	.L787:
 4758 00c0 C8F80070 		str	r7, [r8]
 4759 00c4 079B     		ldr	r3, [sp, #28]
 4760 00c6 5F61     		str	r7, [r3, #20]
 4761 00c8 1A79     		ldrb	r2, [r3, #4]	@ zero_extendqisi2
 4762 00ca 42F00102 		orr	r2, r2, #1
 4763 00ce 1A71     		strb	r2, [r3, #4]
 4764              	.L784:
 4765 00d0 4846     		mov	r0, r9
 4766 00d2 08B0     		add	sp, sp, #32
 4767              		@ sp needed
 4768 00d4 BDE8F087 		pop	{r4, r5, r6, r7, r8, r9, r10, pc}
 4769              	.L797:
 4770 00d8 4FF00209 		mov	r9, #2
 4771 00dc F0E7     		b	.L787
 4773              		.section	.text.f_truncate,"ax",%progbits
 4774              		.align	1
 4775              		.global	f_truncate
 4776              		.syntax unified
 4777              		.thumb
 4778              		.thumb_func
 4780              	f_truncate:
 4781              		@ args = 0, pretend = 0, frame = 8
 4782              		@ frame_needed = 0, uses_anonymous_args = 0
 4783 0000 30B5     		push	{r4, r5, lr}
 4784 0002 83B0     		sub	sp, sp, #12
 4785 0004 0446     		mov	r4, r0
 4786 0006 01A9     		add	r1, sp, #4
 4787 0008 FFF7FEFF 		bl	validate
 4788 000c 0546     		mov	r5, r0
ARM GAS  C:\Users\joabk\AppData\Local\Temp\ccqURA6q.s 			page 83


 4789 000e 0028     		cmp	r0, #0
 4790 0010 49D1     		bne	.L805
 4791 0012 657D     		ldrb	r5, [r4, #21]	@ zero_extendqisi2
 4792 0014 002D     		cmp	r5, #0
 4793 0016 46D1     		bne	.L805
 4794 0018 237D     		ldrb	r3, [r4, #20]	@ zero_extendqisi2
 4795 001a 13F0020F 		tst	r3, #2
 4796 001e 41D0     		beq	.L810
 4797 0020 A369     		ldr	r3, [r4, #24]
 4798 0022 E268     		ldr	r2, [r4, #12]
 4799 0024 9342     		cmp	r3, r2
 4800 0026 3ED2     		bcs	.L805
 4801 0028 FBB9     		cbnz	r3, .L806
 4802 002a 0022     		movs	r2, #0
 4803 002c A168     		ldr	r1, [r4, #8]
 4804 002e 2046     		mov	r0, r4
 4805 0030 FFF7FEFF 		bl	remove_chain
 4806 0034 0546     		mov	r5, r0
 4807 0036 0023     		movs	r3, #0
 4808 0038 A360     		str	r3, [r4, #8]
 4809              	.L807:
 4810 003a A369     		ldr	r3, [r4, #24]
 4811 003c E360     		str	r3, [r4, #12]
 4812 003e 237D     		ldrb	r3, [r4, #20]	@ zero_extendqisi2
 4813 0040 43F04003 		orr	r3, r3, #64
 4814 0044 2375     		strb	r3, [r4, #20]
 4815 0046 5DBB     		cbnz	r5, .L809
 4816 0048 13F0800F 		tst	r3, #128
 4817 004c 2BD0     		beq	.L805
 4818 004e 0123     		movs	r3, #1
 4819 0050 226A     		ldr	r2, [r4, #32]
 4820 0052 04F13001 		add	r1, r4, #48
 4821 0056 0198     		ldr	r0, [sp, #4]
 4822 0058 4078     		ldrb	r0, [r0, #1]	@ zero_extendqisi2
 4823 005a FFF7FEFF 		bl	disk_write
 4824 005e F0B9     		cbnz	r0, .L813
 4825 0060 237D     		ldrb	r3, [r4, #20]	@ zero_extendqisi2
 4826 0062 03F07F03 		and	r3, r3, #127
 4827 0066 2375     		strb	r3, [r4, #20]
 4828 0068 1DE0     		b	.L805
 4829              	.L806:
 4830 006a E169     		ldr	r1, [r4, #28]
 4831 006c 2046     		mov	r0, r4
 4832 006e FFF7FEFF 		bl	get_fat
 4833 0072 B0F1FF3F 		cmp	r0, #-1
 4834 0076 0ED0     		beq	.L811
 4835 0078 0128     		cmp	r0, #1
 4836 007a 0ED0     		beq	.L815
 4837              	.L808:
 4838 007c 002D     		cmp	r5, #0
 4839 007e DCD1     		bne	.L807
 4840 0080 019B     		ldr	r3, [sp, #4]
 4841 0082 9B69     		ldr	r3, [r3, #24]
 4842 0084 8342     		cmp	r3, r0
 4843 0086 D8D9     		bls	.L807
 4844 0088 E269     		ldr	r2, [r4, #28]
 4845 008a 0146     		mov	r1, r0
ARM GAS  C:\Users\joabk\AppData\Local\Temp\ccqURA6q.s 			page 84


 4846 008c 2046     		mov	r0, r4
 4847 008e FFF7FEFF 		bl	remove_chain
 4848 0092 0546     		mov	r5, r0
 4849 0094 D1E7     		b	.L807
 4850              	.L811:
 4851 0096 0125     		movs	r5, #1
 4852 0098 F0E7     		b	.L808
 4853              	.L815:
 4854 009a 0225     		movs	r5, #2
 4855 009c CDE7     		b	.L807
 4856              	.L813:
 4857 009e 0125     		movs	r5, #1
 4858              	.L809:
 4859 00a0 6575     		strb	r5, [r4, #21]
 4860 00a2 00E0     		b	.L805
 4861              	.L810:
 4862 00a4 0725     		movs	r5, #7
 4863              	.L805:
 4864 00a6 2846     		mov	r0, r5
 4865 00a8 03B0     		add	sp, sp, #12
 4866              		@ sp needed
 4867 00aa 30BD     		pop	{r4, r5, pc}
 4869              		.section	.text.f_unlink,"ax",%progbits
 4870              		.align	1
 4871              		.global	f_unlink
 4872              		.syntax unified
 4873              		.thumb
 4874              		.thumb_func
 4876              	f_unlink:
 4877              		@ args = 0, pretend = 0, frame = 120
 4878              		@ frame_needed = 0, uses_anonymous_args = 0
 4879 0000 F0B5     		push	{r4, r5, r6, r7, lr}
 4880 0002 9FB0     		sub	sp, sp, #124
 4881 0004 0190     		str	r0, [sp, #4]
 4882 0006 0222     		movs	r2, #2
 4883 0008 03A9     		add	r1, sp, #12
 4884 000a 01A8     		add	r0, sp, #4
 4885 000c FFF7FEFF 		bl	find_volume
 4886 0010 039B     		ldr	r3, [sp, #12]
 4887 0012 1193     		str	r3, [sp, #68]
 4888 0014 0446     		mov	r4, r0
 4889 0016 10B1     		cbz	r0, .L825
 4890              	.L817:
 4891 0018 2046     		mov	r0, r4
 4892 001a 1FB0     		add	sp, sp, #124
 4893              		@ sp needed
 4894 001c F0BD     		pop	{r4, r5, r6, r7, pc}
 4895              	.L825:
 4896 001e 0199     		ldr	r1, [sp, #4]
 4897 0020 11A8     		add	r0, sp, #68
 4898 0022 FFF7FEFF 		bl	follow_path
 4899 0026 0446     		mov	r4, r0
 4900 0028 0028     		cmp	r0, #0
 4901 002a F5D1     		bne	.L817
 4902 002c 0221     		movs	r1, #2
 4903 002e 11A8     		add	r0, sp, #68
 4904 0030 FFF7FEFF 		bl	chk_lock
ARM GAS  C:\Users\joabk\AppData\Local\Temp\ccqURA6q.s 			page 85


 4905 0034 0446     		mov	r4, r0
 4906 0036 0028     		cmp	r0, #0
 4907 0038 EED1     		bne	.L817
 4908 003a 9DF97330 		ldrsb	r3, [sp, #115]
 4909 003e 002B     		cmp	r3, #0
 4910 0040 38DB     		blt	.L821
 4911 0042 9DF84A50 		ldrb	r5, [sp, #74]	@ zero_extendqisi2
 4912 0046 15F0010F 		tst	r5, #1
 4913 004a 35D1     		bne	.L822
 4914 004c 039F     		ldr	r7, [sp, #12]
 4915 004e 1999     		ldr	r1, [sp, #100]
 4916 0050 3846     		mov	r0, r7
 4917 0052 FFF7FEFF 		bl	ld_clust
 4918 0056 0646     		mov	r6, r0
 4919 0058 15F0100F 		tst	r5, #16
 4920 005c 0FD1     		bne	.L826
 4921              	.L818:
 4922 005e 002C     		cmp	r4, #0
 4923 0060 DAD1     		bne	.L817
 4924              	.L819:
 4925 0062 11A8     		add	r0, sp, #68
 4926 0064 FFF7FEFF 		bl	dir_remove
 4927 0068 0446     		mov	r4, r0
 4928 006a 0028     		cmp	r0, #0
 4929 006c D4D1     		bne	.L817
 4930 006e D6B9     		cbnz	r6, .L827
 4931              	.L820:
 4932 0070 002C     		cmp	r4, #0
 4933 0072 D1D1     		bne	.L817
 4934 0074 0398     		ldr	r0, [sp, #12]
 4935 0076 FFF7FEFF 		bl	sync_fs
 4936 007a 0446     		mov	r4, r0
 4937 007c CCE7     		b	.L817
 4938              	.L826:
 4939 007e 0497     		str	r7, [sp, #16]
 4940 0080 0690     		str	r0, [sp, #24]
 4941 0082 0021     		movs	r1, #0
 4942 0084 04A8     		add	r0, sp, #16
 4943 0086 FFF7FEFF 		bl	dir_sdi
 4944 008a 0446     		mov	r4, r0
 4945 008c 0028     		cmp	r0, #0
 4946 008e C3D1     		bne	.L817
 4947 0090 0021     		movs	r1, #0
 4948 0092 04A8     		add	r0, sp, #16
 4949 0094 FFF7FEFF 		bl	dir_read
 4950 0098 0446     		mov	r4, r0
 4951 009a 10B1     		cbz	r0, .L823
 4952 009c 0428     		cmp	r0, #4
 4953 009e DED1     		bne	.L818
 4954 00a0 DFE7     		b	.L819
 4955              	.L823:
 4956 00a2 0724     		movs	r4, #7
 4957 00a4 DBE7     		b	.L818
 4958              	.L827:
 4959 00a6 0022     		movs	r2, #0
 4960 00a8 3146     		mov	r1, r6
 4961 00aa 11A8     		add	r0, sp, #68
ARM GAS  C:\Users\joabk\AppData\Local\Temp\ccqURA6q.s 			page 86


 4962 00ac FFF7FEFF 		bl	remove_chain
 4963 00b0 0446     		mov	r4, r0
 4964 00b2 DDE7     		b	.L820
 4965              	.L821:
 4966 00b4 0624     		movs	r4, #6
 4967 00b6 AFE7     		b	.L817
 4968              	.L822:
 4969 00b8 0724     		movs	r4, #7
 4970 00ba ADE7     		b	.L817
 4972              		.section	.text.f_mkdir,"ax",%progbits
 4973              		.align	1
 4974              		.global	f_mkdir
 4975              		.syntax unified
 4976              		.thumb
 4977              		.thumb_func
 4979              	f_mkdir:
 4980              		@ args = 0, pretend = 0, frame = 64
 4981              		@ frame_needed = 0, uses_anonymous_args = 0
 4982 0000 2DE9F04F 		push	{r4, r5, r6, r7, r8, r9, r10, fp, lr}
 4983 0004 91B0     		sub	sp, sp, #68
 4984 0006 0190     		str	r0, [sp, #4]
 4985 0008 0222     		movs	r2, #2
 4986 000a 02A9     		add	r1, sp, #8
 4987 000c 01A8     		add	r0, sp, #4
 4988 000e FFF7FEFF 		bl	find_volume
 4989 0012 029B     		ldr	r3, [sp, #8]
 4990 0014 0393     		str	r3, [sp, #12]
 4991 0016 0446     		mov	r4, r0
 4992 0018 18B1     		cbz	r0, .L845
 4993              	.L829:
 4994 001a 2046     		mov	r0, r4
 4995 001c 11B0     		add	sp, sp, #68
 4996              		@ sp needed
 4997 001e BDE8F08F 		pop	{r4, r5, r6, r7, r8, r9, r10, fp, pc}
 4998              	.L845:
 4999 0022 0199     		ldr	r1, [sp, #4]
 5000 0024 03A8     		add	r0, sp, #12
 5001 0026 FFF7FEFF 		bl	follow_path
 5002 002a 0028     		cmp	r0, #0
 5003 002c 00F09680 		beq	.L838
 5004 0030 0428     		cmp	r0, #4
 5005 0032 01D0     		beq	.L846
 5006 0034 0446     		mov	r4, r0
 5007 0036 F0E7     		b	.L829
 5008              	.L846:
 5009 0038 0021     		movs	r1, #0
 5010 003a 03A8     		add	r0, sp, #12
 5011 003c FFF7FEFF 		bl	create_chain
 5012 0040 029A     		ldr	r2, [sp, #8]
 5013 0042 5389     		ldrh	r3, [r2, #10]
 5014 0044 5B02     		lsls	r3, r3, #9
 5015 0046 0693     		str	r3, [sp, #24]
 5016 0048 8146     		mov	r9, r0
 5017 004a 18B1     		cbz	r0, .L840
 5018 004c 0128     		cmp	r0, #1
 5019 004e 02D1     		bne	.L830
 5020 0050 0224     		movs	r4, #2
ARM GAS  C:\Users\joabk\AppData\Local\Temp\ccqURA6q.s 			page 87


 5021 0052 03E0     		b	.L831
 5022              	.L840:
 5023 0054 0724     		movs	r4, #7
 5024              	.L830:
 5025 0056 B9F1FF3F 		cmp	r9, #-1
 5026 005a 56D0     		beq	.L847
 5027              	.L831:
 5028 005c 002C     		cmp	r4, #0
 5029 005e 4FD0     		beq	.L848
 5030              	.L832:
 5031 0060 FFF7FEFF 		bl	get_fattime
 5032 0064 8246     		mov	r10, r0
 5033 0066 002C     		cmp	r4, #0
 5034 0068 57D1     		bne	.L833
 5035 006a 029E     		ldr	r6, [sp, #8]
 5036 006c 4946     		mov	r1, r9
 5037 006e 3046     		mov	r0, r6
 5038 0070 FFF7FEFF 		bl	clust2sect
 5039 0074 0546     		mov	r5, r0
 5040 0076 06F13408 		add	r8, r6, #52
 5041 007a 4FF40072 		mov	r2, #512
 5042 007e 0021     		movs	r1, #0
 5043 0080 4046     		mov	r0, r8
 5044 0082 FFF7FEFF 		bl	mem_set
 5045 0086 0B22     		movs	r2, #11
 5046 0088 2021     		movs	r1, #32
 5047 008a 4046     		mov	r0, r8
 5048 008c FFF7FEFF 		bl	mem_set
 5049 0090 4FF02E0B 		mov	fp, #46
 5050 0094 86F834B0 		strb	fp, [r6, #52]
 5051 0098 1023     		movs	r3, #16
 5052 009a 86F83F30 		strb	r3, [r6, #63]
 5053 009e 5146     		mov	r1, r10
 5054 00a0 06F14A00 		add	r0, r6, #74
 5055 00a4 FFF7FEFF 		bl	st_dword
 5056 00a8 4A46     		mov	r2, r9
 5057 00aa 4146     		mov	r1, r8
 5058 00ac 0298     		ldr	r0, [sp, #8]
 5059 00ae FFF7FEFF 		bl	st_clust
 5060 00b2 06F15407 		add	r7, r6, #84
 5061 00b6 2022     		movs	r2, #32
 5062 00b8 4146     		mov	r1, r8
 5063 00ba 3846     		mov	r0, r7
 5064 00bc FFF7FEFF 		bl	mem_cpy
 5065 00c0 86F855B0 		strb	fp, [r6, #85]
 5066 00c4 059A     		ldr	r2, [sp, #20]
 5067 00c6 0298     		ldr	r0, [sp, #8]
 5068 00c8 0378     		ldrb	r3, [r0]	@ zero_extendqisi2
 5069 00ca 032B     		cmp	r3, #3
 5070 00cc 1FD0     		beq	.L849
 5071              	.L834:
 5072 00ce 3946     		mov	r1, r7
 5073 00d0 FFF7FEFF 		bl	st_clust
 5074 00d4 029B     		ldr	r3, [sp, #8]
 5075 00d6 5E89     		ldrh	r6, [r3, #10]
 5076              	.L835:
 5077 00d8 F6B1     		cbz	r6, .L836
ARM GAS  C:\Users\joabk\AppData\Local\Temp\ccqURA6q.s 			page 88


 5078 00da 6F1C     		adds	r7, r5, #1
 5079 00dc 029B     		ldr	r3, [sp, #8]
 5080 00de 1D63     		str	r5, [r3, #48]
 5081 00e0 0122     		movs	r2, #1
 5082 00e2 DA70     		strb	r2, [r3, #3]
 5083 00e4 0298     		ldr	r0, [sp, #8]
 5084 00e6 FFF7FEFF 		bl	sync_window
 5085 00ea 0446     		mov	r4, r0
 5086 00ec A0B9     		cbnz	r0, .L836
 5087 00ee 4FF40072 		mov	r2, #512
 5088 00f2 0021     		movs	r1, #0
 5089 00f4 4046     		mov	r0, r8
 5090 00f6 FFF7FEFF 		bl	mem_set
 5091 00fa 013E     		subs	r6, r6, #1
 5092 00fc 3D46     		mov	r5, r7
 5093 00fe EBE7     		b	.L835
 5094              	.L848:
 5095 0100 1046     		mov	r0, r2
 5096 0102 FFF7FEFF 		bl	sync_window
 5097 0106 0446     		mov	r4, r0
 5098 0108 AAE7     		b	.L832
 5099              	.L847:
 5100 010a 0124     		movs	r4, #1
 5101 010c A8E7     		b	.L832
 5102              	.L849:
 5103 010e 836A     		ldr	r3, [r0, #40]
 5104 0110 9342     		cmp	r3, r2
 5105 0112 DCD1     		bne	.L834
 5106 0114 0022     		movs	r2, #0
 5107 0116 DAE7     		b	.L834
 5108              	.L836:
 5109 0118 2CB1     		cbz	r4, .L850
 5110              	.L833:
 5111 011a 0022     		movs	r2, #0
 5112 011c 4946     		mov	r1, r9
 5113 011e 03A8     		add	r0, sp, #12
 5114 0120 FFF7FEFF 		bl	remove_chain
 5115 0124 79E7     		b	.L829
 5116              	.L850:
 5117 0126 03A8     		add	r0, sp, #12
 5118 0128 FFF7FEFF 		bl	dir_register
 5119 012c 0446     		mov	r4, r0
 5120 012e 0028     		cmp	r0, #0
 5121 0130 F3D1     		bne	.L833
 5122 0132 0B9C     		ldr	r4, [sp, #44]
 5123 0134 5146     		mov	r1, r10
 5124 0136 04F11600 		add	r0, r4, #22
 5125 013a FFF7FEFF 		bl	st_dword
 5126 013e 4A46     		mov	r2, r9
 5127 0140 2146     		mov	r1, r4
 5128 0142 0298     		ldr	r0, [sp, #8]
 5129 0144 FFF7FEFF 		bl	st_clust
 5130 0148 1023     		movs	r3, #16
 5131 014a E372     		strb	r3, [r4, #11]
 5132 014c 029B     		ldr	r3, [sp, #8]
 5133 014e 0122     		movs	r2, #1
 5134 0150 DA70     		strb	r2, [r3, #3]
ARM GAS  C:\Users\joabk\AppData\Local\Temp\ccqURA6q.s 			page 89


 5135 0152 0298     		ldr	r0, [sp, #8]
 5136 0154 FFF7FEFF 		bl	sync_fs
 5137 0158 0446     		mov	r4, r0
 5138 015a 5EE7     		b	.L829
 5139              	.L838:
 5140 015c 0824     		movs	r4, #8
 5141 015e 5CE7     		b	.L829
 5143              		.section	.text.f_rename,"ax",%progbits
 5144              		.align	1
 5145              		.global	f_rename
 5146              		.syntax unified
 5147              		.thumb
 5148              		.thumb_func
 5150              	f_rename:
 5151              		@ args = 0, pretend = 0, frame = 144
 5152              		@ frame_needed = 0, uses_anonymous_args = 0
 5153 0000 30B5     		push	{r4, r5, lr}
 5154 0002 A5B0     		sub	sp, sp, #148
 5155 0004 0190     		str	r0, [sp, #4]
 5156 0006 0091     		str	r1, [sp]
 5157 0008 6846     		mov	r0, sp
 5158 000a FFF7FEFF 		bl	get_ldnumber
 5159 000e 0222     		movs	r2, #2
 5160 0010 09A9     		add	r1, sp, #36
 5161 0012 01A8     		add	r0, sp, #4
 5162 0014 FFF7FEFF 		bl	find_volume
 5163 0018 0446     		mov	r4, r0
 5164 001a 10B1     		cbz	r0, .L861
 5165              	.L852:
 5166 001c 2046     		mov	r0, r4
 5167 001e 25B0     		add	sp, sp, #148
 5168              		@ sp needed
 5169 0020 30BD     		pop	{r4, r5, pc}
 5170              	.L861:
 5171 0022 099B     		ldr	r3, [sp, #36]
 5172 0024 1793     		str	r3, [sp, #92]
 5173 0026 0199     		ldr	r1, [sp, #4]
 5174 0028 17A8     		add	r0, sp, #92
 5175 002a FFF7FEFF 		bl	follow_path
 5176 002e 0446     		mov	r4, r0
 5177 0030 48B9     		cbnz	r0, .L853
 5178 0032 9DF88B30 		ldrb	r3, [sp, #139]	@ zero_extendqisi2
 5179 0036 13F0A00F 		tst	r3, #160
 5180 003a 72D1     		bne	.L857
 5181 003c 0221     		movs	r1, #2
 5182 003e 17A8     		add	r0, sp, #92
 5183 0040 FFF7FEFF 		bl	chk_lock
 5184 0044 0446     		mov	r4, r0
 5185              	.L853:
 5186 0046 002C     		cmp	r4, #0
 5187 0048 E8D1     		bne	.L852
 5188 004a 1522     		movs	r2, #21
 5189 004c 1F99     		ldr	r1, [sp, #124]
 5190 004e 0B31     		adds	r1, r1, #11
 5191 0050 03A8     		add	r0, sp, #12
 5192 0052 FFF7FEFF 		bl	mem_cpy
 5193 0056 3422     		movs	r2, #52
ARM GAS  C:\Users\joabk\AppData\Local\Temp\ccqURA6q.s 			page 90


 5194 0058 17A9     		add	r1, sp, #92
 5195 005a 0AA8     		add	r0, sp, #40
 5196 005c FFF7FEFF 		bl	mem_cpy
 5197 0060 0099     		ldr	r1, [sp]
 5198 0062 0AA8     		add	r0, sp, #40
 5199 0064 FFF7FEFF 		bl	follow_path
 5200 0068 0446     		mov	r4, r0
 5201 006a 58B9     		cbnz	r0, .L854
 5202 006c 0C9A     		ldr	r2, [sp, #48]
 5203 006e 199B     		ldr	r3, [sp, #100]
 5204 0070 9A42     		cmp	r2, r3
 5205 0072 01D0     		beq	.L862
 5206 0074 0824     		movs	r4, #8
 5207 0076 07E0     		b	.L855
 5208              	.L862:
 5209 0078 0F9A     		ldr	r2, [sp, #60]
 5210 007a 1C9B     		ldr	r3, [sp, #112]
 5211 007c 9A42     		cmp	r2, r3
 5212 007e 10D0     		beq	.L856
 5213 0080 0824     		movs	r4, #8
 5214 0082 01E0     		b	.L855
 5215              	.L854:
 5216 0084 0428     		cmp	r0, #4
 5217 0086 0CD0     		beq	.L856
 5218              	.L855:
 5219 0088 002C     		cmp	r4, #0
 5220 008a C7D1     		bne	.L852
 5221 008c 17A8     		add	r0, sp, #92
 5222 008e FFF7FEFF 		bl	dir_remove
 5223 0092 0446     		mov	r4, r0
 5224 0094 0028     		cmp	r0, #0
 5225 0096 C1D1     		bne	.L852
 5226 0098 0998     		ldr	r0, [sp, #36]
 5227 009a FFF7FEFF 		bl	sync_fs
 5228 009e 0446     		mov	r4, r0
 5229 00a0 BCE7     		b	.L852
 5230              	.L856:
 5231 00a2 0AA8     		add	r0, sp, #40
 5232 00a4 FFF7FEFF 		bl	dir_register
 5233 00a8 0446     		mov	r4, r0
 5234 00aa 0028     		cmp	r0, #0
 5235 00ac B6D1     		bne	.L852
 5236 00ae 129D     		ldr	r5, [sp, #72]
 5237 00b0 1322     		movs	r2, #19
 5238 00b2 0DF10E01 		add	r1, sp, #14
 5239 00b6 05F10D00 		add	r0, r5, #13
 5240 00ba FFF7FEFF 		bl	mem_cpy
 5241 00be 9DF80C30 		ldrb	r3, [sp, #12]	@ zero_extendqisi2
 5242 00c2 43F02003 		orr	r3, r3, #32
 5243 00c6 EB72     		strb	r3, [r5, #11]
 5244 00c8 099B     		ldr	r3, [sp, #36]
 5245 00ca 0122     		movs	r2, #1
 5246 00cc DA70     		strb	r2, [r3, #3]
 5247 00ce EB7A     		ldrb	r3, [r5, #11]	@ zero_extendqisi2
 5248 00d0 13F0100F 		tst	r3, #16
 5249 00d4 D8D0     		beq	.L855
 5250 00d6 199A     		ldr	r2, [sp, #100]
ARM GAS  C:\Users\joabk\AppData\Local\Temp\ccqURA6q.s 			page 91


 5251 00d8 0C9B     		ldr	r3, [sp, #48]
 5252 00da 9A42     		cmp	r2, r3
 5253 00dc D4D0     		beq	.L855
 5254 00de 099C     		ldr	r4, [sp, #36]
 5255 00e0 2946     		mov	r1, r5
 5256 00e2 2046     		mov	r0, r4
 5257 00e4 FFF7FEFF 		bl	ld_clust
 5258 00e8 0146     		mov	r1, r0
 5259 00ea 2046     		mov	r0, r4
 5260 00ec FFF7FEFF 		bl	clust2sect
 5261 00f0 0146     		mov	r1, r0
 5262 00f2 08B9     		cbnz	r0, .L863
 5263 00f4 0224     		movs	r4, #2
 5264 00f6 91E7     		b	.L852
 5265              	.L863:
 5266 00f8 2046     		mov	r0, r4
 5267 00fa FFF7FEFF 		bl	move_window
 5268 00fe 099B     		ldr	r3, [sp, #36]
 5269 0100 03F15401 		add	r1, r3, #84
 5270 0104 0446     		mov	r4, r0
 5271 0106 0028     		cmp	r0, #0
 5272 0108 88D1     		bne	.L852
 5273 010a 93F85520 		ldrb	r2, [r3, #85]	@ zero_extendqisi2
 5274 010e 2E2A     		cmp	r2, #46
 5275 0110 BAD1     		bne	.L855
 5276 0112 0C9A     		ldr	r2, [sp, #48]
 5277 0114 1846     		mov	r0, r3
 5278 0116 FFF7FEFF 		bl	st_clust
 5279 011a 099B     		ldr	r3, [sp, #36]
 5280 011c 0122     		movs	r2, #1
 5281 011e DA70     		strb	r2, [r3, #3]
 5282 0120 B2E7     		b	.L855
 5283              	.L857:
 5284 0122 0624     		movs	r4, #6
 5285 0124 7AE7     		b	.L852
 5287              		.section	.rodata.f_mkfs.str1.4,"aMS",%progbits,1
 5288              		.align	2
 5289              	.LC2:
 5290 0000 EBFE904D 		.ascii	"\353\376\220MSDOS5.0\000"
 5290      53444F53 
 5290      352E3000 
 5291              		.align	2
 5292              	.LC3:
 5293 000c 4E4F204E 		.ascii	"NO NAME    FAT32   \000"
 5293      414D4520 
 5293      20202046 
 5293      41543332 
 5293      20202000 
 5294              		.align	2
 5295              	.LC4:
 5296 0020 4E4F204E 		.ascii	"NO NAME    FAT     \000"
 5296      414D4520 
 5296      20202046 
 5296      41542020 
 5296      20202000 
 5297              		.section	.text.f_mkfs,"ax",%progbits
 5298              		.align	1
ARM GAS  C:\Users\joabk\AppData\Local\Temp\ccqURA6q.s 			page 92


 5299              		.global	f_mkfs
 5300              		.syntax unified
 5301              		.thumb
 5302              		.thumb_func
 5304              	f_mkfs:
 5305              		@ args = 4, pretend = 0, frame = 48
 5306              		@ frame_needed = 0, uses_anonymous_args = 0
 5307 0000 2DE9F04F 		push	{r4, r5, r6, r7, r8, r9, r10, fp, lr}
 5308 0004 8DB0     		sub	sp, sp, #52
 5309 0006 0990     		str	r0, [sp, #36]
 5310 0008 0F46     		mov	r7, r1
 5311 000a 1646     		mov	r6, r2
 5312 000c 0093     		str	r3, [sp]
 5313 000e 09A8     		add	r0, sp, #36
 5314 0010 FFF7FEFF 		bl	get_ldnumber
 5315 0014 0028     		cmp	r0, #0
 5316 0016 C0F20583 		blt	.L908
 5317 001a 8F4B     		ldr	r3, .L960
 5318 001c 53F82030 		ldr	r3, [r3, r0, lsl #2]
 5319 0020 0BB1     		cbz	r3, .L866
 5320 0022 0022     		movs	r2, #0
 5321 0024 1A70     		strb	r2, [r3]
 5322              	.L866:
 5323 0026 C4B2     		uxtb	r4, r0
 5324 0028 2046     		mov	r0, r4
 5325 002a FFF7FEFF 		bl	disk_initialize
 5326 002e 10F0010F 		tst	r0, #1
 5327 0032 40F0F982 		bne	.L909
 5328 0036 10F0040F 		tst	r0, #4
 5329 003a 40F0F782 		bne	.L910
 5330 003e 0BAA     		add	r2, sp, #44
 5331 0040 0321     		movs	r1, #3
 5332 0042 2046     		mov	r0, r4
 5333 0044 FFF7FEFF 		bl	disk_ioctl
 5334 0048 38B9     		cbnz	r0, .L867
 5335 004a 0B9B     		ldr	r3, [sp, #44]
 5336 004c 2BB1     		cbz	r3, .L867
 5337 004e B3F5004F 		cmp	r3, #32768
 5338 0052 02D8     		bhi	.L867
 5339 0054 5A1E     		subs	r2, r3, #1
 5340 0056 1342     		tst	r3, r2
 5341 0058 01D0     		beq	.L868
 5342              	.L867:
 5343 005a 0123     		movs	r3, #1
 5344 005c 0B93     		str	r3, [sp, #44]
 5345              	.L868:
 5346 005e 3EB1     		cbz	r6, .L869
 5347 0060 B6F5007F 		cmp	r6, #512
 5348 0064 C0F0E682 		bcc	.L911
 5349 0068 B6F1807F 		cmp	r6, #16777216
 5350 006c 00F2E482 		bhi	.L912
 5351              	.L869:
 5352 0070 731E     		subs	r3, r6, #1
 5353 0072 3340     		ands	r3, r3, r6
 5354 0074 0193     		str	r3, [sp, #4]
 5355 0076 40F0E182 		bne	.L913
 5356 007a 4FEA5629 		lsr	r9, r6, #9
ARM GAS  C:\Users\joabk\AppData\Local\Temp\ccqURA6q.s 			page 93


 5357 007e 169A     		ldr	r2, [sp, #88]
 5358 0080 520A     		lsrs	r2, r2, #9
 5359 0082 0292     		str	r2, [sp, #8]
 5360 0084 169D     		ldr	r5, [sp, #88]
 5361 0086 6FF30805 		bfc	r5, #0, #9
 5362 008a 002D     		cmp	r5, #0
 5363 008c 00F0D882 		beq	.L914
 5364 0090 0AAA     		add	r2, sp, #40
 5365 0092 0121     		movs	r1, #1
 5366 0094 2046     		mov	r0, r4
 5367 0096 FFF7FEFF 		bl	disk_ioctl
 5368 009a 0028     		cmp	r0, #0
 5369 009c 40F0D282 		bne	.L915
 5370 00a0 17F00802 		ands	r2, r7, #8
 5371 00a4 0392     		str	r2, [sp, #12]
 5372 00a6 23D0     		beq	.L916
 5373 00a8 DDF804B0 		ldr	fp, [sp, #4]
 5374              	.L870:
 5375 00ac 0A99     		ldr	r1, [sp, #40]
 5376 00ae 5945     		cmp	r1, fp
 5377 00b0 C0F0CA82 		bcc	.L917
 5378 00b4 A1EB0B01 		sub	r1, r1, fp
 5379 00b8 0A91     		str	r1, [sp, #40]
 5380 00ba 7F29     		cmp	r1, #127
 5381 00bc 40F2C682 		bls	.L918
 5382 00c0 B6F5813F 		cmp	r6, #66048
 5383 00c4 80F0C482 		bcs	.L919
 5384 00c8 17F00200 		ands	r0, r7, #2
 5385 00cc 06D0     		beq	.L871
 5386 00ce 07F00703 		and	r3, r7, #7
 5387 00d2 022B     		cmp	r3, #2
 5388 00d4 0FD0     		beq	.L920
 5389 00d6 17F0010F 		tst	r7, #1
 5390 00da 12D0     		beq	.L921
 5391              	.L871:
 5392 00dc 17F0010F 		tst	r7, #1
 5393 00e0 00F0B882 		beq	.L922
 5394 00e4 4FF0020A 		mov	r10, #2
 5395 00e8 8E46     		mov	lr, r1
 5396 00ea 4946     		mov	r1, r9
 5397 00ec 0494     		str	r4, [sp, #16]
 5398 00ee 64E0     		b	.L873
 5399              	.L916:
 5400 00f0 4FF03F0B 		mov	fp, #63
 5401 00f4 DAE7     		b	.L870
 5402              	.L920:
 5403 00f6 4FF0030A 		mov	r10, #3
 5404 00fa 8E46     		mov	lr, r1
 5405 00fc 4946     		mov	r1, r9
 5406 00fe 0494     		str	r4, [sp, #16]
 5407 0100 5BE0     		b	.L873
 5408              	.L921:
 5409 0102 4FF0030A 		mov	r10, #3
 5410 0106 8E46     		mov	lr, r1
 5411 0108 4946     		mov	r1, r9
 5412 010a 0494     		str	r4, [sp, #16]
 5413 010c 55E0     		b	.L873
ARM GAS  C:\Users\joabk\AppData\Local\Temp\ccqURA6q.s 			page 94


 5414              	.L928:
 5415 010e 1946     		mov	r1, r3
 5416 0110 53E0     		b	.L873
 5417              	.L929:
 5418 0112 4FF0030A 		mov	r10, #3
 5419 0116 50E0     		b	.L873
 5420              	.L949:
 5421 0118 91B1     		cbz	r1, .L947
 5422 011a 0F46     		mov	r7, r1
 5423              	.L875:
 5424 011c BEFBF7F3 		udiv	r3, lr, r7
 5425 0120 9E00     		lsls	r6, r3, #2
 5426 0122 06F20726 		addw	r6, r6, #519
 5427 0126 760A     		lsrs	r6, r6, #9
 5428 0128 A3F57F43 		sub	r3, r3, #65280
 5429 012c F63B     		subs	r3, r3, #246
 5430 012e 4B4A     		ldr	r2, .L960+4
 5431 0130 9342     		cmp	r3, r2
 5432 0132 00F29182 		bhi	.L924
 5433 0136 DDF80490 		ldr	r9, [sp, #4]
 5434 013a 4FF0200C 		mov	ip, #32
 5435 013e 51E0     		b	.L878
 5436              	.L947:
 5437 0140 4FEA5E44 		lsr	r4, lr, #17
 5438 0144 0A46     		mov	r2, r1
 5439 0146 0127     		movs	r7, #1
 5440 0148 01E0     		b	.L876
 5441              	.L877:
 5442 014a 0132     		adds	r2, r2, #1
 5443 014c 7F00     		lsls	r7, r7, #1
 5444              	.L876:
 5445 014e 444B     		ldr	r3, .L960+8
 5446 0150 33F81230 		ldrh	r3, [r3, r2, lsl #1]
 5447 0154 002B     		cmp	r3, #0
 5448 0156 E1D0     		beq	.L875
 5449 0158 A342     		cmp	r3, r4
 5450 015a F6D9     		bls	.L877
 5451 015c DEE7     		b	.L875
 5452              	.L950:
 5453 015e 4FEA1E34 		lsr	r4, lr, #12
 5454 0162 0A46     		mov	r2, r1
 5455 0164 0127     		movs	r7, #1
 5456              	.L880:
 5457 0166 3F4B     		ldr	r3, .L960+12
 5458 0168 33F81230 		ldrh	r3, [r3, r2, lsl #1]
 5459 016c 5BB3     		cbz	r3, .L879
 5460 016e A342     		cmp	r3, r4
 5461 0170 29D8     		bhi	.L879
 5462 0172 0132     		adds	r2, r2, #1
 5463 0174 7F00     		lsls	r7, r7, #1
 5464 0176 F6E7     		b	.L880
 5465              	.L882:
 5466 0178 03EB4306 		add	r6, r3, r3, lsl #1
 5467 017c 0136     		adds	r6, r6, #1
 5468 017e 7608     		lsrs	r6, r6, #1
 5469 0180 0336     		adds	r6, r6, #3
 5470 0182 4FF0010A 		mov	r10, #1
ARM GAS  C:\Users\joabk\AppData\Local\Temp\ccqURA6q.s 			page 95


 5471 0186 26E0     		b	.L883
 5472              	.L951:
 5473 0188 9444     		add	ip, ip, r2
 5474 018a 9044     		add	r8, r8, r2
 5475 018c 39E0     		b	.L885
 5476              	.L952:
 5477 018e 4FF6F572 		movw	r2, #65525
 5478 0192 9342     		cmp	r3, r2
 5479 0194 46D8     		bhi	.L886
 5480 0196 0029     		cmp	r1, #0
 5481 0198 40F06282 		bne	.L927
 5482 019c 7908     		lsrs	r1, r7, #1
 5483 019e 012F     		cmp	r7, #1
 5484 01a0 0BD8     		bhi	.L873
 5485 01a2 0E20     		movs	r0, #14
 5486 01a4 43E2     		b	.L865
 5487              	.L889:
 5488 01a6 40F6F572 		movw	r2, #4085
 5489 01aa 9342     		cmp	r3, r2
 5490 01ac 5CD8     		bhi	.L888
 5491 01ae 0029     		cmp	r1, #0
 5492 01b0 40F05A82 		bne	.L931
 5493 01b4 7900     		lsls	r1, r7, #1
 5494 01b6 8029     		cmp	r1, #128
 5495 01b8 4BD8     		bhi	.L948
 5496              	.L873:
 5497 01ba BAF1030F 		cmp	r10, #3
 5498 01be ABD0     		beq	.L949
 5499 01c0 0029     		cmp	r1, #0
 5500 01c2 CCD0     		beq	.L950
 5501 01c4 0F46     		mov	r7, r1
 5502              	.L879:
 5503 01c6 BEFBF7F3 		udiv	r3, lr, r7
 5504 01ca 40F6F572 		movw	r2, #4085
 5505 01ce 9342     		cmp	r3, r2
 5506 01d0 D2D9     		bls	.L882
 5507 01d2 9E1C     		adds	r6, r3, #2
 5508 01d4 7600     		lsls	r6, r6, #1
 5509              	.L883:
 5510 01d6 06F2FF16 		addw	r6, r6, #511
 5511 01da 760A     		lsrs	r6, r6, #9
 5512 01dc 4FF02009 		mov	r9, #32
 5513 01e0 4FF0010C 		mov	ip, #1
 5514              	.L878:
 5515 01e4 0CEB0B08 		add	r8, ip, fp
 5516 01e8 06EB0803 		add	r3, r6, r8
 5517 01ec 4B44     		add	r3, r3, r9
 5518 01ee 0B9C     		ldr	r4, [sp, #44]
 5519 01f0 E218     		adds	r2, r4, r3
 5520 01f2 013A     		subs	r2, r2, #1
 5521 01f4 6442     		rsbs	r4, r4, #0
 5522 01f6 2240     		ands	r2, r2, r4
 5523 01f8 D21A     		subs	r2, r2, r3
 5524 01fa BAF1030F 		cmp	r10, #3
 5525 01fe C3D0     		beq	.L951
 5526 0200 1644     		add	r6, r6, r2
 5527              	.L885:
ARM GAS  C:\Users\joabk\AppData\Local\Temp\ccqURA6q.s 			page 96


 5528 0202 03EB0713 		add	r3, r3, r7, lsl #4
 5529 0206 A3EB0B03 		sub	r3, r3, fp
 5530 020a 9E45     		cmp	lr, r3
 5531 020c C0F02682 		bcc	.L926
 5532 0210 AEEB0C03 		sub	r3, lr, ip
 5533 0214 9B1B     		subs	r3, r3, r6
 5534 0216 A3EB0903 		sub	r3, r3, r9
 5535 021a B3FBF7F3 		udiv	r3, r3, r7
 5536 021e BAF1030F 		cmp	r10, #3
 5537 0222 B4D0     		beq	.L952
 5538              	.L886:
 5539 0224 BAF1020F 		cmp	r10, #2
 5540 0228 1ED1     		bne	.L888
 5541 022a 4FF6F572 		movw	r2, #65525
 5542 022e 9342     		cmp	r3, r2
 5543 0230 B9D9     		bls	.L889
 5544 0232 19B9     		cbnz	r1, .L890
 5545 0234 7B00     		lsls	r3, r7, #1
 5546 0236 402B     		cmp	r3, #64
 5547 0238 7FF669AF 		bls	.L928
 5548              	.L890:
 5549 023c 0028     		cmp	r0, #0
 5550 023e 7FF468AF 		bne	.L929
 5551 0242 0029     		cmp	r1, #0
 5552 0244 40F00E82 		bne	.L930
 5553 0248 7900     		lsls	r1, r7, #1
 5554 024a 8029     		cmp	r1, #128
 5555 024c B5D9     		bls	.L873
 5556 024e 0E20     		movs	r0, #14
 5557 0250 EDE1     		b	.L865
 5558              	.L948:
 5559 0252 0E20     		movs	r0, #14
 5560 0254 EBE1     		b	.L865
 5561              	.L961:
 5562 0256 00BF     		.align	2
 5563              	.L960:
 5564 0258 00000000 		.word	FatFs
 5565 025c FFFFFE0F 		.word	268369919
 5566 0260 00000000 		.word	cst32.1
 5567 0264 00000000 		.word	cst.0
 5568              	.L888:
 5569 0268 CDF81C90 		str	r9, [sp, #28]
 5570 026c CDF81480 		str	r8, [sp, #20]
 5571 0270 CDF818C0 		str	ip, [sp, #24]
 5572 0274 049C     		ldr	r4, [sp, #16]
 5573 0276 9846     		mov	r8, r3
 5574 0278 BAF1010F 		cmp	r10, #1
 5575 027c 04D1     		bne	.L891
 5576 027e 40F6F573 		movw	r3, #4085
 5577 0282 9845     		cmp	r8, r3
 5578 0284 00F2F281 		bhi	.L932
 5579              	.L891:
 5580 0288 4FF40072 		mov	r2, #512
 5581 028c 0021     		movs	r1, #0
 5582 028e DDF80090 		ldr	r9, [sp]
 5583 0292 4846     		mov	r0, r9
 5584 0294 FFF7FEFF 		bl	mem_set
ARM GAS  C:\Users\joabk\AppData\Local\Temp\ccqURA6q.s 			page 97


 5585 0298 0B22     		movs	r2, #11
 5586 029a B849     		ldr	r1, .L962
 5587 029c 4846     		mov	r0, r9
 5588 029e FFF7FEFF 		bl	mem_cpy
 5589 02a2 4FF40071 		mov	r1, #512
 5590 02a6 CDF80090 		str	r9, [sp]
 5591 02aa 09F10B00 		add	r0, r9, #11
 5592 02ae FFF7FEFF 		bl	st_word
 5593 02b2 009B     		ldr	r3, [sp]
 5594 02b4 5F73     		strb	r7, [r3, #13]
 5595 02b6 BDF81810 		ldrh	r1, [sp, #24]
 5596 02ba 03F10E00 		add	r0, r3, #14
 5597 02be FFF7FEFF 		bl	st_word
 5598 02c2 0123     		movs	r3, #1
 5599 02c4 009A     		ldr	r2, [sp]
 5600 02c6 1374     		strb	r3, [r2, #16]
 5601 02c8 02F11100 		add	r0, r2, #17
 5602 02cc BAF1030F 		cmp	r10, #3
 5603 02d0 00F09780 		beq	.L953
 5604 02d4 4FF40071 		mov	r1, #512
 5605              	.L892:
 5606 02d8 FFF7FEFF 		bl	st_word
 5607 02dc 0A99     		ldr	r1, [sp, #40]
 5608 02de B1F5803F 		cmp	r1, #65536
 5609 02e2 80F09080 		bcs	.L893
 5610 02e6 89B2     		uxth	r1, r1
 5611 02e8 009B     		ldr	r3, [sp]
 5612 02ea 03F11300 		add	r0, r3, #19
 5613 02ee FFF7FEFF 		bl	st_word
 5614              	.L894:
 5615 02f2 F823     		movs	r3, #248
 5616 02f4 009A     		ldr	r2, [sp]
 5617 02f6 5375     		strb	r3, [r2, #21]
 5618 02f8 3F21     		movs	r1, #63
 5619 02fa 02F11800 		add	r0, r2, #24
 5620 02fe FFF7FEFF 		bl	st_word
 5621 0302 FF21     		movs	r1, #255
 5622 0304 009A     		ldr	r2, [sp]
 5623 0306 02F11A00 		add	r0, r2, #26
 5624 030a FFF7FEFF 		bl	st_word
 5625 030e 5946     		mov	r1, fp
 5626 0310 009A     		ldr	r2, [sp]
 5627 0312 02F11C00 		add	r0, r2, #28
 5628 0316 FFF7FEFF 		bl	st_dword
 5629 031a BAF1030F 		cmp	r10, #3
 5630 031e 78D0     		beq	.L954
 5631 0320 FFF7FEFF 		bl	get_fattime
 5632 0324 0146     		mov	r1, r0
 5633 0326 009A     		ldr	r2, [sp]
 5634 0328 02F12700 		add	r0, r2, #39
 5635 032c FFF7FEFF 		bl	st_dword
 5636 0330 B1B2     		uxth	r1, r6
 5637 0332 009A     		ldr	r2, [sp]
 5638 0334 02F11600 		add	r0, r2, #22
 5639 0338 FFF7FEFF 		bl	st_word
 5640 033c 8023     		movs	r3, #128
 5641 033e 0098     		ldr	r0, [sp]
ARM GAS  C:\Users\joabk\AppData\Local\Temp\ccqURA6q.s 			page 98


 5642 0340 80F82430 		strb	r3, [r0, #36]
 5643 0344 2923     		movs	r3, #41
 5644 0346 80F82630 		strb	r3, [r0, #38]
 5645 034a 1322     		movs	r2, #19
 5646 034c 8C49     		ldr	r1, .L962+4
 5647 034e 2B30     		adds	r0, r0, #43
 5648 0350 FFF7FEFF 		bl	mem_cpy
 5649              	.L896:
 5650 0354 009B     		ldr	r3, [sp]
 5651 0356 03F5FF79 		add	r9, r3, #510
 5652 035a 4AF65521 		movw	r1, #43605
 5653 035e 4846     		mov	r0, r9
 5654 0360 FFF7FEFF 		bl	st_word
 5655 0364 0123     		movs	r3, #1
 5656 0366 5A46     		mov	r2, fp
 5657 0368 0099     		ldr	r1, [sp]
 5658 036a 2046     		mov	r0, r4
 5659 036c FFF7FEFF 		bl	disk_write
 5660 0370 0028     		cmp	r0, #0
 5661 0372 40F07D81 		bne	.L934
 5662 0376 BAF1030F 		cmp	r10, #3
 5663 037a 77D0     		beq	.L955
 5664              	.L897:
 5665 037c 2A46     		mov	r2, r5
 5666 037e 0021     		movs	r1, #0
 5667 0380 DDF80080 		ldr	r8, [sp]
 5668 0384 4046     		mov	r0, r8
 5669 0386 FFF7FEFF 		bl	mem_set
 5670 038a 0497     		str	r7, [sp, #16]
 5671 038c CDF81890 		str	r9, [sp, #24]
 5672 0390 5D46     		mov	r5, fp
 5673 0392 DDF808B0 		ldr	fp, [sp, #8]
 5674 0396 C146     		mov	r9, r8
 5675              	.L898:
 5676 0398 019B     		ldr	r3, [sp, #4]
 5677 039a 002B     		cmp	r3, #0
 5678 039c 00F0A080 		beq	.L903
 5679 03a0 049F     		ldr	r7, [sp, #16]
 5680 03a2 DDF81890 		ldr	r9, [sp, #24]
 5681 03a6 AB46     		mov	fp, r5
 5682 03a8 BAF1030F 		cmp	r10, #3
 5683 03ac 00F0DB80 		beq	.L956
 5684 03b0 CDF804A0 		str	r10, [sp, #4]
 5685 03b4 079E     		ldr	r6, [sp, #28]
 5686 03b6 059F     		ldr	r7, [sp, #20]
 5687 03b8 DDF80880 		ldr	r8, [sp, #8]
 5688 03bc DDF800A0 		ldr	r10, [sp]
 5689              	.L905:
 5690 03c0 3546     		mov	r5, r6
 5691 03c2 4645     		cmp	r6, r8
 5692 03c4 28BF     		it	cs
 5693 03c6 4546     		movcs	r5, r8
 5694 03c8 2B46     		mov	r3, r5
 5695 03ca 3A46     		mov	r2, r7
 5696 03cc 5146     		mov	r1, r10
 5697 03ce 2046     		mov	r0, r4
 5698 03d0 FFF7FEFF 		bl	disk_write
ARM GAS  C:\Users\joabk\AppData\Local\Temp\ccqURA6q.s 			page 99


 5699 03d4 0028     		cmp	r0, #0
 5700 03d6 40F04F81 		bne	.L937
 5701 03da 2F44     		add	r7, r7, r5
 5702 03dc 761B     		subs	r6, r6, r5
 5703 03de EFD1     		bne	.L905
 5704 03e0 DDF804A0 		ldr	r10, [sp, #4]
 5705 03e4 BAF1030F 		cmp	r10, #3
 5706 03e8 00F0D480 		beq	.L938
 5707 03ec 0A9B     		ldr	r3, [sp, #40]
 5708 03ee B3F5803F 		cmp	r3, #65536
 5709 03f2 80F01581 		bcs	.L939
 5710 03f6 BAF1020F 		cmp	r10, #2
 5711 03fa 00F0BD80 		beq	.L957
 5712 03fe 0127     		movs	r7, #1
 5713 0400 C9E0     		b	.L906
 5714              	.L953:
 5715 0402 0021     		movs	r1, #0
 5716 0404 68E7     		b	.L892
 5717              	.L893:
 5718 0406 009B     		ldr	r3, [sp]
 5719 0408 03F12000 		add	r0, r3, #32
 5720 040c FFF7FEFF 		bl	st_dword
 5721 0410 6FE7     		b	.L894
 5722              	.L954:
 5723 0412 FFF7FEFF 		bl	get_fattime
 5724 0416 0146     		mov	r1, r0
 5725 0418 009A     		ldr	r2, [sp]
 5726 041a 02F14300 		add	r0, r2, #67
 5727 041e FFF7FEFF 		bl	st_dword
 5728 0422 3146     		mov	r1, r6
 5729 0424 009A     		ldr	r2, [sp]
 5730 0426 02F12400 		add	r0, r2, #36
 5731 042a FFF7FEFF 		bl	st_dword
 5732 042e 0221     		movs	r1, #2
 5733 0430 009A     		ldr	r2, [sp]
 5734 0432 02F12C00 		add	r0, r2, #44
 5735 0436 FFF7FEFF 		bl	st_dword
 5736 043a 0121     		movs	r1, #1
 5737 043c 009A     		ldr	r2, [sp]
 5738 043e 02F13000 		add	r0, r2, #48
 5739 0442 FFF7FEFF 		bl	st_word
 5740 0446 0621     		movs	r1, #6
 5741 0448 009A     		ldr	r2, [sp]
 5742 044a 02F13200 		add	r0, r2, #50
 5743 044e FFF7FEFF 		bl	st_word
 5744 0452 8023     		movs	r3, #128
 5745 0454 0098     		ldr	r0, [sp]
 5746 0456 80F84030 		strb	r3, [r0, #64]
 5747 045a 2923     		movs	r3, #41
 5748 045c 80F84230 		strb	r3, [r0, #66]
 5749 0460 1322     		movs	r2, #19
 5750 0462 4849     		ldr	r1, .L962+8
 5751 0464 4730     		adds	r0, r0, #71
 5752 0466 FFF7FEFF 		bl	mem_cpy
 5753 046a 73E7     		b	.L896
 5754              	.L955:
 5755 046c 0123     		movs	r3, #1
ARM GAS  C:\Users\joabk\AppData\Local\Temp\ccqURA6q.s 			page 100


 5756 046e 0BF10602 		add	r2, fp, #6
 5757 0472 0099     		ldr	r1, [sp]
 5758 0474 2046     		mov	r0, r4
 5759 0476 FFF7FEFF 		bl	disk_write
 5760 047a 4FF40072 		mov	r2, #512
 5761 047e 0021     		movs	r1, #0
 5762 0480 0098     		ldr	r0, [sp]
 5763 0482 FFF7FEFF 		bl	mem_set
 5764 0486 4049     		ldr	r1, .L962+12
 5765 0488 0098     		ldr	r0, [sp]
 5766 048a FFF7FEFF 		bl	st_dword
 5767 048e 3F49     		ldr	r1, .L962+16
 5768 0490 009B     		ldr	r3, [sp]
 5769 0492 03F5F270 		add	r0, r3, #484
 5770 0496 FFF7FEFF 		bl	st_dword
 5771 049a 08F1FF31 		add	r1, r8, #-1
 5772 049e 009B     		ldr	r3, [sp]
 5773 04a0 03F5F470 		add	r0, r3, #488
 5774 04a4 FFF7FEFF 		bl	st_dword
 5775 04a8 0221     		movs	r1, #2
 5776 04aa 009B     		ldr	r3, [sp]
 5777 04ac 03F5F670 		add	r0, r3, #492
 5778 04b0 FFF7FEFF 		bl	st_dword
 5779 04b4 4AF65521 		movw	r1, #43605
 5780 04b8 4846     		mov	r0, r9
 5781 04ba FFF7FEFF 		bl	st_word
 5782 04be 0123     		movs	r3, #1
 5783 04c0 0BF10702 		add	r2, fp, #7
 5784 04c4 DDF80080 		ldr	r8, [sp]
 5785 04c8 4146     		mov	r1, r8
 5786 04ca 2046     		mov	r0, r4
 5787 04cc FFF7FEFF 		bl	disk_write
 5788 04d0 0123     		movs	r3, #1
 5789 04d2 0BEB0302 		add	r2, fp, r3
 5790 04d6 4146     		mov	r1, r8
 5791 04d8 2046     		mov	r0, r4
 5792 04da FFF7FEFF 		bl	disk_write
 5793 04de 4DE7     		b	.L897
 5794              	.L903:
 5795 04e0 BAF1030F 		cmp	r10, #3
 5796 04e4 2BD0     		beq	.L958
 5797 04e6 BAF1010F 		cmp	r10, #1
 5798 04ea 3AD0     		beq	.L959
 5799 04ec 6FF00701 		mvn	r1, #7
 5800              	.L901:
 5801 04f0 4846     		mov	r0, r9
 5802 04f2 FFF7FEFF 		bl	st_dword
 5803              	.L900:
 5804 04f6 3746     		mov	r7, r6
 5805 04f8 CDF820A0 		str	r10, [sp, #32]
 5806 04fc DDF81480 		ldr	r8, [sp, #20]
 5807              	.L902:
 5808 0500 BA46     		mov	r10, r7
 5809 0502 5F45     		cmp	r7, fp
 5810 0504 28BF     		it	cs
 5811 0506 DA46     		movcs	r10, fp
 5812 0508 5346     		mov	r3, r10
ARM GAS  C:\Users\joabk\AppData\Local\Temp\ccqURA6q.s 			page 101


 5813 050a 4246     		mov	r2, r8
 5814 050c 4946     		mov	r1, r9
 5815 050e 2046     		mov	r0, r4
 5816 0510 FFF7FEFF 		bl	disk_write
 5817 0514 0028     		cmp	r0, #0
 5818 0516 40F0AD80 		bne	.L936
 5819 051a 4FF40072 		mov	r2, #512
 5820 051e 0021     		movs	r1, #0
 5821 0520 4846     		mov	r0, r9
 5822 0522 FFF7FEFF 		bl	mem_set
 5823 0526 D044     		add	r8, r8, r10
 5824 0528 B7EB0A07 		subs	r7, r7, r10
 5825 052c E8D1     		bne	.L902
 5826 052e DDF820A0 		ldr	r10, [sp, #32]
 5827 0532 CDF81480 		str	r8, [sp, #20]
 5828 0536 019B     		ldr	r3, [sp, #4]
 5829 0538 0133     		adds	r3, r3, #1
 5830 053a 0193     		str	r3, [sp, #4]
 5831 053c 2CE7     		b	.L898
 5832              	.L958:
 5833 053e 6FF00701 		mvn	r1, #7
 5834 0542 4846     		mov	r0, r9
 5835 0544 FFF7FEFF 		bl	st_dword
 5836 0548 4FF0FF31 		mov	r1, #-1
 5837 054c 09F10400 		add	r0, r9, #4
 5838 0550 FFF7FEFF 		bl	st_dword
 5839 0554 6FF07041 		mvn	r1, #-268435456
 5840 0558 09F10800 		add	r0, r9, #8
 5841 055c FFF7FEFF 		bl	st_dword
 5842 0560 C9E7     		b	.L900
 5843              	.L959:
 5844 0562 0B49     		ldr	r1, .L962+20
 5845 0564 C4E7     		b	.L901
 5846              	.L956:
 5847 0566 3E46     		mov	r6, r7
 5848 0568 CDF804A0 		str	r10, [sp, #4]
 5849 056c 059F     		ldr	r7, [sp, #20]
 5850 056e DDF80880 		ldr	r8, [sp, #8]
 5851 0572 DDF800A0 		ldr	r10, [sp]
 5852 0576 23E7     		b	.L905
 5853              	.L957:
 5854 0578 0427     		movs	r7, #4
 5855 057a 0CE0     		b	.L906
 5856              	.L963:
 5857              		.align	2
 5858              	.L962:
 5859 057c 00000000 		.word	.LC2
 5860 0580 20000000 		.word	.LC4
 5861 0584 0C000000 		.word	.LC3
 5862 0588 52526141 		.word	1096897106
 5863 058c 72724161 		.word	1631679090
 5864 0590 F8FFFF00 		.word	16777208
 5865              	.L938:
 5866 0594 0C27     		movs	r7, #12
 5867              	.L906:
 5868 0596 039B     		ldr	r3, [sp, #12]
 5869 0598 D3BB     		cbnz	r3, .L907
ARM GAS  C:\Users\joabk\AppData\Local\Temp\ccqURA6q.s 			page 102


 5870 059a 4FF40072 		mov	r2, #512
 5871 059e 0021     		movs	r1, #0
 5872 05a0 009E     		ldr	r6, [sp]
 5873 05a2 3046     		mov	r0, r6
 5874 05a4 FFF7FEFF 		bl	mem_set
 5875 05a8 4AF65521 		movw	r1, #43605
 5876 05ac 4846     		mov	r0, r9
 5877 05ae FFF7FEFF 		bl	st_word
 5878 05b2 0025     		movs	r5, #0
 5879 05b4 3146     		mov	r1, r6
 5880 05b6 86F8BE51 		strb	r5, [r6, #446]
 5881 05ba 0126     		movs	r6, #1
 5882 05bc 81F8BF61 		strb	r6, [r1, #447]
 5883 05c0 81F8C061 		strb	r6, [r1, #448]
 5884 05c4 81F8C151 		strb	r5, [r1, #449]
 5885 05c8 81F8C271 		strb	r7, [r1, #450]
 5886 05cc 0A9B     		ldr	r3, [sp, #40]
 5887 05ce 5B44     		add	r3, r3, fp
 5888 05d0 43F6C162 		movw	r2, #16065
 5889 05d4 B3FBF2F3 		udiv	r3, r3, r2
 5890 05d8 FE22     		movs	r2, #254
 5891 05da 81F8C321 		strb	r2, [r1, #451]
 5892 05de 9A08     		lsrs	r2, r3, #2
 5893 05e0 42F03F02 		orr	r2, r2, #63
 5894 05e4 0F46     		mov	r7, r1
 5895 05e6 81F8C421 		strb	r2, [r1, #452]
 5896 05ea 81F8C531 		strb	r3, [r1, #453]
 5897 05ee 5946     		mov	r1, fp
 5898 05f0 07F5E370 		add	r0, r7, #454
 5899 05f4 FFF7FEFF 		bl	st_dword
 5900 05f8 0A99     		ldr	r1, [sp, #40]
 5901 05fa 07F5E570 		add	r0, r7, #458
 5902 05fe FFF7FEFF 		bl	st_dword
 5903 0602 3346     		mov	r3, r6
 5904 0604 2A46     		mov	r2, r5
 5905 0606 3946     		mov	r1, r7
 5906 0608 2046     		mov	r0, r4
 5907 060a FFF7FEFF 		bl	disk_write
 5908 060e A8BB     		cbnz	r0, .L941
 5909              	.L907:
 5910 0610 0022     		movs	r2, #0
 5911 0612 1146     		mov	r1, r2
 5912 0614 2046     		mov	r0, r4
 5913 0616 FFF7FEFF 		bl	disk_ioctl
 5914 061a 40B1     		cbz	r0, .L865
 5915 061c 0120     		movs	r0, #1
 5916 061e 06E0     		b	.L865
 5917              	.L939:
 5918 0620 0627     		movs	r7, #6
 5919 0622 B8E7     		b	.L906
 5920              	.L908:
 5921 0624 0B20     		movs	r0, #11
 5922 0626 02E0     		b	.L865
 5923              	.L909:
 5924 0628 0320     		movs	r0, #3
 5925 062a 00E0     		b	.L865
 5926              	.L910:
ARM GAS  C:\Users\joabk\AppData\Local\Temp\ccqURA6q.s 			page 103


 5927 062c 0A20     		movs	r0, #10
 5928              	.L865:
 5929 062e 0DB0     		add	sp, sp, #52
 5930              		@ sp needed
 5931 0630 BDE8F08F 		pop	{r4, r5, r6, r7, r8, r9, r10, fp, pc}
 5932              	.L911:
 5933 0634 1320     		movs	r0, #19
 5934 0636 FAE7     		b	.L865
 5935              	.L912:
 5936 0638 1320     		movs	r0, #19
 5937 063a F8E7     		b	.L865
 5938              	.L913:
 5939 063c 1320     		movs	r0, #19
 5940 063e F6E7     		b	.L865
 5941              	.L914:
 5942 0640 0E20     		movs	r0, #14
 5943 0642 F4E7     		b	.L865
 5944              	.L915:
 5945 0644 0120     		movs	r0, #1
 5946 0646 F2E7     		b	.L865
 5947              	.L917:
 5948 0648 0E20     		movs	r0, #14
 5949 064a F0E7     		b	.L865
 5950              	.L918:
 5951 064c 0E20     		movs	r0, #14
 5952 064e EEE7     		b	.L865
 5953              	.L919:
 5954 0650 1320     		movs	r0, #19
 5955 0652 ECE7     		b	.L865
 5956              	.L922:
 5957 0654 1320     		movs	r0, #19
 5958 0656 EAE7     		b	.L865
 5959              	.L924:
 5960 0658 0E20     		movs	r0, #14
 5961 065a E8E7     		b	.L865
 5962              	.L926:
 5963 065c 0E20     		movs	r0, #14
 5964 065e E6E7     		b	.L865
 5965              	.L927:
 5966 0660 0E20     		movs	r0, #14
 5967 0662 E4E7     		b	.L865
 5968              	.L930:
 5969 0664 0E20     		movs	r0, #14
 5970 0666 E2E7     		b	.L865
 5971              	.L931:
 5972 0668 0E20     		movs	r0, #14
 5973 066a E0E7     		b	.L865
 5974              	.L932:
 5975 066c 0E20     		movs	r0, #14
 5976 066e DEE7     		b	.L865
 5977              	.L934:
 5978 0670 0120     		movs	r0, #1
 5979 0672 DCE7     		b	.L865
 5980              	.L936:
 5981 0674 0120     		movs	r0, #1
 5982 0676 DAE7     		b	.L865
 5983              	.L937:
ARM GAS  C:\Users\joabk\AppData\Local\Temp\ccqURA6q.s 			page 104


 5984 0678 0120     		movs	r0, #1
 5985 067a D8E7     		b	.L865
 5986              	.L941:
 5987 067c 0120     		movs	r0, #1
 5988 067e D6E7     		b	.L865
 5990              		.section	.text.f_gets,"ax",%progbits
 5991              		.align	1
 5992              		.global	f_gets
 5993              		.syntax unified
 5994              		.thumb
 5995              		.thumb_func
 5997              	f_gets:
 5998              		@ args = 0, pretend = 0, frame = 8
 5999              		@ frame_needed = 0, uses_anonymous_args = 0
 6000 0000 2DE9F041 		push	{r4, r5, r6, r7, r8, lr}
 6001 0004 82B0     		sub	sp, sp, #8
 6002 0006 8046     		mov	r8, r0
 6003 0008 0E46     		mov	r6, r1
 6004 000a 1746     		mov	r7, r2
 6005 000c 0446     		mov	r4, r0
 6006 000e 0025     		movs	r5, #0
 6007 0010 01E0     		b	.L965
 6008              	.L970:
 6009 0012 A446     		mov	ip, r4
 6010              	.L967:
 6011 0014 6446     		mov	r4, ip
 6012              	.L965:
 6013 0016 731E     		subs	r3, r6, #1
 6014 0018 AB42     		cmp	r3, r5
 6015 001a 13DD     		ble	.L966
 6016 001c 6B46     		mov	r3, sp
 6017 001e 0122     		movs	r2, #1
 6018 0020 01A9     		add	r1, sp, #4
 6019 0022 3846     		mov	r0, r7
 6020 0024 FFF7FEFF 		bl	f_read
 6021 0028 009B     		ldr	r3, [sp]
 6022 002a 012B     		cmp	r3, #1
 6023 002c 0AD1     		bne	.L966
 6024 002e 9DF80430 		ldrb	r3, [sp, #4]	@ zero_extendqisi2
 6025 0032 0D2B     		cmp	r3, #13
 6026 0034 EDD0     		beq	.L970
 6027 0036 A446     		mov	ip, r4
 6028 0038 0CF8013B 		strb	r3, [ip], #1
 6029 003c 0135     		adds	r5, r5, #1
 6030 003e 0A2B     		cmp	r3, #10
 6031 0040 E8D1     		bne	.L967
 6032 0042 6446     		mov	r4, ip
 6033              	.L966:
 6034 0044 0023     		movs	r3, #0
 6035 0046 2370     		strb	r3, [r4]
 6036 0048 1DB1     		cbz	r5, .L972
 6037 004a 4046     		mov	r0, r8
 6038              	.L964:
 6039 004c 02B0     		add	sp, sp, #8
 6040              		@ sp needed
 6041 004e BDE8F081 		pop	{r4, r5, r6, r7, r8, pc}
 6042              	.L972:
ARM GAS  C:\Users\joabk\AppData\Local\Temp\ccqURA6q.s 			page 105


 6043 0052 0020     		movs	r0, #0
 6044 0054 FAE7     		b	.L964
 6046              		.section	.text.f_putc,"ax",%progbits
 6047              		.align	1
 6048              		.global	f_putc
 6049              		.syntax unified
 6050              		.thumb
 6051              		.thumb_func
 6053              	f_putc:
 6054              		@ args = 0, pretend = 0, frame = 80
 6055              		@ frame_needed = 0, uses_anonymous_args = 0
 6056 0000 10B5     		push	{r4, lr}
 6057 0002 94B0     		sub	sp, sp, #80
 6058 0004 0446     		mov	r4, r0
 6059 0006 01A8     		add	r0, sp, #4
 6060 0008 FFF7FEFF 		bl	putc_init
 6061 000c 2146     		mov	r1, r4
 6062 000e 01A8     		add	r0, sp, #4
 6063 0010 FFF7FEFF 		bl	putc_bfd
 6064 0014 01A8     		add	r0, sp, #4
 6065 0016 FFF7FEFF 		bl	putc_flush
 6066 001a 14B0     		add	sp, sp, #80
 6067              		@ sp needed
 6068 001c 10BD     		pop	{r4, pc}
 6070              		.section	.text.f_puts,"ax",%progbits
 6071              		.align	1
 6072              		.global	f_puts
 6073              		.syntax unified
 6074              		.thumb
 6075              		.thumb_func
 6077              	f_puts:
 6078              		@ args = 0, pretend = 0, frame = 80
 6079              		@ frame_needed = 0, uses_anonymous_args = 0
 6080 0000 10B5     		push	{r4, lr}
 6081 0002 94B0     		sub	sp, sp, #80
 6082 0004 0446     		mov	r4, r0
 6083 0006 01A8     		add	r0, sp, #4
 6084 0008 FFF7FEFF 		bl	putc_init
 6085 000c 03E0     		b	.L977
 6086              	.L978:
 6087 000e 0134     		adds	r4, r4, #1
 6088 0010 01A8     		add	r0, sp, #4
 6089 0012 FFF7FEFF 		bl	putc_bfd
 6090              	.L977:
 6091 0016 2178     		ldrb	r1, [r4]	@ zero_extendqisi2
 6092 0018 0029     		cmp	r1, #0
 6093 001a F8D1     		bne	.L978
 6094 001c 01A8     		add	r0, sp, #4
 6095 001e FFF7FEFF 		bl	putc_flush
 6096 0022 14B0     		add	sp, sp, #80
 6097              		@ sp needed
 6098 0024 10BD     		pop	{r4, pc}
 6100              		.section	.text.f_printf,"ax",%progbits
 6101              		.align	1
 6102              		.global	f_printf
 6103              		.syntax unified
 6104              		.thumb
ARM GAS  C:\Users\joabk\AppData\Local\Temp\ccqURA6q.s 			page 106


 6105              		.thumb_func
 6107              	f_printf:
 6108              		@ args = 4, pretend = 12, frame = 112
 6109              		@ frame_needed = 0, uses_anonymous_args = 1
 6110 0000 0EB4     		push	{r1, r2, r3}
 6111 0002 2DE9F047 		push	{r4, r5, r6, r7, r8, r9, r10, lr}
 6112 0006 9DB0     		sub	sp, sp, #116
 6113 0008 0146     		mov	r1, r0
 6114 000a 25AC     		add	r4, sp, #148
 6115 000c 54F8046B 		ldr	r6, [r4], #4
 6116 0010 08A8     		add	r0, sp, #32
 6117 0012 FFF7FEFF 		bl	putc_init
 6118 0016 1B94     		str	r4, [sp, #108]
 6119              	.L981:
 6120 0018 3446     		mov	r4, r6
 6121 001a 14F8011B 		ldrb	r1, [r4], #1	@ zero_extendqisi2
 6122 001e 0029     		cmp	r1, #0
 6123 0020 00F00481 		beq	.L982
 6124 0024 2529     		cmp	r1, #37
 6125 0026 04D0     		beq	.L983
 6126 0028 08A8     		add	r0, sp, #32
 6127 002a FFF7FEFF 		bl	putc_bfd
 6128 002e 2646     		mov	r6, r4
 6129 0030 F2E7     		b	.L981
 6130              	.L983:
 6131 0032 B31C     		adds	r3, r6, #2
 6132 0034 2178     		ldrb	r1, [r4]	@ zero_extendqisi2
 6133 0036 3029     		cmp	r1, #48
 6134 0038 04D0     		beq	.L1033
 6135 003a 2D29     		cmp	r1, #45
 6136 003c 06D0     		beq	.L1034
 6137 003e 0025     		movs	r5, #0
 6138              	.L986:
 6139 0040 0024     		movs	r4, #0
 6140 0042 0EE0     		b	.L987
 6141              	.L1033:
 6142 0044 F31C     		adds	r3, r6, #3
 6143 0046 6178     		ldrb	r1, [r4, #1]	@ zero_extendqisi2
 6144 0048 0125     		movs	r5, #1
 6145 004a F9E7     		b	.L986
 6146              	.L1034:
 6147 004c F31C     		adds	r3, r6, #3
 6148 004e 6178     		ldrb	r1, [r4, #1]	@ zero_extendqisi2
 6149 0050 0225     		movs	r5, #2
 6150 0052 F5E7     		b	.L986
 6151              	.L988:
 6152 0054 04EB8404 		add	r4, r4, r4, lsl #2
 6153 0058 01EB4404 		add	r4, r1, r4, lsl #1
 6154 005c 303C     		subs	r4, r4, #48
 6155 005e 13F8011B 		ldrb	r1, [r3], #1	@ zero_extendqisi2
 6156              	.L987:
 6157 0062 A1F13002 		sub	r2, r1, #48
 6158 0066 D2B2     		uxtb	r2, r2
 6159 0068 092A     		cmp	r2, #9
 6160 006a F3D9     		bls	.L988
 6161 006c 6C29     		cmp	r1, #108
 6162 006e 03D0     		beq	.L989
ARM GAS  C:\Users\joabk\AppData\Local\Temp\ccqURA6q.s 			page 107


 6163 0070 4C29     		cmp	r1, #76
 6164 0072 01D0     		beq	.L989
 6165 0074 1E46     		mov	r6, r3
 6166 0076 04E0     		b	.L990
 6167              	.L989:
 6168 0078 45F00405 		orr	r5, r5, #4
 6169 007c 1E46     		mov	r6, r3
 6170 007e 16F8011B 		ldrb	r1, [r6], #1	@ zero_extendqisi2
 6171              	.L990:
 6172 0082 0029     		cmp	r1, #0
 6173 0084 00F0D280 		beq	.L982
 6174 0088 A1F16103 		sub	r3, r1, #97
 6175 008c DBB2     		uxtb	r3, r3
 6176 008e 192B     		cmp	r3, #25
 6177 0090 14D8     		bhi	.L1027
 6178 0092 A1F12003 		sub	r3, r1, #32
 6179 0096 DBB2     		uxtb	r3, r3
 6180              	.L991:
 6181 0098 A3F14202 		sub	r2, r3, #66
 6182 009c 162A     		cmp	r2, #22
 6183 009e 55D8     		bhi	.L992
 6184 00a0 DFE802F0 		tbb	[pc, r2]
 6185              	.L994:
 6186 00a4 58       		.byte	(.L999-.L994)/2
 6187 00a5 3D       		.byte	(.L998-.L994)/2
 6188 00a6 45       		.byte	(.L995-.L994)/2
 6189 00a7 54       		.byte	(.L992-.L994)/2
 6190 00a8 54       		.byte	(.L992-.L994)/2
 6191 00a9 54       		.byte	(.L992-.L994)/2
 6192 00aa 54       		.byte	(.L992-.L994)/2
 6193 00ab 54       		.byte	(.L992-.L994)/2
 6194 00ac 54       		.byte	(.L992-.L994)/2
 6195 00ad 54       		.byte	(.L992-.L994)/2
 6196 00ae 54       		.byte	(.L992-.L994)/2
 6197 00af 54       		.byte	(.L992-.L994)/2
 6198 00b0 54       		.byte	(.L992-.L994)/2
 6199 00b1 5A       		.byte	(.L1028-.L994)/2
 6200 00b2 54       		.byte	(.L992-.L994)/2
 6201 00b3 54       		.byte	(.L992-.L994)/2
 6202 00b4 54       		.byte	(.L992-.L994)/2
 6203 00b5 0E       		.byte	(.L996-.L994)/2
 6204 00b6 54       		.byte	(.L992-.L994)/2
 6205 00b7 45       		.byte	(.L995-.L994)/2
 6206 00b8 54       		.byte	(.L992-.L994)/2
 6207 00b9 54       		.byte	(.L992-.L994)/2
 6208 00ba 52       		.byte	(.L993-.L994)/2
 6209 00bb 00       		.p2align 1
 6210              	.L1027:
 6211 00bc 0B46     		mov	r3, r1
 6212 00be EBE7     		b	.L991
 6213              	.L996:
 6214 00c0 1B9B     		ldr	r3, [sp, #108]
 6215 00c2 1A1D     		adds	r2, r3, #4
 6216 00c4 1B92     		str	r2, [sp, #108]
 6217 00c6 D3F80080 		ldr	r8, [r3]
 6218 00ca 0027     		movs	r7, #0
 6219 00cc 00E0     		b	.L1000
ARM GAS  C:\Users\joabk\AppData\Local\Temp\ccqURA6q.s 			page 108


 6220              	.L1001:
 6221 00ce 0137     		adds	r7, r7, #1
 6222              	.L1000:
 6223 00d0 18F80730 		ldrb	r3, [r8, r7]	@ zero_extendqisi2
 6224 00d4 002B     		cmp	r3, #0
 6225 00d6 FAD1     		bne	.L1001
 6226 00d8 15F0020F 		tst	r5, #2
 6227 00dc 10D1     		bne	.L1005
 6228 00de 05E0     		b	.L1002
 6229              	.L1004:
 6230 00e0 2021     		movs	r1, #32
 6231 00e2 0DEB0100 		add	r0, sp, r1
 6232 00e6 FFF7FEFF 		bl	putc_bfd
 6233 00ea 2F46     		mov	r7, r5
 6234              	.L1002:
 6235 00ec 7D1C     		adds	r5, r7, #1
 6236 00ee A742     		cmp	r7, r4
 6237 00f0 F6D3     		bcc	.L1004
 6238 00f2 2F46     		mov	r7, r5
 6239 00f4 04E0     		b	.L1005
 6240              	.L1006:
 6241 00f6 08F10108 		add	r8, r8, #1
 6242 00fa 08A8     		add	r0, sp, #32
 6243 00fc FFF7FEFF 		bl	putc_bfd
 6244              	.L1005:
 6245 0100 98F80010 		ldrb	r1, [r8]	@ zero_extendqisi2
 6246 0104 0029     		cmp	r1, #0
 6247 0106 F6D1     		bne	.L1006
 6248 0108 05E0     		b	.L1007
 6249              	.L1008:
 6250 010a 2021     		movs	r1, #32
 6251 010c 0DEB0100 		add	r0, sp, r1
 6252 0110 FFF7FEFF 		bl	putc_bfd
 6253 0114 2F46     		mov	r7, r5
 6254              	.L1007:
 6255 0116 7D1C     		adds	r5, r7, #1
 6256 0118 A742     		cmp	r7, r4
 6257 011a F6D3     		bcc	.L1008
 6258 011c 7CE7     		b	.L981
 6259              	.L998:
 6260 011e 1B9B     		ldr	r3, [sp, #108]
 6261 0120 1A1D     		adds	r2, r3, #4
 6262 0122 1B92     		str	r2, [sp, #108]
 6263 0124 1978     		ldrb	r1, [r3]	@ zero_extendqisi2
 6264 0126 08A8     		add	r0, sp, #32
 6265 0128 FFF7FEFF 		bl	putc_bfd
 6266 012c 74E7     		b	.L981
 6267              	.L995:
 6268 012e 0A20     		movs	r0, #10
 6269              	.L997:
 6270 0130 15F0040F 		tst	r5, #4
 6271 0134 12D0     		beq	.L1009
 6272 0136 1B9A     		ldr	r2, [sp, #108]
 6273 0138 171D     		adds	r7, r2, #4
 6274 013a 1B97     		str	r7, [sp, #108]
 6275 013c 1268     		ldr	r2, [r2]
 6276 013e 442B     		cmp	r3, #68
ARM GAS  C:\Users\joabk\AppData\Local\Temp\ccqURA6q.s 			page 109


 6277 0140 17D0     		beq	.L1010
 6278              	.L1011:
 6279 0142 4FF0000C 		mov	ip, #0
 6280 0146 2AE0     		b	.L1016
 6281              	.L993:
 6282 0148 1020     		movs	r0, #16
 6283 014a F1E7     		b	.L997
 6284              	.L992:
 6285 014c 08A8     		add	r0, sp, #32
 6286 014e FFF7FEFF 		bl	putc_bfd
 6287 0152 61E7     		b	.L981
 6288              	.L999:
 6289 0154 0220     		movs	r0, #2
 6290 0156 EBE7     		b	.L997
 6291              	.L1028:
 6292 0158 0820     		movs	r0, #8
 6293 015a E9E7     		b	.L997
 6294              	.L1009:
 6295 015c 442B     		cmp	r3, #68
 6296 015e 04D0     		beq	.L1035
 6297 0160 1B9B     		ldr	r3, [sp, #108]
 6298 0162 1A1D     		adds	r2, r3, #4
 6299 0164 1B92     		str	r2, [sp, #108]
 6300 0166 1A68     		ldr	r2, [r3]
 6301 0168 EBE7     		b	.L1011
 6302              	.L1035:
 6303 016a 1B9B     		ldr	r3, [sp, #108]
 6304 016c 1A1D     		adds	r2, r3, #4
 6305 016e 1B92     		str	r2, [sp, #108]
 6306 0170 1A68     		ldr	r2, [r3]
 6307              	.L1010:
 6308 0172 002A     		cmp	r2, #0
 6309 0174 E5DA     		bge	.L1011
 6310 0176 5242     		rsbs	r2, r2, #0
 6311 0178 45F00805 		orr	r5, r5, #8
 6312 017c E1E7     		b	.L1011
 6313              	.L1036:
 6314 017e 2727     		movs	r7, #39
 6315              	.L1014:
 6316 0180 3B44     		add	r3, r3, r7
 6317 0182 DBB2     		uxtb	r3, r3
 6318              	.L1013:
 6319 0184 0CF10107 		add	r7, ip, #1
 6320 0188 3033     		adds	r3, r3, #48
 6321 018a 0CF17009 		add	r9, ip, #112
 6322 018e E944     		add	r9, sp, r9
 6323 0190 09F8703C 		strb	r3, [r9, #-112]
 6324 0194 C645     		cmp	lr, r8
 6325 0196 10D8     		bhi	.L1015
 6326 0198 1F2F     		cmp	r7, #31
 6327 019a 0ED8     		bhi	.L1015
 6328 019c BC46     		mov	ip, r7
 6329              	.L1016:
 6330 019e 8646     		mov	lr, r0
 6331 01a0 B2FBF0F7 		udiv	r7, r2, r0
 6332 01a4 00FB1723 		mls	r3, r0, r7, r2
 6333 01a8 DBB2     		uxtb	r3, r3
ARM GAS  C:\Users\joabk\AppData\Local\Temp\ccqURA6q.s 			page 110


 6334 01aa 9046     		mov	r8, r2
 6335 01ac 3A46     		mov	r2, r7
 6336 01ae 092B     		cmp	r3, #9
 6337 01b0 E8D9     		bls	.L1013
 6338 01b2 7829     		cmp	r1, #120
 6339 01b4 E3D0     		beq	.L1036
 6340 01b6 0727     		movs	r7, #7
 6341 01b8 E2E7     		b	.L1014
 6342              	.L1015:
 6343 01ba 15F0080F 		tst	r5, #8
 6344 01be 08D0     		beq	.L1017
 6345 01c0 07F17003 		add	r3, r7, #112
 6346 01c4 0DEB0307 		add	r7, sp, r3
 6347 01c8 2D23     		movs	r3, #45
 6348 01ca 07F8703C 		strb	r3, [r7, #-112]
 6349 01ce 0CF10207 		add	r7, ip, #2
 6350              	.L1017:
 6351 01d2 15F0010F 		tst	r5, #1
 6352 01d6 03D0     		beq	.L1031
 6353 01d8 4FF0300A 		mov	r10, #48
 6354              	.L1018:
 6355 01dc B846     		mov	r8, r7
 6356 01de 07E0     		b	.L1019
 6357              	.L1031:
 6358 01e0 4FF0200A 		mov	r10, #32
 6359 01e4 FAE7     		b	.L1018
 6360              	.L1021:
 6361 01e6 5146     		mov	r1, r10
 6362 01e8 08A8     		add	r0, sp, #32
 6363 01ea FFF7FEFF 		bl	putc_bfd
 6364 01ee C846     		mov	r8, r9
 6365              	.L1019:
 6366 01f0 15F0020F 		tst	r5, #2
 6367 01f4 04D1     		bne	.L1022
 6368 01f6 08F10109 		add	r9, r8, #1
 6369 01fa A045     		cmp	r8, r4
 6370 01fc F3D3     		bcc	.L1021
 6371 01fe C846     		mov	r8, r9
 6372              	.L1022:
 6373 0200 013F     		subs	r7, r7, #1
 6374 0202 07F17003 		add	r3, r7, #112
 6375 0206 6B44     		add	r3, sp, r3
 6376 0208 13F8701C 		ldrb	r1, [r3, #-112]	@ zero_extendqisi2
 6377 020c 08A8     		add	r0, sp, #32
 6378 020e FFF7FEFF 		bl	putc_bfd
 6379 0212 002F     		cmp	r7, #0
 6380 0214 F4D1     		bne	.L1022
 6381              	.L1023:
 6382 0216 08F10105 		add	r5, r8, #1
 6383 021a A045     		cmp	r8, r4
 6384 021c BFF4FCAE 		bcs	.L981
 6385 0220 5146     		mov	r1, r10
 6386 0222 08A8     		add	r0, sp, #32
 6387 0224 FFF7FEFF 		bl	putc_bfd
 6388 0228 A846     		mov	r8, r5
 6389 022a F4E7     		b	.L1023
 6390              	.L982:
ARM GAS  C:\Users\joabk\AppData\Local\Temp\ccqURA6q.s 			page 111


 6391 022c 08A8     		add	r0, sp, #32
 6392 022e FFF7FEFF 		bl	putc_flush
 6393 0232 1DB0     		add	sp, sp, #116
 6394              		@ sp needed
 6395 0234 BDE8F047 		pop	{r4, r5, r6, r7, r8, r9, r10, lr}
 6396 0238 03B0     		add	sp, sp, #12
 6397 023a 7047     		bx	lr
 6399              		.section	.rodata.cst.0,"a"
 6400              		.align	2
 6403              	cst.0:
 6404 0000 0100     		.short	1
 6405 0002 0400     		.short	4
 6406 0004 1000     		.short	16
 6407 0006 4000     		.short	64
 6408 0008 0001     		.short	256
 6409 000a 0002     		.short	512
 6410 000c 0000     		.short	0
 6411              		.section	.rodata.cst32.1,"a"
 6412              		.align	2
 6415              	cst32.1:
 6416 0000 0100     		.short	1
 6417 0002 0200     		.short	2
 6418 0004 0400     		.short	4
 6419 0006 0800     		.short	8
 6420 0008 1000     		.short	16
 6421 000a 2000     		.short	32
 6422 000c 0000     		.short	0
 6423              		.section	.rodata.LfnOfs,"a"
 6424              		.align	2
 6427              	LfnOfs:
 6428 0000 01030507 		.ascii	"\001\003\005\007\011\016\020\022\024\026\030\034\036"
 6428      090E1012 
 6428      1416181C 
 6428      1E
 6429              		.section	.rodata.ExCvt,"a"
 6430              		.align	2
 6433              	ExCvt:
 6434 0000 43554541 		.ascii	"CUEAAAACEEEIIIAAE\222\222OOOUUYOUO\234O\236\237AIOU"
 6434      41414143 
 6434      45454549 
 6434      49494141 
 6434      4592924F 
 6435 0024 A5A5A6A7 		.ascii	"\245\245\246\247\250\251\252\253\254\255\256\257\260"
 6435      A8A9AAAB 
 6435      ACADAEAF 
 6435      B0
 6436 0031 B1B2B3B4 		.ascii	"\261\262\263\264AAA\270\271\272\273\274\275\276\277"
 6436      414141B8 
 6436      B9BABBBC 
 6436      BDBEBF
 6437 0040 C0C1C2C3 		.ascii	"\300\301\302\303\304\305AA\310\311\312\313\314\315\316"
 6437      C4C54141 
 6437      C8C9CACB 
 6437      CCCDCE
 6438 004f CFD1D145 		.ascii	"\317\321\321EEEIIII\331\332\333\334\335I\337O\341OO"
 6438      45454949 
 6438      4949D9DA 
ARM GAS  C:\Users\joabk\AppData\Local\Temp\ccqURA6q.s 			page 112


 6438      DBDCDD49 
 6438      DF4FE14F 
 6439 0064 4F4FE6E8 		.ascii	"OO\346\350\350UUUYY\356\357\360\361\362\363\364\365"
 6439      E8555555 
 6439      5959EEEF 
 6439      F0F1F2F3 
 6439      F4F5
 6440 0076 F6F7F8F9 		.ascii	"\366\367\370\371\372\373\374\375\376\377"
 6440      FAFBFCFD 
 6440      FEFF
 6441              		.section	.bss.LfnBuf,"aw",%nobits
 6442              		.align	2
 6445              	LfnBuf:
 6446 0000 00000000 		.space	512
 6446      00000000 
 6446      00000000 
 6446      00000000 
 6446      00000000 
 6447              		.section	.bss.Files,"aw",%nobits
 6448              		.align	2
 6451              	Files:
 6452 0000 00000000 		.space	32
 6452      00000000 
 6452      00000000 
 6452      00000000 
 6452      00000000 
 6453              		.section	.bss.Fsid,"aw",%nobits
 6454              		.align	1
 6457              	Fsid:
 6458 0000 0000     		.space	2
 6459              		.section	.bss.FatFs,"aw",%nobits
 6460              		.align	2
 6463              	FatFs:
 6464 0000 00000000 		.space	4
 6465              		.ident	"GCC: (xPack GNU Arm Embedded GCC x86_64) 13.3.1 20240614"
ARM GAS  C:\Users\joabk\AppData\Local\Temp\ccqURA6q.s 			page 113


DEFINED SYMBOLS
                            *ABS*:00000000 ff.c
C:\Users\joabk\AppData\Local\Temp\ccqURA6q.s:18     .text.ld_word:00000000 $t
C:\Users\joabk\AppData\Local\Temp\ccqURA6q.s:23     .text.ld_word:00000000 ld_word
C:\Users\joabk\AppData\Local\Temp\ccqURA6q.s:33     .text.ld_dword:00000000 $t
C:\Users\joabk\AppData\Local\Temp\ccqURA6q.s:38     .text.ld_dword:00000000 ld_dword
C:\Users\joabk\AppData\Local\Temp\ccqURA6q.s:52     .text.st_word:00000000 $t
C:\Users\joabk\AppData\Local\Temp\ccqURA6q.s:57     .text.st_word:00000000 st_word
C:\Users\joabk\AppData\Local\Temp\ccqURA6q.s:67     .text.st_dword:00000000 $t
C:\Users\joabk\AppData\Local\Temp\ccqURA6q.s:72     .text.st_dword:00000000 st_dword
C:\Users\joabk\AppData\Local\Temp\ccqURA6q.s:86     .text.mem_cpy:00000000 $t
C:\Users\joabk\AppData\Local\Temp\ccqURA6q.s:91     .text.mem_cpy:00000000 mem_cpy
C:\Users\joabk\AppData\Local\Temp\ccqURA6q.s:108    .text.mem_set:00000000 $t
C:\Users\joabk\AppData\Local\Temp\ccqURA6q.s:113    .text.mem_set:00000000 mem_set
C:\Users\joabk\AppData\Local\Temp\ccqURA6q.s:125    .text.mem_cmp:00000000 $t
C:\Users\joabk\AppData\Local\Temp\ccqURA6q.s:130    .text.mem_cmp:00000000 mem_cmp
C:\Users\joabk\AppData\Local\Temp\ccqURA6q.s:149    .text.chk_chr:00000000 $t
C:\Users\joabk\AppData\Local\Temp\ccqURA6q.s:154    .text.chk_chr:00000000 chk_chr
C:\Users\joabk\AppData\Local\Temp\ccqURA6q.s:171    .text.chk_lock:00000000 $t
C:\Users\joabk\AppData\Local\Temp\ccqURA6q.s:176    .text.chk_lock:00000000 chk_lock
C:\Users\joabk\AppData\Local\Temp\ccqURA6q.s:245    .text.chk_lock:00000070 $d
C:\Users\joabk\AppData\Local\Temp\ccqURA6q.s:6451   .bss.Files:00000000 Files
C:\Users\joabk\AppData\Local\Temp\ccqURA6q.s:248    .text.enq_lock:00000000 $t
C:\Users\joabk\AppData\Local\Temp\ccqURA6q.s:253    .text.enq_lock:00000000 enq_lock
C:\Users\joabk\AppData\Local\Temp\ccqURA6q.s:277    .text.enq_lock:0000001c $d
C:\Users\joabk\AppData\Local\Temp\ccqURA6q.s:280    .text.inc_lock:00000000 $t
C:\Users\joabk\AppData\Local\Temp\ccqURA6q.s:285    .text.inc_lock:00000000 inc_lock
C:\Users\joabk\AppData\Local\Temp\ccqURA6q.s:375    .text.inc_lock:0000009c $d
C:\Users\joabk\AppData\Local\Temp\ccqURA6q.s:378    .text.dec_lock:00000000 $t
C:\Users\joabk\AppData\Local\Temp\ccqURA6q.s:383    .text.dec_lock:00000000 dec_lock
C:\Users\joabk\AppData\Local\Temp\ccqURA6q.s:421    .text.dec_lock:0000003c $d
C:\Users\joabk\AppData\Local\Temp\ccqURA6q.s:424    .text.clear_lock:00000000 $t
C:\Users\joabk\AppData\Local\Temp\ccqURA6q.s:429    .text.clear_lock:00000000 clear_lock
C:\Users\joabk\AppData\Local\Temp\ccqURA6q.s:468    .text.clear_lock:00000038 $d
C:\Users\joabk\AppData\Local\Temp\ccqURA6q.s:471    .text.clust2sect:00000000 $t
C:\Users\joabk\AppData\Local\Temp\ccqURA6q.s:476    .text.clust2sect:00000000 clust2sect
C:\Users\joabk\AppData\Local\Temp\ccqURA6q.s:494    .text.clmt_clust:00000000 $t
C:\Users\joabk\AppData\Local\Temp\ccqURA6q.s:499    .text.clmt_clust:00000000 clmt_clust
C:\Users\joabk\AppData\Local\Temp\ccqURA6q.s:524    .text.ld_clust:00000000 $t
C:\Users\joabk\AppData\Local\Temp\ccqURA6q.s:529    .text.ld_clust:00000000 ld_clust
C:\Users\joabk\AppData\Local\Temp\ccqURA6q.s:550    .text.st_clust:00000000 $t
C:\Users\joabk\AppData\Local\Temp\ccqURA6q.s:555    .text.st_clust:00000000 st_clust
C:\Users\joabk\AppData\Local\Temp\ccqURA6q.s:577    .text.pick_lfn:00000000 $t
C:\Users\joabk\AppData\Local\Temp\ccqURA6q.s:582    .text.pick_lfn:00000000 pick_lfn
C:\Users\joabk\AppData\Local\Temp\ccqURA6q.s:649    .text.pick_lfn:00000080 $d
C:\Users\joabk\AppData\Local\Temp\ccqURA6q.s:6427   .rodata.LfnOfs:00000000 LfnOfs
C:\Users\joabk\AppData\Local\Temp\ccqURA6q.s:652    .text.put_lfn:00000000 $t
C:\Users\joabk\AppData\Local\Temp\ccqURA6q.s:657    .text.put_lfn:00000000 put_lfn
C:\Users\joabk\AppData\Local\Temp\ccqURA6q.s:711    .text.put_lfn:00000074 $d
C:\Users\joabk\AppData\Local\Temp\ccqURA6q.s:714    .text.gen_numname:00000000 $t
C:\Users\joabk\AppData\Local\Temp\ccqURA6q.s:719    .text.gen_numname:00000000 gen_numname
C:\Users\joabk\AppData\Local\Temp\ccqURA6q.s:809    .text.sum_sfn:00000000 $t
C:\Users\joabk\AppData\Local\Temp\ccqURA6q.s:814    .text.sum_sfn:00000000 sum_sfn
C:\Users\joabk\AppData\Local\Temp\ccqURA6q.s:833    .text.get_ldnumber:00000000 $t
C:\Users\joabk\AppData\Local\Temp\ccqURA6q.s:838    .text.get_ldnumber:00000000 get_ldnumber
C:\Users\joabk\AppData\Local\Temp\ccqURA6q.s:888    .text.putc_init:00000000 $t
C:\Users\joabk\AppData\Local\Temp\ccqURA6q.s:893    .text.putc_init:00000000 putc_init
ARM GAS  C:\Users\joabk\AppData\Local\Temp\ccqURA6q.s 			page 114


C:\Users\joabk\AppData\Local\Temp\ccqURA6q.s:904    .text.validate:00000000 $t
C:\Users\joabk\AppData\Local\Temp\ccqURA6q.s:909    .text.validate:00000000 validate
C:\Users\joabk\AppData\Local\Temp\ccqURA6q.s:953    .text.sync_window:00000000 $t
C:\Users\joabk\AppData\Local\Temp\ccqURA6q.s:958    .text.sync_window:00000000 sync_window
C:\Users\joabk\AppData\Local\Temp\ccqURA6q.s:1005   .text.move_window:00000000 $t
C:\Users\joabk\AppData\Local\Temp\ccqURA6q.s:1010   .text.move_window:00000000 move_window
C:\Users\joabk\AppData\Local\Temp\ccqURA6q.s:1041   .text.check_fs:00000000 $t
C:\Users\joabk\AppData\Local\Temp\ccqURA6q.s:1046   .text.check_fs:00000000 check_fs
C:\Users\joabk\AppData\Local\Temp\ccqURA6q.s:1098   .text.check_fs:0000006c $d
C:\Users\joabk\AppData\Local\Temp\ccqURA6q.s:1103   .text.find_volume:00000000 $t
C:\Users\joabk\AppData\Local\Temp\ccqURA6q.s:1108   .text.find_volume:00000000 find_volume
C:\Users\joabk\AppData\Local\Temp\ccqURA6q.s:1425   .text.find_volume:000002f4 $d
C:\Users\joabk\AppData\Local\Temp\ccqURA6q.s:6463   .bss.FatFs:00000000 FatFs
C:\Users\joabk\AppData\Local\Temp\ccqURA6q.s:6457   .bss.Fsid:00000000 Fsid
C:\Users\joabk\AppData\Local\Temp\ccqURA6q.s:6445   .bss.LfnBuf:00000000 LfnBuf
C:\Users\joabk\AppData\Local\Temp\ccqURA6q.s:1432   .text.put_fat:00000000 $t
C:\Users\joabk\AppData\Local\Temp\ccqURA6q.s:1437   .text.put_fat:00000000 put_fat
C:\Users\joabk\AppData\Local\Temp\ccqURA6q.s:1548   .text.get_fat:00000000 $t
C:\Users\joabk\AppData\Local\Temp\ccqURA6q.s:1553   .text.get_fat:00000000 get_fat
C:\Users\joabk\AppData\Local\Temp\ccqURA6q.s:1646   .text.dir_sdi:00000000 $t
C:\Users\joabk\AppData\Local\Temp\ccqURA6q.s:1651   .text.dir_sdi:00000000 dir_sdi
C:\Users\joabk\AppData\Local\Temp\ccqURA6q.s:1737   .text.create_chain:00000000 $t
C:\Users\joabk\AppData\Local\Temp\ccqURA6q.s:1742   .text.create_chain:00000000 create_chain
C:\Users\joabk\AppData\Local\Temp\ccqURA6q.s:1848   .text.remove_chain:00000000 $t
C:\Users\joabk\AppData\Local\Temp\ccqURA6q.s:1853   .text.remove_chain:00000000 remove_chain
C:\Users\joabk\AppData\Local\Temp\ccqURA6q.s:1923   .text.dir_next:00000000 $t
C:\Users\joabk\AppData\Local\Temp\ccqURA6q.s:1928   .text.dir_next:00000000 dir_next
C:\Users\joabk\AppData\Local\Temp\ccqURA6q.s:2060   .text.dir_alloc:00000000 $t
C:\Users\joabk\AppData\Local\Temp\ccqURA6q.s:2065   .text.dir_alloc:00000000 dir_alloc
C:\Users\joabk\AppData\Local\Temp\ccqURA6q.s:2113   .text.dir_read:00000000 $t
C:\Users\joabk\AppData\Local\Temp\ccqURA6q.s:2118   .text.dir_read:00000000 dir_read
C:\Users\joabk\AppData\Local\Temp\ccqURA6q.s:2218   .text.dir_remove:00000000 $t
C:\Users\joabk\AppData\Local\Temp\ccqURA6q.s:2223   .text.dir_remove:00000000 dir_remove
C:\Users\joabk\AppData\Local\Temp\ccqURA6q.s:2271   .rodata.create_name.str1.4:00000000 $d
C:\Users\joabk\AppData\Local\Temp\ccqURA6q.s:2278   .text.create_name:00000000 $t
C:\Users\joabk\AppData\Local\Temp\ccqURA6q.s:2283   .text.create_name:00000000 create_name
C:\Users\joabk\AppData\Local\Temp\ccqURA6q.s:2548   .text.create_name:00000220 $d
C:\Users\joabk\AppData\Local\Temp\ccqURA6q.s:6433   .rodata.ExCvt:00000000 ExCvt
C:\Users\joabk\AppData\Local\Temp\ccqURA6q.s:2553   .text.get_fileinfo:00000000 $t
C:\Users\joabk\AppData\Local\Temp\ccqURA6q.s:2558   .text.get_fileinfo:00000000 get_fileinfo
C:\Users\joabk\AppData\Local\Temp\ccqURA6q.s:2691   .text.cmp_lfn:00000000 $t
C:\Users\joabk\AppData\Local\Temp\ccqURA6q.s:2696   .text.cmp_lfn:00000000 cmp_lfn
C:\Users\joabk\AppData\Local\Temp\ccqURA6q.s:2773   .text.cmp_lfn:0000009c $d
C:\Users\joabk\AppData\Local\Temp\ccqURA6q.s:2776   .text.dir_find:00000000 $t
C:\Users\joabk\AppData\Local\Temp\ccqURA6q.s:2781   .text.dir_find:00000000 dir_find
C:\Users\joabk\AppData\Local\Temp\ccqURA6q.s:2890   .text.follow_path:00000000 $t
C:\Users\joabk\AppData\Local\Temp\ccqURA6q.s:2895   .text.follow_path:00000000 follow_path
C:\Users\joabk\AppData\Local\Temp\ccqURA6q.s:2967   .text.dir_register:00000000 $t
C:\Users\joabk\AppData\Local\Temp\ccqURA6q.s:2972   .text.dir_register:00000000 dir_register
C:\Users\joabk\AppData\Local\Temp\ccqURA6q.s:3116   .text.dir_register:0000013c $d
C:\Users\joabk\AppData\Local\Temp\ccqURA6q.s:3119   .text.sync_fs:00000000 $t
C:\Users\joabk\AppData\Local\Temp\ccqURA6q.s:3124   .text.sync_fs:00000000 sync_fs
C:\Users\joabk\AppData\Local\Temp\ccqURA6q.s:3182   .text.sync_fs:00000084 $d
C:\Users\joabk\AppData\Local\Temp\ccqURA6q.s:3186   .text.f_mount:00000000 $t
C:\Users\joabk\AppData\Local\Temp\ccqURA6q.s:3192   .text.f_mount:00000000 f_mount
C:\Users\joabk\AppData\Local\Temp\ccqURA6q.s:3244   .text.f_mount:00000058 $d
C:\Users\joabk\AppData\Local\Temp\ccqURA6q.s:3247   .text.f_open:00000000 $t
ARM GAS  C:\Users\joabk\AppData\Local\Temp\ccqURA6q.s 			page 115


C:\Users\joabk\AppData\Local\Temp\ccqURA6q.s:3253   .text.f_open:00000000 f_open
C:\Users\joabk\AppData\Local\Temp\ccqURA6q.s:3501   .text.f_read:00000000 $t
C:\Users\joabk\AppData\Local\Temp\ccqURA6q.s:3507   .text.f_read:00000000 f_read
C:\Users\joabk\AppData\Local\Temp\ccqURA6q.s:3700   .text.f_write:00000000 $t
C:\Users\joabk\AppData\Local\Temp\ccqURA6q.s:3706   .text.f_write:00000000 f_write
C:\Users\joabk\AppData\Local\Temp\ccqURA6q.s:3924   .text.putc_bfd:00000000 $t
C:\Users\joabk\AppData\Local\Temp\ccqURA6q.s:3929   .text.putc_bfd:00000000 putc_bfd
C:\Users\joabk\AppData\Local\Temp\ccqURA6q.s:3976   .text.putc_flush:00000000 $t
C:\Users\joabk\AppData\Local\Temp\ccqURA6q.s:3981   .text.putc_flush:00000000 putc_flush
C:\Users\joabk\AppData\Local\Temp\ccqURA6q.s:4015   .text.f_sync:00000000 $t
C:\Users\joabk\AppData\Local\Temp\ccqURA6q.s:4021   .text.f_sync:00000000 f_sync
C:\Users\joabk\AppData\Local\Temp\ccqURA6q.s:4090   .text.f_close:00000000 $t
C:\Users\joabk\AppData\Local\Temp\ccqURA6q.s:4096   .text.f_close:00000000 f_close
C:\Users\joabk\AppData\Local\Temp\ccqURA6q.s:4122   .text.f_lseek:00000000 $t
C:\Users\joabk\AppData\Local\Temp\ccqURA6q.s:4128   .text.f_lseek:00000000 f_lseek
C:\Users\joabk\AppData\Local\Temp\ccqURA6q.s:4440   .text.f_opendir:00000000 $t
C:\Users\joabk\AppData\Local\Temp\ccqURA6q.s:4446   .text.f_opendir:00000000 f_opendir
C:\Users\joabk\AppData\Local\Temp\ccqURA6q.s:4526   .text.f_closedir:00000000 $t
C:\Users\joabk\AppData\Local\Temp\ccqURA6q.s:4532   .text.f_closedir:00000000 f_closedir
C:\Users\joabk\AppData\Local\Temp\ccqURA6q.s:4557   .text.f_readdir:00000000 $t
C:\Users\joabk\AppData\Local\Temp\ccqURA6q.s:4563   .text.f_readdir:00000000 f_readdir
C:\Users\joabk\AppData\Local\Temp\ccqURA6q.s:4607   .text.f_stat:00000000 $t
C:\Users\joabk\AppData\Local\Temp\ccqURA6q.s:4613   .text.f_stat:00000000 f_stat
C:\Users\joabk\AppData\Local\Temp\ccqURA6q.s:4652   .text.f_getfree:00000000 $t
C:\Users\joabk\AppData\Local\Temp\ccqURA6q.s:4658   .text.f_getfree:00000000 f_getfree
C:\Users\joabk\AppData\Local\Temp\ccqURA6q.s:4774   .text.f_truncate:00000000 $t
C:\Users\joabk\AppData\Local\Temp\ccqURA6q.s:4780   .text.f_truncate:00000000 f_truncate
C:\Users\joabk\AppData\Local\Temp\ccqURA6q.s:4870   .text.f_unlink:00000000 $t
C:\Users\joabk\AppData\Local\Temp\ccqURA6q.s:4876   .text.f_unlink:00000000 f_unlink
C:\Users\joabk\AppData\Local\Temp\ccqURA6q.s:4973   .text.f_mkdir:00000000 $t
C:\Users\joabk\AppData\Local\Temp\ccqURA6q.s:4979   .text.f_mkdir:00000000 f_mkdir
C:\Users\joabk\AppData\Local\Temp\ccqURA6q.s:5144   .text.f_rename:00000000 $t
C:\Users\joabk\AppData\Local\Temp\ccqURA6q.s:5150   .text.f_rename:00000000 f_rename
C:\Users\joabk\AppData\Local\Temp\ccqURA6q.s:5288   .rodata.f_mkfs.str1.4:00000000 $d
C:\Users\joabk\AppData\Local\Temp\ccqURA6q.s:5298   .text.f_mkfs:00000000 $t
C:\Users\joabk\AppData\Local\Temp\ccqURA6q.s:5304   .text.f_mkfs:00000000 f_mkfs
C:\Users\joabk\AppData\Local\Temp\ccqURA6q.s:5564   .text.f_mkfs:00000258 $d
C:\Users\joabk\AppData\Local\Temp\ccqURA6q.s:6415   .rodata.cst32.1:00000000 cst32.1
C:\Users\joabk\AppData\Local\Temp\ccqURA6q.s:6403   .rodata.cst.0:00000000 cst.0
C:\Users\joabk\AppData\Local\Temp\ccqURA6q.s:5569   .text.f_mkfs:00000268 $t
C:\Users\joabk\AppData\Local\Temp\ccqURA6q.s:5859   .text.f_mkfs:0000057c $d
C:\Users\joabk\AppData\Local\Temp\ccqURA6q.s:5866   .text.f_mkfs:00000594 $t
C:\Users\joabk\AppData\Local\Temp\ccqURA6q.s:5991   .text.f_gets:00000000 $t
C:\Users\joabk\AppData\Local\Temp\ccqURA6q.s:5997   .text.f_gets:00000000 f_gets
C:\Users\joabk\AppData\Local\Temp\ccqURA6q.s:6047   .text.f_putc:00000000 $t
C:\Users\joabk\AppData\Local\Temp\ccqURA6q.s:6053   .text.f_putc:00000000 f_putc
C:\Users\joabk\AppData\Local\Temp\ccqURA6q.s:6071   .text.f_puts:00000000 $t
C:\Users\joabk\AppData\Local\Temp\ccqURA6q.s:6077   .text.f_puts:00000000 f_puts
C:\Users\joabk\AppData\Local\Temp\ccqURA6q.s:6101   .text.f_printf:00000000 $t
C:\Users\joabk\AppData\Local\Temp\ccqURA6q.s:6107   .text.f_printf:00000000 f_printf
C:\Users\joabk\AppData\Local\Temp\ccqURA6q.s:6186   .text.f_printf:000000a4 $d
C:\Users\joabk\AppData\Local\Temp\ccqURA6q.s:6400   .rodata.cst.0:00000000 $d
C:\Users\joabk\AppData\Local\Temp\ccqURA6q.s:6412   .rodata.cst32.1:00000000 $d
C:\Users\joabk\AppData\Local\Temp\ccqURA6q.s:6424   .rodata.LfnOfs:00000000 $d
C:\Users\joabk\AppData\Local\Temp\ccqURA6q.s:6430   .rodata.ExCvt:00000000 $d
C:\Users\joabk\AppData\Local\Temp\ccqURA6q.s:6442   .bss.LfnBuf:00000000 $d
C:\Users\joabk\AppData\Local\Temp\ccqURA6q.s:6448   .bss.Files:00000000 $d
ARM GAS  C:\Users\joabk\AppData\Local\Temp\ccqURA6q.s 			page 116


C:\Users\joabk\AppData\Local\Temp\ccqURA6q.s:6454   .bss.Fsid:00000000 $d
C:\Users\joabk\AppData\Local\Temp\ccqURA6q.s:6460   .bss.FatFs:00000000 $d
C:\Users\joabk\AppData\Local\Temp\ccqURA6q.s:6209   .text.f_printf:000000bb $d
C:\Users\joabk\AppData\Local\Temp\ccqURA6q.s:6209   .text.f_printf:000000bc $t

UNDEFINED SYMBOLS
disk_status
disk_write
disk_read
disk_initialize
ff_convert
ff_wtoupper
disk_ioctl
get_fattime
