ARM GAS  C:\Users\joabk\AppData\Local\Temp\cc0IL2Rz.s 			page 1


   1              		.cpu cortex-m4
   2              		.arch armv7e-m
   3              		.fpu fpv4-sp-d16
   4              		.eabi_attribute 27, 1
   5              		.eabi_attribute 28, 1
   6              		.eabi_attribute 20, 1
   7              		.eabi_attribute 21, 1
   8              		.eabi_attribute 23, 3
   9              		.eabi_attribute 24, 1
  10              		.eabi_attribute 25, 1
  11              		.eabi_attribute 26, 1
  12              		.eabi_attribute 30, 1
  13              		.eabi_attribute 34, 1
  14              		.eabi_attribute 18, 4
  15              		.file	"fonts.c"
  16              		.text
  17              		.global	Font_16x26
  18              		.section	.data.Font_16x26,"aw"
  19              		.align	2
  22              	Font_16x26:
  23 0000 10       		.byte	16
  24 0001 1A       		.byte	26
  25 0002 0000     		.space	2
  26 0004 00000000 		.word	Font16x26
  27              		.global	Font_11x18
  28              		.section	.data.Font_11x18,"aw"
  29              		.align	2
  32              	Font_11x18:
  33 0000 0B       		.byte	11
  34 0001 12       		.byte	18
  35 0002 0000     		.space	2
  36 0004 00000000 		.word	Font11x18
  37              		.global	Font_7x10
  38              		.section	.data.Font_7x10,"aw"
  39              		.align	2
  42              	Font_7x10:
  43 0000 07       		.byte	7
  44 0001 0A       		.byte	10
  45 0002 0000     		.space	2
  46 0004 00000000 		.word	Font7x10
  47              		.section	.rodata.Font16x26,"a"
  48              		.align	2
  51              	Font16x26:
  52 0000 0000     		.short	0
  53 0002 0000     		.short	0
  54 0004 0000     		.short	0
  55 0006 0000     		.short	0
  56 0008 0000     		.short	0
  57 000a 0000     		.short	0
  58 000c 0000     		.short	0
  59 000e 0000     		.short	0
  60 0010 0000     		.short	0
  61 0012 0000     		.short	0
  62 0014 0000     		.short	0
  63 0016 0000     		.short	0
  64 0018 0000     		.short	0
  65 001a 0000     		.short	0
ARM GAS  C:\Users\joabk\AppData\Local\Temp\cc0IL2Rz.s 			page 2


  66 001c 0000     		.short	0
  67 001e 0000     		.short	0
  68 0020 0000     		.short	0
  69 0022 0000     		.short	0
  70 0024 0000     		.short	0
  71 0026 0000     		.short	0
  72 0028 0000     		.short	0
  73 002a 0000     		.short	0
  74 002c 0000     		.short	0
  75 002e 0000     		.short	0
  76 0030 0000     		.short	0
  77 0032 0000     		.short	0
  78 0034 E003     		.short	992
  79 0036 E003     		.short	992
  80 0038 E003     		.short	992
  81 003a E003     		.short	992
  82 003c E003     		.short	992
  83 003e E003     		.short	992
  84 0040 E003     		.short	992
  85 0042 E003     		.short	992
  86 0044 C003     		.short	960
  87 0046 C003     		.short	960
  88 0048 C001     		.short	448
  89 004a C001     		.short	448
  90 004c C001     		.short	448
  91 004e C001     		.short	448
  92 0050 C001     		.short	448
  93 0052 0000     		.short	0
  94 0054 0000     		.short	0
  95 0056 0000     		.short	0
  96 0058 E003     		.short	992
  97 005a E003     		.short	992
  98 005c E003     		.short	992
  99 005e 0000     		.short	0
 100 0060 0000     		.short	0
 101 0062 0000     		.short	0
 102 0064 0000     		.short	0
 103 0066 0000     		.short	0
 104 0068 3C1E     		.short	7740
 105 006a 3C1E     		.short	7740
 106 006c 3C1E     		.short	7740
 107 006e 3C1E     		.short	7740
 108 0070 3C1E     		.short	7740
 109 0072 3C1E     		.short	7740
 110 0074 3C1E     		.short	7740
 111 0076 0000     		.short	0
 112 0078 0000     		.short	0
 113 007a 0000     		.short	0
 114 007c 0000     		.short	0
 115 007e 0000     		.short	0
 116 0080 0000     		.short	0
 117 0082 0000     		.short	0
 118 0084 0000     		.short	0
 119 0086 0000     		.short	0
 120 0088 0000     		.short	0
 121 008a 0000     		.short	0
 122 008c 0000     		.short	0
ARM GAS  C:\Users\joabk\AppData\Local\Temp\cc0IL2Rz.s 			page 3


 123 008e 0000     		.short	0
 124 0090 0000     		.short	0
 125 0092 0000     		.short	0
 126 0094 0000     		.short	0
 127 0096 0000     		.short	0
 128 0098 0000     		.short	0
 129 009a 0000     		.short	0
 130 009c CE01     		.short	462
 131 009e CE03     		.short	974
 132 00a0 DE03     		.short	990
 133 00a2 9E03     		.short	926
 134 00a4 9C03     		.short	924
 135 00a6 9C07     		.short	1948
 136 00a8 FF3F     		.short	16383
 137 00aa FF7F     		.short	32767
 138 00ac 3807     		.short	1848
 139 00ae 380F     		.short	3896
 140 00b0 780F     		.short	3960
 141 00b2 780F     		.short	3960
 142 00b4 780E     		.short	3704
 143 00b6 FFFF     		.short	-1
 144 00b8 FFFF     		.short	-1
 145 00ba F01E     		.short	7920
 146 00bc F01C     		.short	7408
 147 00be E01C     		.short	7392
 148 00c0 E03C     		.short	15584
 149 00c2 E03D     		.short	15840
 150 00c4 E039     		.short	14816
 151 00c6 0000     		.short	0
 152 00c8 0000     		.short	0
 153 00ca 0000     		.short	0
 154 00cc 0000     		.short	0
 155 00ce 0000     		.short	0
 156 00d0 FC03     		.short	1020
 157 00d2 FE0F     		.short	4094
 158 00d4 EE1F     		.short	8174
 159 00d6 E01E     		.short	7904
 160 00d8 E01E     		.short	7904
 161 00da E01E     		.short	7904
 162 00dc E01E     		.short	7904
 163 00de E01F     		.short	8160
 164 00e0 E00F     		.short	4064
 165 00e2 E007     		.short	2016
 166 00e4 F003     		.short	1008
 167 00e6 FC01     		.short	508
 168 00e8 FE01     		.short	510
 169 00ea FE01     		.short	510
 170 00ec FE01     		.short	510
 171 00ee FE01     		.short	510
 172 00f0 FE01     		.short	510
 173 00f2 FE01     		.short	510
 174 00f4 FE3D     		.short	15870
 175 00f6 FC3F     		.short	16380
 176 00f8 F00F     		.short	4080
 177 00fa E001     		.short	480
 178 00fc E001     		.short	480
 179 00fe 0000     		.short	0
ARM GAS  C:\Users\joabk\AppData\Local\Temp\cc0IL2Rz.s 			page 4


 180 0100 0000     		.short	0
 181 0102 0000     		.short	0
 182 0104 033E     		.short	15875
 183 0106 07F7     		.short	-2297
 184 0108 8FE7     		.short	-6257
 185 010a 8EE7     		.short	-6258
 186 010c 9EE3     		.short	-7266
 187 010e BCE3     		.short	-7236
 188 0110 B8E7     		.short	-6216
 189 0112 F8E7     		.short	-6152
 190 0114 F0F7     		.short	-2064
 191 0116 E03F     		.short	16352
 192 0118 C001     		.short	448
 193 011a FF03     		.short	1023
 194 011c FF07     		.short	2047
 195 011e F307     		.short	2035
 196 0120 F30F     		.short	4083
 197 0122 F31E     		.short	7923
 198 0124 F33C     		.short	15603
 199 0126 F338     		.short	14579
 200 0128 F378     		.short	30963
 201 012a 7FF0     		.short	-3969
 202 012c 3FE0     		.short	-8129
 203 012e 0000     		.short	0
 204 0130 0000     		.short	0
 205 0132 0000     		.short	0
 206 0134 0000     		.short	0
 207 0136 0000     		.short	0
 208 0138 E007     		.short	2016
 209 013a F80F     		.short	4088
 210 013c 780F     		.short	3960
 211 013e 781F     		.short	8056
 212 0140 781F     		.short	8056
 213 0142 781F     		.short	8056
 214 0144 780F     		.short	3960
 215 0146 F00F     		.short	4080
 216 0148 E00F     		.short	4064
 217 014a 801F     		.short	8064
 218 014c C37F     		.short	32707
 219 014e C3FB     		.short	-1085
 220 0150 E7F3     		.short	-3097
 221 0152 F7F1     		.short	-3593
 222 0154 F7F0     		.short	-3849
 223 0156 FFF0     		.short	-3841
 224 0158 7FF0     		.short	-3969
 225 015a 3EF8     		.short	-1986
 226 015c 7F7C     		.short	31871
 227 015e FF3F     		.short	16383
 228 0160 EF1F     		.short	8175
 229 0162 0000     		.short	0
 230 0164 0000     		.short	0
 231 0166 0000     		.short	0
 232 0168 0000     		.short	0
 233 016a 0000     		.short	0
 234 016c E003     		.short	992
 235 016e E003     		.short	992
 236 0170 E003     		.short	992
ARM GAS  C:\Users\joabk\AppData\Local\Temp\cc0IL2Rz.s 			page 5


 237 0172 E003     		.short	992
 238 0174 E003     		.short	992
 239 0176 C003     		.short	960
 240 0178 C001     		.short	448
 241 017a 0000     		.short	0
 242 017c 0000     		.short	0
 243 017e 0000     		.short	0
 244 0180 0000     		.short	0
 245 0182 0000     		.short	0
 246 0184 0000     		.short	0
 247 0186 0000     		.short	0
 248 0188 0000     		.short	0
 249 018a 0000     		.short	0
 250 018c 0000     		.short	0
 251 018e 0000     		.short	0
 252 0190 0000     		.short	0
 253 0192 0000     		.short	0
 254 0194 0000     		.short	0
 255 0196 0000     		.short	0
 256 0198 0000     		.short	0
 257 019a 0000     		.short	0
 258 019c 0000     		.short	0
 259 019e 0000     		.short	0
 260 01a0 3F00     		.short	63
 261 01a2 7C00     		.short	124
 262 01a4 F001     		.short	496
 263 01a6 E001     		.short	480
 264 01a8 C003     		.short	960
 265 01aa C007     		.short	1984
 266 01ac 8007     		.short	1920
 267 01ae 8007     		.short	1920
 268 01b0 800F     		.short	3968
 269 01b2 000F     		.short	3840
 270 01b4 000F     		.short	3840
 271 01b6 000F     		.short	3840
 272 01b8 000F     		.short	3840
 273 01ba 000F     		.short	3840
 274 01bc 000F     		.short	3840
 275 01be 800F     		.short	3968
 276 01c0 8007     		.short	1920
 277 01c2 8007     		.short	1920
 278 01c4 C007     		.short	1984
 279 01c6 C003     		.short	960
 280 01c8 E001     		.short	480
 281 01ca F001     		.short	496
 282 01cc 7C00     		.short	124
 283 01ce 3F00     		.short	63
 284 01d0 0F00     		.short	15
 285 01d2 0000     		.short	0
 286 01d4 007E     		.short	32256
 287 01d6 001F     		.short	7936
 288 01d8 C007     		.short	1984
 289 01da C003     		.short	960
 290 01dc E001     		.short	480
 291 01de F001     		.short	496
 292 01e0 F000     		.short	240
 293 01e2 F000     		.short	240
ARM GAS  C:\Users\joabk\AppData\Local\Temp\cc0IL2Rz.s 			page 6


 294 01e4 F800     		.short	248
 295 01e6 7800     		.short	120
 296 01e8 7800     		.short	120
 297 01ea 7800     		.short	120
 298 01ec 7800     		.short	120
 299 01ee 7800     		.short	120
 300 01f0 7800     		.short	120
 301 01f2 F800     		.short	248
 302 01f4 F000     		.short	240
 303 01f6 F000     		.short	240
 304 01f8 F001     		.short	496
 305 01fa E001     		.short	480
 306 01fc C003     		.short	960
 307 01fe C007     		.short	1984
 308 0200 001F     		.short	7936
 309 0202 007E     		.short	32256
 310 0204 0078     		.short	30720
 311 0206 0000     		.short	0
 312 0208 E003     		.short	992
 313 020a C003     		.short	960
 314 020c C001     		.short	448
 315 020e CE39     		.short	14798
 316 0210 FF3F     		.short	16383
 317 0212 7F3F     		.short	16255
 318 0214 2003     		.short	800
 319 0216 7003     		.short	880
 320 0218 F807     		.short	2040
 321 021a 780F     		.short	3960
 322 021c 3C1F     		.short	7996
 323 021e 3806     		.short	1592
 324 0220 0000     		.short	0
 325 0222 0000     		.short	0
 326 0224 0000     		.short	0
 327 0226 0000     		.short	0
 328 0228 0000     		.short	0
 329 022a 0000     		.short	0
 330 022c 0000     		.short	0
 331 022e 0000     		.short	0
 332 0230 0000     		.short	0
 333 0232 0000     		.short	0
 334 0234 0000     		.short	0
 335 0236 0000     		.short	0
 336 0238 0000     		.short	0
 337 023a 0000     		.short	0
 338 023c 0000     		.short	0
 339 023e 0000     		.short	0
 340 0240 0000     		.short	0
 341 0242 0000     		.short	0
 342 0244 0000     		.short	0
 343 0246 0000     		.short	0
 344 0248 C001     		.short	448
 345 024a C001     		.short	448
 346 024c C001     		.short	448
 347 024e C001     		.short	448
 348 0250 C001     		.short	448
 349 0252 C001     		.short	448
 350 0254 C001     		.short	448
ARM GAS  C:\Users\joabk\AppData\Local\Temp\cc0IL2Rz.s 			page 7


 351 0256 FFFF     		.short	-1
 352 0258 FFFF     		.short	-1
 353 025a C001     		.short	448
 354 025c C001     		.short	448
 355 025e C001     		.short	448
 356 0260 C001     		.short	448
 357 0262 C001     		.short	448
 358 0264 C001     		.short	448
 359 0266 0000     		.short	0
 360 0268 0000     		.short	0
 361 026a 0000     		.short	0
 362 026c 0000     		.short	0
 363 026e 0000     		.short	0
 364 0270 0000     		.short	0
 365 0272 0000     		.short	0
 366 0274 0000     		.short	0
 367 0276 0000     		.short	0
 368 0278 0000     		.short	0
 369 027a 0000     		.short	0
 370 027c 0000     		.short	0
 371 027e 0000     		.short	0
 372 0280 0000     		.short	0
 373 0282 0000     		.short	0
 374 0284 0000     		.short	0
 375 0286 0000     		.short	0
 376 0288 0000     		.short	0
 377 028a 0000     		.short	0
 378 028c 0000     		.short	0
 379 028e 0000     		.short	0
 380 0290 0000     		.short	0
 381 0292 E003     		.short	992
 382 0294 E003     		.short	992
 383 0296 E003     		.short	992
 384 0298 E003     		.short	992
 385 029a E001     		.short	480
 386 029c E001     		.short	480
 387 029e E001     		.short	480
 388 02a0 C001     		.short	448
 389 02a2 8003     		.short	896
 390 02a4 0000     		.short	0
 391 02a6 0000     		.short	0
 392 02a8 0000     		.short	0
 393 02aa 0000     		.short	0
 394 02ac 0000     		.short	0
 395 02ae 0000     		.short	0
 396 02b0 0000     		.short	0
 397 02b2 0000     		.short	0
 398 02b4 0000     		.short	0
 399 02b6 0000     		.short	0
 400 02b8 0000     		.short	0
 401 02ba FE3F     		.short	16382
 402 02bc FE3F     		.short	16382
 403 02be 0000     		.short	0
 404 02c0 0000     		.short	0
 405 02c2 0000     		.short	0
 406 02c4 0000     		.short	0
 407 02c6 0000     		.short	0
ARM GAS  C:\Users\joabk\AppData\Local\Temp\cc0IL2Rz.s 			page 8


 408 02c8 0000     		.short	0
 409 02ca 0000     		.short	0
 410 02cc 0000     		.short	0
 411 02ce 0000     		.short	0
 412 02d0 0000     		.short	0
 413 02d2 0000     		.short	0
 414 02d4 0000     		.short	0
 415 02d6 0000     		.short	0
 416 02d8 0000     		.short	0
 417 02da 0000     		.short	0
 418 02dc 0000     		.short	0
 419 02de 0000     		.short	0
 420 02e0 0000     		.short	0
 421 02e2 0000     		.short	0
 422 02e4 0000     		.short	0
 423 02e6 0000     		.short	0
 424 02e8 0000     		.short	0
 425 02ea 0000     		.short	0
 426 02ec 0000     		.short	0
 427 02ee 0000     		.short	0
 428 02f0 0000     		.short	0
 429 02f2 0000     		.short	0
 430 02f4 0000     		.short	0
 431 02f6 0000     		.short	0
 432 02f8 0000     		.short	0
 433 02fa E003     		.short	992
 434 02fc E003     		.short	992
 435 02fe E003     		.short	992
 436 0300 E003     		.short	992
 437 0302 0000     		.short	0
 438 0304 0000     		.short	0
 439 0306 0000     		.short	0
 440 0308 0000     		.short	0
 441 030a 0000     		.short	0
 442 030c 0F00     		.short	15
 443 030e 0F00     		.short	15
 444 0310 1E00     		.short	30
 445 0312 1E00     		.short	30
 446 0314 3C00     		.short	60
 447 0316 3C00     		.short	60
 448 0318 7800     		.short	120
 449 031a 7800     		.short	120
 450 031c F000     		.short	240
 451 031e F000     		.short	240
 452 0320 E001     		.short	480
 453 0322 E001     		.short	480
 454 0324 C003     		.short	960
 455 0326 C003     		.short	960
 456 0328 8007     		.short	1920
 457 032a 8007     		.short	1920
 458 032c 000F     		.short	3840
 459 032e 000F     		.short	3840
 460 0330 001E     		.short	7680
 461 0332 001E     		.short	7680
 462 0334 003C     		.short	15360
 463 0336 003C     		.short	15360
 464 0338 0078     		.short	30720
ARM GAS  C:\Users\joabk\AppData\Local\Temp\cc0IL2Rz.s 			page 9


 465 033a 0078     		.short	30720
 466 033c 00F0     		.short	-4096
 467 033e 0000     		.short	0
 468 0340 F007     		.short	2032
 469 0342 F80F     		.short	4088
 470 0344 7C1F     		.short	8060
 471 0346 3E3E     		.short	15934
 472 0348 1E3C     		.short	15390
 473 034a 1F7C     		.short	31775
 474 034c 1F7C     		.short	31775
 475 034e 0F78     		.short	30735
 476 0350 0F78     		.short	30735
 477 0352 0F78     		.short	30735
 478 0354 0F78     		.short	30735
 479 0356 0F78     		.short	30735
 480 0358 0F78     		.short	30735
 481 035a 0F78     		.short	30735
 482 035c 1F7C     		.short	31775
 483 035e 1F7C     		.short	31775
 484 0360 1E3C     		.short	15390
 485 0362 3E3E     		.short	15934
 486 0364 7C1F     		.short	8060
 487 0366 F80F     		.short	4088
 488 0368 F007     		.short	2032
 489 036a 0000     		.short	0
 490 036c 0000     		.short	0
 491 036e 0000     		.short	0
 492 0370 0000     		.short	0
 493 0372 0000     		.short	0
 494 0374 F000     		.short	240
 495 0376 F007     		.short	2032
 496 0378 F03F     		.short	16368
 497 037a F03F     		.short	16368
 498 037c F001     		.short	496
 499 037e F001     		.short	496
 500 0380 F001     		.short	496
 501 0382 F001     		.short	496
 502 0384 F001     		.short	496
 503 0386 F001     		.short	496
 504 0388 F001     		.short	496
 505 038a F001     		.short	496
 506 038c F001     		.short	496
 507 038e F001     		.short	496
 508 0390 F001     		.short	496
 509 0392 F001     		.short	496
 510 0394 F001     		.short	496
 511 0396 F001     		.short	496
 512 0398 F001     		.short	496
 513 039a FF3F     		.short	16383
 514 039c FF3F     		.short	16383
 515 039e 0000     		.short	0
 516 03a0 0000     		.short	0
 517 03a2 0000     		.short	0
 518 03a4 0000     		.short	0
 519 03a6 0000     		.short	0
 520 03a8 E00F     		.short	4064
 521 03aa F83F     		.short	16376
ARM GAS  C:\Users\joabk\AppData\Local\Temp\cc0IL2Rz.s 			page 10


 522 03ac 7C3C     		.short	15484
 523 03ae 3C00     		.short	60
 524 03b0 3E00     		.short	62
 525 03b2 3E00     		.short	62
 526 03b4 3E00     		.short	62
 527 03b6 3C00     		.short	60
 528 03b8 3C00     		.short	60
 529 03ba 7C00     		.short	124
 530 03bc F800     		.short	248
 531 03be F001     		.short	496
 532 03c0 E003     		.short	992
 533 03c2 C007     		.short	1984
 534 03c4 8007     		.short	1920
 535 03c6 000F     		.short	3840
 536 03c8 001E     		.short	7680
 537 03ca 003E     		.short	15872
 538 03cc 003C     		.short	15360
 539 03ce FE3F     		.short	16382
 540 03d0 FE3F     		.short	16382
 541 03d2 0000     		.short	0
 542 03d4 0000     		.short	0
 543 03d6 0000     		.short	0
 544 03d8 0000     		.short	0
 545 03da 0000     		.short	0
 546 03dc F00F     		.short	4080
 547 03de F81F     		.short	8184
 548 03e0 7C1C     		.short	7292
 549 03e2 3E00     		.short	62
 550 03e4 3E00     		.short	62
 551 03e6 3E00     		.short	62
 552 03e8 3C00     		.short	60
 553 03ea 3C00     		.short	60
 554 03ec F800     		.short	248
 555 03ee F00F     		.short	4080
 556 03f0 F80F     		.short	4088
 557 03f2 7C00     		.short	124
 558 03f4 3E00     		.short	62
 559 03f6 1E00     		.short	30
 560 03f8 1E00     		.short	30
 561 03fa 1E00     		.short	30
 562 03fc 1E00     		.short	30
 563 03fe 3E00     		.short	62
 564 0400 7C1C     		.short	7292
 565 0402 F81F     		.short	8184
 566 0404 E01F     		.short	8160
 567 0406 0000     		.short	0
 568 0408 0000     		.short	0
 569 040a 0000     		.short	0
 570 040c 0000     		.short	0
 571 040e 0000     		.short	0
 572 0410 7800     		.short	120
 573 0412 F800     		.short	248
 574 0414 F800     		.short	248
 575 0416 F801     		.short	504
 576 0418 F803     		.short	1016
 577 041a F807     		.short	2040
 578 041c F807     		.short	2040
ARM GAS  C:\Users\joabk\AppData\Local\Temp\cc0IL2Rz.s 			page 11


 579 041e 780F     		.short	3960
 580 0420 781E     		.short	7800
 581 0422 781E     		.short	7800
 582 0424 783C     		.short	15480
 583 0426 7878     		.short	30840
 584 0428 7878     		.short	30840
 585 042a FFFF     		.short	-1
 586 042c FFFF     		.short	-1
 587 042e 7800     		.short	120
 588 0430 7800     		.short	120
 589 0432 7800     		.short	120
 590 0434 7800     		.short	120
 591 0436 7800     		.short	120
 592 0438 7800     		.short	120
 593 043a 0000     		.short	0
 594 043c 0000     		.short	0
 595 043e 0000     		.short	0
 596 0440 0000     		.short	0
 597 0442 0000     		.short	0
 598 0444 FC1F     		.short	8188
 599 0446 FC1F     		.short	8188
 600 0448 FC1F     		.short	8188
 601 044a 001E     		.short	7680
 602 044c 001E     		.short	7680
 603 044e 001E     		.short	7680
 604 0450 001E     		.short	7680
 605 0452 001E     		.short	7680
 606 0454 E01F     		.short	8160
 607 0456 F81F     		.short	8184
 608 0458 FC00     		.short	252
 609 045a 7C00     		.short	124
 610 045c 3E00     		.short	62
 611 045e 3E00     		.short	62
 612 0460 1E00     		.short	30
 613 0462 3E00     		.short	62
 614 0464 3E00     		.short	62
 615 0466 3C00     		.short	60
 616 0468 7C1C     		.short	7292
 617 046a F81F     		.short	8184
 618 046c E01F     		.short	8160
 619 046e 0000     		.short	0
 620 0470 0000     		.short	0
 621 0472 0000     		.short	0
 622 0474 0000     		.short	0
 623 0476 0000     		.short	0
 624 0478 FC01     		.short	508
 625 047a FE07     		.short	2046
 626 047c 8E0F     		.short	3982
 627 047e 001F     		.short	7936
 628 0480 001E     		.short	7680
 629 0482 003E     		.short	15872
 630 0484 003C     		.short	15360
 631 0486 003C     		.short	15360
 632 0488 F83D     		.short	15864
 633 048a FC3F     		.short	16380
 634 048c 3E7F     		.short	32574
 635 048e 1F7E     		.short	32287
ARM GAS  C:\Users\joabk\AppData\Local\Temp\cc0IL2Rz.s 			page 12


 636 0490 0F3C     		.short	15375
 637 0492 0F3C     		.short	15375
 638 0494 0F3C     		.short	15375
 639 0496 0F3C     		.short	15375
 640 0498 0F3E     		.short	15887
 641 049a 1F1E     		.short	7711
 642 049c 3E1F     		.short	7998
 643 049e FC0F     		.short	4092
 644 04a0 F003     		.short	1008
 645 04a2 0000     		.short	0
 646 04a4 0000     		.short	0
 647 04a6 0000     		.short	0
 648 04a8 0000     		.short	0
 649 04aa 0000     		.short	0
 650 04ac FF3F     		.short	16383
 651 04ae FF3F     		.short	16383
 652 04b0 FF3F     		.short	16383
 653 04b2 0F00     		.short	15
 654 04b4 1E00     		.short	30
 655 04b6 1E00     		.short	30
 656 04b8 3C00     		.short	60
 657 04ba 3800     		.short	56
 658 04bc 7800     		.short	120
 659 04be F000     		.short	240
 660 04c0 F000     		.short	240
 661 04c2 E001     		.short	480
 662 04c4 E001     		.short	480
 663 04c6 C003     		.short	960
 664 04c8 C003     		.short	960
 665 04ca 8007     		.short	1920
 666 04cc 800F     		.short	3968
 667 04ce 800F     		.short	3968
 668 04d0 000F     		.short	3840
 669 04d2 001F     		.short	7936
 670 04d4 001F     		.short	7936
 671 04d6 0000     		.short	0
 672 04d8 0000     		.short	0
 673 04da 0000     		.short	0
 674 04dc 0000     		.short	0
 675 04de 0000     		.short	0
 676 04e0 F807     		.short	2040
 677 04e2 FC0F     		.short	4092
 678 04e4 3E1F     		.short	7998
 679 04e6 1E1E     		.short	7710
 680 04e8 1E3E     		.short	15902
 681 04ea 1E3E     		.short	15902
 682 04ec 1E1E     		.short	7710
 683 04ee 3C1F     		.short	7996
 684 04f0 F80F     		.short	4088
 685 04f2 F007     		.short	2032
 686 04f4 F80F     		.short	4088
 687 04f6 FC1E     		.short	7932
 688 04f8 3E3E     		.short	15934
 689 04fa 1F3C     		.short	15391
 690 04fc 1F7C     		.short	31775
 691 04fe 0F7C     		.short	31759
 692 0500 0F7C     		.short	31759
ARM GAS  C:\Users\joabk\AppData\Local\Temp\cc0IL2Rz.s 			page 13


 693 0502 1F3C     		.short	15391
 694 0504 3E3F     		.short	16190
 695 0506 FC1F     		.short	8188
 696 0508 F007     		.short	2032
 697 050a 0000     		.short	0
 698 050c 0000     		.short	0
 699 050e 0000     		.short	0
 700 0510 0000     		.short	0
 701 0512 0000     		.short	0
 702 0514 F007     		.short	2032
 703 0516 F80F     		.short	4088
 704 0518 7C1E     		.short	7804
 705 051a 3E3C     		.short	15422
 706 051c 1E3C     		.short	15390
 707 051e 1F7C     		.short	31775
 708 0520 1F7C     		.short	31775
 709 0522 1F7C     		.short	31775
 710 0524 1F7C     		.short	31775
 711 0526 1F3C     		.short	15391
 712 0528 3F3E     		.short	15935
 713 052a FF1F     		.short	8191
 714 052c EF07     		.short	2031
 715 052e 1F00     		.short	31
 716 0530 1E00     		.short	30
 717 0532 1E00     		.short	30
 718 0534 3E00     		.short	62
 719 0536 3C00     		.short	60
 720 0538 F838     		.short	14584
 721 053a F03F     		.short	16368
 722 053c E01F     		.short	8160
 723 053e 0000     		.short	0
 724 0540 0000     		.short	0
 725 0542 0000     		.short	0
 726 0544 0000     		.short	0
 727 0546 0000     		.short	0
 728 0548 0000     		.short	0
 729 054a 0000     		.short	0
 730 054c 0000     		.short	0
 731 054e 0000     		.short	0
 732 0550 0000     		.short	0
 733 0552 0000     		.short	0
 734 0554 E003     		.short	992
 735 0556 E003     		.short	992
 736 0558 E003     		.short	992
 737 055a E003     		.short	992
 738 055c 0000     		.short	0
 739 055e 0000     		.short	0
 740 0560 0000     		.short	0
 741 0562 0000     		.short	0
 742 0564 0000     		.short	0
 743 0566 0000     		.short	0
 744 0568 0000     		.short	0
 745 056a E003     		.short	992
 746 056c E003     		.short	992
 747 056e E003     		.short	992
 748 0570 E003     		.short	992
 749 0572 0000     		.short	0
ARM GAS  C:\Users\joabk\AppData\Local\Temp\cc0IL2Rz.s 			page 14


 750 0574 0000     		.short	0
 751 0576 0000     		.short	0
 752 0578 0000     		.short	0
 753 057a 0000     		.short	0
 754 057c 0000     		.short	0
 755 057e 0000     		.short	0
 756 0580 0000     		.short	0
 757 0582 0000     		.short	0
 758 0584 0000     		.short	0
 759 0586 0000     		.short	0
 760 0588 E003     		.short	992
 761 058a E003     		.short	992
 762 058c E003     		.short	992
 763 058e E003     		.short	992
 764 0590 0000     		.short	0
 765 0592 0000     		.short	0
 766 0594 0000     		.short	0
 767 0596 0000     		.short	0
 768 0598 0000     		.short	0
 769 059a 0000     		.short	0
 770 059c 0000     		.short	0
 771 059e E003     		.short	992
 772 05a0 E003     		.short	992
 773 05a2 E003     		.short	992
 774 05a4 E003     		.short	992
 775 05a6 E001     		.short	480
 776 05a8 E001     		.short	480
 777 05aa E001     		.short	480
 778 05ac C003     		.short	960
 779 05ae 8003     		.short	896
 780 05b0 0000     		.short	0
 781 05b2 0000     		.short	0
 782 05b4 0000     		.short	0
 783 05b6 0000     		.short	0
 784 05b8 0000     		.short	0
 785 05ba 0000     		.short	0
 786 05bc 0300     		.short	3
 787 05be 0F00     		.short	15
 788 05c0 3F00     		.short	63
 789 05c2 FC00     		.short	252
 790 05c4 F003     		.short	1008
 791 05c6 C00F     		.short	4032
 792 05c8 003F     		.short	16128
 793 05ca 00FE     		.short	-512
 794 05cc 003F     		.short	16128
 795 05ce C00F     		.short	4032
 796 05d0 F003     		.short	1008
 797 05d2 FC00     		.short	252
 798 05d4 3F00     		.short	63
 799 05d6 0F00     		.short	15
 800 05d8 0300     		.short	3
 801 05da 0000     		.short	0
 802 05dc 0000     		.short	0
 803 05de 0000     		.short	0
 804 05e0 0000     		.short	0
 805 05e2 0000     		.short	0
 806 05e4 0000     		.short	0
ARM GAS  C:\Users\joabk\AppData\Local\Temp\cc0IL2Rz.s 			page 15


 807 05e6 0000     		.short	0
 808 05e8 0000     		.short	0
 809 05ea 0000     		.short	0
 810 05ec 0000     		.short	0
 811 05ee 0000     		.short	0
 812 05f0 0000     		.short	0
 813 05f2 0000     		.short	0
 814 05f4 0000     		.short	0
 815 05f6 0000     		.short	0
 816 05f8 FFFF     		.short	-1
 817 05fa FFFF     		.short	-1
 818 05fc 0000     		.short	0
 819 05fe 0000     		.short	0
 820 0600 0000     		.short	0
 821 0602 FFFF     		.short	-1
 822 0604 FFFF     		.short	-1
 823 0606 0000     		.short	0
 824 0608 0000     		.short	0
 825 060a 0000     		.short	0
 826 060c 0000     		.short	0
 827 060e 0000     		.short	0
 828 0610 0000     		.short	0
 829 0612 0000     		.short	0
 830 0614 0000     		.short	0
 831 0616 0000     		.short	0
 832 0618 0000     		.short	0
 833 061a 0000     		.short	0
 834 061c 0000     		.short	0
 835 061e 0000     		.short	0
 836 0620 0000     		.short	0
 837 0622 0000     		.short	0
 838 0624 00E0     		.short	-8192
 839 0626 00F8     		.short	-2048
 840 0628 007E     		.short	32256
 841 062a 801F     		.short	8064
 842 062c E007     		.short	2016
 843 062e F801     		.short	504
 844 0630 7E00     		.short	126
 845 0632 1F00     		.short	31
 846 0634 7E00     		.short	126
 847 0636 F801     		.short	504
 848 0638 E007     		.short	2016
 849 063a 801F     		.short	8064
 850 063c 007E     		.short	32256
 851 063e 00F8     		.short	-2048
 852 0640 00E0     		.short	-8192
 853 0642 0000     		.short	0
 854 0644 0000     		.short	0
 855 0646 0000     		.short	0
 856 0648 0000     		.short	0
 857 064a 0000     		.short	0
 858 064c F01F     		.short	8176
 859 064e FC3F     		.short	16380
 860 0650 3E38     		.short	14398
 861 0652 1F38     		.short	14367
 862 0654 1F38     		.short	14367
 863 0656 1E00     		.short	30
ARM GAS  C:\Users\joabk\AppData\Local\Temp\cc0IL2Rz.s 			page 16


 864 0658 1E00     		.short	30
 865 065a 3C00     		.short	60
 866 065c 7800     		.short	120
 867 065e F000     		.short	240
 868 0660 E001     		.short	480
 869 0662 C003     		.short	960
 870 0664 C003     		.short	960
 871 0666 C007     		.short	1984
 872 0668 C007     		.short	1984
 873 066a 0000     		.short	0
 874 066c 0000     		.short	0
 875 066e 0000     		.short	0
 876 0670 C007     		.short	1984
 877 0672 C007     		.short	1984
 878 0674 C007     		.short	1984
 879 0676 0000     		.short	0
 880 0678 0000     		.short	0
 881 067a 0000     		.short	0
 882 067c 0000     		.short	0
 883 067e 0000     		.short	0
 884 0680 F803     		.short	1016
 885 0682 FE0F     		.short	4094
 886 0684 1E1F     		.short	7966
 887 0686 0F3E     		.short	15887
 888 0688 7F3C     		.short	15487
 889 068a FF78     		.short	30975
 890 068c EF79     		.short	31215
 891 068e C773     		.short	29639
 892 0690 C7F3     		.short	-3129
 893 0692 8FF3     		.short	-3185
 894 0694 8FF3     		.short	-3185
 895 0696 8FF3     		.short	-3185
 896 0698 9FF3     		.short	-3169
 897 069a 9FF3     		.short	-3169
 898 069c FF73     		.short	29695
 899 069e FF7B     		.short	31743
 900 06a0 F779     		.short	31223
 901 06a2 003C     		.short	15360
 902 06a4 1C1F     		.short	7964
 903 06a6 FC0F     		.short	4092
 904 06a8 F803     		.short	1016
 905 06aa 0000     		.short	0
 906 06ac 0000     		.short	0
 907 06ae 0000     		.short	0
 908 06b0 0000     		.short	0
 909 06b2 0000     		.short	0
 910 06b4 0000     		.short	0
 911 06b6 0000     		.short	0
 912 06b8 0000     		.short	0
 913 06ba E003     		.short	992
 914 06bc E003     		.short	992
 915 06be F007     		.short	2032
 916 06c0 F007     		.short	2032
 917 06c2 F007     		.short	2032
 918 06c4 780F     		.short	3960
 919 06c6 780F     		.short	3960
 920 06c8 7C0E     		.short	3708
ARM GAS  C:\Users\joabk\AppData\Local\Temp\cc0IL2Rz.s 			page 17


 921 06ca 3C1E     		.short	7740
 922 06cc 3C1E     		.short	7740
 923 06ce 3E3C     		.short	15422
 924 06d0 FE3F     		.short	16382
 925 06d2 FF3F     		.short	16383
 926 06d4 1F78     		.short	30751
 927 06d6 0F78     		.short	30735
 928 06d8 0FF0     		.short	-4081
 929 06da 07F0     		.short	-4089
 930 06dc 07F0     		.short	-4089
 931 06de 0000     		.short	0
 932 06e0 0000     		.short	0
 933 06e2 0000     		.short	0
 934 06e4 0000     		.short	0
 935 06e6 0000     		.short	0
 936 06e8 0000     		.short	0
 937 06ea 0000     		.short	0
 938 06ec 0000     		.short	0
 939 06ee F83F     		.short	16376
 940 06f0 FC3F     		.short	16380
 941 06f2 3E3C     		.short	15422
 942 06f4 1E3C     		.short	15390
 943 06f6 1E3C     		.short	15390
 944 06f8 1E3C     		.short	15390
 945 06fa 3E3C     		.short	15422
 946 06fc 7C3C     		.short	15484
 947 06fe F03F     		.short	16368
 948 0700 F83F     		.short	16376
 949 0702 7E3C     		.short	15486
 950 0704 1F3C     		.short	15391
 951 0706 1F3C     		.short	15391
 952 0708 0F3C     		.short	15375
 953 070a 0F3C     		.short	15375
 954 070c 1F3C     		.short	15391
 955 070e FE3F     		.short	16382
 956 0710 F83F     		.short	16376
 957 0712 0000     		.short	0
 958 0714 0000     		.short	0
 959 0716 0000     		.short	0
 960 0718 0000     		.short	0
 961 071a 0000     		.short	0
 962 071c 0000     		.short	0
 963 071e 0000     		.short	0
 964 0720 0000     		.short	0
 965 0722 FF01     		.short	511
 966 0724 FF07     		.short	2047
 967 0726 871F     		.short	8071
 968 0728 003E     		.short	15872
 969 072a 003C     		.short	15360
 970 072c 007C     		.short	31744
 971 072e 0078     		.short	30720
 972 0730 0078     		.short	30720
 973 0732 0078     		.short	30720
 974 0734 0078     		.short	30720
 975 0736 0078     		.short	30720
 976 0738 007C     		.short	31744
 977 073a 007C     		.short	31744
ARM GAS  C:\Users\joabk\AppData\Local\Temp\cc0IL2Rz.s 			page 18


 978 073c 003E     		.short	15872
 979 073e 003F     		.short	16128
 980 0740 831F     		.short	8067
 981 0742 FF07     		.short	2047
 982 0744 FF01     		.short	511
 983 0746 0000     		.short	0
 984 0748 0000     		.short	0
 985 074a 0000     		.short	0
 986 074c 0000     		.short	0
 987 074e 0000     		.short	0
 988 0750 0000     		.short	0
 989 0752 0000     		.short	0
 990 0754 0000     		.short	0
 991 0756 F07F     		.short	32752
 992 0758 FC7F     		.short	32764
 993 075a 7E78     		.short	30846
 994 075c 1F78     		.short	30751
 995 075e 1F78     		.short	30751
 996 0760 0F78     		.short	30735
 997 0762 0F78     		.short	30735
 998 0764 0F78     		.short	30735
 999 0766 0F78     		.short	30735
 1000 0768 0F78     		.short	30735
 1001 076a 0F78     		.short	30735
 1002 076c 0F78     		.short	30735
 1003 076e 0F78     		.short	30735
 1004 0770 1F78     		.short	30751
 1005 0772 1E78     		.short	30750
 1006 0774 7E78     		.short	30846
 1007 0776 F87F     		.short	32760
 1008 0778 E07F     		.short	32736
 1009 077a 0000     		.short	0
 1010 077c 0000     		.short	0
 1011 077e 0000     		.short	0
 1012 0780 0000     		.short	0
 1013 0782 0000     		.short	0
 1014 0784 0000     		.short	0
 1015 0786 0000     		.short	0
 1016 0788 0000     		.short	0
 1017 078a FF3F     		.short	16383
 1018 078c FF3F     		.short	16383
 1019 078e 003E     		.short	15872
 1020 0790 003E     		.short	15872
 1021 0792 003E     		.short	15872
 1022 0794 003E     		.short	15872
 1023 0796 003E     		.short	15872
 1024 0798 003E     		.short	15872
 1025 079a FE3F     		.short	16382
 1026 079c FE3F     		.short	16382
 1027 079e 003E     		.short	15872
 1028 07a0 003E     		.short	15872
 1029 07a2 003E     		.short	15872
 1030 07a4 003E     		.short	15872
 1031 07a6 003E     		.short	15872
 1032 07a8 003E     		.short	15872
 1033 07aa FF3F     		.short	16383
 1034 07ac FF3F     		.short	16383
ARM GAS  C:\Users\joabk\AppData\Local\Temp\cc0IL2Rz.s 			page 19


 1035 07ae 0000     		.short	0
 1036 07b0 0000     		.short	0
 1037 07b2 0000     		.short	0
 1038 07b4 0000     		.short	0
 1039 07b6 0000     		.short	0
 1040 07b8 0000     		.short	0
 1041 07ba 0000     		.short	0
 1042 07bc 0000     		.short	0
 1043 07be FF1F     		.short	8191
 1044 07c0 FF1F     		.short	8191
 1045 07c2 001E     		.short	7680
 1046 07c4 001E     		.short	7680
 1047 07c6 001E     		.short	7680
 1048 07c8 001E     		.short	7680
 1049 07ca 001E     		.short	7680
 1050 07cc 001E     		.short	7680
 1051 07ce FF1F     		.short	8191
 1052 07d0 FF1F     		.short	8191
 1053 07d2 001E     		.short	7680
 1054 07d4 001E     		.short	7680
 1055 07d6 001E     		.short	7680
 1056 07d8 001E     		.short	7680
 1057 07da 001E     		.short	7680
 1058 07dc 001E     		.short	7680
 1059 07de 001E     		.short	7680
 1060 07e0 001E     		.short	7680
 1061 07e2 0000     		.short	0
 1062 07e4 0000     		.short	0
 1063 07e6 0000     		.short	0
 1064 07e8 0000     		.short	0
 1065 07ea 0000     		.short	0
 1066 07ec 0000     		.short	0
 1067 07ee 0000     		.short	0
 1068 07f0 0000     		.short	0
 1069 07f2 FE03     		.short	1022
 1070 07f4 FF0F     		.short	4095
 1071 07f6 871F     		.short	8071
 1072 07f8 003E     		.short	15872
 1073 07fa 007C     		.short	31744
 1074 07fc 007C     		.short	31744
 1075 07fe 0078     		.short	30720
 1076 0800 00F8     		.short	-2048
 1077 0802 00F8     		.short	-2048
 1078 0804 7FF8     		.short	-1921
 1079 0806 7FF8     		.short	-1921
 1080 0808 0F78     		.short	30735
 1081 080a 0F7C     		.short	31759
 1082 080c 0F7C     		.short	31759
 1083 080e 0F3E     		.short	15887
 1084 0810 8F1F     		.short	8079
 1085 0812 FF0F     		.short	4095
 1086 0814 FE03     		.short	1022
 1087 0816 0000     		.short	0
 1088 0818 0000     		.short	0
 1089 081a 0000     		.short	0
 1090 081c 0000     		.short	0
 1091 081e 0000     		.short	0
ARM GAS  C:\Users\joabk\AppData\Local\Temp\cc0IL2Rz.s 			page 20


 1092 0820 0000     		.short	0
 1093 0822 0000     		.short	0
 1094 0824 0000     		.short	0
 1095 0826 1F7C     		.short	31775
 1096 0828 1F7C     		.short	31775
 1097 082a 1F7C     		.short	31775
 1098 082c 1F7C     		.short	31775
 1099 082e 1F7C     		.short	31775
 1100 0830 1F7C     		.short	31775
 1101 0832 1F7C     		.short	31775
 1102 0834 1F7C     		.short	31775
 1103 0836 FF7F     		.short	32767
 1104 0838 FF7F     		.short	32767
 1105 083a 1F7C     		.short	31775
 1106 083c 1F7C     		.short	31775
 1107 083e 1F7C     		.short	31775
 1108 0840 1F7C     		.short	31775
 1109 0842 1F7C     		.short	31775
 1110 0844 1F7C     		.short	31775
 1111 0846 1F7C     		.short	31775
 1112 0848 1F7C     		.short	31775
 1113 084a 0000     		.short	0
 1114 084c 0000     		.short	0
 1115 084e 0000     		.short	0
 1116 0850 0000     		.short	0
 1117 0852 0000     		.short	0
 1118 0854 0000     		.short	0
 1119 0856 0000     		.short	0
 1120 0858 0000     		.short	0
 1121 085a FF3F     		.short	16383
 1122 085c FF3F     		.short	16383
 1123 085e E003     		.short	992
 1124 0860 E003     		.short	992
 1125 0862 E003     		.short	992
 1126 0864 E003     		.short	992
 1127 0866 E003     		.short	992
 1128 0868 E003     		.short	992
 1129 086a E003     		.short	992
 1130 086c E003     		.short	992
 1131 086e E003     		.short	992
 1132 0870 E003     		.short	992
 1133 0872 E003     		.short	992
 1134 0874 E003     		.short	992
 1135 0876 E003     		.short	992
 1136 0878 E003     		.short	992
 1137 087a FF3F     		.short	16383
 1138 087c FF3F     		.short	16383
 1139 087e 0000     		.short	0
 1140 0880 0000     		.short	0
 1141 0882 0000     		.short	0
 1142 0884 0000     		.short	0
 1143 0886 0000     		.short	0
 1144 0888 0000     		.short	0
 1145 088a 0000     		.short	0
 1146 088c 0000     		.short	0
 1147 088e FC1F     		.short	8188
 1148 0890 FC1F     		.short	8188
ARM GAS  C:\Users\joabk\AppData\Local\Temp\cc0IL2Rz.s 			page 21


 1149 0892 7C00     		.short	124
 1150 0894 7C00     		.short	124
 1151 0896 7C00     		.short	124
 1152 0898 7C00     		.short	124
 1153 089a 7C00     		.short	124
 1154 089c 7C00     		.short	124
 1155 089e 7C00     		.short	124
 1156 08a0 7C00     		.short	124
 1157 08a2 7C00     		.short	124
 1158 08a4 7C00     		.short	124
 1159 08a6 7C00     		.short	124
 1160 08a8 7800     		.short	120
 1161 08aa 7800     		.short	120
 1162 08ac F838     		.short	14584
 1163 08ae F03F     		.short	16368
 1164 08b0 C03F     		.short	16320
 1165 08b2 0000     		.short	0
 1166 08b4 0000     		.short	0
 1167 08b6 0000     		.short	0
 1168 08b8 0000     		.short	0
 1169 08ba 0000     		.short	0
 1170 08bc 0000     		.short	0
 1171 08be 0000     		.short	0
 1172 08c0 0000     		.short	0
 1173 08c2 1F3C     		.short	15391
 1174 08c4 1E3C     		.short	15390
 1175 08c6 3C3C     		.short	15420
 1176 08c8 783C     		.short	15480
 1177 08ca F03C     		.short	15600
 1178 08cc E03D     		.short	15840
 1179 08ce E03F     		.short	16352
 1180 08d0 C03F     		.short	16320
 1181 08d2 803F     		.short	16256
 1182 08d4 C03F     		.short	16320
 1183 08d6 E03F     		.short	16352
 1184 08d8 F03D     		.short	15856
 1185 08da F03C     		.short	15600
 1186 08dc 783C     		.short	15480
 1187 08de 7C3C     		.short	15484
 1188 08e0 3E3C     		.short	15422
 1189 08e2 1F3C     		.short	15391
 1190 08e4 0F3C     		.short	15375
 1191 08e6 0000     		.short	0
 1192 08e8 0000     		.short	0
 1193 08ea 0000     		.short	0
 1194 08ec 0000     		.short	0
 1195 08ee 0000     		.short	0
 1196 08f0 0000     		.short	0
 1197 08f2 0000     		.short	0
 1198 08f4 0000     		.short	0
 1199 08f6 003E     		.short	15872
 1200 08f8 003E     		.short	15872
 1201 08fa 003E     		.short	15872
 1202 08fc 003E     		.short	15872
 1203 08fe 003E     		.short	15872
 1204 0900 003E     		.short	15872
 1205 0902 003E     		.short	15872
ARM GAS  C:\Users\joabk\AppData\Local\Temp\cc0IL2Rz.s 			page 22


 1206 0904 003E     		.short	15872
 1207 0906 003E     		.short	15872
 1208 0908 003E     		.short	15872
 1209 090a 003E     		.short	15872
 1210 090c 003E     		.short	15872
 1211 090e 003E     		.short	15872
 1212 0910 003E     		.short	15872
 1213 0912 003E     		.short	15872
 1214 0914 003E     		.short	15872
 1215 0916 FF3F     		.short	16383
 1216 0918 FF3F     		.short	16383
 1217 091a 0000     		.short	0
 1218 091c 0000     		.short	0
 1219 091e 0000     		.short	0
 1220 0920 0000     		.short	0
 1221 0922 0000     		.short	0
 1222 0924 0000     		.short	0
 1223 0926 0000     		.short	0
 1224 0928 0000     		.short	0
 1225 092a 1FF8     		.short	-2017
 1226 092c 1FFC     		.short	-993
 1227 092e 1FFC     		.short	-993
 1228 0930 3FFE     		.short	-449
 1229 0932 3FFE     		.short	-449
 1230 0934 3FFE     		.short	-449
 1231 0936 7FFF     		.short	-129
 1232 0938 77FF     		.short	-137
 1233 093a 77FF     		.short	-137
 1234 093c F7F7     		.short	-2057
 1235 093e E7F7     		.short	-2073
 1236 0940 E7F3     		.short	-3097
 1237 0942 E7F3     		.short	-3097
 1238 0944 C7F3     		.short	-3129
 1239 0946 07F0     		.short	-4089
 1240 0948 07F0     		.short	-4089
 1241 094a 07F0     		.short	-4089
 1242 094c 07F0     		.short	-4089
 1243 094e 0000     		.short	0
 1244 0950 0000     		.short	0
 1245 0952 0000     		.short	0
 1246 0954 0000     		.short	0
 1247 0956 0000     		.short	0
 1248 0958 0000     		.short	0
 1249 095a 0000     		.short	0
 1250 095c 0000     		.short	0
 1251 095e 0F7C     		.short	31759
 1252 0960 0F7C     		.short	31759
 1253 0962 0F7E     		.short	32271
 1254 0964 0F7F     		.short	32527
 1255 0966 0F7F     		.short	32527
 1256 0968 8F7F     		.short	32655
 1257 096a 8F7F     		.short	32655
 1258 096c CF7F     		.short	32719
 1259 096e EF7B     		.short	31727
 1260 0970 EF79     		.short	31215
 1261 0972 FF79     		.short	31231
 1262 0974 FF78     		.short	30975
ARM GAS  C:\Users\joabk\AppData\Local\Temp\cc0IL2Rz.s 			page 23


 1263 0976 FF78     		.short	30975
 1264 0978 7F78     		.short	30847
 1265 097a 3F78     		.short	30783
 1266 097c 3F78     		.short	30783
 1267 097e 1F78     		.short	30751
 1268 0980 1F78     		.short	30751
 1269 0982 0000     		.short	0
 1270 0984 0000     		.short	0
 1271 0986 0000     		.short	0
 1272 0988 0000     		.short	0
 1273 098a 0000     		.short	0
 1274 098c 0000     		.short	0
 1275 098e 0000     		.short	0
 1276 0990 0000     		.short	0
 1277 0992 F007     		.short	2032
 1278 0994 FC1F     		.short	8188
 1279 0996 3E3E     		.short	15934
 1280 0998 1F7C     		.short	31775
 1281 099a 0F78     		.short	30735
 1282 099c 0F78     		.short	30735
 1283 099e 0FF8     		.short	-2033
 1284 09a0 0FF8     		.short	-2033
 1285 09a2 0FF8     		.short	-2033
 1286 09a4 0FF8     		.short	-2033
 1287 09a6 0FF8     		.short	-2033
 1288 09a8 0FF8     		.short	-2033
 1289 09aa 0F78     		.short	30735
 1290 09ac 0F78     		.short	30735
 1291 09ae 1F7C     		.short	31775
 1292 09b0 3E3E     		.short	15934
 1293 09b2 FC1F     		.short	8188
 1294 09b4 F007     		.short	2032
 1295 09b6 0000     		.short	0
 1296 09b8 0000     		.short	0
 1297 09ba 0000     		.short	0
 1298 09bc 0000     		.short	0
 1299 09be 0000     		.short	0
 1300 09c0 0000     		.short	0
 1301 09c2 0000     		.short	0
 1302 09c4 0000     		.short	0
 1303 09c6 FC3F     		.short	16380
 1304 09c8 FF3F     		.short	16383
 1305 09ca 1F3E     		.short	15903
 1306 09cc 0F3E     		.short	15887
 1307 09ce 0F3E     		.short	15887
 1308 09d0 0F3E     		.short	15887
 1309 09d2 0F3E     		.short	15887
 1310 09d4 1F3E     		.short	15903
 1311 09d6 3F3E     		.short	15935
 1312 09d8 FC3F     		.short	16380
 1313 09da F03F     		.short	16368
 1314 09dc 003E     		.short	15872
 1315 09de 003E     		.short	15872
 1316 09e0 003E     		.short	15872
 1317 09e2 003E     		.short	15872
 1318 09e4 003E     		.short	15872
 1319 09e6 003E     		.short	15872
ARM GAS  C:\Users\joabk\AppData\Local\Temp\cc0IL2Rz.s 			page 24


 1320 09e8 003E     		.short	15872
 1321 09ea 0000     		.short	0
 1322 09ec 0000     		.short	0
 1323 09ee 0000     		.short	0
 1324 09f0 0000     		.short	0
 1325 09f2 0000     		.short	0
 1326 09f4 0000     		.short	0
 1327 09f6 0000     		.short	0
 1328 09f8 0000     		.short	0
 1329 09fa F007     		.short	2032
 1330 09fc FC1F     		.short	8188
 1331 09fe 3E3E     		.short	15934
 1332 0a00 1F7C     		.short	31775
 1333 0a02 0F78     		.short	30735
 1334 0a04 0F78     		.short	30735
 1335 0a06 0FF8     		.short	-2033
 1336 0a08 0FF8     		.short	-2033
 1337 0a0a 0FF8     		.short	-2033
 1338 0a0c 0FF8     		.short	-2033
 1339 0a0e 0FF8     		.short	-2033
 1340 0a10 0FF8     		.short	-2033
 1341 0a12 0F78     		.short	30735
 1342 0a14 0F78     		.short	30735
 1343 0a16 1F7C     		.short	31775
 1344 0a18 3E3E     		.short	15934
 1345 0a1a FC1F     		.short	8188
 1346 0a1c F807     		.short	2040
 1347 0a1e 7C00     		.short	124
 1348 0a20 3F00     		.short	63
 1349 0a22 0F00     		.short	15
 1350 0a24 0300     		.short	3
 1351 0a26 0000     		.short	0
 1352 0a28 0000     		.short	0
 1353 0a2a 0000     		.short	0
 1354 0a2c 0000     		.short	0
 1355 0a2e F03F     		.short	16368
 1356 0a30 FC3F     		.short	16380
 1357 0a32 7E3C     		.short	15486
 1358 0a34 3E3C     		.short	15422
 1359 0a36 1E3C     		.short	15390
 1360 0a38 1E3C     		.short	15390
 1361 0a3a 3E3C     		.short	15422
 1362 0a3c 3C3C     		.short	15420
 1363 0a3e FC3C     		.short	15612
 1364 0a40 F03F     		.short	16368
 1365 0a42 E03F     		.short	16352
 1366 0a44 F03D     		.short	15856
 1367 0a46 F83C     		.short	15608
 1368 0a48 7C3C     		.short	15484
 1369 0a4a 3E3C     		.short	15422
 1370 0a4c 1E3C     		.short	15390
 1371 0a4e 1F3C     		.short	15391
 1372 0a50 0F3C     		.short	15375
 1373 0a52 0000     		.short	0
 1374 0a54 0000     		.short	0
 1375 0a56 0000     		.short	0
 1376 0a58 0000     		.short	0
ARM GAS  C:\Users\joabk\AppData\Local\Temp\cc0IL2Rz.s 			page 25


 1377 0a5a 0000     		.short	0
 1378 0a5c 0000     		.short	0
 1379 0a5e 0000     		.short	0
 1380 0a60 0000     		.short	0
 1381 0a62 FC07     		.short	2044
 1382 0a64 FE1F     		.short	8190
 1383 0a66 0E3E     		.short	15886
 1384 0a68 003C     		.short	15360
 1385 0a6a 003C     		.short	15360
 1386 0a6c 003C     		.short	15360
 1387 0a6e 003E     		.short	15872
 1388 0a70 C01F     		.short	8128
 1389 0a72 F80F     		.short	4088
 1390 0a74 FE03     		.short	1022
 1391 0a76 7F00     		.short	127
 1392 0a78 1F00     		.short	31
 1393 0a7a 0F00     		.short	15
 1394 0a7c 0F00     		.short	15
 1395 0a7e 1F20     		.short	8223
 1396 0a80 3E3C     		.short	15422
 1397 0a82 FC3F     		.short	16380
 1398 0a84 F01F     		.short	8176
 1399 0a86 0000     		.short	0
 1400 0a88 0000     		.short	0
 1401 0a8a 0000     		.short	0
 1402 0a8c 0000     		.short	0
 1403 0a8e 0000     		.short	0
 1404 0a90 0000     		.short	0
 1405 0a92 0000     		.short	0
 1406 0a94 0000     		.short	0
 1407 0a96 FFFF     		.short	-1
 1408 0a98 FFFF     		.short	-1
 1409 0a9a E003     		.short	992
 1410 0a9c E003     		.short	992
 1411 0a9e E003     		.short	992
 1412 0aa0 E003     		.short	992
 1413 0aa2 E003     		.short	992
 1414 0aa4 E003     		.short	992
 1415 0aa6 E003     		.short	992
 1416 0aa8 E003     		.short	992
 1417 0aaa E003     		.short	992
 1418 0aac E003     		.short	992
 1419 0aae E003     		.short	992
 1420 0ab0 E003     		.short	992
 1421 0ab2 E003     		.short	992
 1422 0ab4 E003     		.short	992
 1423 0ab6 E003     		.short	992
 1424 0ab8 E003     		.short	992
 1425 0aba 0000     		.short	0
 1426 0abc 0000     		.short	0
 1427 0abe 0000     		.short	0
 1428 0ac0 0000     		.short	0
 1429 0ac2 0000     		.short	0
 1430 0ac4 0000     		.short	0
 1431 0ac6 0000     		.short	0
 1432 0ac8 0000     		.short	0
 1433 0aca 0F7C     		.short	31759
ARM GAS  C:\Users\joabk\AppData\Local\Temp\cc0IL2Rz.s 			page 26


 1434 0acc 0F7C     		.short	31759
 1435 0ace 0F7C     		.short	31759
 1436 0ad0 0F7C     		.short	31759
 1437 0ad2 0F7C     		.short	31759
 1438 0ad4 0F7C     		.short	31759
 1439 0ad6 0F7C     		.short	31759
 1440 0ad8 0F7C     		.short	31759
 1441 0ada 0F7C     		.short	31759
 1442 0adc 0F7C     		.short	31759
 1443 0ade 0F7C     		.short	31759
 1444 0ae0 0F7C     		.short	31759
 1445 0ae2 0F7C     		.short	31759
 1446 0ae4 1E3C     		.short	15390
 1447 0ae6 1E3C     		.short	15390
 1448 0ae8 3E3E     		.short	15934
 1449 0aea FC1F     		.short	8188
 1450 0aec F007     		.short	2032
 1451 0aee 0000     		.short	0
 1452 0af0 0000     		.short	0
 1453 0af2 0000     		.short	0
 1454 0af4 0000     		.short	0
 1455 0af6 0000     		.short	0
 1456 0af8 0000     		.short	0
 1457 0afa 0000     		.short	0
 1458 0afc 0000     		.short	0
 1459 0afe 07F0     		.short	-4089
 1460 0b00 07F0     		.short	-4089
 1461 0b02 07F8     		.short	-2041
 1462 0b04 0F78     		.short	30735
 1463 0b06 0F7C     		.short	31759
 1464 0b08 1E3C     		.short	15390
 1465 0b0a 1E3C     		.short	15390
 1466 0b0c 1E3E     		.short	15902
 1467 0b0e 3C1E     		.short	7740
 1468 0b10 3C1F     		.short	7996
 1469 0b12 781F     		.short	8056
 1470 0b14 780F     		.short	3960
 1471 0b16 F80F     		.short	4088
 1472 0b18 F007     		.short	2032
 1473 0b1a F007     		.short	2032
 1474 0b1c F007     		.short	2032
 1475 0b1e E003     		.short	992
 1476 0b20 E003     		.short	992
 1477 0b22 0000     		.short	0
 1478 0b24 0000     		.short	0
 1479 0b26 0000     		.short	0
 1480 0b28 0000     		.short	0
 1481 0b2a 0000     		.short	0
 1482 0b2c 0000     		.short	0
 1483 0b2e 0000     		.short	0
 1484 0b30 0000     		.short	0
 1485 0b32 03E0     		.short	-8189
 1486 0b34 03F0     		.short	-4093
 1487 0b36 03F0     		.short	-4093
 1488 0b38 07F0     		.short	-4089
 1489 0b3a E7F3     		.short	-3097
 1490 0b3c E7F3     		.short	-3097
ARM GAS  C:\Users\joabk\AppData\Local\Temp\cc0IL2Rz.s 			page 27


 1491 0b3e E7F3     		.short	-3097
 1492 0b40 E773     		.short	29671
 1493 0b42 F77B     		.short	31735
 1494 0b44 F77F     		.short	32759
 1495 0b46 FF7F     		.short	32767
 1496 0b48 7F7F     		.short	32639
 1497 0b4a 7F7F     		.short	32639
 1498 0b4c 7E7F     		.short	32638
 1499 0b4e 7E3F     		.short	16254
 1500 0b50 3E3E     		.short	15934
 1501 0b52 3E3E     		.short	15934
 1502 0b54 3E3E     		.short	15934
 1503 0b56 0000     		.short	0
 1504 0b58 0000     		.short	0
 1505 0b5a 0000     		.short	0
 1506 0b5c 0000     		.short	0
 1507 0b5e 0000     		.short	0
 1508 0b60 0000     		.short	0
 1509 0b62 0000     		.short	0
 1510 0b64 0000     		.short	0
 1511 0b66 07F8     		.short	-2041
 1512 0b68 0F7C     		.short	31759
 1513 0b6a 1E3E     		.short	15902
 1514 0b6c 3E3E     		.short	15934
 1515 0b6e 3C1F     		.short	7996
 1516 0b70 F80F     		.short	4088
 1517 0b72 F007     		.short	2032
 1518 0b74 E007     		.short	2016
 1519 0b76 E003     		.short	992
 1520 0b78 E003     		.short	992
 1521 0b7a F007     		.short	2032
 1522 0b7c F80F     		.short	4088
 1523 0b7e 7C0F     		.short	3964
 1524 0b80 7C1E     		.short	7804
 1525 0b82 3E3C     		.short	15422
 1526 0b84 1F78     		.short	30751
 1527 0b86 0F78     		.short	30735
 1528 0b88 0FF0     		.short	-4081
 1529 0b8a 0000     		.short	0
 1530 0b8c 0000     		.short	0
 1531 0b8e 0000     		.short	0
 1532 0b90 0000     		.short	0
 1533 0b92 0000     		.short	0
 1534 0b94 0000     		.short	0
 1535 0b96 0000     		.short	0
 1536 0b98 0000     		.short	0
 1537 0b9a 07F8     		.short	-2041
 1538 0b9c 0778     		.short	30727
 1539 0b9e 0F7C     		.short	31759
 1540 0ba0 1E3C     		.short	15390
 1541 0ba2 1E3E     		.short	15902
 1542 0ba4 3C1F     		.short	7996
 1543 0ba6 780F     		.short	3960
 1544 0ba8 F80F     		.short	4088
 1545 0baa F007     		.short	2032
 1546 0bac E003     		.short	992
 1547 0bae E003     		.short	992
ARM GAS  C:\Users\joabk\AppData\Local\Temp\cc0IL2Rz.s 			page 28


 1548 0bb0 E003     		.short	992
 1549 0bb2 E003     		.short	992
 1550 0bb4 E003     		.short	992
 1551 0bb6 E003     		.short	992
 1552 0bb8 E003     		.short	992
 1553 0bba E003     		.short	992
 1554 0bbc E003     		.short	992
 1555 0bbe 0000     		.short	0
 1556 0bc0 0000     		.short	0
 1557 0bc2 0000     		.short	0
 1558 0bc4 0000     		.short	0
 1559 0bc6 0000     		.short	0
 1560 0bc8 0000     		.short	0
 1561 0bca 0000     		.short	0
 1562 0bcc 0000     		.short	0
 1563 0bce FF7F     		.short	32767
 1564 0bd0 FF7F     		.short	32767
 1565 0bd2 0F00     		.short	15
 1566 0bd4 1F00     		.short	31
 1567 0bd6 3E00     		.short	62
 1568 0bd8 7C00     		.short	124
 1569 0bda F800     		.short	248
 1570 0bdc F000     		.short	240
 1571 0bde E001     		.short	480
 1572 0be0 E003     		.short	992
 1573 0be2 C007     		.short	1984
 1574 0be4 800F     		.short	3968
 1575 0be6 000F     		.short	3840
 1576 0be8 001E     		.short	7680
 1577 0bea 003E     		.short	15872
 1578 0bec 007C     		.short	31744
 1579 0bee FF7F     		.short	32767
 1580 0bf0 FF7F     		.short	32767
 1581 0bf2 0000     		.short	0
 1582 0bf4 0000     		.short	0
 1583 0bf6 0000     		.short	0
 1584 0bf8 0000     		.short	0
 1585 0bfa 0000     		.short	0
 1586 0bfc FF07     		.short	2047
 1587 0bfe 8007     		.short	1920
 1588 0c00 8007     		.short	1920
 1589 0c02 8007     		.short	1920
 1590 0c04 8007     		.short	1920
 1591 0c06 8007     		.short	1920
 1592 0c08 8007     		.short	1920
 1593 0c0a 8007     		.short	1920
 1594 0c0c 8007     		.short	1920
 1595 0c0e 8007     		.short	1920
 1596 0c10 8007     		.short	1920
 1597 0c12 8007     		.short	1920
 1598 0c14 8007     		.short	1920
 1599 0c16 8007     		.short	1920
 1600 0c18 8007     		.short	1920
 1601 0c1a 8007     		.short	1920
 1602 0c1c 8007     		.short	1920
 1603 0c1e 8007     		.short	1920
 1604 0c20 8007     		.short	1920
ARM GAS  C:\Users\joabk\AppData\Local\Temp\cc0IL2Rz.s 			page 29


 1605 0c22 8007     		.short	1920
 1606 0c24 8007     		.short	1920
 1607 0c26 8007     		.short	1920
 1608 0c28 8007     		.short	1920
 1609 0c2a FF07     		.short	2047
 1610 0c2c FF07     		.short	2047
 1611 0c2e 0000     		.short	0
 1612 0c30 0078     		.short	30720
 1613 0c32 0078     		.short	30720
 1614 0c34 003C     		.short	15360
 1615 0c36 003C     		.short	15360
 1616 0c38 001E     		.short	7680
 1617 0c3a 001E     		.short	7680
 1618 0c3c 000F     		.short	3840
 1619 0c3e 000F     		.short	3840
 1620 0c40 8007     		.short	1920
 1621 0c42 8007     		.short	1920
 1622 0c44 C003     		.short	960
 1623 0c46 C003     		.short	960
 1624 0c48 E001     		.short	480
 1625 0c4a E001     		.short	480
 1626 0c4c F000     		.short	240
 1627 0c4e F000     		.short	240
 1628 0c50 7800     		.short	120
 1629 0c52 7800     		.short	120
 1630 0c54 3C00     		.short	60
 1631 0c56 3C00     		.short	60
 1632 0c58 1E00     		.short	30
 1633 0c5a 1E00     		.short	30
 1634 0c5c 0F00     		.short	15
 1635 0c5e 0F00     		.short	15
 1636 0c60 0700     		.short	7
 1637 0c62 0000     		.short	0
 1638 0c64 F07F     		.short	32752
 1639 0c66 F000     		.short	240
 1640 0c68 F000     		.short	240
 1641 0c6a F000     		.short	240
 1642 0c6c F000     		.short	240
 1643 0c6e F000     		.short	240
 1644 0c70 F000     		.short	240
 1645 0c72 F000     		.short	240
 1646 0c74 F000     		.short	240
 1647 0c76 F000     		.short	240
 1648 0c78 F000     		.short	240
 1649 0c7a F000     		.short	240
 1650 0c7c F000     		.short	240
 1651 0c7e F000     		.short	240
 1652 0c80 F000     		.short	240
 1653 0c82 F000     		.short	240
 1654 0c84 F000     		.short	240
 1655 0c86 F000     		.short	240
 1656 0c88 F000     		.short	240
 1657 0c8a F000     		.short	240
 1658 0c8c F000     		.short	240
 1659 0c8e F000     		.short	240
 1660 0c90 F000     		.short	240
 1661 0c92 F07F     		.short	32752
ARM GAS  C:\Users\joabk\AppData\Local\Temp\cc0IL2Rz.s 			page 30


 1662 0c94 F07F     		.short	32752
 1663 0c96 0000     		.short	0
 1664 0c98 C000     		.short	192
 1665 0c9a C001     		.short	448
 1666 0c9c C001     		.short	448
 1667 0c9e E003     		.short	992
 1668 0ca0 E003     		.short	992
 1669 0ca2 F007     		.short	2032
 1670 0ca4 F007     		.short	2032
 1671 0ca6 7807     		.short	1912
 1672 0ca8 780F     		.short	3960
 1673 0caa 380F     		.short	3896
 1674 0cac 3C1E     		.short	7740
 1675 0cae 3C1E     		.short	7740
 1676 0cb0 1E3C     		.short	15390
 1677 0cb2 1E3C     		.short	15390
 1678 0cb4 0F38     		.short	14351
 1679 0cb6 0F78     		.short	30735
 1680 0cb8 0778     		.short	30727
 1681 0cba 0000     		.short	0
 1682 0cbc 0000     		.short	0
 1683 0cbe 0000     		.short	0
 1684 0cc0 0000     		.short	0
 1685 0cc2 0000     		.short	0
 1686 0cc4 0000     		.short	0
 1687 0cc6 0000     		.short	0
 1688 0cc8 0000     		.short	0
 1689 0cca 0000     		.short	0
 1690 0ccc 0000     		.short	0
 1691 0cce 0000     		.short	0
 1692 0cd0 0000     		.short	0
 1693 0cd2 0000     		.short	0
 1694 0cd4 0000     		.short	0
 1695 0cd6 0000     		.short	0
 1696 0cd8 0000     		.short	0
 1697 0cda 0000     		.short	0
 1698 0cdc 0000     		.short	0
 1699 0cde 0000     		.short	0
 1700 0ce0 0000     		.short	0
 1701 0ce2 0000     		.short	0
 1702 0ce4 0000     		.short	0
 1703 0ce6 0000     		.short	0
 1704 0ce8 0000     		.short	0
 1705 0cea 0000     		.short	0
 1706 0cec 0000     		.short	0
 1707 0cee 0000     		.short	0
 1708 0cf0 0000     		.short	0
 1709 0cf2 0000     		.short	0
 1710 0cf4 0000     		.short	0
 1711 0cf6 FFFF     		.short	-1
 1712 0cf8 FFFF     		.short	-1
 1713 0cfa 0000     		.short	0
 1714 0cfc 0000     		.short	0
 1715 0cfe 0000     		.short	0
 1716 0d00 F000     		.short	240
 1717 0d02 0000     		.short	0
 1718 0d04 0000     		.short	0
ARM GAS  C:\Users\joabk\AppData\Local\Temp\cc0IL2Rz.s 			page 31


 1719 0d06 0000     		.short	0
 1720 0d08 0000     		.short	0
 1721 0d0a 0000     		.short	0
 1722 0d0c 0000     		.short	0
 1723 0d0e 0000     		.short	0
 1724 0d10 0000     		.short	0
 1725 0d12 0000     		.short	0
 1726 0d14 0000     		.short	0
 1727 0d16 0000     		.short	0
 1728 0d18 0000     		.short	0
 1729 0d1a 0000     		.short	0
 1730 0d1c 0000     		.short	0
 1731 0d1e 0000     		.short	0
 1732 0d20 0000     		.short	0
 1733 0d22 0000     		.short	0
 1734 0d24 0000     		.short	0
 1735 0d26 0000     		.short	0
 1736 0d28 0000     		.short	0
 1737 0d2a 0000     		.short	0
 1738 0d2c 0000     		.short	0
 1739 0d2e 0000     		.short	0
 1740 0d30 0000     		.short	0
 1741 0d32 0000     		.short	0
 1742 0d34 0000     		.short	0
 1743 0d36 0000     		.short	0
 1744 0d38 0000     		.short	0
 1745 0d3a 0000     		.short	0
 1746 0d3c 0000     		.short	0
 1747 0d3e 0000     		.short	0
 1748 0d40 F80F     		.short	4088
 1749 0d42 FC3F     		.short	16380
 1750 0d44 7C3C     		.short	15484
 1751 0d46 3E00     		.short	62
 1752 0d48 3E00     		.short	62
 1753 0d4a 3E00     		.short	62
 1754 0d4c FE07     		.short	2046
 1755 0d4e FE1F     		.short	8190
 1756 0d50 3E3E     		.short	15934
 1757 0d52 3E7C     		.short	31806
 1758 0d54 3E78     		.short	30782
 1759 0d56 3E7C     		.short	31806
 1760 0d58 7E7C     		.short	31870
 1761 0d5a FF3F     		.short	16383
 1762 0d5c CF1F     		.short	8143
 1763 0d5e 0000     		.short	0
 1764 0d60 0000     		.short	0
 1765 0d62 0000     		.short	0
 1766 0d64 0000     		.short	0
 1767 0d66 0000     		.short	0
 1768 0d68 003C     		.short	15360
 1769 0d6a 003C     		.short	15360
 1770 0d6c 003C     		.short	15360
 1771 0d6e 003C     		.short	15360
 1772 0d70 003C     		.short	15360
 1773 0d72 003C     		.short	15360
 1774 0d74 F83D     		.short	15864
 1775 0d76 FE3F     		.short	16382
ARM GAS  C:\Users\joabk\AppData\Local\Temp\cc0IL2Rz.s 			page 32


 1776 0d78 3E3F     		.short	16190
 1777 0d7a 1F3E     		.short	15903
 1778 0d7c 0F3C     		.short	15375
 1779 0d7e 0F3C     		.short	15375
 1780 0d80 0F3C     		.short	15375
 1781 0d82 0F3C     		.short	15375
 1782 0d84 0F3C     		.short	15375
 1783 0d86 0F3C     		.short	15375
 1784 0d88 1F3C     		.short	15391
 1785 0d8a 1E3C     		.short	15390
 1786 0d8c 3E3F     		.short	16190
 1787 0d8e FC3F     		.short	16380
 1788 0d90 F03B     		.short	15344
 1789 0d92 0000     		.short	0
 1790 0d94 0000     		.short	0
 1791 0d96 0000     		.short	0
 1792 0d98 0000     		.short	0
 1793 0d9a 0000     		.short	0
 1794 0d9c 0000     		.short	0
 1795 0d9e 0000     		.short	0
 1796 0da0 0000     		.short	0
 1797 0da2 0000     		.short	0
 1798 0da4 0000     		.short	0
 1799 0da6 0000     		.short	0
 1800 0da8 FE03     		.short	1022
 1801 0daa FF0F     		.short	4095
 1802 0dac 871F     		.short	8071
 1803 0dae 003E     		.short	15872
 1804 0db0 003E     		.short	15872
 1805 0db2 003C     		.short	15360
 1806 0db4 007C     		.short	31744
 1807 0db6 007C     		.short	31744
 1808 0db8 007C     		.short	31744
 1809 0dba 003C     		.short	15360
 1810 0dbc 003E     		.short	15872
 1811 0dbe 003E     		.short	15872
 1812 0dc0 871F     		.short	8071
 1813 0dc2 FF0F     		.short	4095
 1814 0dc4 FE03     		.short	1022
 1815 0dc6 0000     		.short	0
 1816 0dc8 0000     		.short	0
 1817 0dca 0000     		.short	0
 1818 0dcc 0000     		.short	0
 1819 0dce 0000     		.short	0
 1820 0dd0 1F00     		.short	31
 1821 0dd2 1F00     		.short	31
 1822 0dd4 1F00     		.short	31
 1823 0dd6 1F00     		.short	31
 1824 0dd8 1F00     		.short	31
 1825 0dda 1F00     		.short	31
 1826 0ddc FF07     		.short	2047
 1827 0dde FF1F     		.short	8191
 1828 0de0 3F3E     		.short	15935
 1829 0de2 1F3C     		.short	15391
 1830 0de4 1F7C     		.short	31775
 1831 0de6 1F7C     		.short	31775
 1832 0de8 1F7C     		.short	31775
ARM GAS  C:\Users\joabk\AppData\Local\Temp\cc0IL2Rz.s 			page 33


 1833 0dea 1F78     		.short	30751
 1834 0dec 1F78     		.short	30751
 1835 0dee 1F7C     		.short	31775
 1836 0df0 1F7C     		.short	31775
 1837 0df2 3F3C     		.short	15423
 1838 0df4 7F3E     		.short	15999
 1839 0df6 FF1F     		.short	8191
 1840 0df8 DF0F     		.short	4063
 1841 0dfa 0000     		.short	0
 1842 0dfc 0000     		.short	0
 1843 0dfe 0000     		.short	0
 1844 0e00 0000     		.short	0
 1845 0e02 0000     		.short	0
 1846 0e04 0000     		.short	0
 1847 0e06 0000     		.short	0
 1848 0e08 0000     		.short	0
 1849 0e0a 0000     		.short	0
 1850 0e0c 0000     		.short	0
 1851 0e0e 0000     		.short	0
 1852 0e10 F803     		.short	1016
 1853 0e12 FC0F     		.short	4092
 1854 0e14 3E1F     		.short	7998
 1855 0e16 1E3E     		.short	15902
 1856 0e18 1F3C     		.short	15391
 1857 0e1a 1F7C     		.short	31775
 1858 0e1c FF7F     		.short	32767
 1859 0e1e FF7F     		.short	32767
 1860 0e20 007C     		.short	31744
 1861 0e22 007C     		.short	31744
 1862 0e24 003C     		.short	15360
 1863 0e26 003E     		.short	15872
 1864 0e28 071F     		.short	7943
 1865 0e2a FF0F     		.short	4095
 1866 0e2c FE03     		.short	1022
 1867 0e2e 0000     		.short	0
 1868 0e30 0000     		.short	0
 1869 0e32 0000     		.short	0
 1870 0e34 0000     		.short	0
 1871 0e36 0000     		.short	0
 1872 0e38 FF01     		.short	511
 1873 0e3a E103     		.short	993
 1874 0e3c C003     		.short	960
 1875 0e3e C007     		.short	1984
 1876 0e40 C007     		.short	1984
 1877 0e42 C007     		.short	1984
 1878 0e44 FF7F     		.short	32767
 1879 0e46 FF7F     		.short	32767
 1880 0e48 C007     		.short	1984
 1881 0e4a C007     		.short	1984
 1882 0e4c C007     		.short	1984
 1883 0e4e C007     		.short	1984
 1884 0e50 C007     		.short	1984
 1885 0e52 C007     		.short	1984
 1886 0e54 C007     		.short	1984
 1887 0e56 C007     		.short	1984
 1888 0e58 C007     		.short	1984
 1889 0e5a C007     		.short	1984
ARM GAS  C:\Users\joabk\AppData\Local\Temp\cc0IL2Rz.s 			page 34


 1890 0e5c C007     		.short	1984
 1891 0e5e C007     		.short	1984
 1892 0e60 C007     		.short	1984
 1893 0e62 0000     		.short	0
 1894 0e64 0000     		.short	0
 1895 0e66 0000     		.short	0
 1896 0e68 0000     		.short	0
 1897 0e6a 0000     		.short	0
 1898 0e6c 0000     		.short	0
 1899 0e6e 0000     		.short	0
 1900 0e70 0000     		.short	0
 1901 0e72 0000     		.short	0
 1902 0e74 0000     		.short	0
 1903 0e76 0000     		.short	0
 1904 0e78 EF07     		.short	2031
 1905 0e7a FF1F     		.short	8191
 1906 0e7c 7F3E     		.short	15999
 1907 0e7e 1F3C     		.short	15391
 1908 0e80 1F7C     		.short	31775
 1909 0e82 1F7C     		.short	31775
 1910 0e84 1F78     		.short	30751
 1911 0e86 1F78     		.short	30751
 1912 0e88 1F78     		.short	30751
 1913 0e8a 1F7C     		.short	31775
 1914 0e8c 1F7C     		.short	31775
 1915 0e8e 3F3C     		.short	15423
 1916 0e90 7F3E     		.short	15999
 1917 0e92 FF1F     		.short	8191
 1918 0e94 DF0F     		.short	4063
 1919 0e96 1E00     		.short	30
 1920 0e98 1E00     		.short	30
 1921 0e9a 1E00     		.short	30
 1922 0e9c 7C38     		.short	14460
 1923 0e9e F83F     		.short	16376
 1924 0ea0 003C     		.short	15360
 1925 0ea2 003C     		.short	15360
 1926 0ea4 003C     		.short	15360
 1927 0ea6 003C     		.short	15360
 1928 0ea8 003C     		.short	15360
 1929 0eaa 003C     		.short	15360
 1930 0eac FC3D     		.short	15868
 1931 0eae FE3F     		.short	16382
 1932 0eb0 9E3F     		.short	16286
 1933 0eb2 1F3F     		.short	16159
 1934 0eb4 1F3E     		.short	15903
 1935 0eb6 1F3C     		.short	15391
 1936 0eb8 1F3C     		.short	15391
 1937 0eba 1F3C     		.short	15391
 1938 0ebc 1F3C     		.short	15391
 1939 0ebe 1F3C     		.short	15391
 1940 0ec0 1F3C     		.short	15391
 1941 0ec2 1F3C     		.short	15391
 1942 0ec4 1F3C     		.short	15391
 1943 0ec6 1F3C     		.short	15391
 1944 0ec8 1F3C     		.short	15391
 1945 0eca 0000     		.short	0
 1946 0ecc 0000     		.short	0
ARM GAS  C:\Users\joabk\AppData\Local\Temp\cc0IL2Rz.s 			page 35


 1947 0ece 0000     		.short	0
 1948 0ed0 0000     		.short	0
 1949 0ed2 0000     		.short	0
 1950 0ed4 F001     		.short	496
 1951 0ed6 F001     		.short	496
 1952 0ed8 0000     		.short	0
 1953 0eda 0000     		.short	0
 1954 0edc 0000     		.short	0
 1955 0ede 0000     		.short	0
 1956 0ee0 E07F     		.short	32736
 1957 0ee2 E07F     		.short	32736
 1958 0ee4 E001     		.short	480
 1959 0ee6 E001     		.short	480
 1960 0ee8 E001     		.short	480
 1961 0eea E001     		.short	480
 1962 0eec E001     		.short	480
 1963 0eee E001     		.short	480
 1964 0ef0 E001     		.short	480
 1965 0ef2 E001     		.short	480
 1966 0ef4 E001     		.short	480
 1967 0ef6 E001     		.short	480
 1968 0ef8 E001     		.short	480
 1969 0efa E001     		.short	480
 1970 0efc E001     		.short	480
 1971 0efe 0000     		.short	0
 1972 0f00 0000     		.short	0
 1973 0f02 0000     		.short	0
 1974 0f04 0000     		.short	0
 1975 0f06 0000     		.short	0
 1976 0f08 F800     		.short	248
 1977 0f0a F800     		.short	248
 1978 0f0c 0000     		.short	0
 1979 0f0e 0000     		.short	0
 1980 0f10 0000     		.short	0
 1981 0f12 0000     		.short	0
 1982 0f14 F83F     		.short	16376
 1983 0f16 F83F     		.short	16376
 1984 0f18 F800     		.short	248
 1985 0f1a F800     		.short	248
 1986 0f1c F800     		.short	248
 1987 0f1e F800     		.short	248
 1988 0f20 F800     		.short	248
 1989 0f22 F800     		.short	248
 1990 0f24 F800     		.short	248
 1991 0f26 F800     		.short	248
 1992 0f28 F800     		.short	248
 1993 0f2a F800     		.short	248
 1994 0f2c F800     		.short	248
 1995 0f2e F800     		.short	248
 1996 0f30 F800     		.short	248
 1997 0f32 F800     		.short	248
 1998 0f34 F800     		.short	248
 1999 0f36 F000     		.short	240
 2000 0f38 F071     		.short	29168
 2001 0f3a E07F     		.short	32736
 2002 0f3c 003C     		.short	15360
 2003 0f3e 003C     		.short	15360
ARM GAS  C:\Users\joabk\AppData\Local\Temp\cc0IL2Rz.s 			page 36


 2004 0f40 003C     		.short	15360
 2005 0f42 003C     		.short	15360
 2006 0f44 003C     		.short	15360
 2007 0f46 003C     		.short	15360
 2008 0f48 1F3C     		.short	15391
 2009 0f4a 3E3C     		.short	15422
 2010 0f4c 7C3C     		.short	15484
 2011 0f4e F83C     		.short	15608
 2012 0f50 F03D     		.short	15856
 2013 0f52 E03D     		.short	15840
 2014 0f54 C03F     		.short	16320
 2015 0f56 C03F     		.short	16320
 2016 0f58 E03F     		.short	16352
 2017 0f5a F03D     		.short	15856
 2018 0f5c F83C     		.short	15608
 2019 0f5e 7C3C     		.short	15484
 2020 0f60 3E3C     		.short	15422
 2021 0f62 1F3C     		.short	15391
 2022 0f64 1F3C     		.short	15391
 2023 0f66 0000     		.short	0
 2024 0f68 0000     		.short	0
 2025 0f6a 0000     		.short	0
 2026 0f6c 0000     		.short	0
 2027 0f6e 0000     		.short	0
 2028 0f70 F07F     		.short	32752
 2029 0f72 F001     		.short	496
 2030 0f74 F001     		.short	496
 2031 0f76 F001     		.short	496
 2032 0f78 F001     		.short	496
 2033 0f7a F001     		.short	496
 2034 0f7c F001     		.short	496
 2035 0f7e F001     		.short	496
 2036 0f80 F001     		.short	496
 2037 0f82 F001     		.short	496
 2038 0f84 F001     		.short	496
 2039 0f86 F001     		.short	496
 2040 0f88 F001     		.short	496
 2041 0f8a F001     		.short	496
 2042 0f8c F001     		.short	496
 2043 0f8e F001     		.short	496
 2044 0f90 F001     		.short	496
 2045 0f92 F001     		.short	496
 2046 0f94 F001     		.short	496
 2047 0f96 F001     		.short	496
 2048 0f98 F001     		.short	496
 2049 0f9a 0000     		.short	0
 2050 0f9c 0000     		.short	0
 2051 0f9e 0000     		.short	0
 2052 0fa0 0000     		.short	0
 2053 0fa2 0000     		.short	0
 2054 0fa4 0000     		.short	0
 2055 0fa6 0000     		.short	0
 2056 0fa8 0000     		.short	0
 2057 0faa 0000     		.short	0
 2058 0fac 0000     		.short	0
 2059 0fae 0000     		.short	0
 2060 0fb0 9EF7     		.short	-2146
ARM GAS  C:\Users\joabk\AppData\Local\Temp\cc0IL2Rz.s 			page 37


 2061 0fb2 FFFF     		.short	-1
 2062 0fb4 FFFF     		.short	-1
 2063 0fb6 FFFF     		.short	-1
 2064 0fb8 E7FB     		.short	-1049
 2065 0fba E7F9     		.short	-1561
 2066 0fbc C7F1     		.short	-3641
 2067 0fbe C7F1     		.short	-3641
 2068 0fc0 C7F1     		.short	-3641
 2069 0fc2 C7F1     		.short	-3641
 2070 0fc4 C7F1     		.short	-3641
 2071 0fc6 C7F1     		.short	-3641
 2072 0fc8 C7F1     		.short	-3641
 2073 0fca C7F1     		.short	-3641
 2074 0fcc C7F1     		.short	-3641
 2075 0fce 0000     		.short	0
 2076 0fd0 0000     		.short	0
 2077 0fd2 0000     		.short	0
 2078 0fd4 0000     		.short	0
 2079 0fd6 0000     		.short	0
 2080 0fd8 0000     		.short	0
 2081 0fda 0000     		.short	0
 2082 0fdc 0000     		.short	0
 2083 0fde 0000     		.short	0
 2084 0fe0 0000     		.short	0
 2085 0fe2 0000     		.short	0
 2086 0fe4 FC3D     		.short	15868
 2087 0fe6 FE3F     		.short	16382
 2088 0fe8 9E3F     		.short	16286
 2089 0fea 1F3F     		.short	16159
 2090 0fec 1F3E     		.short	15903
 2091 0fee 1F3C     		.short	15391
 2092 0ff0 1F3C     		.short	15391
 2093 0ff2 1F3C     		.short	15391
 2094 0ff4 1F3C     		.short	15391
 2095 0ff6 1F3C     		.short	15391
 2096 0ff8 1F3C     		.short	15391
 2097 0ffa 1F3C     		.short	15391
 2098 0ffc 1F3C     		.short	15391
 2099 0ffe 1F3C     		.short	15391
 2100 1000 1F3C     		.short	15391
 2101 1002 0000     		.short	0
 2102 1004 0000     		.short	0
 2103 1006 0000     		.short	0
 2104 1008 0000     		.short	0
 2105 100a 0000     		.short	0
 2106 100c 0000     		.short	0
 2107 100e 0000     		.short	0
 2108 1010 0000     		.short	0
 2109 1012 0000     		.short	0
 2110 1014 0000     		.short	0
 2111 1016 0000     		.short	0
 2112 1018 F007     		.short	2032
 2113 101a FC1F     		.short	8188
 2114 101c 3E3E     		.short	15934
 2115 101e 1F3C     		.short	15391
 2116 1020 1F7C     		.short	31775
 2117 1022 0F78     		.short	30735
ARM GAS  C:\Users\joabk\AppData\Local\Temp\cc0IL2Rz.s 			page 38


 2118 1024 0F78     		.short	30735
 2119 1026 0F78     		.short	30735
 2120 1028 0F78     		.short	30735
 2121 102a 0F78     		.short	30735
 2122 102c 1F7C     		.short	31775
 2123 102e 1F3C     		.short	15391
 2124 1030 3E3E     		.short	15934
 2125 1032 FC1F     		.short	8188
 2126 1034 F007     		.short	2032
 2127 1036 0000     		.short	0
 2128 1038 0000     		.short	0
 2129 103a 0000     		.short	0
 2130 103c 0000     		.short	0
 2131 103e 0000     		.short	0
 2132 1040 0000     		.short	0
 2133 1042 0000     		.short	0
 2134 1044 0000     		.short	0
 2135 1046 0000     		.short	0
 2136 1048 0000     		.short	0
 2137 104a 0000     		.short	0
 2138 104c F83D     		.short	15864
 2139 104e FE3F     		.short	16382
 2140 1050 3E3F     		.short	16190
 2141 1052 1F3E     		.short	15903
 2142 1054 0F3C     		.short	15375
 2143 1056 0F3C     		.short	15375
 2144 1058 0F3C     		.short	15375
 2145 105a 0F3C     		.short	15375
 2146 105c 0F3C     		.short	15375
 2147 105e 0F3C     		.short	15375
 2148 1060 1F3C     		.short	15391
 2149 1062 1E3E     		.short	15902
 2150 1064 3E3F     		.short	16190
 2151 1066 FC3F     		.short	16380
 2152 1068 F83F     		.short	16376
 2153 106a 003C     		.short	15360
 2154 106c 003C     		.short	15360
 2155 106e 003C     		.short	15360
 2156 1070 003C     		.short	15360
 2157 1072 003C     		.short	15360
 2158 1074 0000     		.short	0
 2159 1076 0000     		.short	0
 2160 1078 0000     		.short	0
 2161 107a 0000     		.short	0
 2162 107c 0000     		.short	0
 2163 107e 0000     		.short	0
 2164 1080 EE07     		.short	2030
 2165 1082 FE1F     		.short	8190
 2166 1084 7E3E     		.short	15998
 2167 1086 1E3C     		.short	15390
 2168 1088 1E7C     		.short	31774
 2169 108a 1E78     		.short	30750
 2170 108c 1E78     		.short	30750
 2171 108e 1E78     		.short	30750
 2172 1090 1E78     		.short	30750
 2173 1092 1E78     		.short	30750
 2174 1094 1E7C     		.short	31774
ARM GAS  C:\Users\joabk\AppData\Local\Temp\cc0IL2Rz.s 			page 39


 2175 1096 3E7C     		.short	31806
 2176 1098 7E3E     		.short	15998
 2177 109a FE1F     		.short	8190
 2178 109c DE0F     		.short	4062
 2179 109e 1E00     		.short	30
 2180 10a0 1E00     		.short	30
 2181 10a2 1E00     		.short	30
 2182 10a4 1E00     		.short	30
 2183 10a6 1E00     		.short	30
 2184 10a8 0000     		.short	0
 2185 10aa 0000     		.short	0
 2186 10ac 0000     		.short	0
 2187 10ae 0000     		.short	0
 2188 10b0 0000     		.short	0
 2189 10b2 0000     		.short	0
 2190 10b4 7F1F     		.short	8063
 2191 10b6 FF1F     		.short	8191
 2192 10b8 E71F     		.short	8167
 2193 10ba C71F     		.short	8135
 2194 10bc 871F     		.short	8071
 2195 10be 001F     		.short	7936
 2196 10c0 001F     		.short	7936
 2197 10c2 001F     		.short	7936
 2198 10c4 001F     		.short	7936
 2199 10c6 001F     		.short	7936
 2200 10c8 001F     		.short	7936
 2201 10ca 001F     		.short	7936
 2202 10cc 001F     		.short	7936
 2203 10ce 001F     		.short	7936
 2204 10d0 001F     		.short	7936
 2205 10d2 0000     		.short	0
 2206 10d4 0000     		.short	0
 2207 10d6 0000     		.short	0
 2208 10d8 0000     		.short	0
 2209 10da 0000     		.short	0
 2210 10dc 0000     		.short	0
 2211 10de 0000     		.short	0
 2212 10e0 0000     		.short	0
 2213 10e2 0000     		.short	0
 2214 10e4 0000     		.short	0
 2215 10e6 0000     		.short	0
 2216 10e8 FC07     		.short	2044
 2217 10ea FE1F     		.short	8190
 2218 10ec 0E1E     		.short	7694
 2219 10ee 003E     		.short	15872
 2220 10f0 003E     		.short	15872
 2221 10f2 003F     		.short	16128
 2222 10f4 E01F     		.short	8160
 2223 10f6 FC07     		.short	2044
 2224 10f8 FE00     		.short	254
 2225 10fa 3E00     		.short	62
 2226 10fc 1E00     		.short	30
 2227 10fe 1E00     		.short	30
 2228 1100 3E3C     		.short	15422
 2229 1102 FC3F     		.short	16380
 2230 1104 F01F     		.short	8176
 2231 1106 0000     		.short	0
ARM GAS  C:\Users\joabk\AppData\Local\Temp\cc0IL2Rz.s 			page 40


 2232 1108 0000     		.short	0
 2233 110a 0000     		.short	0
 2234 110c 0000     		.short	0
 2235 110e 0000     		.short	0
 2236 1110 0000     		.short	0
 2237 1112 0000     		.short	0
 2238 1114 0000     		.short	0
 2239 1116 8007     		.short	1920
 2240 1118 8007     		.short	1920
 2241 111a 8007     		.short	1920
 2242 111c FF7F     		.short	32767
 2243 111e FF7F     		.short	32767
 2244 1120 8007     		.short	1920
 2245 1122 8007     		.short	1920
 2246 1124 8007     		.short	1920
 2247 1126 8007     		.short	1920
 2248 1128 8007     		.short	1920
 2249 112a 8007     		.short	1920
 2250 112c 8007     		.short	1920
 2251 112e 8007     		.short	1920
 2252 1130 8007     		.short	1920
 2253 1132 8007     		.short	1920
 2254 1134 C007     		.short	1984
 2255 1136 FF03     		.short	1023
 2256 1138 FF01     		.short	511
 2257 113a 0000     		.short	0
 2258 113c 0000     		.short	0
 2259 113e 0000     		.short	0
 2260 1140 0000     		.short	0
 2261 1142 0000     		.short	0
 2262 1144 0000     		.short	0
 2263 1146 0000     		.short	0
 2264 1148 0000     		.short	0
 2265 114a 0000     		.short	0
 2266 114c 0000     		.short	0
 2267 114e 0000     		.short	0
 2268 1150 1E3C     		.short	15390
 2269 1152 1E3C     		.short	15390
 2270 1154 1E3C     		.short	15390
 2271 1156 1E3C     		.short	15390
 2272 1158 1E3C     		.short	15390
 2273 115a 1E3C     		.short	15390
 2274 115c 1E3C     		.short	15390
 2275 115e 1E3C     		.short	15390
 2276 1160 1E3C     		.short	15390
 2277 1162 1E3C     		.short	15390
 2278 1164 3E3C     		.short	15422
 2279 1166 7E3C     		.short	15486
 2280 1168 FE3E     		.short	16126
 2281 116a FE1F     		.short	8190
 2282 116c DE0F     		.short	4062
 2283 116e 0000     		.short	0
 2284 1170 0000     		.short	0
 2285 1172 0000     		.short	0
 2286 1174 0000     		.short	0
 2287 1176 0000     		.short	0
 2288 1178 0000     		.short	0
ARM GAS  C:\Users\joabk\AppData\Local\Temp\cc0IL2Rz.s 			page 41


 2289 117a 0000     		.short	0
 2290 117c 0000     		.short	0
 2291 117e 0000     		.short	0
 2292 1180 0000     		.short	0
 2293 1182 0000     		.short	0
 2294 1184 07F0     		.short	-4089
 2295 1186 0F78     		.short	30735
 2296 1188 0F78     		.short	30735
 2297 118a 1E3C     		.short	15390
 2298 118c 1E3C     		.short	15390
 2299 118e 1E3E     		.short	15902
 2300 1190 3C1E     		.short	7740
 2301 1192 3C1E     		.short	7740
 2302 1194 780F     		.short	3960
 2303 1196 780F     		.short	3960
 2304 1198 F00F     		.short	4080
 2305 119a F007     		.short	2032
 2306 119c F007     		.short	2032
 2307 119e E003     		.short	992
 2308 11a0 E003     		.short	992
 2309 11a2 0000     		.short	0
 2310 11a4 0000     		.short	0
 2311 11a6 0000     		.short	0
 2312 11a8 0000     		.short	0
 2313 11aa 0000     		.short	0
 2314 11ac 0000     		.short	0
 2315 11ae 0000     		.short	0
 2316 11b0 0000     		.short	0
 2317 11b2 0000     		.short	0
 2318 11b4 0000     		.short	0
 2319 11b6 0000     		.short	0
 2320 11b8 03F0     		.short	-4093
 2321 11ba E3F1     		.short	-3613
 2322 11bc E3F3     		.short	-3101
 2323 11be E7F3     		.short	-3097
 2324 11c0 F7F3     		.short	-3081
 2325 11c2 F7F3     		.short	-3081
 2326 11c4 F77F     		.short	32759
 2327 11c6 777F     		.short	32631
 2328 11c8 7F7F     		.short	32639
 2329 11ca 7F7F     		.short	32639
 2330 11cc 7F7F     		.short	32639
 2331 11ce 3E3E     		.short	15934
 2332 11d0 3E3E     		.short	15934
 2333 11d2 3E3E     		.short	15934
 2334 11d4 3E3E     		.short	15934
 2335 11d6 0000     		.short	0
 2336 11d8 0000     		.short	0
 2337 11da 0000     		.short	0
 2338 11dc 0000     		.short	0
 2339 11de 0000     		.short	0
 2340 11e0 0000     		.short	0
 2341 11e2 0000     		.short	0
 2342 11e4 0000     		.short	0
 2343 11e6 0000     		.short	0
 2344 11e8 0000     		.short	0
 2345 11ea 0000     		.short	0
ARM GAS  C:\Users\joabk\AppData\Local\Temp\cc0IL2Rz.s 			page 42


 2346 11ec 0F7C     		.short	31759
 2347 11ee 1E3E     		.short	15902
 2348 11f0 3C3E     		.short	15932
 2349 11f2 3C1F     		.short	7996
 2350 11f4 F80F     		.short	4088
 2351 11f6 F007     		.short	2032
 2352 11f8 F007     		.short	2032
 2353 11fa E003     		.short	992
 2354 11fc F007     		.short	2032
 2355 11fe F807     		.short	2040
 2356 1200 F80F     		.short	4088
 2357 1202 7C1E     		.short	7804
 2358 1204 3E3E     		.short	15934
 2359 1206 1F3C     		.short	15391
 2360 1208 1F78     		.short	30751
 2361 120a 0000     		.short	0
 2362 120c 0000     		.short	0
 2363 120e 0000     		.short	0
 2364 1210 0000     		.short	0
 2365 1212 0000     		.short	0
 2366 1214 0000     		.short	0
 2367 1216 0000     		.short	0
 2368 1218 0000     		.short	0
 2369 121a 0000     		.short	0
 2370 121c 0000     		.short	0
 2371 121e 0000     		.short	0
 2372 1220 07F8     		.short	-2041
 2373 1222 0F78     		.short	30735
 2374 1224 0F7C     		.short	31759
 2375 1226 1E3C     		.short	15390
 2376 1228 1E3C     		.short	15390
 2377 122a 3C1E     		.short	7740
 2378 122c 3C1E     		.short	7740
 2379 122e 3C1F     		.short	7996
 2380 1230 780F     		.short	3960
 2381 1232 F80F     		.short	4088
 2382 1234 F007     		.short	2032
 2383 1236 F007     		.short	2032
 2384 1238 E003     		.short	992
 2385 123a E003     		.short	992
 2386 123c C003     		.short	960
 2387 123e C003     		.short	960
 2388 1240 C003     		.short	960
 2389 1242 8007     		.short	1920
 2390 1244 800F     		.short	3968
 2391 1246 007F     		.short	32512
 2392 1248 0000     		.short	0
 2393 124a 0000     		.short	0
 2394 124c 0000     		.short	0
 2395 124e 0000     		.short	0
 2396 1250 0000     		.short	0
 2397 1252 0000     		.short	0
 2398 1254 FF3F     		.short	16383
 2399 1256 FF3F     		.short	16383
 2400 1258 1F00     		.short	31
 2401 125a 3E00     		.short	62
 2402 125c 7C00     		.short	124
ARM GAS  C:\Users\joabk\AppData\Local\Temp\cc0IL2Rz.s 			page 43


 2403 125e F800     		.short	248
 2404 1260 F001     		.short	496
 2405 1262 E003     		.short	992
 2406 1264 C007     		.short	1984
 2407 1266 800F     		.short	3968
 2408 1268 001F     		.short	7936
 2409 126a 001E     		.short	7680
 2410 126c 003C     		.short	15360
 2411 126e FF7F     		.short	32767
 2412 1270 FF7F     		.short	32767
 2413 1272 0000     		.short	0
 2414 1274 0000     		.short	0
 2415 1276 0000     		.short	0
 2416 1278 0000     		.short	0
 2417 127a 0000     		.short	0
 2418 127c FE01     		.short	510
 2419 127e E003     		.short	992
 2420 1280 C003     		.short	960
 2421 1282 C003     		.short	960
 2422 1284 C003     		.short	960
 2423 1286 C003     		.short	960
 2424 1288 E001     		.short	480
 2425 128a E001     		.short	480
 2426 128c E001     		.short	480
 2427 128e C001     		.short	448
 2428 1290 C003     		.short	960
 2429 1292 803F     		.short	16256
 2430 1294 803F     		.short	16256
 2431 1296 C003     		.short	960
 2432 1298 C001     		.short	448
 2433 129a E001     		.short	480
 2434 129c E001     		.short	480
 2435 129e E001     		.short	480
 2436 12a0 C003     		.short	960
 2437 12a2 C003     		.short	960
 2438 12a4 C003     		.short	960
 2439 12a6 C003     		.short	960
 2440 12a8 E003     		.short	992
 2441 12aa FE01     		.short	510
 2442 12ac 7E00     		.short	126
 2443 12ae 0000     		.short	0
 2444 12b0 C001     		.short	448
 2445 12b2 C001     		.short	448
 2446 12b4 C001     		.short	448
 2447 12b6 C001     		.short	448
 2448 12b8 C001     		.short	448
 2449 12ba C001     		.short	448
 2450 12bc C001     		.short	448
 2451 12be C001     		.short	448
 2452 12c0 C001     		.short	448
 2453 12c2 C001     		.short	448
 2454 12c4 C001     		.short	448
 2455 12c6 C001     		.short	448
 2456 12c8 C001     		.short	448
 2457 12ca C001     		.short	448
 2458 12cc C001     		.short	448
 2459 12ce C001     		.short	448
ARM GAS  C:\Users\joabk\AppData\Local\Temp\cc0IL2Rz.s 			page 44


 2460 12d0 C001     		.short	448
 2461 12d2 C001     		.short	448
 2462 12d4 C001     		.short	448
 2463 12d6 C001     		.short	448
 2464 12d8 C001     		.short	448
 2465 12da C001     		.short	448
 2466 12dc C001     		.short	448
 2467 12de C001     		.short	448
 2468 12e0 C001     		.short	448
 2469 12e2 0000     		.short	0
 2470 12e4 C03F     		.short	16320
 2471 12e6 E003     		.short	992
 2472 12e8 E001     		.short	480
 2473 12ea E001     		.short	480
 2474 12ec E001     		.short	480
 2475 12ee E001     		.short	480
 2476 12f0 C001     		.short	448
 2477 12f2 C003     		.short	960
 2478 12f4 C003     		.short	960
 2479 12f6 C001     		.short	448
 2480 12f8 E001     		.short	480
 2481 12fa FE00     		.short	254
 2482 12fc FE00     		.short	254
 2483 12fe E001     		.short	480
 2484 1300 C001     		.short	448
 2485 1302 C003     		.short	960
 2486 1304 C003     		.short	960
 2487 1306 C001     		.short	448
 2488 1308 E001     		.short	480
 2489 130a E001     		.short	480
 2490 130c E001     		.short	480
 2491 130e E001     		.short	480
 2492 1310 E003     		.short	992
 2493 1312 C03F     		.short	16320
 2494 1314 003F     		.short	16128
 2495 1316 0000     		.short	0
 2496 1318 0000     		.short	0
 2497 131a 0000     		.short	0
 2498 131c 0000     		.short	0
 2499 131e 0000     		.short	0
 2500 1320 0000     		.short	0
 2501 1322 0000     		.short	0
 2502 1324 0000     		.short	0
 2503 1326 0000     		.short	0
 2504 1328 0000     		.short	0
 2505 132a 0000     		.short	0
 2506 132c 0000     		.short	0
 2507 132e 073F     		.short	16135
 2508 1330 C77F     		.short	32711
 2509 1332 E773     		.short	29671
 2510 1334 FFF1     		.short	-3585
 2511 1336 7EF0     		.short	-3970
 2512 1338 0000     		.short	0
 2513 133a 0000     		.short	0
 2514 133c 0000     		.short	0
 2515 133e 0000     		.short	0
 2516 1340 0000     		.short	0
ARM GAS  C:\Users\joabk\AppData\Local\Temp\cc0IL2Rz.s 			page 45


 2517 1342 0000     		.short	0
 2518 1344 0000     		.short	0
 2519 1346 0000     		.short	0
 2520 1348 0000     		.short	0
 2521 134a 0000     		.short	0
 2522              		.section	.rodata.Font11x18,"a"
 2523              		.align	2
 2526              	Font11x18:
 2527 0000 0000     		.short	0
 2528 0002 0000     		.short	0
 2529 0004 0000     		.short	0
 2530 0006 0000     		.short	0
 2531 0008 0000     		.short	0
 2532 000a 0000     		.short	0
 2533 000c 0000     		.short	0
 2534 000e 0000     		.short	0
 2535 0010 0000     		.short	0
 2536 0012 0000     		.short	0
 2537 0014 0000     		.short	0
 2538 0016 0000     		.short	0
 2539 0018 0000     		.short	0
 2540 001a 0000     		.short	0
 2541 001c 0000     		.short	0
 2542 001e 0000     		.short	0
 2543 0020 0000     		.short	0
 2544 0022 0000     		.short	0
 2545 0024 0000     		.short	0
 2546 0026 000C     		.short	3072
 2547 0028 000C     		.short	3072
 2548 002a 000C     		.short	3072
 2549 002c 000C     		.short	3072
 2550 002e 000C     		.short	3072
 2551 0030 000C     		.short	3072
 2552 0032 000C     		.short	3072
 2553 0034 000C     		.short	3072
 2554 0036 000C     		.short	3072
 2555 0038 000C     		.short	3072
 2556 003a 000C     		.short	3072
 2557 003c 0000     		.short	0
 2558 003e 000C     		.short	3072
 2559 0040 000C     		.short	3072
 2560 0042 0000     		.short	0
 2561 0044 0000     		.short	0
 2562 0046 0000     		.short	0
 2563 0048 0000     		.short	0
 2564 004a 001B     		.short	6912
 2565 004c 001B     		.short	6912
 2566 004e 001B     		.short	6912
 2567 0050 001B     		.short	6912
 2568 0052 001B     		.short	6912
 2569 0054 0000     		.short	0
 2570 0056 0000     		.short	0
 2571 0058 0000     		.short	0
 2572 005a 0000     		.short	0
 2573 005c 0000     		.short	0
 2574 005e 0000     		.short	0
 2575 0060 0000     		.short	0
ARM GAS  C:\Users\joabk\AppData\Local\Temp\cc0IL2Rz.s 			page 46


 2576 0062 0000     		.short	0
 2577 0064 0000     		.short	0
 2578 0066 0000     		.short	0
 2579 0068 0000     		.short	0
 2580 006a 0000     		.short	0
 2581 006c 0000     		.short	0
 2582 006e 8019     		.short	6528
 2583 0070 8019     		.short	6528
 2584 0072 8019     		.short	6528
 2585 0074 8019     		.short	6528
 2586 0076 C07F     		.short	32704
 2587 0078 C07F     		.short	32704
 2588 007a 8019     		.short	6528
 2589 007c 0033     		.short	13056
 2590 007e C07F     		.short	32704
 2591 0080 C07F     		.short	32704
 2592 0082 0033     		.short	13056
 2593 0084 0033     		.short	13056
 2594 0086 0033     		.short	13056
 2595 0088 0033     		.short	13056
 2596 008a 0000     		.short	0
 2597 008c 0000     		.short	0
 2598 008e 0000     		.short	0
 2599 0090 0000     		.short	0
 2600 0092 001E     		.short	7680
 2601 0094 003F     		.short	16128
 2602 0096 8075     		.short	30080
 2603 0098 8065     		.short	25984
 2604 009a 0074     		.short	29696
 2605 009c 003C     		.short	15360
 2606 009e 001E     		.short	7680
 2607 00a0 0007     		.short	1792
 2608 00a2 8005     		.short	1408
 2609 00a4 8065     		.short	25984
 2610 00a6 8065     		.short	25984
 2611 00a8 8075     		.short	30080
 2612 00aa 003F     		.short	16128
 2613 00ac 001E     		.short	7680
 2614 00ae 0004     		.short	1024
 2615 00b0 0004     		.short	1024
 2616 00b2 0000     		.short	0
 2617 00b4 0000     		.short	0
 2618 00b6 0070     		.short	28672
 2619 00b8 00D8     		.short	-10240
 2620 00ba 40D8     		.short	-10176
 2621 00bc C0D8     		.short	-10048
 2622 00be 80D9     		.short	-9856
 2623 00c0 0073     		.short	29440
 2624 00c2 0006     		.short	1536
 2625 00c4 000C     		.short	3072
 2626 00c6 801B     		.short	7040
 2627 00c8 C036     		.short	14016
 2628 00ca C066     		.short	26304
 2629 00cc C046     		.short	18112
 2630 00ce C006     		.short	1728
 2631 00d0 8003     		.short	896
 2632 00d2 0000     		.short	0
ARM GAS  C:\Users\joabk\AppData\Local\Temp\cc0IL2Rz.s 			page 47


 2633 00d4 0000     		.short	0
 2634 00d6 0000     		.short	0
 2635 00d8 0000     		.short	0
 2636 00da 001E     		.short	7680
 2637 00dc 003F     		.short	16128
 2638 00de 0033     		.short	13056
 2639 00e0 0033     		.short	13056
 2640 00e2 0033     		.short	13056
 2641 00e4 001E     		.short	7680
 2642 00e6 000C     		.short	3072
 2643 00e8 C03C     		.short	15552
 2644 00ea C066     		.short	26304
 2645 00ec 8063     		.short	25472
 2646 00ee 8061     		.short	24960
 2647 00f0 8063     		.short	25472
 2648 00f2 C03E     		.short	16064
 2649 00f4 801C     		.short	7296
 2650 00f6 0000     		.short	0
 2651 00f8 0000     		.short	0
 2652 00fa 0000     		.short	0
 2653 00fc 0000     		.short	0
 2654 00fe 000C     		.short	3072
 2655 0100 000C     		.short	3072
 2656 0102 000C     		.short	3072
 2657 0104 000C     		.short	3072
 2658 0106 000C     		.short	3072
 2659 0108 0000     		.short	0
 2660 010a 0000     		.short	0
 2661 010c 0000     		.short	0
 2662 010e 0000     		.short	0
 2663 0110 0000     		.short	0
 2664 0112 0000     		.short	0
 2665 0114 0000     		.short	0
 2666 0116 0000     		.short	0
 2667 0118 0000     		.short	0
 2668 011a 0000     		.short	0
 2669 011c 0000     		.short	0
 2670 011e 0000     		.short	0
 2671 0120 8000     		.short	128
 2672 0122 0001     		.short	256
 2673 0124 0003     		.short	768
 2674 0126 0006     		.short	1536
 2675 0128 0006     		.short	1536
 2676 012a 0004     		.short	1024
 2677 012c 000C     		.short	3072
 2678 012e 000C     		.short	3072
 2679 0130 000C     		.short	3072
 2680 0132 000C     		.short	3072
 2681 0134 000C     		.short	3072
 2682 0136 000C     		.short	3072
 2683 0138 0004     		.short	1024
 2684 013a 0006     		.short	1536
 2685 013c 0006     		.short	1536
 2686 013e 0003     		.short	768
 2687 0140 0001     		.short	256
 2688 0142 8000     		.short	128
 2689 0144 0020     		.short	8192
ARM GAS  C:\Users\joabk\AppData\Local\Temp\cc0IL2Rz.s 			page 48


 2690 0146 0010     		.short	4096
 2691 0148 0018     		.short	6144
 2692 014a 000C     		.short	3072
 2693 014c 000C     		.short	3072
 2694 014e 0004     		.short	1024
 2695 0150 0006     		.short	1536
 2696 0152 0006     		.short	1536
 2697 0154 0006     		.short	1536
 2698 0156 0006     		.short	1536
 2699 0158 0006     		.short	1536
 2700 015a 0006     		.short	1536
 2701 015c 0004     		.short	1024
 2702 015e 000C     		.short	3072
 2703 0160 000C     		.short	3072
 2704 0162 0018     		.short	6144
 2705 0164 0010     		.short	4096
 2706 0166 0020     		.short	8192
 2707 0168 0000     		.short	0
 2708 016a 000C     		.short	3072
 2709 016c 002D     		.short	11520
 2710 016e 003F     		.short	16128
 2711 0170 001E     		.short	7680
 2712 0172 0033     		.short	13056
 2713 0174 0000     		.short	0
 2714 0176 0000     		.short	0
 2715 0178 0000     		.short	0
 2716 017a 0000     		.short	0
 2717 017c 0000     		.short	0
 2718 017e 0000     		.short	0
 2719 0180 0000     		.short	0
 2720 0182 0000     		.short	0
 2721 0184 0000     		.short	0
 2722 0186 0000     		.short	0
 2723 0188 0000     		.short	0
 2724 018a 0000     		.short	0
 2725 018c 0000     		.short	0
 2726 018e 0000     		.short	0
 2727 0190 0000     		.short	0
 2728 0192 000C     		.short	3072
 2729 0194 000C     		.short	3072
 2730 0196 000C     		.short	3072
 2731 0198 000C     		.short	3072
 2732 019a C0FF     		.short	-64
 2733 019c C0FF     		.short	-64
 2734 019e 000C     		.short	3072
 2735 01a0 000C     		.short	3072
 2736 01a2 000C     		.short	3072
 2737 01a4 000C     		.short	3072
 2738 01a6 0000     		.short	0
 2739 01a8 0000     		.short	0
 2740 01aa 0000     		.short	0
 2741 01ac 0000     		.short	0
 2742 01ae 0000     		.short	0
 2743 01b0 0000     		.short	0
 2744 01b2 0000     		.short	0
 2745 01b4 0000     		.short	0
 2746 01b6 0000     		.short	0
ARM GAS  C:\Users\joabk\AppData\Local\Temp\cc0IL2Rz.s 			page 49


 2747 01b8 0000     		.short	0
 2748 01ba 0000     		.short	0
 2749 01bc 0000     		.short	0
 2750 01be 0000     		.short	0
 2751 01c0 0000     		.short	0
 2752 01c2 0000     		.short	0
 2753 01c4 0000     		.short	0
 2754 01c6 0000     		.short	0
 2755 01c8 0000     		.short	0
 2756 01ca 000C     		.short	3072
 2757 01cc 000C     		.short	3072
 2758 01ce 0004     		.short	1024
 2759 01d0 0004     		.short	1024
 2760 01d2 0008     		.short	2048
 2761 01d4 0000     		.short	0
 2762 01d6 0000     		.short	0
 2763 01d8 0000     		.short	0
 2764 01da 0000     		.short	0
 2765 01dc 0000     		.short	0
 2766 01de 0000     		.short	0
 2767 01e0 0000     		.short	0
 2768 01e2 0000     		.short	0
 2769 01e4 0000     		.short	0
 2770 01e6 001E     		.short	7680
 2771 01e8 001E     		.short	7680
 2772 01ea 0000     		.short	0
 2773 01ec 0000     		.short	0
 2774 01ee 0000     		.short	0
 2775 01f0 0000     		.short	0
 2776 01f2 0000     		.short	0
 2777 01f4 0000     		.short	0
 2778 01f6 0000     		.short	0
 2779 01f8 0000     		.short	0
 2780 01fa 0000     		.short	0
 2781 01fc 0000     		.short	0
 2782 01fe 0000     		.short	0
 2783 0200 0000     		.short	0
 2784 0202 0000     		.short	0
 2785 0204 0000     		.short	0
 2786 0206 0000     		.short	0
 2787 0208 0000     		.short	0
 2788 020a 0000     		.short	0
 2789 020c 0000     		.short	0
 2790 020e 0000     		.short	0
 2791 0210 0000     		.short	0
 2792 0212 000C     		.short	3072
 2793 0214 000C     		.short	3072
 2794 0216 0000     		.short	0
 2795 0218 0000     		.short	0
 2796 021a 0000     		.short	0
 2797 021c 0000     		.short	0
 2798 021e 0003     		.short	768
 2799 0220 0003     		.short	768
 2800 0222 0003     		.short	768
 2801 0224 0006     		.short	1536
 2802 0226 0006     		.short	1536
 2803 0228 0006     		.short	1536
ARM GAS  C:\Users\joabk\AppData\Local\Temp\cc0IL2Rz.s 			page 50


 2804 022a 0006     		.short	1536
 2805 022c 000C     		.short	3072
 2806 022e 000C     		.short	3072
 2807 0230 000C     		.short	3072
 2808 0232 000C     		.short	3072
 2809 0234 0018     		.short	6144
 2810 0236 0018     		.short	6144
 2811 0238 0018     		.short	6144
 2812 023a 0000     		.short	0
 2813 023c 0000     		.short	0
 2814 023e 0000     		.short	0
 2815 0240 0000     		.short	0
 2816 0242 001E     		.short	7680
 2817 0244 003F     		.short	16128
 2818 0246 0033     		.short	13056
 2819 0248 8061     		.short	24960
 2820 024a 8061     		.short	24960
 2821 024c 8061     		.short	24960
 2822 024e 806D     		.short	28032
 2823 0250 806D     		.short	28032
 2824 0252 8061     		.short	24960
 2825 0254 8061     		.short	24960
 2826 0256 8061     		.short	24960
 2827 0258 0033     		.short	13056
 2828 025a 003F     		.short	16128
 2829 025c 001E     		.short	7680
 2830 025e 0000     		.short	0
 2831 0260 0000     		.short	0
 2832 0262 0000     		.short	0
 2833 0264 0000     		.short	0
 2834 0266 0006     		.short	1536
 2835 0268 000E     		.short	3584
 2836 026a 001E     		.short	7680
 2837 026c 0036     		.short	13824
 2838 026e 0026     		.short	9728
 2839 0270 0006     		.short	1536
 2840 0272 0006     		.short	1536
 2841 0274 0006     		.short	1536
 2842 0276 0006     		.short	1536
 2843 0278 0006     		.short	1536
 2844 027a 0006     		.short	1536
 2845 027c 0006     		.short	1536
 2846 027e 0006     		.short	1536
 2847 0280 0006     		.short	1536
 2848 0282 0000     		.short	0
 2849 0284 0000     		.short	0
 2850 0286 0000     		.short	0
 2851 0288 0000     		.short	0
 2852 028a 001E     		.short	7680
 2853 028c 003F     		.short	16128
 2854 028e 8073     		.short	29568
 2855 0290 8061     		.short	24960
 2856 0292 8061     		.short	24960
 2857 0294 8001     		.short	384
 2858 0296 0003     		.short	768
 2859 0298 0006     		.short	1536
 2860 029a 000C     		.short	3072
ARM GAS  C:\Users\joabk\AppData\Local\Temp\cc0IL2Rz.s 			page 51


 2861 029c 0018     		.short	6144
 2862 029e 0030     		.short	12288
 2863 02a0 0060     		.short	24576
 2864 02a2 807F     		.short	32640
 2865 02a4 807F     		.short	32640
 2866 02a6 0000     		.short	0
 2867 02a8 0000     		.short	0
 2868 02aa 0000     		.short	0
 2869 02ac 0000     		.short	0
 2870 02ae 001C     		.short	7168
 2871 02b0 003E     		.short	15872
 2872 02b2 0063     		.short	25344
 2873 02b4 0063     		.short	25344
 2874 02b6 0003     		.short	768
 2875 02b8 000E     		.short	3584
 2876 02ba 000E     		.short	3584
 2877 02bc 0003     		.short	768
 2878 02be 8001     		.short	384
 2879 02c0 8001     		.short	384
 2880 02c2 8061     		.short	24960
 2881 02c4 8073     		.short	29568
 2882 02c6 003F     		.short	16128
 2883 02c8 001E     		.short	7680
 2884 02ca 0000     		.short	0
 2885 02cc 0000     		.short	0
 2886 02ce 0000     		.short	0
 2887 02d0 0000     		.short	0
 2888 02d2 0006     		.short	1536
 2889 02d4 000E     		.short	3584
 2890 02d6 000E     		.short	3584
 2891 02d8 001E     		.short	7680
 2892 02da 001E     		.short	7680
 2893 02dc 0016     		.short	5632
 2894 02de 0036     		.short	13824
 2895 02e0 0036     		.short	13824
 2896 02e2 0066     		.short	26112
 2897 02e4 807F     		.short	32640
 2898 02e6 807F     		.short	32640
 2899 02e8 0006     		.short	1536
 2900 02ea 0006     		.short	1536
 2901 02ec 0006     		.short	1536
 2902 02ee 0000     		.short	0
 2903 02f0 0000     		.short	0
 2904 02f2 0000     		.short	0
 2905 02f4 0000     		.short	0
 2906 02f6 007F     		.short	32512
 2907 02f8 007F     		.short	32512
 2908 02fa 0060     		.short	24576
 2909 02fc 0060     		.short	24576
 2910 02fe 0060     		.short	24576
 2911 0300 006E     		.short	28160
 2912 0302 007F     		.short	32512
 2913 0304 8063     		.short	25472
 2914 0306 8001     		.short	384
 2915 0308 8001     		.short	384
 2916 030a 8061     		.short	24960
 2917 030c 8073     		.short	29568
ARM GAS  C:\Users\joabk\AppData\Local\Temp\cc0IL2Rz.s 			page 52


 2918 030e 003F     		.short	16128
 2919 0310 001E     		.short	7680
 2920 0312 0000     		.short	0
 2921 0314 0000     		.short	0
 2922 0316 0000     		.short	0
 2923 0318 0000     		.short	0
 2924 031a 001E     		.short	7680
 2925 031c 003F     		.short	16128
 2926 031e 8033     		.short	13184
 2927 0320 8061     		.short	24960
 2928 0322 0060     		.short	24576
 2929 0324 006E     		.short	28160
 2930 0326 007F     		.short	32512
 2931 0328 8073     		.short	29568
 2932 032a 8061     		.short	24960
 2933 032c 8061     		.short	24960
 2934 032e 8061     		.short	24960
 2935 0330 8033     		.short	13184
 2936 0332 003F     		.short	16128
 2937 0334 001E     		.short	7680
 2938 0336 0000     		.short	0
 2939 0338 0000     		.short	0
 2940 033a 0000     		.short	0
 2941 033c 0000     		.short	0
 2942 033e 807F     		.short	32640
 2943 0340 807F     		.short	32640
 2944 0342 8001     		.short	384
 2945 0344 0003     		.short	768
 2946 0346 0003     		.short	768
 2947 0348 0006     		.short	1536
 2948 034a 0006     		.short	1536
 2949 034c 000C     		.short	3072
 2950 034e 000C     		.short	3072
 2951 0350 000C     		.short	3072
 2952 0352 0008     		.short	2048
 2953 0354 0018     		.short	6144
 2954 0356 0018     		.short	6144
 2955 0358 0018     		.short	6144
 2956 035a 0000     		.short	0
 2957 035c 0000     		.short	0
 2958 035e 0000     		.short	0
 2959 0360 0000     		.short	0
 2960 0362 001E     		.short	7680
 2961 0364 003F     		.short	16128
 2962 0366 8063     		.short	25472
 2963 0368 8061     		.short	24960
 2964 036a 8061     		.short	24960
 2965 036c 0021     		.short	8448
 2966 036e 001E     		.short	7680
 2967 0370 003F     		.short	16128
 2968 0372 8061     		.short	24960
 2969 0374 8061     		.short	24960
 2970 0376 8061     		.short	24960
 2971 0378 8061     		.short	24960
 2972 037a 003F     		.short	16128
 2973 037c 001E     		.short	7680
 2974 037e 0000     		.short	0
ARM GAS  C:\Users\joabk\AppData\Local\Temp\cc0IL2Rz.s 			page 53


 2975 0380 0000     		.short	0
 2976 0382 0000     		.short	0
 2977 0384 0000     		.short	0
 2978 0386 001E     		.short	7680
 2979 0388 003F     		.short	16128
 2980 038a 0073     		.short	29440
 2981 038c 8061     		.short	24960
 2982 038e 8061     		.short	24960
 2983 0390 8061     		.short	24960
 2984 0392 8073     		.short	29568
 2985 0394 803F     		.short	16256
 2986 0396 801D     		.short	7552
 2987 0398 8001     		.short	384
 2988 039a 8061     		.short	24960
 2989 039c 0073     		.short	29440
 2990 039e 003F     		.short	16128
 2991 03a0 001E     		.short	7680
 2992 03a2 0000     		.short	0
 2993 03a4 0000     		.short	0
 2994 03a6 0000     		.short	0
 2995 03a8 0000     		.short	0
 2996 03aa 0000     		.short	0
 2997 03ac 0000     		.short	0
 2998 03ae 0000     		.short	0
 2999 03b0 0000     		.short	0
 3000 03b2 000C     		.short	3072
 3001 03b4 000C     		.short	3072
 3002 03b6 0000     		.short	0
 3003 03b8 0000     		.short	0
 3004 03ba 0000     		.short	0
 3005 03bc 0000     		.short	0
 3006 03be 0000     		.short	0
 3007 03c0 0000     		.short	0
 3008 03c2 000C     		.short	3072
 3009 03c4 000C     		.short	3072
 3010 03c6 0000     		.short	0
 3011 03c8 0000     		.short	0
 3012 03ca 0000     		.short	0
 3013 03cc 0000     		.short	0
 3014 03ce 0000     		.short	0
 3015 03d0 0000     		.short	0
 3016 03d2 0000     		.short	0
 3017 03d4 0000     		.short	0
 3018 03d6 0000     		.short	0
 3019 03d8 000C     		.short	3072
 3020 03da 000C     		.short	3072
 3021 03dc 0000     		.short	0
 3022 03de 0000     		.short	0
 3023 03e0 0000     		.short	0
 3024 03e2 0000     		.short	0
 3025 03e4 0000     		.short	0
 3026 03e6 000C     		.short	3072
 3027 03e8 000C     		.short	3072
 3028 03ea 0004     		.short	1024
 3029 03ec 0004     		.short	1024
 3030 03ee 0008     		.short	2048
 3031 03f0 0000     		.short	0
ARM GAS  C:\Users\joabk\AppData\Local\Temp\cc0IL2Rz.s 			page 54


 3032 03f2 0000     		.short	0
 3033 03f4 0000     		.short	0
 3034 03f6 0000     		.short	0
 3035 03f8 8000     		.short	128
 3036 03fa 8003     		.short	896
 3037 03fc 000E     		.short	3584
 3038 03fe 0038     		.short	14336
 3039 0400 0060     		.short	24576
 3040 0402 0038     		.short	14336
 3041 0404 000E     		.short	3584
 3042 0406 8003     		.short	896
 3043 0408 8000     		.short	128
 3044 040a 0000     		.short	0
 3045 040c 0000     		.short	0
 3046 040e 0000     		.short	0
 3047 0410 0000     		.short	0
 3048 0412 0000     		.short	0
 3049 0414 0000     		.short	0
 3050 0416 0000     		.short	0
 3051 0418 0000     		.short	0
 3052 041a 0000     		.short	0
 3053 041c 0000     		.short	0
 3054 041e 807F     		.short	32640
 3055 0420 807F     		.short	32640
 3056 0422 0000     		.short	0
 3057 0424 0000     		.short	0
 3058 0426 807F     		.short	32640
 3059 0428 807F     		.short	32640
 3060 042a 0000     		.short	0
 3061 042c 0000     		.short	0
 3062 042e 0000     		.short	0
 3063 0430 0000     		.short	0
 3064 0432 0000     		.short	0
 3065 0434 0000     		.short	0
 3066 0436 0000     		.short	0
 3067 0438 0000     		.short	0
 3068 043a 0000     		.short	0
 3069 043c 0000     		.short	0
 3070 043e 0000     		.short	0
 3071 0440 0040     		.short	16384
 3072 0442 0070     		.short	28672
 3073 0444 001C     		.short	7168
 3074 0446 0007     		.short	1792
 3075 0448 8001     		.short	384
 3076 044a 0007     		.short	1792
 3077 044c 001C     		.short	7168
 3078 044e 0070     		.short	28672
 3079 0450 0040     		.short	16384
 3080 0452 0000     		.short	0
 3081 0454 0000     		.short	0
 3082 0456 0000     		.short	0
 3083 0458 0000     		.short	0
 3084 045a 0000     		.short	0
 3085 045c 0000     		.short	0
 3086 045e 001F     		.short	7936
 3087 0460 803F     		.short	16256
 3088 0462 C071     		.short	29120
ARM GAS  C:\Users\joabk\AppData\Local\Temp\cc0IL2Rz.s 			page 55


 3089 0464 C060     		.short	24768
 3090 0466 C000     		.short	192
 3091 0468 C001     		.short	448
 3092 046a 8003     		.short	896
 3093 046c 0007     		.short	1792
 3094 046e 000E     		.short	3584
 3095 0470 000C     		.short	3072
 3096 0472 000C     		.short	3072
 3097 0474 0000     		.short	0
 3098 0476 000C     		.short	3072
 3099 0478 000C     		.short	3072
 3100 047a 0000     		.short	0
 3101 047c 0000     		.short	0
 3102 047e 0000     		.short	0
 3103 0480 0000     		.short	0
 3104 0482 001E     		.short	7680
 3105 0484 003F     		.short	16128
 3106 0486 8031     		.short	12672
 3107 0488 8071     		.short	29056
 3108 048a 8063     		.short	25472
 3109 048c 806F     		.short	28544
 3110 048e 806D     		.short	28032
 3111 0490 806D     		.short	28032
 3112 0492 806F     		.short	28544
 3113 0494 8067     		.short	26496
 3114 0496 0060     		.short	24576
 3115 0498 0032     		.short	12800
 3116 049a 003E     		.short	15872
 3117 049c 001C     		.short	7168
 3118 049e 0000     		.short	0
 3119 04a0 0000     		.short	0
 3120 04a2 0000     		.short	0
 3121 04a4 0000     		.short	0
 3122 04a6 000E     		.short	3584
 3123 04a8 000E     		.short	3584
 3124 04aa 001B     		.short	6912
 3125 04ac 001B     		.short	6912
 3126 04ae 001B     		.short	6912
 3127 04b0 001B     		.short	6912
 3128 04b2 8031     		.short	12672
 3129 04b4 8031     		.short	12672
 3130 04b6 803F     		.short	16256
 3131 04b8 803F     		.short	16256
 3132 04ba 8031     		.short	12672
 3133 04bc C060     		.short	24768
 3134 04be C060     		.short	24768
 3135 04c0 C060     		.short	24768
 3136 04c2 0000     		.short	0
 3137 04c4 0000     		.short	0
 3138 04c6 0000     		.short	0
 3139 04c8 0000     		.short	0
 3140 04ca 007C     		.short	31744
 3141 04cc 007E     		.short	32256
 3142 04ce 0063     		.short	25344
 3143 04d0 0063     		.short	25344
 3144 04d2 0063     		.short	25344
 3145 04d4 0063     		.short	25344
ARM GAS  C:\Users\joabk\AppData\Local\Temp\cc0IL2Rz.s 			page 56


 3146 04d6 007E     		.short	32256
 3147 04d8 007E     		.short	32256
 3148 04da 0063     		.short	25344
 3149 04dc 8061     		.short	24960
 3150 04de 8061     		.short	24960
 3151 04e0 8063     		.short	25472
 3152 04e2 007F     		.short	32512
 3153 04e4 007E     		.short	32256
 3154 04e6 0000     		.short	0
 3155 04e8 0000     		.short	0
 3156 04ea 0000     		.short	0
 3157 04ec 0000     		.short	0
 3158 04ee 001E     		.short	7680
 3159 04f0 003F     		.short	16128
 3160 04f2 8031     		.short	12672
 3161 04f4 8061     		.short	24960
 3162 04f6 0060     		.short	24576
 3163 04f8 0060     		.short	24576
 3164 04fa 0060     		.short	24576
 3165 04fc 0060     		.short	24576
 3166 04fe 0060     		.short	24576
 3167 0500 0060     		.short	24576
 3168 0502 8061     		.short	24960
 3169 0504 8031     		.short	12672
 3170 0506 003F     		.short	16128
 3171 0508 001E     		.short	7680
 3172 050a 0000     		.short	0
 3173 050c 0000     		.short	0
 3174 050e 0000     		.short	0
 3175 0510 0000     		.short	0
 3176 0512 007C     		.short	31744
 3177 0514 007F     		.short	32512
 3178 0516 0063     		.short	25344
 3179 0518 8063     		.short	25472
 3180 051a 8061     		.short	24960
 3181 051c 8061     		.short	24960
 3182 051e 8061     		.short	24960
 3183 0520 8061     		.short	24960
 3184 0522 8061     		.short	24960
 3185 0524 8061     		.short	24960
 3186 0526 0063     		.short	25344
 3187 0528 0063     		.short	25344
 3188 052a 007E     		.short	32256
 3189 052c 007C     		.short	31744
 3190 052e 0000     		.short	0
 3191 0530 0000     		.short	0
 3192 0532 0000     		.short	0
 3193 0534 0000     		.short	0
 3194 0536 807F     		.short	32640
 3195 0538 807F     		.short	32640
 3196 053a 0060     		.short	24576
 3197 053c 0060     		.short	24576
 3198 053e 0060     		.short	24576
 3199 0540 0060     		.short	24576
 3200 0542 007F     		.short	32512
 3201 0544 007F     		.short	32512
 3202 0546 0060     		.short	24576
ARM GAS  C:\Users\joabk\AppData\Local\Temp\cc0IL2Rz.s 			page 57


 3203 0548 0060     		.short	24576
 3204 054a 0060     		.short	24576
 3205 054c 0060     		.short	24576
 3206 054e 807F     		.short	32640
 3207 0550 807F     		.short	32640
 3208 0552 0000     		.short	0
 3209 0554 0000     		.short	0
 3210 0556 0000     		.short	0
 3211 0558 0000     		.short	0
 3212 055a 807F     		.short	32640
 3213 055c 807F     		.short	32640
 3214 055e 0060     		.short	24576
 3215 0560 0060     		.short	24576
 3216 0562 0060     		.short	24576
 3217 0564 0060     		.short	24576
 3218 0566 007F     		.short	32512
 3219 0568 007F     		.short	32512
 3220 056a 0060     		.short	24576
 3221 056c 0060     		.short	24576
 3222 056e 0060     		.short	24576
 3223 0570 0060     		.short	24576
 3224 0572 0060     		.short	24576
 3225 0574 0060     		.short	24576
 3226 0576 0000     		.short	0
 3227 0578 0000     		.short	0
 3228 057a 0000     		.short	0
 3229 057c 0000     		.short	0
 3230 057e 001E     		.short	7680
 3231 0580 003F     		.short	16128
 3232 0582 8031     		.short	12672
 3233 0584 8061     		.short	24960
 3234 0586 0060     		.short	24576
 3235 0588 0060     		.short	24576
 3236 058a 0060     		.short	24576
 3237 058c 8063     		.short	25472
 3238 058e 8063     		.short	25472
 3239 0590 8061     		.short	24960
 3240 0592 8061     		.short	24960
 3241 0594 8031     		.short	12672
 3242 0596 803F     		.short	16256
 3243 0598 001E     		.short	7680
 3244 059a 0000     		.short	0
 3245 059c 0000     		.short	0
 3246 059e 0000     		.short	0
 3247 05a0 0000     		.short	0
 3248 05a2 8061     		.short	24960
 3249 05a4 8061     		.short	24960
 3250 05a6 8061     		.short	24960
 3251 05a8 8061     		.short	24960
 3252 05aa 8061     		.short	24960
 3253 05ac 8061     		.short	24960
 3254 05ae 807F     		.short	32640
 3255 05b0 807F     		.short	32640
 3256 05b2 8061     		.short	24960
 3257 05b4 8061     		.short	24960
 3258 05b6 8061     		.short	24960
 3259 05b8 8061     		.short	24960
ARM GAS  C:\Users\joabk\AppData\Local\Temp\cc0IL2Rz.s 			page 58


 3260 05ba 8061     		.short	24960
 3261 05bc 8061     		.short	24960
 3262 05be 0000     		.short	0
 3263 05c0 0000     		.short	0
 3264 05c2 0000     		.short	0
 3265 05c4 0000     		.short	0
 3266 05c6 003F     		.short	16128
 3267 05c8 003F     		.short	16128
 3268 05ca 000C     		.short	3072
 3269 05cc 000C     		.short	3072
 3270 05ce 000C     		.short	3072
 3271 05d0 000C     		.short	3072
 3272 05d2 000C     		.short	3072
 3273 05d4 000C     		.short	3072
 3274 05d6 000C     		.short	3072
 3275 05d8 000C     		.short	3072
 3276 05da 000C     		.short	3072
 3277 05dc 000C     		.short	3072
 3278 05de 003F     		.short	16128
 3279 05e0 003F     		.short	16128
 3280 05e2 0000     		.short	0
 3281 05e4 0000     		.short	0
 3282 05e6 0000     		.short	0
 3283 05e8 0000     		.short	0
 3284 05ea 8001     		.short	384
 3285 05ec 8001     		.short	384
 3286 05ee 8001     		.short	384
 3287 05f0 8001     		.short	384
 3288 05f2 8001     		.short	384
 3289 05f4 8001     		.short	384
 3290 05f6 8001     		.short	384
 3291 05f8 8001     		.short	384
 3292 05fa 8001     		.short	384
 3293 05fc 8061     		.short	24960
 3294 05fe 8061     		.short	24960
 3295 0600 8073     		.short	29568
 3296 0602 003F     		.short	16128
 3297 0604 001E     		.short	7680
 3298 0606 0000     		.short	0
 3299 0608 0000     		.short	0
 3300 060a 0000     		.short	0
 3301 060c 0000     		.short	0
 3302 060e C060     		.short	24768
 3303 0610 8061     		.short	24960
 3304 0612 0063     		.short	25344
 3305 0614 0066     		.short	26112
 3306 0616 0066     		.short	26112
 3307 0618 006C     		.short	27648
 3308 061a 0078     		.short	30720
 3309 061c 007C     		.short	31744
 3310 061e 0066     		.short	26112
 3311 0620 0066     		.short	26112
 3312 0622 0063     		.short	25344
 3313 0624 8061     		.short	24960
 3314 0626 8061     		.short	24960
 3315 0628 C060     		.short	24768
 3316 062a 0000     		.short	0
ARM GAS  C:\Users\joabk\AppData\Local\Temp\cc0IL2Rz.s 			page 59


 3317 062c 0000     		.short	0
 3318 062e 0000     		.short	0
 3319 0630 0000     		.short	0
 3320 0632 0060     		.short	24576
 3321 0634 0060     		.short	24576
 3322 0636 0060     		.short	24576
 3323 0638 0060     		.short	24576
 3324 063a 0060     		.short	24576
 3325 063c 0060     		.short	24576
 3326 063e 0060     		.short	24576
 3327 0640 0060     		.short	24576
 3328 0642 0060     		.short	24576
 3329 0644 0060     		.short	24576
 3330 0646 0060     		.short	24576
 3331 0648 0060     		.short	24576
 3332 064a 807F     		.short	32640
 3333 064c 807F     		.short	32640
 3334 064e 0000     		.short	0
 3335 0650 0000     		.short	0
 3336 0652 0000     		.short	0
 3337 0654 0000     		.short	0
 3338 0656 C071     		.short	29120
 3339 0658 C071     		.short	29120
 3340 065a C07B     		.short	31680
 3341 065c C07A     		.short	31424
 3342 065e C06A     		.short	27328
 3343 0660 C06A     		.short	27328
 3344 0662 C06E     		.short	28352
 3345 0664 C064     		.short	25792
 3346 0666 C060     		.short	24768
 3347 0668 C060     		.short	24768
 3348 066a C060     		.short	24768
 3349 066c C060     		.short	24768
 3350 066e C060     		.short	24768
 3351 0670 C060     		.short	24768
 3352 0672 0000     		.short	0
 3353 0674 0000     		.short	0
 3354 0676 0000     		.short	0
 3355 0678 0000     		.short	0
 3356 067a 8071     		.short	29056
 3357 067c 8071     		.short	29056
 3358 067e 8079     		.short	31104
 3359 0680 8079     		.short	31104
 3360 0682 8079     		.short	31104
 3361 0684 806D     		.short	28032
 3362 0686 806D     		.short	28032
 3363 0688 806D     		.short	28032
 3364 068a 8065     		.short	25984
 3365 068c 8067     		.short	26496
 3366 068e 8067     		.short	26496
 3367 0690 8067     		.short	26496
 3368 0692 8063     		.short	25472
 3369 0694 8063     		.short	25472
 3370 0696 0000     		.short	0
 3371 0698 0000     		.short	0
 3372 069a 0000     		.short	0
 3373 069c 0000     		.short	0
ARM GAS  C:\Users\joabk\AppData\Local\Temp\cc0IL2Rz.s 			page 60


 3374 069e 001E     		.short	7680
 3375 06a0 003F     		.short	16128
 3376 06a2 0033     		.short	13056
 3377 06a4 8061     		.short	24960
 3378 06a6 8061     		.short	24960
 3379 06a8 8061     		.short	24960
 3380 06aa 8061     		.short	24960
 3381 06ac 8061     		.short	24960
 3382 06ae 8061     		.short	24960
 3383 06b0 8061     		.short	24960
 3384 06b2 8061     		.short	24960
 3385 06b4 0033     		.short	13056
 3386 06b6 003F     		.short	16128
 3387 06b8 001E     		.short	7680
 3388 06ba 0000     		.short	0
 3389 06bc 0000     		.short	0
 3390 06be 0000     		.short	0
 3391 06c0 0000     		.short	0
 3392 06c2 007E     		.short	32256
 3393 06c4 007F     		.short	32512
 3394 06c6 8063     		.short	25472
 3395 06c8 8061     		.short	24960
 3396 06ca 8061     		.short	24960
 3397 06cc 8061     		.short	24960
 3398 06ce 8063     		.short	25472
 3399 06d0 007F     		.short	32512
 3400 06d2 007E     		.short	32256
 3401 06d4 0060     		.short	24576
 3402 06d6 0060     		.short	24576
 3403 06d8 0060     		.short	24576
 3404 06da 0060     		.short	24576
 3405 06dc 0060     		.short	24576
 3406 06de 0000     		.short	0
 3407 06e0 0000     		.short	0
 3408 06e2 0000     		.short	0
 3409 06e4 0000     		.short	0
 3410 06e6 001E     		.short	7680
 3411 06e8 003F     		.short	16128
 3412 06ea 0033     		.short	13056
 3413 06ec 8061     		.short	24960
 3414 06ee 8061     		.short	24960
 3415 06f0 8061     		.short	24960
 3416 06f2 8061     		.short	24960
 3417 06f4 8061     		.short	24960
 3418 06f6 8061     		.short	24960
 3419 06f8 8065     		.short	25984
 3420 06fa 8067     		.short	26496
 3421 06fc 0033     		.short	13056
 3422 06fe 803F     		.short	16256
 3423 0700 401E     		.short	7744
 3424 0702 0000     		.short	0
 3425 0704 0000     		.short	0
 3426 0706 0000     		.short	0
 3427 0708 0000     		.short	0
 3428 070a 007E     		.short	32256
 3429 070c 007F     		.short	32512
 3430 070e 8063     		.short	25472
ARM GAS  C:\Users\joabk\AppData\Local\Temp\cc0IL2Rz.s 			page 61


 3431 0710 8061     		.short	24960
 3432 0712 8061     		.short	24960
 3433 0714 8063     		.short	25472
 3434 0716 007F     		.short	32512
 3435 0718 007E     		.short	32256
 3436 071a 0066     		.short	26112
 3437 071c 0063     		.short	25344
 3438 071e 0063     		.short	25344
 3439 0720 8061     		.short	24960
 3440 0722 8061     		.short	24960
 3441 0724 C060     		.short	24768
 3442 0726 0000     		.short	0
 3443 0728 0000     		.short	0
 3444 072a 0000     		.short	0
 3445 072c 0000     		.short	0
 3446 072e 000E     		.short	3584
 3447 0730 001F     		.short	7936
 3448 0732 8031     		.short	12672
 3449 0734 8031     		.short	12672
 3450 0736 0030     		.short	12288
 3451 0738 0038     		.short	14336
 3452 073a 001E     		.short	7680
 3453 073c 0007     		.short	1792
 3454 073e 8003     		.short	896
 3455 0740 8061     		.short	24960
 3456 0742 8061     		.short	24960
 3457 0744 8031     		.short	12672
 3458 0746 003F     		.short	16128
 3459 0748 001E     		.short	7680
 3460 074a 0000     		.short	0
 3461 074c 0000     		.short	0
 3462 074e 0000     		.short	0
 3463 0750 0000     		.short	0
 3464 0752 C0FF     		.short	-64
 3465 0754 C0FF     		.short	-64
 3466 0756 000C     		.short	3072
 3467 0758 000C     		.short	3072
 3468 075a 000C     		.short	3072
 3469 075c 000C     		.short	3072
 3470 075e 000C     		.short	3072
 3471 0760 000C     		.short	3072
 3472 0762 000C     		.short	3072
 3473 0764 000C     		.short	3072
 3474 0766 000C     		.short	3072
 3475 0768 000C     		.short	3072
 3476 076a 000C     		.short	3072
 3477 076c 000C     		.short	3072
 3478 076e 0000     		.short	0
 3479 0770 0000     		.short	0
 3480 0772 0000     		.short	0
 3481 0774 0000     		.short	0
 3482 0776 8061     		.short	24960
 3483 0778 8061     		.short	24960
 3484 077a 8061     		.short	24960
 3485 077c 8061     		.short	24960
 3486 077e 8061     		.short	24960
 3487 0780 8061     		.short	24960
ARM GAS  C:\Users\joabk\AppData\Local\Temp\cc0IL2Rz.s 			page 62


 3488 0782 8061     		.short	24960
 3489 0784 8061     		.short	24960
 3490 0786 8061     		.short	24960
 3491 0788 8061     		.short	24960
 3492 078a 8061     		.short	24960
 3493 078c 8073     		.short	29568
 3494 078e 003F     		.short	16128
 3495 0790 001E     		.short	7680
 3496 0792 0000     		.short	0
 3497 0794 0000     		.short	0
 3498 0796 0000     		.short	0
 3499 0798 0000     		.short	0
 3500 079a C060     		.short	24768
 3501 079c C060     		.short	24768
 3502 079e C060     		.short	24768
 3503 07a0 8031     		.short	12672
 3504 07a2 8031     		.short	12672
 3505 07a4 8031     		.short	12672
 3506 07a6 001B     		.short	6912
 3507 07a8 001B     		.short	6912
 3508 07aa 001B     		.short	6912
 3509 07ac 001B     		.short	6912
 3510 07ae 000E     		.short	3584
 3511 07b0 000E     		.short	3584
 3512 07b2 000E     		.short	3584
 3513 07b4 0004     		.short	1024
 3514 07b6 0000     		.short	0
 3515 07b8 0000     		.short	0
 3516 07ba 0000     		.short	0
 3517 07bc 0000     		.short	0
 3518 07be C0C0     		.short	-16192
 3519 07c0 C0C0     		.short	-16192
 3520 07c2 C0C0     		.short	-16192
 3521 07c4 C0C0     		.short	-16192
 3522 07c6 C0C0     		.short	-16192
 3523 07c8 C0CC     		.short	-13120
 3524 07ca 804C     		.short	19584
 3525 07cc 804C     		.short	19584
 3526 07ce 805E     		.short	24192
 3527 07d0 8052     		.short	21120
 3528 07d2 8052     		.short	21120
 3529 07d4 8073     		.short	29568
 3530 07d6 8061     		.short	24960
 3531 07d8 8061     		.short	24960
 3532 07da 0000     		.short	0
 3533 07dc 0000     		.short	0
 3534 07de 0000     		.short	0
 3535 07e0 0000     		.short	0
 3536 07e2 C0C0     		.short	-16192
 3537 07e4 8060     		.short	24704
 3538 07e6 8061     		.short	24960
 3539 07e8 0033     		.short	13056
 3540 07ea 003B     		.short	15104
 3541 07ec 001E     		.short	7680
 3542 07ee 000C     		.short	3072
 3543 07f0 000C     		.short	3072
 3544 07f2 001E     		.short	7680
ARM GAS  C:\Users\joabk\AppData\Local\Temp\cc0IL2Rz.s 			page 63


 3545 07f4 001F     		.short	7936
 3546 07f6 003B     		.short	15104
 3547 07f8 8071     		.short	29056
 3548 07fa 8061     		.short	24960
 3549 07fc C0C0     		.short	-16192
 3550 07fe 0000     		.short	0
 3551 0800 0000     		.short	0
 3552 0802 0000     		.short	0
 3553 0804 0000     		.short	0
 3554 0806 C0C0     		.short	-16192
 3555 0808 8061     		.short	24960
 3556 080a 8061     		.short	24960
 3557 080c 0033     		.short	13056
 3558 080e 0033     		.short	13056
 3559 0810 001E     		.short	7680
 3560 0812 001E     		.short	7680
 3561 0814 000C     		.short	3072
 3562 0816 000C     		.short	3072
 3563 0818 000C     		.short	3072
 3564 081a 000C     		.short	3072
 3565 081c 000C     		.short	3072
 3566 081e 000C     		.short	3072
 3567 0820 000C     		.short	3072
 3568 0822 0000     		.short	0
 3569 0824 0000     		.short	0
 3570 0826 0000     		.short	0
 3571 0828 0000     		.short	0
 3572 082a 803F     		.short	16256
 3573 082c 803F     		.short	16256
 3574 082e 8001     		.short	384
 3575 0830 0003     		.short	768
 3576 0832 0003     		.short	768
 3577 0834 0006     		.short	1536
 3578 0836 000C     		.short	3072
 3579 0838 000C     		.short	3072
 3580 083a 0018     		.short	6144
 3581 083c 0018     		.short	6144
 3582 083e 0030     		.short	12288
 3583 0840 0060     		.short	24576
 3584 0842 807F     		.short	32640
 3585 0844 807F     		.short	32640
 3586 0846 0000     		.short	0
 3587 0848 0000     		.short	0
 3588 084a 0000     		.short	0
 3589 084c 000F     		.short	3840
 3590 084e 000F     		.short	3840
 3591 0850 000C     		.short	3072
 3592 0852 000C     		.short	3072
 3593 0854 000C     		.short	3072
 3594 0856 000C     		.short	3072
 3595 0858 000C     		.short	3072
 3596 085a 000C     		.short	3072
 3597 085c 000C     		.short	3072
 3598 085e 000C     		.short	3072
 3599 0860 000C     		.short	3072
 3600 0862 000C     		.short	3072
 3601 0864 000C     		.short	3072
ARM GAS  C:\Users\joabk\AppData\Local\Temp\cc0IL2Rz.s 			page 64


 3602 0866 000C     		.short	3072
 3603 0868 000C     		.short	3072
 3604 086a 000C     		.short	3072
 3605 086c 000F     		.short	3840
 3606 086e 000F     		.short	3840
 3607 0870 0000     		.short	0
 3608 0872 0018     		.short	6144
 3609 0874 0018     		.short	6144
 3610 0876 0018     		.short	6144
 3611 0878 000C     		.short	3072
 3612 087a 000C     		.short	3072
 3613 087c 000C     		.short	3072
 3614 087e 000C     		.short	3072
 3615 0880 0006     		.short	1536
 3616 0882 0006     		.short	1536
 3617 0884 0006     		.short	1536
 3618 0886 0006     		.short	1536
 3619 0888 0003     		.short	768
 3620 088a 0003     		.short	768
 3621 088c 0003     		.short	768
 3622 088e 0000     		.short	0
 3623 0890 0000     		.short	0
 3624 0892 0000     		.short	0
 3625 0894 001E     		.short	7680
 3626 0896 001E     		.short	7680
 3627 0898 0006     		.short	1536
 3628 089a 0006     		.short	1536
 3629 089c 0006     		.short	1536
 3630 089e 0006     		.short	1536
 3631 08a0 0006     		.short	1536
 3632 08a2 0006     		.short	1536
 3633 08a4 0006     		.short	1536
 3634 08a6 0006     		.short	1536
 3635 08a8 0006     		.short	1536
 3636 08aa 0006     		.short	1536
 3637 08ac 0006     		.short	1536
 3638 08ae 0006     		.short	1536
 3639 08b0 0006     		.short	1536
 3640 08b2 0006     		.short	1536
 3641 08b4 001E     		.short	7680
 3642 08b6 001E     		.short	7680
 3643 08b8 0000     		.short	0
 3644 08ba 000C     		.short	3072
 3645 08bc 000C     		.short	3072
 3646 08be 001E     		.short	7680
 3647 08c0 0012     		.short	4608
 3648 08c2 0033     		.short	13056
 3649 08c4 0033     		.short	13056
 3650 08c6 8061     		.short	24960
 3651 08c8 8061     		.short	24960
 3652 08ca 0000     		.short	0
 3653 08cc 0000     		.short	0
 3654 08ce 0000     		.short	0
 3655 08d0 0000     		.short	0
 3656 08d2 0000     		.short	0
 3657 08d4 0000     		.short	0
 3658 08d6 0000     		.short	0
ARM GAS  C:\Users\joabk\AppData\Local\Temp\cc0IL2Rz.s 			page 65


 3659 08d8 0000     		.short	0
 3660 08da 0000     		.short	0
 3661 08dc 0000     		.short	0
 3662 08de 0000     		.short	0
 3663 08e0 0000     		.short	0
 3664 08e2 0000     		.short	0
 3665 08e4 0000     		.short	0
 3666 08e6 0000     		.short	0
 3667 08e8 0000     		.short	0
 3668 08ea 0000     		.short	0
 3669 08ec 0000     		.short	0
 3670 08ee 0000     		.short	0
 3671 08f0 0000     		.short	0
 3672 08f2 0000     		.short	0
 3673 08f4 0000     		.short	0
 3674 08f6 0000     		.short	0
 3675 08f8 0000     		.short	0
 3676 08fa 0000     		.short	0
 3677 08fc E0FF     		.short	-32
 3678 08fe 0000     		.short	0
 3679 0900 0000     		.short	0
 3680 0902 0038     		.short	14336
 3681 0904 0018     		.short	6144
 3682 0906 000C     		.short	3072
 3683 0908 0000     		.short	0
 3684 090a 0000     		.short	0
 3685 090c 0000     		.short	0
 3686 090e 0000     		.short	0
 3687 0910 0000     		.short	0
 3688 0912 0000     		.short	0
 3689 0914 0000     		.short	0
 3690 0916 0000     		.short	0
 3691 0918 0000     		.short	0
 3692 091a 0000     		.short	0
 3693 091c 0000     		.short	0
 3694 091e 0000     		.short	0
 3695 0920 0000     		.short	0
 3696 0922 0000     		.short	0
 3697 0924 0000     		.short	0
 3698 0926 0000     		.short	0
 3699 0928 0000     		.short	0
 3700 092a 0000     		.short	0
 3701 092c 0000     		.short	0
 3702 092e 001F     		.short	7936
 3703 0930 803F     		.short	16256
 3704 0932 8061     		.short	24960
 3705 0934 8001     		.short	384
 3706 0936 801F     		.short	8064
 3707 0938 803F     		.short	16256
 3708 093a 8061     		.short	24960
 3709 093c 8063     		.short	25472
 3710 093e 807F     		.short	32640
 3711 0940 C038     		.short	14528
 3712 0942 0000     		.short	0
 3713 0944 0000     		.short	0
 3714 0946 0000     		.short	0
 3715 0948 0000     		.short	0
ARM GAS  C:\Users\joabk\AppData\Local\Temp\cc0IL2Rz.s 			page 66


 3716 094a 0060     		.short	24576
 3717 094c 0060     		.short	24576
 3718 094e 0060     		.short	24576
 3719 0950 0060     		.short	24576
 3720 0952 006E     		.short	28160
 3721 0954 007F     		.short	32512
 3722 0956 8073     		.short	29568
 3723 0958 8061     		.short	24960
 3724 095a 8061     		.short	24960
 3725 095c 8061     		.short	24960
 3726 095e 8061     		.short	24960
 3727 0960 8073     		.short	29568
 3728 0962 007F     		.short	32512
 3729 0964 006E     		.short	28160
 3730 0966 0000     		.short	0
 3731 0968 0000     		.short	0
 3732 096a 0000     		.short	0
 3733 096c 0000     		.short	0
 3734 096e 0000     		.short	0
 3735 0970 0000     		.short	0
 3736 0972 0000     		.short	0
 3737 0974 0000     		.short	0
 3738 0976 001E     		.short	7680
 3739 0978 003F     		.short	16128
 3740 097a 8073     		.short	29568
 3741 097c 8061     		.short	24960
 3742 097e 0060     		.short	24576
 3743 0980 0060     		.short	24576
 3744 0982 8061     		.short	24960
 3745 0984 8073     		.short	29568
 3746 0986 003F     		.short	16128
 3747 0988 001E     		.short	7680
 3748 098a 0000     		.short	0
 3749 098c 0000     		.short	0
 3750 098e 0000     		.short	0
 3751 0990 0000     		.short	0
 3752 0992 8001     		.short	384
 3753 0994 8001     		.short	384
 3754 0996 8001     		.short	384
 3755 0998 8001     		.short	384
 3756 099a 801D     		.short	7552
 3757 099c 803F     		.short	16256
 3758 099e 8073     		.short	29568
 3759 09a0 8061     		.short	24960
 3760 09a2 8061     		.short	24960
 3761 09a4 8061     		.short	24960
 3762 09a6 8061     		.short	24960
 3763 09a8 8073     		.short	29568
 3764 09aa 803F     		.short	16256
 3765 09ac 801D     		.short	7552
 3766 09ae 0000     		.short	0
 3767 09b0 0000     		.short	0
 3768 09b2 0000     		.short	0
 3769 09b4 0000     		.short	0
 3770 09b6 0000     		.short	0
 3771 09b8 0000     		.short	0
 3772 09ba 0000     		.short	0
ARM GAS  C:\Users\joabk\AppData\Local\Temp\cc0IL2Rz.s 			page 67


 3773 09bc 0000     		.short	0
 3774 09be 001E     		.short	7680
 3775 09c0 003F     		.short	16128
 3776 09c2 0073     		.short	29440
 3777 09c4 8061     		.short	24960
 3778 09c6 807F     		.short	32640
 3779 09c8 807F     		.short	32640
 3780 09ca 0060     		.short	24576
 3781 09cc 8071     		.short	29056
 3782 09ce 003F     		.short	16128
 3783 09d0 001E     		.short	7680
 3784 09d2 0000     		.short	0
 3785 09d4 0000     		.short	0
 3786 09d6 0000     		.short	0
 3787 09d8 0000     		.short	0
 3788 09da C007     		.short	1984
 3789 09dc C00F     		.short	4032
 3790 09de 000C     		.short	3072
 3791 09e0 000C     		.short	3072
 3792 09e2 807F     		.short	32640
 3793 09e4 807F     		.short	32640
 3794 09e6 000C     		.short	3072
 3795 09e8 000C     		.short	3072
 3796 09ea 000C     		.short	3072
 3797 09ec 000C     		.short	3072
 3798 09ee 000C     		.short	3072
 3799 09f0 000C     		.short	3072
 3800 09f2 000C     		.short	3072
 3801 09f4 000C     		.short	3072
 3802 09f6 0000     		.short	0
 3803 09f8 0000     		.short	0
 3804 09fa 0000     		.short	0
 3805 09fc 0000     		.short	0
 3806 09fe 0000     		.short	0
 3807 0a00 0000     		.short	0
 3808 0a02 0000     		.short	0
 3809 0a04 801D     		.short	7552
 3810 0a06 803F     		.short	16256
 3811 0a08 8073     		.short	29568
 3812 0a0a 8061     		.short	24960
 3813 0a0c 8061     		.short	24960
 3814 0a0e 8061     		.short	24960
 3815 0a10 8061     		.short	24960
 3816 0a12 8073     		.short	29568
 3817 0a14 803F     		.short	16256
 3818 0a16 801D     		.short	7552
 3819 0a18 8001     		.short	384
 3820 0a1a 8063     		.short	25472
 3821 0a1c 007F     		.short	32512
 3822 0a1e 003E     		.short	15872
 3823 0a20 0000     		.short	0
 3824 0a22 0060     		.short	24576
 3825 0a24 0060     		.short	24576
 3826 0a26 0060     		.short	24576
 3827 0a28 0060     		.short	24576
 3828 0a2a 006F     		.short	28416
 3829 0a2c 807F     		.short	32640
ARM GAS  C:\Users\joabk\AppData\Local\Temp\cc0IL2Rz.s 			page 68


 3830 0a2e 8071     		.short	29056
 3831 0a30 8061     		.short	24960
 3832 0a32 8061     		.short	24960
 3833 0a34 8061     		.short	24960
 3834 0a36 8061     		.short	24960
 3835 0a38 8061     		.short	24960
 3836 0a3a 8061     		.short	24960
 3837 0a3c 8061     		.short	24960
 3838 0a3e 0000     		.short	0
 3839 0a40 0000     		.short	0
 3840 0a42 0000     		.short	0
 3841 0a44 0000     		.short	0
 3842 0a46 0006     		.short	1536
 3843 0a48 0006     		.short	1536
 3844 0a4a 0000     		.short	0
 3845 0a4c 0000     		.short	0
 3846 0a4e 003E     		.short	15872
 3847 0a50 003E     		.short	15872
 3848 0a52 0006     		.short	1536
 3849 0a54 0006     		.short	1536
 3850 0a56 0006     		.short	1536
 3851 0a58 0006     		.short	1536
 3852 0a5a 0006     		.short	1536
 3853 0a5c 0006     		.short	1536
 3854 0a5e 0006     		.short	1536
 3855 0a60 0006     		.short	1536
 3856 0a62 0000     		.short	0
 3857 0a64 0000     		.short	0
 3858 0a66 0000     		.short	0
 3859 0a68 0006     		.short	1536
 3860 0a6a 0006     		.short	1536
 3861 0a6c 0000     		.short	0
 3862 0a6e 0000     		.short	0
 3863 0a70 003E     		.short	15872
 3864 0a72 003E     		.short	15872
 3865 0a74 0006     		.short	1536
 3866 0a76 0006     		.short	1536
 3867 0a78 0006     		.short	1536
 3868 0a7a 0006     		.short	1536
 3869 0a7c 0006     		.short	1536
 3870 0a7e 0006     		.short	1536
 3871 0a80 0006     		.short	1536
 3872 0a82 0006     		.short	1536
 3873 0a84 0006     		.short	1536
 3874 0a86 0046     		.short	17920
 3875 0a88 007E     		.short	32256
 3876 0a8a 003C     		.short	15360
 3877 0a8c 0000     		.short	0
 3878 0a8e 0060     		.short	24576
 3879 0a90 0060     		.short	24576
 3880 0a92 0060     		.short	24576
 3881 0a94 0060     		.short	24576
 3882 0a96 8061     		.short	24960
 3883 0a98 0063     		.short	25344
 3884 0a9a 0066     		.short	26112
 3885 0a9c 006C     		.short	27648
 3886 0a9e 007C     		.short	31744
ARM GAS  C:\Users\joabk\AppData\Local\Temp\cc0IL2Rz.s 			page 69


 3887 0aa0 0076     		.short	30208
 3888 0aa2 0063     		.short	25344
 3889 0aa4 0063     		.short	25344
 3890 0aa6 8061     		.short	24960
 3891 0aa8 C060     		.short	24768
 3892 0aaa 0000     		.short	0
 3893 0aac 0000     		.short	0
 3894 0aae 0000     		.short	0
 3895 0ab0 0000     		.short	0
 3896 0ab2 003E     		.short	15872
 3897 0ab4 003E     		.short	15872
 3898 0ab6 0006     		.short	1536
 3899 0ab8 0006     		.short	1536
 3900 0aba 0006     		.short	1536
 3901 0abc 0006     		.short	1536
 3902 0abe 0006     		.short	1536
 3903 0ac0 0006     		.short	1536
 3904 0ac2 0006     		.short	1536
 3905 0ac4 0006     		.short	1536
 3906 0ac6 0006     		.short	1536
 3907 0ac8 0006     		.short	1536
 3908 0aca 0006     		.short	1536
 3909 0acc 0006     		.short	1536
 3910 0ace 0000     		.short	0
 3911 0ad0 0000     		.short	0
 3912 0ad2 0000     		.short	0
 3913 0ad4 0000     		.short	0
 3914 0ad6 0000     		.short	0
 3915 0ad8 0000     		.short	0
 3916 0ada 0000     		.short	0
 3917 0adc 0000     		.short	0
 3918 0ade 80DD     		.short	-8832
 3919 0ae0 C0FF     		.short	-64
 3920 0ae2 C0CE     		.short	-12608
 3921 0ae4 C0CC     		.short	-13120
 3922 0ae6 C0CC     		.short	-13120
 3923 0ae8 C0CC     		.short	-13120
 3924 0aea C0CC     		.short	-13120
 3925 0aec C0CC     		.short	-13120
 3926 0aee C0CC     		.short	-13120
 3927 0af0 C0CC     		.short	-13120
 3928 0af2 0000     		.short	0
 3929 0af4 0000     		.short	0
 3930 0af6 0000     		.short	0
 3931 0af8 0000     		.short	0
 3932 0afa 0000     		.short	0
 3933 0afc 0000     		.short	0
 3934 0afe 0000     		.short	0
 3935 0b00 0000     		.short	0
 3936 0b02 006F     		.short	28416
 3937 0b04 807F     		.short	32640
 3938 0b06 8071     		.short	29056
 3939 0b08 8061     		.short	24960
 3940 0b0a 8061     		.short	24960
 3941 0b0c 8061     		.short	24960
 3942 0b0e 8061     		.short	24960
 3943 0b10 8061     		.short	24960
ARM GAS  C:\Users\joabk\AppData\Local\Temp\cc0IL2Rz.s 			page 70


 3944 0b12 8061     		.short	24960
 3945 0b14 8061     		.short	24960
 3946 0b16 0000     		.short	0
 3947 0b18 0000     		.short	0
 3948 0b1a 0000     		.short	0
 3949 0b1c 0000     		.short	0
 3950 0b1e 0000     		.short	0
 3951 0b20 0000     		.short	0
 3952 0b22 0000     		.short	0
 3953 0b24 0000     		.short	0
 3954 0b26 001E     		.short	7680
 3955 0b28 003F     		.short	16128
 3956 0b2a 8073     		.short	29568
 3957 0b2c 8061     		.short	24960
 3958 0b2e 8061     		.short	24960
 3959 0b30 8061     		.short	24960
 3960 0b32 8061     		.short	24960
 3961 0b34 8073     		.short	29568
 3962 0b36 003F     		.short	16128
 3963 0b38 001E     		.short	7680
 3964 0b3a 0000     		.short	0
 3965 0b3c 0000     		.short	0
 3966 0b3e 0000     		.short	0
 3967 0b40 0000     		.short	0
 3968 0b42 0000     		.short	0
 3969 0b44 0000     		.short	0
 3970 0b46 0000     		.short	0
 3971 0b48 006E     		.short	28160
 3972 0b4a 007F     		.short	32512
 3973 0b4c 8073     		.short	29568
 3974 0b4e 8061     		.short	24960
 3975 0b50 8061     		.short	24960
 3976 0b52 8061     		.short	24960
 3977 0b54 8061     		.short	24960
 3978 0b56 8073     		.short	29568
 3979 0b58 007F     		.short	32512
 3980 0b5a 006E     		.short	28160
 3981 0b5c 0060     		.short	24576
 3982 0b5e 0060     		.short	24576
 3983 0b60 0060     		.short	24576
 3984 0b62 0060     		.short	24576
 3985 0b64 0000     		.short	0
 3986 0b66 0000     		.short	0
 3987 0b68 0000     		.short	0
 3988 0b6a 0000     		.short	0
 3989 0b6c 801D     		.short	7552
 3990 0b6e 803F     		.short	16256
 3991 0b70 8073     		.short	29568
 3992 0b72 8061     		.short	24960
 3993 0b74 8061     		.short	24960
 3994 0b76 8061     		.short	24960
 3995 0b78 8061     		.short	24960
 3996 0b7a 8073     		.short	29568
 3997 0b7c 803F     		.short	16256
 3998 0b7e 801D     		.short	7552
 3999 0b80 8001     		.short	384
 4000 0b82 8001     		.short	384
ARM GAS  C:\Users\joabk\AppData\Local\Temp\cc0IL2Rz.s 			page 71


 4001 0b84 8001     		.short	384
 4002 0b86 8001     		.short	384
 4003 0b88 0000     		.short	0
 4004 0b8a 0000     		.short	0
 4005 0b8c 0000     		.short	0
 4006 0b8e 0000     		.short	0
 4007 0b90 0000     		.short	0
 4008 0b92 0067     		.short	26368
 4009 0b94 803F     		.short	16256
 4010 0b96 0039     		.short	14592
 4011 0b98 0030     		.short	12288
 4012 0b9a 0030     		.short	12288
 4013 0b9c 0030     		.short	12288
 4014 0b9e 0030     		.short	12288
 4015 0ba0 0030     		.short	12288
 4016 0ba2 0030     		.short	12288
 4017 0ba4 0030     		.short	12288
 4018 0ba6 0000     		.short	0
 4019 0ba8 0000     		.short	0
 4020 0baa 0000     		.short	0
 4021 0bac 0000     		.short	0
 4022 0bae 0000     		.short	0
 4023 0bb0 0000     		.short	0
 4024 0bb2 0000     		.short	0
 4025 0bb4 0000     		.short	0
 4026 0bb6 001E     		.short	7680
 4027 0bb8 803F     		.short	16256
 4028 0bba 8061     		.short	24960
 4029 0bbc 0060     		.short	24576
 4030 0bbe 007F     		.short	32512
 4031 0bc0 803F     		.short	16256
 4032 0bc2 8001     		.short	384
 4033 0bc4 8061     		.short	24960
 4034 0bc6 007F     		.short	32512
 4035 0bc8 001E     		.short	7680
 4036 0bca 0000     		.short	0
 4037 0bcc 0000     		.short	0
 4038 0bce 0000     		.short	0
 4039 0bd0 0000     		.short	0
 4040 0bd2 0000     		.short	0
 4041 0bd4 0008     		.short	2048
 4042 0bd6 0018     		.short	6144
 4043 0bd8 0018     		.short	6144
 4044 0bda 007F     		.short	32512
 4045 0bdc 007F     		.short	32512
 4046 0bde 0018     		.short	6144
 4047 0be0 0018     		.short	6144
 4048 0be2 0018     		.short	6144
 4049 0be4 0018     		.short	6144
 4050 0be6 0018     		.short	6144
 4051 0be8 0018     		.short	6144
 4052 0bea 801F     		.short	8064
 4053 0bec 800F     		.short	3968
 4054 0bee 0000     		.short	0
 4055 0bf0 0000     		.short	0
 4056 0bf2 0000     		.short	0
 4057 0bf4 0000     		.short	0
ARM GAS  C:\Users\joabk\AppData\Local\Temp\cc0IL2Rz.s 			page 72


 4058 0bf6 0000     		.short	0
 4059 0bf8 0000     		.short	0
 4060 0bfa 0000     		.short	0
 4061 0bfc 0000     		.short	0
 4062 0bfe 8061     		.short	24960
 4063 0c00 8061     		.short	24960
 4064 0c02 8061     		.short	24960
 4065 0c04 8061     		.short	24960
 4066 0c06 8061     		.short	24960
 4067 0c08 8061     		.short	24960
 4068 0c0a 8061     		.short	24960
 4069 0c0c 8063     		.short	25472
 4070 0c0e 807F     		.short	32640
 4071 0c10 803D     		.short	15744
 4072 0c12 0000     		.short	0
 4073 0c14 0000     		.short	0
 4074 0c16 0000     		.short	0
 4075 0c18 0000     		.short	0
 4076 0c1a 0000     		.short	0
 4077 0c1c 0000     		.short	0
 4078 0c1e 0000     		.short	0
 4079 0c20 0000     		.short	0
 4080 0c22 C060     		.short	24768
 4081 0c24 8031     		.short	12672
 4082 0c26 8031     		.short	12672
 4083 0c28 8031     		.short	12672
 4084 0c2a 001B     		.short	6912
 4085 0c2c 001B     		.short	6912
 4086 0c2e 001B     		.short	6912
 4087 0c30 000E     		.short	3584
 4088 0c32 000E     		.short	3584
 4089 0c34 0006     		.short	1536
 4090 0c36 0000     		.short	0
 4091 0c38 0000     		.short	0
 4092 0c3a 0000     		.short	0
 4093 0c3c 0000     		.short	0
 4094 0c3e 0000     		.short	0
 4095 0c40 0000     		.short	0
 4096 0c42 0000     		.short	0
 4097 0c44 0000     		.short	0
 4098 0c46 80DD     		.short	-8832
 4099 0c48 80DD     		.short	-8832
 4100 0c4a 80DD     		.short	-8832
 4101 0c4c 0055     		.short	21760
 4102 0c4e 0055     		.short	21760
 4103 0c50 0055     		.short	21760
 4104 0c52 0077     		.short	30464
 4105 0c54 0077     		.short	30464
 4106 0c56 0022     		.short	8704
 4107 0c58 0022     		.short	8704
 4108 0c5a 0000     		.short	0
 4109 0c5c 0000     		.short	0
 4110 0c5e 0000     		.short	0
 4111 0c60 0000     		.short	0
 4112 0c62 0000     		.short	0
 4113 0c64 0000     		.short	0
 4114 0c66 0000     		.short	0
ARM GAS  C:\Users\joabk\AppData\Local\Temp\cc0IL2Rz.s 			page 73


 4115 0c68 0000     		.short	0
 4116 0c6a 8061     		.short	24960
 4117 0c6c 0033     		.short	13056
 4118 0c6e 0033     		.short	13056
 4119 0c70 001E     		.short	7680
 4120 0c72 000C     		.short	3072
 4121 0c74 000C     		.short	3072
 4122 0c76 001E     		.short	7680
 4123 0c78 0033     		.short	13056
 4124 0c7a 0033     		.short	13056
 4125 0c7c 8061     		.short	24960
 4126 0c7e 0000     		.short	0
 4127 0c80 0000     		.short	0
 4128 0c82 0000     		.short	0
 4129 0c84 0000     		.short	0
 4130 0c86 0000     		.short	0
 4131 0c88 0000     		.short	0
 4132 0c8a 0000     		.short	0
 4133 0c8c 8061     		.short	24960
 4134 0c8e 8061     		.short	24960
 4135 0c90 8031     		.short	12672
 4136 0c92 0033     		.short	13056
 4137 0c94 0033     		.short	13056
 4138 0c96 001B     		.short	6912
 4139 0c98 001B     		.short	6912
 4140 0c9a 001B     		.short	6912
 4141 0c9c 000E     		.short	3584
 4142 0c9e 000E     		.short	3584
 4143 0ca0 000E     		.short	3584
 4144 0ca2 001C     		.short	7168
 4145 0ca4 007C     		.short	31744
 4146 0ca6 0070     		.short	28672
 4147 0ca8 0000     		.short	0
 4148 0caa 0000     		.short	0
 4149 0cac 0000     		.short	0
 4150 0cae 0000     		.short	0
 4151 0cb0 0000     		.short	0
 4152 0cb2 C07F     		.short	32704
 4153 0cb4 C07F     		.short	32704
 4154 0cb6 8001     		.short	384
 4155 0cb8 0003     		.short	768
 4156 0cba 0006     		.short	1536
 4157 0cbc 000C     		.short	3072
 4158 0cbe 0018     		.short	6144
 4159 0cc0 0030     		.short	12288
 4160 0cc2 C07F     		.short	32704
 4161 0cc4 C07F     		.short	32704
 4162 0cc6 0000     		.short	0
 4163 0cc8 0000     		.short	0
 4164 0cca 0000     		.short	0
 4165 0ccc 8003     		.short	896
 4166 0cce 8007     		.short	1920
 4167 0cd0 0006     		.short	1536
 4168 0cd2 0006     		.short	1536
 4169 0cd4 0006     		.short	1536
 4170 0cd6 0006     		.short	1536
 4171 0cd8 0006     		.short	1536
ARM GAS  C:\Users\joabk\AppData\Local\Temp\cc0IL2Rz.s 			page 74


 4172 0cda 000E     		.short	3584
 4173 0cdc 001C     		.short	7168
 4174 0cde 001C     		.short	7168
 4175 0ce0 000E     		.short	3584
 4176 0ce2 0006     		.short	1536
 4177 0ce4 0006     		.short	1536
 4178 0ce6 0006     		.short	1536
 4179 0ce8 0006     		.short	1536
 4180 0cea 0006     		.short	1536
 4181 0cec 8007     		.short	1920
 4182 0cee 8003     		.short	896
 4183 0cf0 0006     		.short	1536
 4184 0cf2 0006     		.short	1536
 4185 0cf4 0006     		.short	1536
 4186 0cf6 0006     		.short	1536
 4187 0cf8 0006     		.short	1536
 4188 0cfa 0006     		.short	1536
 4189 0cfc 0006     		.short	1536
 4190 0cfe 0006     		.short	1536
 4191 0d00 0006     		.short	1536
 4192 0d02 0006     		.short	1536
 4193 0d04 0006     		.short	1536
 4194 0d06 0006     		.short	1536
 4195 0d08 0006     		.short	1536
 4196 0d0a 0006     		.short	1536
 4197 0d0c 0006     		.short	1536
 4198 0d0e 0006     		.short	1536
 4199 0d10 0006     		.short	1536
 4200 0d12 0006     		.short	1536
 4201 0d14 0038     		.short	14336
 4202 0d16 003C     		.short	15360
 4203 0d18 000C     		.short	3072
 4204 0d1a 000C     		.short	3072
 4205 0d1c 000C     		.short	3072
 4206 0d1e 000C     		.short	3072
 4207 0d20 000C     		.short	3072
 4208 0d22 000E     		.short	3584
 4209 0d24 0007     		.short	1792
 4210 0d26 0007     		.short	1792
 4211 0d28 000E     		.short	3584
 4212 0d2a 000C     		.short	3072
 4213 0d2c 000C     		.short	3072
 4214 0d2e 000C     		.short	3072
 4215 0d30 000C     		.short	3072
 4216 0d32 000C     		.short	3072
 4217 0d34 003C     		.short	15360
 4218 0d36 0038     		.short	14336
 4219 0d38 0000     		.short	0
 4220 0d3a 0000     		.short	0
 4221 0d3c 0000     		.short	0
 4222 0d3e 0000     		.short	0
 4223 0d40 0000     		.short	0
 4224 0d42 0000     		.short	0
 4225 0d44 0000     		.short	0
 4226 0d46 8038     		.short	14464
 4227 0d48 807F     		.short	32640
 4228 0d4a 0047     		.short	18176
ARM GAS  C:\Users\joabk\AppData\Local\Temp\cc0IL2Rz.s 			page 75


 4229 0d4c 0000     		.short	0
 4230 0d4e 0000     		.short	0
 4231 0d50 0000     		.short	0
 4232 0d52 0000     		.short	0
 4233 0d54 0000     		.short	0
 4234 0d56 0000     		.short	0
 4235 0d58 0000     		.short	0
 4236 0d5a 0000     		.short	0
 4237              		.section	.rodata.Font7x10,"a"
 4238              		.align	2
 4241              	Font7x10:
 4242 0000 0000     		.short	0
 4243 0002 0000     		.short	0
 4244 0004 0000     		.short	0
 4245 0006 0000     		.short	0
 4246 0008 0000     		.short	0
 4247 000a 0000     		.short	0
 4248 000c 0000     		.short	0
 4249 000e 0000     		.short	0
 4250 0010 0000     		.short	0
 4251 0012 0000     		.short	0
 4252 0014 0010     		.short	4096
 4253 0016 0010     		.short	4096
 4254 0018 0010     		.short	4096
 4255 001a 0010     		.short	4096
 4256 001c 0010     		.short	4096
 4257 001e 0010     		.short	4096
 4258 0020 0000     		.short	0
 4259 0022 0010     		.short	4096
 4260 0024 0000     		.short	0
 4261 0026 0000     		.short	0
 4262 0028 0028     		.short	10240
 4263 002a 0028     		.short	10240
 4264 002c 0028     		.short	10240
 4265 002e 0000     		.short	0
 4266 0030 0000     		.short	0
 4267 0032 0000     		.short	0
 4268 0034 0000     		.short	0
 4269 0036 0000     		.short	0
 4270 0038 0000     		.short	0
 4271 003a 0000     		.short	0
 4272 003c 0024     		.short	9216
 4273 003e 0024     		.short	9216
 4274 0040 007C     		.short	31744
 4275 0042 0024     		.short	9216
 4276 0044 0048     		.short	18432
 4277 0046 007C     		.short	31744
 4278 0048 0048     		.short	18432
 4279 004a 0048     		.short	18432
 4280 004c 0000     		.short	0
 4281 004e 0000     		.short	0
 4282 0050 0038     		.short	14336
 4283 0052 0054     		.short	21504
 4284 0054 0050     		.short	20480
 4285 0056 0038     		.short	14336
 4286 0058 0014     		.short	5120
 4287 005a 0054     		.short	21504
ARM GAS  C:\Users\joabk\AppData\Local\Temp\cc0IL2Rz.s 			page 76


 4288 005c 0054     		.short	21504
 4289 005e 0038     		.short	14336
 4290 0060 0010     		.short	4096
 4291 0062 0000     		.short	0
 4292 0064 0020     		.short	8192
 4293 0066 0054     		.short	21504
 4294 0068 0058     		.short	22528
 4295 006a 0030     		.short	12288
 4296 006c 0028     		.short	10240
 4297 006e 0054     		.short	21504
 4298 0070 0014     		.short	5120
 4299 0072 0008     		.short	2048
 4300 0074 0000     		.short	0
 4301 0076 0000     		.short	0
 4302 0078 0010     		.short	4096
 4303 007a 0028     		.short	10240
 4304 007c 0028     		.short	10240
 4305 007e 0010     		.short	4096
 4306 0080 0034     		.short	13312
 4307 0082 0048     		.short	18432
 4308 0084 0048     		.short	18432
 4309 0086 0034     		.short	13312
 4310 0088 0000     		.short	0
 4311 008a 0000     		.short	0
 4312 008c 0010     		.short	4096
 4313 008e 0010     		.short	4096
 4314 0090 0010     		.short	4096
 4315 0092 0000     		.short	0
 4316 0094 0000     		.short	0
 4317 0096 0000     		.short	0
 4318 0098 0000     		.short	0
 4319 009a 0000     		.short	0
 4320 009c 0000     		.short	0
 4321 009e 0000     		.short	0
 4322 00a0 0008     		.short	2048
 4323 00a2 0010     		.short	4096
 4324 00a4 0020     		.short	8192
 4325 00a6 0020     		.short	8192
 4326 00a8 0020     		.short	8192
 4327 00aa 0020     		.short	8192
 4328 00ac 0020     		.short	8192
 4329 00ae 0020     		.short	8192
 4330 00b0 0010     		.short	4096
 4331 00b2 0008     		.short	2048
 4332 00b4 0020     		.short	8192
 4333 00b6 0010     		.short	4096
 4334 00b8 0008     		.short	2048
 4335 00ba 0008     		.short	2048
 4336 00bc 0008     		.short	2048
 4337 00be 0008     		.short	2048
 4338 00c0 0008     		.short	2048
 4339 00c2 0008     		.short	2048
 4340 00c4 0010     		.short	4096
 4341 00c6 0020     		.short	8192
 4342 00c8 0010     		.short	4096
 4343 00ca 0038     		.short	14336
 4344 00cc 0010     		.short	4096
ARM GAS  C:\Users\joabk\AppData\Local\Temp\cc0IL2Rz.s 			page 77


 4345 00ce 0028     		.short	10240
 4346 00d0 0000     		.short	0
 4347 00d2 0000     		.short	0
 4348 00d4 0000     		.short	0
 4349 00d6 0000     		.short	0
 4350 00d8 0000     		.short	0
 4351 00da 0000     		.short	0
 4352 00dc 0000     		.short	0
 4353 00de 0000     		.short	0
 4354 00e0 0010     		.short	4096
 4355 00e2 0010     		.short	4096
 4356 00e4 007C     		.short	31744
 4357 00e6 0010     		.short	4096
 4358 00e8 0010     		.short	4096
 4359 00ea 0000     		.short	0
 4360 00ec 0000     		.short	0
 4361 00ee 0000     		.short	0
 4362 00f0 0000     		.short	0
 4363 00f2 0000     		.short	0
 4364 00f4 0000     		.short	0
 4365 00f6 0000     		.short	0
 4366 00f8 0000     		.short	0
 4367 00fa 0000     		.short	0
 4368 00fc 0000     		.short	0
 4369 00fe 0010     		.short	4096
 4370 0100 0010     		.short	4096
 4371 0102 0010     		.short	4096
 4372 0104 0000     		.short	0
 4373 0106 0000     		.short	0
 4374 0108 0000     		.short	0
 4375 010a 0000     		.short	0
 4376 010c 0000     		.short	0
 4377 010e 0038     		.short	14336
 4378 0110 0000     		.short	0
 4379 0112 0000     		.short	0
 4380 0114 0000     		.short	0
 4381 0116 0000     		.short	0
 4382 0118 0000     		.short	0
 4383 011a 0000     		.short	0
 4384 011c 0000     		.short	0
 4385 011e 0000     		.short	0
 4386 0120 0000     		.short	0
 4387 0122 0000     		.short	0
 4388 0124 0000     		.short	0
 4389 0126 0010     		.short	4096
 4390 0128 0000     		.short	0
 4391 012a 0000     		.short	0
 4392 012c 0008     		.short	2048
 4393 012e 0008     		.short	2048
 4394 0130 0010     		.short	4096
 4395 0132 0010     		.short	4096
 4396 0134 0010     		.short	4096
 4397 0136 0010     		.short	4096
 4398 0138 0020     		.short	8192
 4399 013a 0020     		.short	8192
 4400 013c 0000     		.short	0
 4401 013e 0000     		.short	0
ARM GAS  C:\Users\joabk\AppData\Local\Temp\cc0IL2Rz.s 			page 78


 4402 0140 0038     		.short	14336
 4403 0142 0044     		.short	17408
 4404 0144 0044     		.short	17408
 4405 0146 0054     		.short	21504
 4406 0148 0044     		.short	17408
 4407 014a 0044     		.short	17408
 4408 014c 0044     		.short	17408
 4409 014e 0038     		.short	14336
 4410 0150 0000     		.short	0
 4411 0152 0000     		.short	0
 4412 0154 0010     		.short	4096
 4413 0156 0030     		.short	12288
 4414 0158 0050     		.short	20480
 4415 015a 0010     		.short	4096
 4416 015c 0010     		.short	4096
 4417 015e 0010     		.short	4096
 4418 0160 0010     		.short	4096
 4419 0162 0010     		.short	4096
 4420 0164 0000     		.short	0
 4421 0166 0000     		.short	0
 4422 0168 0038     		.short	14336
 4423 016a 0044     		.short	17408
 4424 016c 0044     		.short	17408
 4425 016e 0004     		.short	1024
 4426 0170 0008     		.short	2048
 4427 0172 0010     		.short	4096
 4428 0174 0020     		.short	8192
 4429 0176 007C     		.short	31744
 4430 0178 0000     		.short	0
 4431 017a 0000     		.short	0
 4432 017c 0038     		.short	14336
 4433 017e 0044     		.short	17408
 4434 0180 0004     		.short	1024
 4435 0182 0018     		.short	6144
 4436 0184 0004     		.short	1024
 4437 0186 0004     		.short	1024
 4438 0188 0044     		.short	17408
 4439 018a 0038     		.short	14336
 4440 018c 0000     		.short	0
 4441 018e 0000     		.short	0
 4442 0190 0008     		.short	2048
 4443 0192 0018     		.short	6144
 4444 0194 0028     		.short	10240
 4445 0196 0028     		.short	10240
 4446 0198 0048     		.short	18432
 4447 019a 007C     		.short	31744
 4448 019c 0008     		.short	2048
 4449 019e 0008     		.short	2048
 4450 01a0 0000     		.short	0
 4451 01a2 0000     		.short	0
 4452 01a4 007C     		.short	31744
 4453 01a6 0040     		.short	16384
 4454 01a8 0040     		.short	16384
 4455 01aa 0078     		.short	30720
 4456 01ac 0004     		.short	1024
 4457 01ae 0004     		.short	1024
 4458 01b0 0044     		.short	17408
ARM GAS  C:\Users\joabk\AppData\Local\Temp\cc0IL2Rz.s 			page 79


 4459 01b2 0038     		.short	14336
 4460 01b4 0000     		.short	0
 4461 01b6 0000     		.short	0
 4462 01b8 0038     		.short	14336
 4463 01ba 0044     		.short	17408
 4464 01bc 0040     		.short	16384
 4465 01be 0078     		.short	30720
 4466 01c0 0044     		.short	17408
 4467 01c2 0044     		.short	17408
 4468 01c4 0044     		.short	17408
 4469 01c6 0038     		.short	14336
 4470 01c8 0000     		.short	0
 4471 01ca 0000     		.short	0
 4472 01cc 007C     		.short	31744
 4473 01ce 0004     		.short	1024
 4474 01d0 0008     		.short	2048
 4475 01d2 0010     		.short	4096
 4476 01d4 0010     		.short	4096
 4477 01d6 0020     		.short	8192
 4478 01d8 0020     		.short	8192
 4479 01da 0020     		.short	8192
 4480 01dc 0000     		.short	0
 4481 01de 0000     		.short	0
 4482 01e0 0038     		.short	14336
 4483 01e2 0044     		.short	17408
 4484 01e4 0044     		.short	17408
 4485 01e6 0038     		.short	14336
 4486 01e8 0044     		.short	17408
 4487 01ea 0044     		.short	17408
 4488 01ec 0044     		.short	17408
 4489 01ee 0038     		.short	14336
 4490 01f0 0000     		.short	0
 4491 01f2 0000     		.short	0
 4492 01f4 0038     		.short	14336
 4493 01f6 0044     		.short	17408
 4494 01f8 0044     		.short	17408
 4495 01fa 0044     		.short	17408
 4496 01fc 003C     		.short	15360
 4497 01fe 0004     		.short	1024
 4498 0200 0044     		.short	17408
 4499 0202 0038     		.short	14336
 4500 0204 0000     		.short	0
 4501 0206 0000     		.short	0
 4502 0208 0000     		.short	0
 4503 020a 0000     		.short	0
 4504 020c 0010     		.short	4096
 4505 020e 0000     		.short	0
 4506 0210 0000     		.short	0
 4507 0212 0000     		.short	0
 4508 0214 0000     		.short	0
 4509 0216 0010     		.short	4096
 4510 0218 0000     		.short	0
 4511 021a 0000     		.short	0
 4512 021c 0000     		.short	0
 4513 021e 0000     		.short	0
 4514 0220 0000     		.short	0
 4515 0222 0010     		.short	4096
ARM GAS  C:\Users\joabk\AppData\Local\Temp\cc0IL2Rz.s 			page 80


 4516 0224 0000     		.short	0
 4517 0226 0000     		.short	0
 4518 0228 0000     		.short	0
 4519 022a 0010     		.short	4096
 4520 022c 0010     		.short	4096
 4521 022e 0010     		.short	4096
 4522 0230 0000     		.short	0
 4523 0232 0000     		.short	0
 4524 0234 000C     		.short	3072
 4525 0236 0030     		.short	12288
 4526 0238 0040     		.short	16384
 4527 023a 0030     		.short	12288
 4528 023c 000C     		.short	3072
 4529 023e 0000     		.short	0
 4530 0240 0000     		.short	0
 4531 0242 0000     		.short	0
 4532 0244 0000     		.short	0
 4533 0246 0000     		.short	0
 4534 0248 0000     		.short	0
 4535 024a 007C     		.short	31744
 4536 024c 0000     		.short	0
 4537 024e 007C     		.short	31744
 4538 0250 0000     		.short	0
 4539 0252 0000     		.short	0
 4540 0254 0000     		.short	0
 4541 0256 0000     		.short	0
 4542 0258 0000     		.short	0
 4543 025a 0000     		.short	0
 4544 025c 0060     		.short	24576
 4545 025e 0018     		.short	6144
 4546 0260 0004     		.short	1024
 4547 0262 0018     		.short	6144
 4548 0264 0060     		.short	24576
 4549 0266 0000     		.short	0
 4550 0268 0000     		.short	0
 4551 026a 0000     		.short	0
 4552 026c 0038     		.short	14336
 4553 026e 0044     		.short	17408
 4554 0270 0004     		.short	1024
 4555 0272 0008     		.short	2048
 4556 0274 0010     		.short	4096
 4557 0276 0010     		.short	4096
 4558 0278 0000     		.short	0
 4559 027a 0010     		.short	4096
 4560 027c 0000     		.short	0
 4561 027e 0000     		.short	0
 4562 0280 0038     		.short	14336
 4563 0282 0044     		.short	17408
 4564 0284 004C     		.short	19456
 4565 0286 0054     		.short	21504
 4566 0288 005C     		.short	23552
 4567 028a 0040     		.short	16384
 4568 028c 0040     		.short	16384
 4569 028e 0038     		.short	14336
 4570 0290 0000     		.short	0
 4571 0292 0000     		.short	0
 4572 0294 0010     		.short	4096
ARM GAS  C:\Users\joabk\AppData\Local\Temp\cc0IL2Rz.s 			page 81


 4573 0296 0028     		.short	10240
 4574 0298 0028     		.short	10240
 4575 029a 0028     		.short	10240
 4576 029c 0028     		.short	10240
 4577 029e 007C     		.short	31744
 4578 02a0 0044     		.short	17408
 4579 02a2 0044     		.short	17408
 4580 02a4 0000     		.short	0
 4581 02a6 0000     		.short	0
 4582 02a8 0078     		.short	30720
 4583 02aa 0044     		.short	17408
 4584 02ac 0044     		.short	17408
 4585 02ae 0078     		.short	30720
 4586 02b0 0044     		.short	17408
 4587 02b2 0044     		.short	17408
 4588 02b4 0044     		.short	17408
 4589 02b6 0078     		.short	30720
 4590 02b8 0000     		.short	0
 4591 02ba 0000     		.short	0
 4592 02bc 0038     		.short	14336
 4593 02be 0044     		.short	17408
 4594 02c0 0040     		.short	16384
 4595 02c2 0040     		.short	16384
 4596 02c4 0040     		.short	16384
 4597 02c6 0040     		.short	16384
 4598 02c8 0044     		.short	17408
 4599 02ca 0038     		.short	14336
 4600 02cc 0000     		.short	0
 4601 02ce 0000     		.short	0
 4602 02d0 0070     		.short	28672
 4603 02d2 0048     		.short	18432
 4604 02d4 0044     		.short	17408
 4605 02d6 0044     		.short	17408
 4606 02d8 0044     		.short	17408
 4607 02da 0044     		.short	17408
 4608 02dc 0048     		.short	18432
 4609 02de 0070     		.short	28672
 4610 02e0 0000     		.short	0
 4611 02e2 0000     		.short	0
 4612 02e4 007C     		.short	31744
 4613 02e6 0040     		.short	16384
 4614 02e8 0040     		.short	16384
 4615 02ea 007C     		.short	31744
 4616 02ec 0040     		.short	16384
 4617 02ee 0040     		.short	16384
 4618 02f0 0040     		.short	16384
 4619 02f2 007C     		.short	31744
 4620 02f4 0000     		.short	0
 4621 02f6 0000     		.short	0
 4622 02f8 007C     		.short	31744
 4623 02fa 0040     		.short	16384
 4624 02fc 0040     		.short	16384
 4625 02fe 0078     		.short	30720
 4626 0300 0040     		.short	16384
 4627 0302 0040     		.short	16384
 4628 0304 0040     		.short	16384
 4629 0306 0040     		.short	16384
ARM GAS  C:\Users\joabk\AppData\Local\Temp\cc0IL2Rz.s 			page 82


 4630 0308 0000     		.short	0
 4631 030a 0000     		.short	0
 4632 030c 0038     		.short	14336
 4633 030e 0044     		.short	17408
 4634 0310 0040     		.short	16384
 4635 0312 0040     		.short	16384
 4636 0314 005C     		.short	23552
 4637 0316 0044     		.short	17408
 4638 0318 0044     		.short	17408
 4639 031a 0038     		.short	14336
 4640 031c 0000     		.short	0
 4641 031e 0000     		.short	0
 4642 0320 0044     		.short	17408
 4643 0322 0044     		.short	17408
 4644 0324 0044     		.short	17408
 4645 0326 007C     		.short	31744
 4646 0328 0044     		.short	17408
 4647 032a 0044     		.short	17408
 4648 032c 0044     		.short	17408
 4649 032e 0044     		.short	17408
 4650 0330 0000     		.short	0
 4651 0332 0000     		.short	0
 4652 0334 0038     		.short	14336
 4653 0336 0010     		.short	4096
 4654 0338 0010     		.short	4096
 4655 033a 0010     		.short	4096
 4656 033c 0010     		.short	4096
 4657 033e 0010     		.short	4096
 4658 0340 0010     		.short	4096
 4659 0342 0038     		.short	14336
 4660 0344 0000     		.short	0
 4661 0346 0000     		.short	0
 4662 0348 0004     		.short	1024
 4663 034a 0004     		.short	1024
 4664 034c 0004     		.short	1024
 4665 034e 0004     		.short	1024
 4666 0350 0004     		.short	1024
 4667 0352 0004     		.short	1024
 4668 0354 0044     		.short	17408
 4669 0356 0038     		.short	14336
 4670 0358 0000     		.short	0
 4671 035a 0000     		.short	0
 4672 035c 0044     		.short	17408
 4673 035e 0048     		.short	18432
 4674 0360 0050     		.short	20480
 4675 0362 0060     		.short	24576
 4676 0364 0050     		.short	20480
 4677 0366 0048     		.short	18432
 4678 0368 0048     		.short	18432
 4679 036a 0044     		.short	17408
 4680 036c 0000     		.short	0
 4681 036e 0000     		.short	0
 4682 0370 0040     		.short	16384
 4683 0372 0040     		.short	16384
 4684 0374 0040     		.short	16384
 4685 0376 0040     		.short	16384
 4686 0378 0040     		.short	16384
ARM GAS  C:\Users\joabk\AppData\Local\Temp\cc0IL2Rz.s 			page 83


 4687 037a 0040     		.short	16384
 4688 037c 0040     		.short	16384
 4689 037e 007C     		.short	31744
 4690 0380 0000     		.short	0
 4691 0382 0000     		.short	0
 4692 0384 0044     		.short	17408
 4693 0386 006C     		.short	27648
 4694 0388 006C     		.short	27648
 4695 038a 0054     		.short	21504
 4696 038c 0044     		.short	17408
 4697 038e 0044     		.short	17408
 4698 0390 0044     		.short	17408
 4699 0392 0044     		.short	17408
 4700 0394 0000     		.short	0
 4701 0396 0000     		.short	0
 4702 0398 0044     		.short	17408
 4703 039a 0064     		.short	25600
 4704 039c 0064     		.short	25600
 4705 039e 0054     		.short	21504
 4706 03a0 0054     		.short	21504
 4707 03a2 004C     		.short	19456
 4708 03a4 004C     		.short	19456
 4709 03a6 0044     		.short	17408
 4710 03a8 0000     		.short	0
 4711 03aa 0000     		.short	0
 4712 03ac 0038     		.short	14336
 4713 03ae 0044     		.short	17408
 4714 03b0 0044     		.short	17408
 4715 03b2 0044     		.short	17408
 4716 03b4 0044     		.short	17408
 4717 03b6 0044     		.short	17408
 4718 03b8 0044     		.short	17408
 4719 03ba 0038     		.short	14336
 4720 03bc 0000     		.short	0
 4721 03be 0000     		.short	0
 4722 03c0 0078     		.short	30720
 4723 03c2 0044     		.short	17408
 4724 03c4 0044     		.short	17408
 4725 03c6 0044     		.short	17408
 4726 03c8 0078     		.short	30720
 4727 03ca 0040     		.short	16384
 4728 03cc 0040     		.short	16384
 4729 03ce 0040     		.short	16384
 4730 03d0 0000     		.short	0
 4731 03d2 0000     		.short	0
 4732 03d4 0038     		.short	14336
 4733 03d6 0044     		.short	17408
 4734 03d8 0044     		.short	17408
 4735 03da 0044     		.short	17408
 4736 03dc 0044     		.short	17408
 4737 03de 0044     		.short	17408
 4738 03e0 0054     		.short	21504
 4739 03e2 0038     		.short	14336
 4740 03e4 0004     		.short	1024
 4741 03e6 0000     		.short	0
 4742 03e8 0078     		.short	30720
 4743 03ea 0044     		.short	17408
ARM GAS  C:\Users\joabk\AppData\Local\Temp\cc0IL2Rz.s 			page 84


 4744 03ec 0044     		.short	17408
 4745 03ee 0044     		.short	17408
 4746 03f0 0078     		.short	30720
 4747 03f2 0048     		.short	18432
 4748 03f4 0048     		.short	18432
 4749 03f6 0044     		.short	17408
 4750 03f8 0000     		.short	0
 4751 03fa 0000     		.short	0
 4752 03fc 0038     		.short	14336
 4753 03fe 0044     		.short	17408
 4754 0400 0040     		.short	16384
 4755 0402 0030     		.short	12288
 4756 0404 0008     		.short	2048
 4757 0406 0004     		.short	1024
 4758 0408 0044     		.short	17408
 4759 040a 0038     		.short	14336
 4760 040c 0000     		.short	0
 4761 040e 0000     		.short	0
 4762 0410 007C     		.short	31744
 4763 0412 0010     		.short	4096
 4764 0414 0010     		.short	4096
 4765 0416 0010     		.short	4096
 4766 0418 0010     		.short	4096
 4767 041a 0010     		.short	4096
 4768 041c 0010     		.short	4096
 4769 041e 0010     		.short	4096
 4770 0420 0000     		.short	0
 4771 0422 0000     		.short	0
 4772 0424 0044     		.short	17408
 4773 0426 0044     		.short	17408
 4774 0428 0044     		.short	17408
 4775 042a 0044     		.short	17408
 4776 042c 0044     		.short	17408
 4777 042e 0044     		.short	17408
 4778 0430 0044     		.short	17408
 4779 0432 0038     		.short	14336
 4780 0434 0000     		.short	0
 4781 0436 0000     		.short	0
 4782 0438 0044     		.short	17408
 4783 043a 0044     		.short	17408
 4784 043c 0044     		.short	17408
 4785 043e 0028     		.short	10240
 4786 0440 0028     		.short	10240
 4787 0442 0028     		.short	10240
 4788 0444 0010     		.short	4096
 4789 0446 0010     		.short	4096
 4790 0448 0000     		.short	0
 4791 044a 0000     		.short	0
 4792 044c 0044     		.short	17408
 4793 044e 0044     		.short	17408
 4794 0450 0054     		.short	21504
 4795 0452 0054     		.short	21504
 4796 0454 0054     		.short	21504
 4797 0456 006C     		.short	27648
 4798 0458 0028     		.short	10240
 4799 045a 0028     		.short	10240
 4800 045c 0000     		.short	0
ARM GAS  C:\Users\joabk\AppData\Local\Temp\cc0IL2Rz.s 			page 85


 4801 045e 0000     		.short	0
 4802 0460 0044     		.short	17408
 4803 0462 0028     		.short	10240
 4804 0464 0028     		.short	10240
 4805 0466 0010     		.short	4096
 4806 0468 0010     		.short	4096
 4807 046a 0028     		.short	10240
 4808 046c 0028     		.short	10240
 4809 046e 0044     		.short	17408
 4810 0470 0000     		.short	0
 4811 0472 0000     		.short	0
 4812 0474 0044     		.short	17408
 4813 0476 0044     		.short	17408
 4814 0478 0028     		.short	10240
 4815 047a 0028     		.short	10240
 4816 047c 0010     		.short	4096
 4817 047e 0010     		.short	4096
 4818 0480 0010     		.short	4096
 4819 0482 0010     		.short	4096
 4820 0484 0000     		.short	0
 4821 0486 0000     		.short	0
 4822 0488 007C     		.short	31744
 4823 048a 0004     		.short	1024
 4824 048c 0008     		.short	2048
 4825 048e 0010     		.short	4096
 4826 0490 0010     		.short	4096
 4827 0492 0020     		.short	8192
 4828 0494 0040     		.short	16384
 4829 0496 007C     		.short	31744
 4830 0498 0000     		.short	0
 4831 049a 0000     		.short	0
 4832 049c 0018     		.short	6144
 4833 049e 0010     		.short	4096
 4834 04a0 0010     		.short	4096
 4835 04a2 0010     		.short	4096
 4836 04a4 0010     		.short	4096
 4837 04a6 0010     		.short	4096
 4838 04a8 0010     		.short	4096
 4839 04aa 0010     		.short	4096
 4840 04ac 0010     		.short	4096
 4841 04ae 0018     		.short	6144
 4842 04b0 0020     		.short	8192
 4843 04b2 0020     		.short	8192
 4844 04b4 0010     		.short	4096
 4845 04b6 0010     		.short	4096
 4846 04b8 0010     		.short	4096
 4847 04ba 0010     		.short	4096
 4848 04bc 0008     		.short	2048
 4849 04be 0008     		.short	2048
 4850 04c0 0000     		.short	0
 4851 04c2 0000     		.short	0
 4852 04c4 0030     		.short	12288
 4853 04c6 0010     		.short	4096
 4854 04c8 0010     		.short	4096
 4855 04ca 0010     		.short	4096
 4856 04cc 0010     		.short	4096
 4857 04ce 0010     		.short	4096
ARM GAS  C:\Users\joabk\AppData\Local\Temp\cc0IL2Rz.s 			page 86


 4858 04d0 0010     		.short	4096
 4859 04d2 0010     		.short	4096
 4860 04d4 0010     		.short	4096
 4861 04d6 0030     		.short	12288
 4862 04d8 0010     		.short	4096
 4863 04da 0028     		.short	10240
 4864 04dc 0028     		.short	10240
 4865 04de 0044     		.short	17408
 4866 04e0 0000     		.short	0
 4867 04e2 0000     		.short	0
 4868 04e4 0000     		.short	0
 4869 04e6 0000     		.short	0
 4870 04e8 0000     		.short	0
 4871 04ea 0000     		.short	0
 4872 04ec 0000     		.short	0
 4873 04ee 0000     		.short	0
 4874 04f0 0000     		.short	0
 4875 04f2 0000     		.short	0
 4876 04f4 0000     		.short	0
 4877 04f6 0000     		.short	0
 4878 04f8 0000     		.short	0
 4879 04fa 0000     		.short	0
 4880 04fc 0000     		.short	0
 4881 04fe 00FE     		.short	-512
 4882 0500 0020     		.short	8192
 4883 0502 0010     		.short	4096
 4884 0504 0000     		.short	0
 4885 0506 0000     		.short	0
 4886 0508 0000     		.short	0
 4887 050a 0000     		.short	0
 4888 050c 0000     		.short	0
 4889 050e 0000     		.short	0
 4890 0510 0000     		.short	0
 4891 0512 0000     		.short	0
 4892 0514 0000     		.short	0
 4893 0516 0000     		.short	0
 4894 0518 0038     		.short	14336
 4895 051a 0044     		.short	17408
 4896 051c 003C     		.short	15360
 4897 051e 0044     		.short	17408
 4898 0520 004C     		.short	19456
 4899 0522 0034     		.short	13312
 4900 0524 0000     		.short	0
 4901 0526 0000     		.short	0
 4902 0528 0040     		.short	16384
 4903 052a 0040     		.short	16384
 4904 052c 0058     		.short	22528
 4905 052e 0064     		.short	25600
 4906 0530 0044     		.short	17408
 4907 0532 0044     		.short	17408
 4908 0534 0064     		.short	25600
 4909 0536 0058     		.short	22528
 4910 0538 0000     		.short	0
 4911 053a 0000     		.short	0
 4912 053c 0000     		.short	0
 4913 053e 0000     		.short	0
 4914 0540 0038     		.short	14336
ARM GAS  C:\Users\joabk\AppData\Local\Temp\cc0IL2Rz.s 			page 87


 4915 0542 0044     		.short	17408
 4916 0544 0040     		.short	16384
 4917 0546 0040     		.short	16384
 4918 0548 0044     		.short	17408
 4919 054a 0038     		.short	14336
 4920 054c 0000     		.short	0
 4921 054e 0000     		.short	0
 4922 0550 0004     		.short	1024
 4923 0552 0004     		.short	1024
 4924 0554 0034     		.short	13312
 4925 0556 004C     		.short	19456
 4926 0558 0044     		.short	17408
 4927 055a 0044     		.short	17408
 4928 055c 004C     		.short	19456
 4929 055e 0034     		.short	13312
 4930 0560 0000     		.short	0
 4931 0562 0000     		.short	0
 4932 0564 0000     		.short	0
 4933 0566 0000     		.short	0
 4934 0568 0038     		.short	14336
 4935 056a 0044     		.short	17408
 4936 056c 007C     		.short	31744
 4937 056e 0040     		.short	16384
 4938 0570 0044     		.short	17408
 4939 0572 0038     		.short	14336
 4940 0574 0000     		.short	0
 4941 0576 0000     		.short	0
 4942 0578 000C     		.short	3072
 4943 057a 0010     		.short	4096
 4944 057c 007C     		.short	31744
 4945 057e 0010     		.short	4096
 4946 0580 0010     		.short	4096
 4947 0582 0010     		.short	4096
 4948 0584 0010     		.short	4096
 4949 0586 0010     		.short	4096
 4950 0588 0000     		.short	0
 4951 058a 0000     		.short	0
 4952 058c 0000     		.short	0
 4953 058e 0000     		.short	0
 4954 0590 0034     		.short	13312
 4955 0592 004C     		.short	19456
 4956 0594 0044     		.short	17408
 4957 0596 0044     		.short	17408
 4958 0598 004C     		.short	19456
 4959 059a 0034     		.short	13312
 4960 059c 0004     		.short	1024
 4961 059e 0078     		.short	30720
 4962 05a0 0040     		.short	16384
 4963 05a2 0040     		.short	16384
 4964 05a4 0058     		.short	22528
 4965 05a6 0064     		.short	25600
 4966 05a8 0044     		.short	17408
 4967 05aa 0044     		.short	17408
 4968 05ac 0044     		.short	17408
 4969 05ae 0044     		.short	17408
 4970 05b0 0000     		.short	0
 4971 05b2 0000     		.short	0
ARM GAS  C:\Users\joabk\AppData\Local\Temp\cc0IL2Rz.s 			page 88


 4972 05b4 0010     		.short	4096
 4973 05b6 0000     		.short	0
 4974 05b8 0070     		.short	28672
 4975 05ba 0010     		.short	4096
 4976 05bc 0010     		.short	4096
 4977 05be 0010     		.short	4096
 4978 05c0 0010     		.short	4096
 4979 05c2 0010     		.short	4096
 4980 05c4 0000     		.short	0
 4981 05c6 0000     		.short	0
 4982 05c8 0010     		.short	4096
 4983 05ca 0000     		.short	0
 4984 05cc 0070     		.short	28672
 4985 05ce 0010     		.short	4096
 4986 05d0 0010     		.short	4096
 4987 05d2 0010     		.short	4096
 4988 05d4 0010     		.short	4096
 4989 05d6 0010     		.short	4096
 4990 05d8 0010     		.short	4096
 4991 05da 00E0     		.short	-8192
 4992 05dc 0040     		.short	16384
 4993 05de 0040     		.short	16384
 4994 05e0 0048     		.short	18432
 4995 05e2 0050     		.short	20480
 4996 05e4 0060     		.short	24576
 4997 05e6 0050     		.short	20480
 4998 05e8 0048     		.short	18432
 4999 05ea 0044     		.short	17408
 5000 05ec 0000     		.short	0
 5001 05ee 0000     		.short	0
 5002 05f0 0070     		.short	28672
 5003 05f2 0010     		.short	4096
 5004 05f4 0010     		.short	4096
 5005 05f6 0010     		.short	4096
 5006 05f8 0010     		.short	4096
 5007 05fa 0010     		.short	4096
 5008 05fc 0010     		.short	4096
 5009 05fe 0010     		.short	4096
 5010 0600 0000     		.short	0
 5011 0602 0000     		.short	0
 5012 0604 0000     		.short	0
 5013 0606 0000     		.short	0
 5014 0608 0078     		.short	30720
 5015 060a 0054     		.short	21504
 5016 060c 0054     		.short	21504
 5017 060e 0054     		.short	21504
 5018 0610 0054     		.short	21504
 5019 0612 0054     		.short	21504
 5020 0614 0000     		.short	0
 5021 0616 0000     		.short	0
 5022 0618 0000     		.short	0
 5023 061a 0000     		.short	0
 5024 061c 0058     		.short	22528
 5025 061e 0064     		.short	25600
 5026 0620 0044     		.short	17408
 5027 0622 0044     		.short	17408
 5028 0624 0044     		.short	17408
ARM GAS  C:\Users\joabk\AppData\Local\Temp\cc0IL2Rz.s 			page 89


 5029 0626 0044     		.short	17408
 5030 0628 0000     		.short	0
 5031 062a 0000     		.short	0
 5032 062c 0000     		.short	0
 5033 062e 0000     		.short	0
 5034 0630 0038     		.short	14336
 5035 0632 0044     		.short	17408
 5036 0634 0044     		.short	17408
 5037 0636 0044     		.short	17408
 5038 0638 0044     		.short	17408
 5039 063a 0038     		.short	14336
 5040 063c 0000     		.short	0
 5041 063e 0000     		.short	0
 5042 0640 0000     		.short	0
 5043 0642 0000     		.short	0
 5044 0644 0058     		.short	22528
 5045 0646 0064     		.short	25600
 5046 0648 0044     		.short	17408
 5047 064a 0044     		.short	17408
 5048 064c 0064     		.short	25600
 5049 064e 0058     		.short	22528
 5050 0650 0040     		.short	16384
 5051 0652 0040     		.short	16384
 5052 0654 0000     		.short	0
 5053 0656 0000     		.short	0
 5054 0658 0034     		.short	13312
 5055 065a 004C     		.short	19456
 5056 065c 0044     		.short	17408
 5057 065e 0044     		.short	17408
 5058 0660 004C     		.short	19456
 5059 0662 0034     		.short	13312
 5060 0664 0004     		.short	1024
 5061 0666 0004     		.short	1024
 5062 0668 0000     		.short	0
 5063 066a 0000     		.short	0
 5064 066c 0058     		.short	22528
 5065 066e 0064     		.short	25600
 5066 0670 0040     		.short	16384
 5067 0672 0040     		.short	16384
 5068 0674 0040     		.short	16384
 5069 0676 0040     		.short	16384
 5070 0678 0000     		.short	0
 5071 067a 0000     		.short	0
 5072 067c 0000     		.short	0
 5073 067e 0000     		.short	0
 5074 0680 0038     		.short	14336
 5075 0682 0044     		.short	17408
 5076 0684 0030     		.short	12288
 5077 0686 0008     		.short	2048
 5078 0688 0044     		.short	17408
 5079 068a 0038     		.short	14336
 5080 068c 0000     		.short	0
 5081 068e 0000     		.short	0
 5082 0690 0020     		.short	8192
 5083 0692 0020     		.short	8192
 5084 0694 0078     		.short	30720
 5085 0696 0020     		.short	8192
ARM GAS  C:\Users\joabk\AppData\Local\Temp\cc0IL2Rz.s 			page 90


 5086 0698 0020     		.short	8192
 5087 069a 0020     		.short	8192
 5088 069c 0020     		.short	8192
 5089 069e 0018     		.short	6144
 5090 06a0 0000     		.short	0
 5091 06a2 0000     		.short	0
 5092 06a4 0000     		.short	0
 5093 06a6 0000     		.short	0
 5094 06a8 0044     		.short	17408
 5095 06aa 0044     		.short	17408
 5096 06ac 0044     		.short	17408
 5097 06ae 0044     		.short	17408
 5098 06b0 004C     		.short	19456
 5099 06b2 0034     		.short	13312
 5100 06b4 0000     		.short	0
 5101 06b6 0000     		.short	0
 5102 06b8 0000     		.short	0
 5103 06ba 0000     		.short	0
 5104 06bc 0044     		.short	17408
 5105 06be 0044     		.short	17408
 5106 06c0 0028     		.short	10240
 5107 06c2 0028     		.short	10240
 5108 06c4 0028     		.short	10240
 5109 06c6 0010     		.short	4096
 5110 06c8 0000     		.short	0
 5111 06ca 0000     		.short	0
 5112 06cc 0000     		.short	0
 5113 06ce 0000     		.short	0
 5114 06d0 0054     		.short	21504
 5115 06d2 0054     		.short	21504
 5116 06d4 0054     		.short	21504
 5117 06d6 006C     		.short	27648
 5118 06d8 0028     		.short	10240
 5119 06da 0028     		.short	10240
 5120 06dc 0000     		.short	0
 5121 06de 0000     		.short	0
 5122 06e0 0000     		.short	0
 5123 06e2 0000     		.short	0
 5124 06e4 0044     		.short	17408
 5125 06e6 0028     		.short	10240
 5126 06e8 0010     		.short	4096
 5127 06ea 0010     		.short	4096
 5128 06ec 0028     		.short	10240
 5129 06ee 0044     		.short	17408
 5130 06f0 0000     		.short	0
 5131 06f2 0000     		.short	0
 5132 06f4 0000     		.short	0
 5133 06f6 0000     		.short	0
 5134 06f8 0044     		.short	17408
 5135 06fa 0044     		.short	17408
 5136 06fc 0028     		.short	10240
 5137 06fe 0028     		.short	10240
 5138 0700 0010     		.short	4096
 5139 0702 0010     		.short	4096
 5140 0704 0010     		.short	4096
 5141 0706 0060     		.short	24576
 5142 0708 0000     		.short	0
ARM GAS  C:\Users\joabk\AppData\Local\Temp\cc0IL2Rz.s 			page 91


 5143 070a 0000     		.short	0
 5144 070c 007C     		.short	31744
 5145 070e 0008     		.short	2048
 5146 0710 0010     		.short	4096
 5147 0712 0020     		.short	8192
 5148 0714 0040     		.short	16384
 5149 0716 007C     		.short	31744
 5150 0718 0000     		.short	0
 5151 071a 0000     		.short	0
 5152 071c 0018     		.short	6144
 5153 071e 0010     		.short	4096
 5154 0720 0010     		.short	4096
 5155 0722 0010     		.short	4096
 5156 0724 0020     		.short	8192
 5157 0726 0020     		.short	8192
 5158 0728 0010     		.short	4096
 5159 072a 0010     		.short	4096
 5160 072c 0010     		.short	4096
 5161 072e 0018     		.short	6144
 5162 0730 0010     		.short	4096
 5163 0732 0010     		.short	4096
 5164 0734 0010     		.short	4096
 5165 0736 0010     		.short	4096
 5166 0738 0010     		.short	4096
 5167 073a 0010     		.short	4096
 5168 073c 0010     		.short	4096
 5169 073e 0010     		.short	4096
 5170 0740 0010     		.short	4096
 5171 0742 0010     		.short	4096
 5172 0744 0030     		.short	12288
 5173 0746 0010     		.short	4096
 5174 0748 0010     		.short	4096
 5175 074a 0010     		.short	4096
 5176 074c 0008     		.short	2048
 5177 074e 0008     		.short	2048
 5178 0750 0010     		.short	4096
 5179 0752 0010     		.short	4096
 5180 0754 0010     		.short	4096
 5181 0756 0030     		.short	12288
 5182 0758 0000     		.short	0
 5183 075a 0000     		.short	0
 5184 075c 0000     		.short	0
 5185 075e 0074     		.short	29696
 5186 0760 004C     		.short	19456
 5187 0762 0000     		.short	0
 5188 0764 0000     		.short	0
 5189 0766 0000     		.short	0
 5190 0768 0000     		.short	0
 5191 076a 0000     		.short	0
 5192              		.ident	"GCC: (xPack GNU Arm Embedded GCC x86_64) 13.3.1 20240614"
ARM GAS  C:\Users\joabk\AppData\Local\Temp\cc0IL2Rz.s 			page 92


DEFINED SYMBOLS
                            *ABS*:00000000 fonts.c
C:\Users\joabk\AppData\Local\Temp\cc0IL2Rz.s:22     .data.Font_16x26:00000000 Font_16x26
C:\Users\joabk\AppData\Local\Temp\cc0IL2Rz.s:19     .data.Font_16x26:00000000 $d
C:\Users\joabk\AppData\Local\Temp\cc0IL2Rz.s:51     .rodata.Font16x26:00000000 Font16x26
C:\Users\joabk\AppData\Local\Temp\cc0IL2Rz.s:32     .data.Font_11x18:00000000 Font_11x18
C:\Users\joabk\AppData\Local\Temp\cc0IL2Rz.s:29     .data.Font_11x18:00000000 $d
C:\Users\joabk\AppData\Local\Temp\cc0IL2Rz.s:2526   .rodata.Font11x18:00000000 Font11x18
C:\Users\joabk\AppData\Local\Temp\cc0IL2Rz.s:42     .data.Font_7x10:00000000 Font_7x10
C:\Users\joabk\AppData\Local\Temp\cc0IL2Rz.s:39     .data.Font_7x10:00000000 $d
C:\Users\joabk\AppData\Local\Temp\cc0IL2Rz.s:4241   .rodata.Font7x10:00000000 Font7x10
C:\Users\joabk\AppData\Local\Temp\cc0IL2Rz.s:48     .rodata.Font16x26:00000000 $d
C:\Users\joabk\AppData\Local\Temp\cc0IL2Rz.s:2523   .rodata.Font11x18:00000000 $d
C:\Users\joabk\AppData\Local\Temp\cc0IL2Rz.s:4238   .rodata.Font7x10:00000000 $d

NO UNDEFINED SYMBOLS
