ARM GAS  C:\Users\joabk\AppData\Local\Temp\ccrwML7P.s 			page 1


   1              		.cpu cortex-m4
   2              		.arch armv7e-m
   3              		.fpu fpv4-sp-d16
   4              		.eabi_attribute 27, 1
   5              		.eabi_attribute 28, 1
   6              		.eabi_attribute 20, 1
   7              		.eabi_attribute 21, 1
   8              		.eabi_attribute 23, 3
   9              		.eabi_attribute 24, 1
  10              		.eabi_attribute 25, 1
  11              		.eabi_attribute 26, 1
  12              		.eabi_attribute 30, 1
  13              		.eabi_attribute 34, 1
  14              		.eabi_attribute 18, 4
  15              		.file	"stm32f4xx_hal_tim.c"
  16              		.text
  17              		.section	.text.TIM_OC1_SetConfig,"ax",%progbits
  18              		.align	1
  19              		.syntax unified
  20              		.thumb
  21              		.thumb_func
  23              	TIM_OC1_SetConfig:
  24              		@ args = 0, pretend = 0, frame = 0
  25              		@ frame_needed = 0, uses_anonymous_args = 0
  26              		@ link register save eliminated.
  27 0000 30B4     		push	{r4, r5}
  28 0002 026A     		ldr	r2, [r0, #32]
  29 0004 036A     		ldr	r3, [r0, #32]
  30 0006 23F00103 		bic	r3, r3, #1
  31 000a 0362     		str	r3, [r0, #32]
  32 000c 4568     		ldr	r5, [r0, #4]
  33 000e 8369     		ldr	r3, [r0, #24]
  34 0010 23F07303 		bic	r3, r3, #115
  35 0014 0C68     		ldr	r4, [r1]
  36 0016 1C43     		orrs	r4, r4, r3
  37 0018 22F00202 		bic	r2, r2, #2
  38 001c 8B68     		ldr	r3, [r1, #8]
  39 001e 1343     		orrs	r3, r3, r2
  40 0020 0B4A     		ldr	r2, .L5
  41 0022 9042     		cmp	r0, r2
  42 0024 06D0     		beq	.L4
  43              	.L2:
  44 0026 4560     		str	r5, [r0, #4]
  45 0028 8461     		str	r4, [r0, #24]
  46 002a 4A68     		ldr	r2, [r1, #4]
  47 002c 4263     		str	r2, [r0, #52]
  48 002e 0362     		str	r3, [r0, #32]
  49 0030 30BC     		pop	{r4, r5}
  50 0032 7047     		bx	lr
  51              	.L4:
  52 0034 23F00803 		bic	r3, r3, #8
  53 0038 CA68     		ldr	r2, [r1, #12]
  54 003a 1A43     		orrs	r2, r2, r3
  55 003c 22F00403 		bic	r3, r2, #4
  56 0040 25F44075 		bic	r5, r5, #768
  57 0044 4A69     		ldr	r2, [r1, #20]
  58 0046 2A43     		orrs	r2, r2, r5
ARM GAS  C:\Users\joabk\AppData\Local\Temp\ccrwML7P.s 			page 2


  59 0048 8D69     		ldr	r5, [r1, #24]
  60 004a 1543     		orrs	r5, r5, r2
  61 004c EBE7     		b	.L2
  62              	.L6:
  63 004e 00BF     		.align	2
  64              	.L5:
  65 0050 00000140 		.word	1073807360
  67              		.section	.text.TIM_OC3_SetConfig,"ax",%progbits
  68              		.align	1
  69              		.syntax unified
  70              		.thumb
  71              		.thumb_func
  73              	TIM_OC3_SetConfig:
  74              		@ args = 0, pretend = 0, frame = 0
  75              		@ frame_needed = 0, uses_anonymous_args = 0
  76              		@ link register save eliminated.
  77 0000 30B4     		push	{r4, r5}
  78 0002 036A     		ldr	r3, [r0, #32]
  79 0004 026A     		ldr	r2, [r0, #32]
  80 0006 22F48072 		bic	r2, r2, #256
  81 000a 0262     		str	r2, [r0, #32]
  82 000c 4468     		ldr	r4, [r0, #4]
  83 000e C269     		ldr	r2, [r0, #28]
  84 0010 22F07302 		bic	r2, r2, #115
  85 0014 0D68     		ldr	r5, [r1]
  86 0016 1543     		orrs	r5, r5, r2
  87 0018 23F40073 		bic	r3, r3, #512
  88 001c 8A68     		ldr	r2, [r1, #8]
  89 001e 43EA0223 		orr	r3, r3, r2, lsl #8
  90 0022 0D4A     		ldr	r2, .L11
  91 0024 9042     		cmp	r0, r2
  92 0026 06D0     		beq	.L10
  93              	.L8:
  94 0028 4460     		str	r4, [r0, #4]
  95 002a C561     		str	r5, [r0, #28]
  96 002c 4A68     		ldr	r2, [r1, #4]
  97 002e C263     		str	r2, [r0, #60]
  98 0030 0362     		str	r3, [r0, #32]
  99 0032 30BC     		pop	{r4, r5}
 100 0034 7047     		bx	lr
 101              	.L10:
 102 0036 23F40063 		bic	r3, r3, #2048
 103 003a CA68     		ldr	r2, [r1, #12]
 104 003c 43EA0223 		orr	r3, r3, r2, lsl #8
 105 0040 23F48063 		bic	r3, r3, #1024
 106 0044 24F44054 		bic	r4, r4, #12288
 107 0048 4A69     		ldr	r2, [r1, #20]
 108 004a 44EA0214 		orr	r4, r4, r2, lsl #4
 109 004e 8A69     		ldr	r2, [r1, #24]
 110 0050 44EA0214 		orr	r4, r4, r2, lsl #4
 111 0054 E8E7     		b	.L8
 112              	.L12:
 113 0056 00BF     		.align	2
 114              	.L11:
 115 0058 00000140 		.word	1073807360
 117              		.section	.text.TIM_OC4_SetConfig,"ax",%progbits
 118              		.align	1
ARM GAS  C:\Users\joabk\AppData\Local\Temp\ccrwML7P.s 			page 3


 119              		.syntax unified
 120              		.thumb
 121              		.thumb_func
 123              	TIM_OC4_SetConfig:
 124              		@ args = 0, pretend = 0, frame = 0
 125              		@ frame_needed = 0, uses_anonymous_args = 0
 126              		@ link register save eliminated.
 127 0000 30B4     		push	{r4, r5}
 128 0002 036A     		ldr	r3, [r0, #32]
 129 0004 026A     		ldr	r2, [r0, #32]
 130 0006 22F48052 		bic	r2, r2, #4096
 131 000a 0262     		str	r2, [r0, #32]
 132 000c 4468     		ldr	r4, [r0, #4]
 133 000e C269     		ldr	r2, [r0, #28]
 134 0010 22F4E642 		bic	r2, r2, #29440
 135 0014 0D68     		ldr	r5, [r1]
 136 0016 42EA0522 		orr	r2, r2, r5, lsl #8
 137 001a 23F40053 		bic	r3, r3, #8192
 138 001e 8D68     		ldr	r5, [r1, #8]
 139 0020 43EA0533 		orr	r3, r3, r5, lsl #12
 140 0024 074D     		ldr	r5, .L17
 141 0026 A842     		cmp	r0, r5
 142 0028 06D0     		beq	.L16
 143              	.L14:
 144 002a 4460     		str	r4, [r0, #4]
 145 002c C261     		str	r2, [r0, #28]
 146 002e 4A68     		ldr	r2, [r1, #4]
 147 0030 0264     		str	r2, [r0, #64]
 148 0032 0362     		str	r3, [r0, #32]
 149 0034 30BC     		pop	{r4, r5}
 150 0036 7047     		bx	lr
 151              	.L16:
 152 0038 24F48044 		bic	r4, r4, #16384
 153 003c 4D69     		ldr	r5, [r1, #20]
 154 003e 44EA8514 		orr	r4, r4, r5, lsl #6
 155 0042 F2E7     		b	.L14
 156              	.L18:
 157              		.align	2
 158              	.L17:
 159 0044 00000140 		.word	1073807360
 161              		.section	.text.TIM_TI1_ConfigInputStage,"ax",%progbits
 162              		.align	1
 163              		.syntax unified
 164              		.thumb
 165              		.thumb_func
 167              	TIM_TI1_ConfigInputStage:
 168              		@ args = 0, pretend = 0, frame = 0
 169              		@ frame_needed = 0, uses_anonymous_args = 0
 170              		@ link register save eliminated.
 171 0000 10B4     		push	{r4}
 172 0002 036A     		ldr	r3, [r0, #32]
 173 0004 046A     		ldr	r4, [r0, #32]
 174 0006 24F00104 		bic	r4, r4, #1
 175 000a 0462     		str	r4, [r0, #32]
 176 000c 8469     		ldr	r4, [r0, #24]
 177 000e 24F0F00C 		bic	ip, r4, #240
 178 0012 4CEA0212 		orr	r2, ip, r2, lsl #4
ARM GAS  C:\Users\joabk\AppData\Local\Temp\ccrwML7P.s 			page 4


 179 0016 23F00A03 		bic	r3, r3, #10
 180 001a 0B43     		orrs	r3, r3, r1
 181 001c 8261     		str	r2, [r0, #24]
 182 001e 0362     		str	r3, [r0, #32]
 183 0020 5DF8044B 		ldr	r4, [sp], #4
 184 0024 7047     		bx	lr
 186              		.section	.text.TIM_TI2_SetConfig,"ax",%progbits
 187              		.align	1
 188              		.syntax unified
 189              		.thumb
 190              		.thumb_func
 192              	TIM_TI2_SetConfig:
 193              		@ args = 0, pretend = 0, frame = 0
 194              		@ frame_needed = 0, uses_anonymous_args = 0
 195              		@ link register save eliminated.
 196 0000 30B4     		push	{r4, r5}
 197 0002 056A     		ldr	r5, [r0, #32]
 198 0004 046A     		ldr	r4, [r0, #32]
 199 0006 24F01004 		bic	r4, r4, #16
 200 000a 0462     		str	r4, [r0, #32]
 201 000c 8469     		ldr	r4, [r0, #24]
 202 000e 24F4407C 		bic	ip, r4, #768
 203 0012 4CEA022C 		orr	ip, ip, r2, lsl #8
 204 0016 2CF4704C 		bic	ip, ip, #61440
 205 001a 1B03     		lsls	r3, r3, #12
 206 001c 9BB2     		uxth	r3, r3
 207 001e 43EA0C03 		orr	r3, r3, ip
 208 0022 25F0A005 		bic	r5, r5, #160
 209 0026 0901     		lsls	r1, r1, #4
 210 0028 01F0A001 		and	r1, r1, #160
 211 002c 2943     		orrs	r1, r1, r5
 212 002e 8361     		str	r3, [r0, #24]
 213 0030 0162     		str	r1, [r0, #32]
 214 0032 30BC     		pop	{r4, r5}
 215 0034 7047     		bx	lr
 217              		.section	.text.TIM_TI2_ConfigInputStage,"ax",%progbits
 218              		.align	1
 219              		.syntax unified
 220              		.thumb
 221              		.thumb_func
 223              	TIM_TI2_ConfigInputStage:
 224              		@ args = 0, pretend = 0, frame = 0
 225              		@ frame_needed = 0, uses_anonymous_args = 0
 226              		@ link register save eliminated.
 227 0000 10B4     		push	{r4}
 228 0002 036A     		ldr	r3, [r0, #32]
 229 0004 046A     		ldr	r4, [r0, #32]
 230 0006 24F01004 		bic	r4, r4, #16
 231 000a 0462     		str	r4, [r0, #32]
 232 000c 8469     		ldr	r4, [r0, #24]
 233 000e 24F4704C 		bic	ip, r4, #61440
 234 0012 4CEA0232 		orr	r2, ip, r2, lsl #12
 235 0016 23F0A003 		bic	r3, r3, #160
 236 001a 43EA0113 		orr	r3, r3, r1, lsl #4
 237 001e 8261     		str	r2, [r0, #24]
 238 0020 0362     		str	r3, [r0, #32]
 239 0022 5DF8044B 		ldr	r4, [sp], #4
ARM GAS  C:\Users\joabk\AppData\Local\Temp\ccrwML7P.s 			page 5


 240 0026 7047     		bx	lr
 242              		.section	.text.TIM_TI3_SetConfig,"ax",%progbits
 243              		.align	1
 244              		.syntax unified
 245              		.thumb
 246              		.thumb_func
 248              	TIM_TI3_SetConfig:
 249              		@ args = 0, pretend = 0, frame = 0
 250              		@ frame_needed = 0, uses_anonymous_args = 0
 251              		@ link register save eliminated.
 252 0000 30B4     		push	{r4, r5}
 253 0002 056A     		ldr	r5, [r0, #32]
 254 0004 046A     		ldr	r4, [r0, #32]
 255 0006 24F48074 		bic	r4, r4, #256
 256 000a 0462     		str	r4, [r0, #32]
 257 000c C469     		ldr	r4, [r0, #28]
 258 000e 24F0030C 		bic	ip, r4, #3
 259 0012 4CEA020C 		orr	ip, ip, r2
 260 0016 2CF0F00C 		bic	ip, ip, #240
 261 001a 1B01     		lsls	r3, r3, #4
 262 001c DBB2     		uxtb	r3, r3
 263 001e 43EA0C03 		orr	r3, r3, ip
 264 0022 25F42065 		bic	r5, r5, #2560
 265 0026 0902     		lsls	r1, r1, #8
 266 0028 01F42061 		and	r1, r1, #2560
 267 002c 2943     		orrs	r1, r1, r5
 268 002e C361     		str	r3, [r0, #28]
 269 0030 0162     		str	r1, [r0, #32]
 270 0032 30BC     		pop	{r4, r5}
 271 0034 7047     		bx	lr
 273              		.section	.text.TIM_TI4_SetConfig,"ax",%progbits
 274              		.align	1
 275              		.syntax unified
 276              		.thumb
 277              		.thumb_func
 279              	TIM_TI4_SetConfig:
 280              		@ args = 0, pretend = 0, frame = 0
 281              		@ frame_needed = 0, uses_anonymous_args = 0
 282              		@ link register save eliminated.
 283 0000 30B4     		push	{r4, r5}
 284 0002 056A     		ldr	r5, [r0, #32]
 285 0004 046A     		ldr	r4, [r0, #32]
 286 0006 24F48054 		bic	r4, r4, #4096
 287 000a 0462     		str	r4, [r0, #32]
 288 000c C469     		ldr	r4, [r0, #28]
 289 000e 24F4407C 		bic	ip, r4, #768
 290 0012 4CEA022C 		orr	ip, ip, r2, lsl #8
 291 0016 2CF4704C 		bic	ip, ip, #61440
 292 001a 1B03     		lsls	r3, r3, #12
 293 001c 9BB2     		uxth	r3, r3
 294 001e 43EA0C03 		orr	r3, r3, ip
 295 0022 25F42045 		bic	r5, r5, #40960
 296 0026 0903     		lsls	r1, r1, #12
 297 0028 01F42041 		and	r1, r1, #40960
 298 002c 2943     		orrs	r1, r1, r5
 299 002e C361     		str	r3, [r0, #28]
 300 0030 0162     		str	r1, [r0, #32]
ARM GAS  C:\Users\joabk\AppData\Local\Temp\ccrwML7P.s 			page 6


 301 0032 30BC     		pop	{r4, r5}
 302 0034 7047     		bx	lr
 304              		.section	.text.TIM_ITRx_SetConfig,"ax",%progbits
 305              		.align	1
 306              		.syntax unified
 307              		.thumb
 308              		.thumb_func
 310              	TIM_ITRx_SetConfig:
 311              		@ args = 0, pretend = 0, frame = 0
 312              		@ frame_needed = 0, uses_anonymous_args = 0
 313              		@ link register save eliminated.
 314 0000 8368     		ldr	r3, [r0, #8]
 315 0002 23F07003 		bic	r3, r3, #112
 316 0006 0B43     		orrs	r3, r3, r1
 317 0008 43F00703 		orr	r3, r3, #7
 318 000c 8360     		str	r3, [r0, #8]
 319 000e 7047     		bx	lr
 321              		.section	.text.HAL_TIM_Base_MspInit,"ax",%progbits
 322              		.align	1
 323              		.weak	HAL_TIM_Base_MspInit
 324              		.syntax unified
 325              		.thumb
 326              		.thumb_func
 328              	HAL_TIM_Base_MspInit:
 329              		@ args = 0, pretend = 0, frame = 0
 330              		@ frame_needed = 0, uses_anonymous_args = 0
 331              		@ link register save eliminated.
 332 0000 7047     		bx	lr
 334              		.section	.text.HAL_TIM_Base_MspDeInit,"ax",%progbits
 335              		.align	1
 336              		.weak	HAL_TIM_Base_MspDeInit
 337              		.syntax unified
 338              		.thumb
 339              		.thumb_func
 341              	HAL_TIM_Base_MspDeInit:
 342              		@ args = 0, pretend = 0, frame = 0
 343              		@ frame_needed = 0, uses_anonymous_args = 0
 344              		@ link register save eliminated.
 345 0000 7047     		bx	lr
 347              		.section	.text.HAL_TIM_Base_DeInit,"ax",%progbits
 348              		.align	1
 349              		.global	HAL_TIM_Base_DeInit
 350              		.syntax unified
 351              		.thumb
 352              		.thumb_func
 354              	HAL_TIM_Base_DeInit:
 355              		@ args = 0, pretend = 0, frame = 0
 356              		@ frame_needed = 0, uses_anonymous_args = 0
 357 0000 10B5     		push	{r4, lr}
 358 0002 0446     		mov	r4, r0
 359 0004 0223     		movs	r3, #2
 360 0006 80F83D30 		strb	r3, [r0, #61]
 361 000a 0368     		ldr	r3, [r0]
 362 000c 196A     		ldr	r1, [r3, #32]
 363 000e 41F21112 		movw	r2, #4369
 364 0012 1142     		tst	r1, r2
 365 0014 08D1     		bne	.L33
ARM GAS  C:\Users\joabk\AppData\Local\Temp\ccrwML7P.s 			page 7


 366 0016 196A     		ldr	r1, [r3, #32]
 367 0018 40F24442 		movw	r2, #1092
 368 001c 1142     		tst	r1, r2
 369 001e 03D1     		bne	.L33
 370 0020 1A68     		ldr	r2, [r3]
 371 0022 22F00102 		bic	r2, r2, #1
 372 0026 1A60     		str	r2, [r3]
 373              	.L33:
 374 0028 2046     		mov	r0, r4
 375 002a FFF7FEFF 		bl	HAL_TIM_Base_MspDeInit
 376 002e 0020     		movs	r0, #0
 377 0030 84F84600 		strb	r0, [r4, #70]
 378 0034 84F83E00 		strb	r0, [r4, #62]
 379 0038 84F83F00 		strb	r0, [r4, #63]
 380 003c 84F84000 		strb	r0, [r4, #64]
 381 0040 84F84100 		strb	r0, [r4, #65]
 382 0044 84F84200 		strb	r0, [r4, #66]
 383 0048 84F84300 		strb	r0, [r4, #67]
 384 004c 84F84400 		strb	r0, [r4, #68]
 385 0050 84F84500 		strb	r0, [r4, #69]
 386 0054 84F83D00 		strb	r0, [r4, #61]
 387 0058 84F83C00 		strb	r0, [r4, #60]
 388 005c 10BD     		pop	{r4, pc}
 390              		.section	.text.HAL_TIM_Base_Start,"ax",%progbits
 391              		.align	1
 392              		.global	HAL_TIM_Base_Start
 393              		.syntax unified
 394              		.thumb
 395              		.thumb_func
 397              	HAL_TIM_Base_Start:
 398              		@ args = 0, pretend = 0, frame = 0
 399              		@ frame_needed = 0, uses_anonymous_args = 0
 400              		@ link register save eliminated.
 401 0000 90F83D30 		ldrb	r3, [r0, #61]	@ zero_extendqisi2
 402 0004 DBB2     		uxtb	r3, r3
 403 0006 012B     		cmp	r3, #1
 404 0008 2AD1     		bne	.L39
 405 000a 0223     		movs	r3, #2
 406 000c 80F83D30 		strb	r3, [r0, #61]
 407 0010 0368     		ldr	r3, [r0]
 408 0012 154A     		ldr	r2, .L41
 409 0014 9342     		cmp	r3, r2
 410 0016 18D0     		beq	.L37
 411 0018 B3F1804F 		cmp	r3, #1073741824
 412 001c 15D0     		beq	.L37
 413 001e A2F57C42 		sub	r2, r2, #64512
 414 0022 9342     		cmp	r3, r2
 415 0024 11D0     		beq	.L37
 416 0026 02F58062 		add	r2, r2, #1024
 417 002a 9342     		cmp	r3, r2
 418 002c 0DD0     		beq	.L37
 419 002e 02F58062 		add	r2, r2, #1024
 420 0032 9342     		cmp	r3, r2
 421 0034 09D0     		beq	.L37
 422 0036 02F59A32 		add	r2, r2, #78848
 423 003a 9342     		cmp	r3, r2
 424 003c 05D0     		beq	.L37
ARM GAS  C:\Users\joabk\AppData\Local\Temp\ccrwML7P.s 			page 8


 425 003e 1A68     		ldr	r2, [r3]
 426 0040 42F00102 		orr	r2, r2, #1
 427 0044 1A60     		str	r2, [r3]
 428 0046 0020     		movs	r0, #0
 429 0048 7047     		bx	lr
 430              	.L37:
 431 004a 9A68     		ldr	r2, [r3, #8]
 432 004c 02F00702 		and	r2, r2, #7
 433 0050 062A     		cmp	r2, #6
 434 0052 07D0     		beq	.L40
 435 0054 1A68     		ldr	r2, [r3]
 436 0056 42F00102 		orr	r2, r2, #1
 437 005a 1A60     		str	r2, [r3]
 438 005c 0020     		movs	r0, #0
 439 005e 7047     		bx	lr
 440              	.L39:
 441 0060 0120     		movs	r0, #1
 442 0062 7047     		bx	lr
 443              	.L40:
 444 0064 0020     		movs	r0, #0
 445 0066 7047     		bx	lr
 446              	.L42:
 447              		.align	2
 448              	.L41:
 449 0068 00000140 		.word	1073807360
 451              		.section	.text.HAL_TIM_Base_Stop,"ax",%progbits
 452              		.align	1
 453              		.global	HAL_TIM_Base_Stop
 454              		.syntax unified
 455              		.thumb
 456              		.thumb_func
 458              	HAL_TIM_Base_Stop:
 459              		@ args = 0, pretend = 0, frame = 0
 460              		@ frame_needed = 0, uses_anonymous_args = 0
 461              		@ link register save eliminated.
 462 0000 0368     		ldr	r3, [r0]
 463 0002 196A     		ldr	r1, [r3, #32]
 464 0004 41F21112 		movw	r2, #4369
 465 0008 1142     		tst	r1, r2
 466 000a 08D1     		bne	.L44
 467 000c 196A     		ldr	r1, [r3, #32]
 468 000e 40F24442 		movw	r2, #1092
 469 0012 1142     		tst	r1, r2
 470 0014 03D1     		bne	.L44
 471 0016 1A68     		ldr	r2, [r3]
 472 0018 22F00102 		bic	r2, r2, #1
 473 001c 1A60     		str	r2, [r3]
 474              	.L44:
 475 001e 0123     		movs	r3, #1
 476 0020 80F83D30 		strb	r3, [r0, #61]
 477 0024 0020     		movs	r0, #0
 478 0026 7047     		bx	lr
 480              		.section	.text.HAL_TIM_Base_Start_IT,"ax",%progbits
 481              		.align	1
 482              		.global	HAL_TIM_Base_Start_IT
 483              		.syntax unified
 484              		.thumb
ARM GAS  C:\Users\joabk\AppData\Local\Temp\ccrwML7P.s 			page 9


 485              		.thumb_func
 487              	HAL_TIM_Base_Start_IT:
 488              		@ args = 0, pretend = 0, frame = 0
 489              		@ frame_needed = 0, uses_anonymous_args = 0
 490              		@ link register save eliminated.
 491 0000 90F83D30 		ldrb	r3, [r0, #61]	@ zero_extendqisi2
 492 0004 DBB2     		uxtb	r3, r3
 493 0006 012B     		cmp	r3, #1
 494 0008 2FD1     		bne	.L49
 495 000a 0223     		movs	r3, #2
 496 000c 80F83D30 		strb	r3, [r0, #61]
 497 0010 0268     		ldr	r2, [r0]
 498 0012 D368     		ldr	r3, [r2, #12]
 499 0014 43F00103 		orr	r3, r3, #1
 500 0018 D360     		str	r3, [r2, #12]
 501 001a 0368     		ldr	r3, [r0]
 502 001c 154A     		ldr	r2, .L51
 503 001e 9342     		cmp	r3, r2
 504 0020 18D0     		beq	.L47
 505 0022 B3F1804F 		cmp	r3, #1073741824
 506 0026 15D0     		beq	.L47
 507 0028 A2F57C42 		sub	r2, r2, #64512
 508 002c 9342     		cmp	r3, r2
 509 002e 11D0     		beq	.L47
 510 0030 02F58062 		add	r2, r2, #1024
 511 0034 9342     		cmp	r3, r2
 512 0036 0DD0     		beq	.L47
 513 0038 02F58062 		add	r2, r2, #1024
 514 003c 9342     		cmp	r3, r2
 515 003e 09D0     		beq	.L47
 516 0040 02F59A32 		add	r2, r2, #78848
 517 0044 9342     		cmp	r3, r2
 518 0046 05D0     		beq	.L47
 519 0048 1A68     		ldr	r2, [r3]
 520 004a 42F00102 		orr	r2, r2, #1
 521 004e 1A60     		str	r2, [r3]
 522 0050 0020     		movs	r0, #0
 523 0052 7047     		bx	lr
 524              	.L47:
 525 0054 9A68     		ldr	r2, [r3, #8]
 526 0056 02F00702 		and	r2, r2, #7
 527 005a 062A     		cmp	r2, #6
 528 005c 07D0     		beq	.L50
 529 005e 1A68     		ldr	r2, [r3]
 530 0060 42F00102 		orr	r2, r2, #1
 531 0064 1A60     		str	r2, [r3]
 532 0066 0020     		movs	r0, #0
 533 0068 7047     		bx	lr
 534              	.L49:
 535 006a 0120     		movs	r0, #1
 536 006c 7047     		bx	lr
 537              	.L50:
 538 006e 0020     		movs	r0, #0
 539 0070 7047     		bx	lr
 540              	.L52:
 541 0072 00BF     		.align	2
 542              	.L51:
ARM GAS  C:\Users\joabk\AppData\Local\Temp\ccrwML7P.s 			page 10


 543 0074 00000140 		.word	1073807360
 545              		.section	.text.HAL_TIM_Base_Stop_IT,"ax",%progbits
 546              		.align	1
 547              		.global	HAL_TIM_Base_Stop_IT
 548              		.syntax unified
 549              		.thumb
 550              		.thumb_func
 552              	HAL_TIM_Base_Stop_IT:
 553              		@ args = 0, pretend = 0, frame = 0
 554              		@ frame_needed = 0, uses_anonymous_args = 0
 555              		@ link register save eliminated.
 556 0000 0268     		ldr	r2, [r0]
 557 0002 D368     		ldr	r3, [r2, #12]
 558 0004 23F00103 		bic	r3, r3, #1
 559 0008 D360     		str	r3, [r2, #12]
 560 000a 0368     		ldr	r3, [r0]
 561 000c 196A     		ldr	r1, [r3, #32]
 562 000e 41F21112 		movw	r2, #4369
 563 0012 1142     		tst	r1, r2
 564 0014 08D1     		bne	.L54
 565 0016 196A     		ldr	r1, [r3, #32]
 566 0018 40F24442 		movw	r2, #1092
 567 001c 1142     		tst	r1, r2
 568 001e 03D1     		bne	.L54
 569 0020 1A68     		ldr	r2, [r3]
 570 0022 22F00102 		bic	r2, r2, #1
 571 0026 1A60     		str	r2, [r3]
 572              	.L54:
 573 0028 0123     		movs	r3, #1
 574 002a 80F83D30 		strb	r3, [r0, #61]
 575 002e 0020     		movs	r0, #0
 576 0030 7047     		bx	lr
 578              		.section	.text.HAL_TIM_Base_Start_DMA,"ax",%progbits
 579              		.align	1
 580              		.global	HAL_TIM_Base_Start_DMA
 581              		.syntax unified
 582              		.thumb
 583              		.thumb_func
 585              	HAL_TIM_Base_Start_DMA:
 586              		@ args = 0, pretend = 0, frame = 0
 587              		@ frame_needed = 0, uses_anonymous_args = 0
 588 0000 38B5     		push	{r3, r4, r5, lr}
 589 0002 90F83D40 		ldrb	r4, [r0, #61]	@ zero_extendqisi2
 590 0006 E4B2     		uxtb	r4, r4
 591 0008 022C     		cmp	r4, #2
 592 000a 4CD0     		beq	.L56
 593 000c 0546     		mov	r5, r0
 594 000e 90F83D40 		ldrb	r4, [r0, #61]	@ zero_extendqisi2
 595 0012 E4B2     		uxtb	r4, r4
 596 0014 012C     		cmp	r4, #1
 597 0016 45D1     		bne	.L59
 598 0018 0029     		cmp	r1, #0
 599 001a 44D0     		beq	.L56
 600 001c 002A     		cmp	r2, #0
 601 001e 42D0     		beq	.L56
 602 0020 0223     		movs	r3, #2
 603 0022 80F83D30 		strb	r3, [r0, #61]
ARM GAS  C:\Users\joabk\AppData\Local\Temp\ccrwML7P.s 			page 11


 604 0026 036A     		ldr	r3, [r0, #32]
 605 0028 2148     		ldr	r0, .L62
 606 002a D863     		str	r0, [r3, #60]
 607 002c 2B6A     		ldr	r3, [r5, #32]
 608 002e 2148     		ldr	r0, .L62+4
 609 0030 1864     		str	r0, [r3, #64]
 610 0032 2B6A     		ldr	r3, [r5, #32]
 611 0034 2048     		ldr	r0, .L62+8
 612 0036 D864     		str	r0, [r3, #76]
 613 0038 2868     		ldr	r0, [r5]
 614 003a 1346     		mov	r3, r2
 615 003c 00F12C02 		add	r2, r0, #44
 616 0040 286A     		ldr	r0, [r5, #32]
 617 0042 FFF7FEFF 		bl	HAL_DMA_Start_IT
 618 0046 0146     		mov	r1, r0
 619 0048 68BB     		cbnz	r0, .L56
 620 004a 2A68     		ldr	r2, [r5]
 621 004c D368     		ldr	r3, [r2, #12]
 622 004e 43F48073 		orr	r3, r3, #256
 623 0052 D360     		str	r3, [r2, #12]
 624 0054 2B68     		ldr	r3, [r5]
 625 0056 194A     		ldr	r2, .L62+12
 626 0058 9342     		cmp	r3, r2
 627 005a 18D0     		beq	.L57
 628 005c B3F1804F 		cmp	r3, #1073741824
 629 0060 15D0     		beq	.L57
 630 0062 A2F57C42 		sub	r2, r2, #64512
 631 0066 9342     		cmp	r3, r2
 632 0068 11D0     		beq	.L57
 633 006a 02F58062 		add	r2, r2, #1024
 634 006e 9342     		cmp	r3, r2
 635 0070 0DD0     		beq	.L57
 636 0072 02F58062 		add	r2, r2, #1024
 637 0076 9342     		cmp	r3, r2
 638 0078 09D0     		beq	.L57
 639 007a 02F59A32 		add	r2, r2, #78848
 640 007e 9342     		cmp	r3, r2
 641 0080 05D0     		beq	.L57
 642 0082 1A68     		ldr	r2, [r3]
 643 0084 42F00102 		orr	r2, r2, #1
 644 0088 1A60     		str	r2, [r3]
 645 008a 0446     		mov	r4, r0
 646 008c 0BE0     		b	.L56
 647              	.L57:
 648 008e 9A68     		ldr	r2, [r3, #8]
 649 0090 02F00702 		and	r2, r2, #7
 650 0094 062A     		cmp	r2, #6
 651 0096 08D0     		beq	.L60
 652 0098 1A68     		ldr	r2, [r3]
 653 009a 42F00102 		orr	r2, r2, #1
 654 009e 1A60     		str	r2, [r3]
 655 00a0 0C46     		mov	r4, r1
 656 00a2 00E0     		b	.L56
 657              	.L59:
 658 00a4 0124     		movs	r4, #1
 659              	.L56:
 660 00a6 2046     		mov	r0, r4
ARM GAS  C:\Users\joabk\AppData\Local\Temp\ccrwML7P.s 			page 12


 661 00a8 38BD     		pop	{r3, r4, r5, pc}
 662              	.L60:
 663 00aa 0C46     		mov	r4, r1
 664 00ac FBE7     		b	.L56
 665              	.L63:
 666 00ae 00BF     		.align	2
 667              	.L62:
 668 00b0 00000000 		.word	TIM_DMAPeriodElapsedCplt
 669 00b4 00000000 		.word	TIM_DMAPeriodElapsedHalfCplt
 670 00b8 00000000 		.word	TIM_DMAError
 671 00bc 00000140 		.word	1073807360
 673              		.section	.text.HAL_TIM_Base_Stop_DMA,"ax",%progbits
 674              		.align	1
 675              		.global	HAL_TIM_Base_Stop_DMA
 676              		.syntax unified
 677              		.thumb
 678              		.thumb_func
 680              	HAL_TIM_Base_Stop_DMA:
 681              		@ args = 0, pretend = 0, frame = 0
 682              		@ frame_needed = 0, uses_anonymous_args = 0
 683 0000 10B5     		push	{r4, lr}
 684 0002 0446     		mov	r4, r0
 685 0004 0268     		ldr	r2, [r0]
 686 0006 D368     		ldr	r3, [r2, #12]
 687 0008 23F48073 		bic	r3, r3, #256
 688 000c D360     		str	r3, [r2, #12]
 689 000e 006A     		ldr	r0, [r0, #32]
 690 0010 FFF7FEFF 		bl	HAL_DMA_Abort_IT
 691 0014 2368     		ldr	r3, [r4]
 692 0016 196A     		ldr	r1, [r3, #32]
 693 0018 41F21112 		movw	r2, #4369
 694 001c 1142     		tst	r1, r2
 695 001e 08D1     		bne	.L65
 696 0020 196A     		ldr	r1, [r3, #32]
 697 0022 40F24442 		movw	r2, #1092
 698 0026 1142     		tst	r1, r2
 699 0028 03D1     		bne	.L65
 700 002a 1A68     		ldr	r2, [r3]
 701 002c 22F00102 		bic	r2, r2, #1
 702 0030 1A60     		str	r2, [r3]
 703              	.L65:
 704 0032 0123     		movs	r3, #1
 705 0034 84F83D30 		strb	r3, [r4, #61]
 706 0038 0020     		movs	r0, #0
 707 003a 10BD     		pop	{r4, pc}
 709              		.section	.text.HAL_TIM_OC_MspInit,"ax",%progbits
 710              		.align	1
 711              		.weak	HAL_TIM_OC_MspInit
 712              		.syntax unified
 713              		.thumb
 714              		.thumb_func
 716              	HAL_TIM_OC_MspInit:
 717              		@ args = 0, pretend = 0, frame = 0
 718              		@ frame_needed = 0, uses_anonymous_args = 0
 719              		@ link register save eliminated.
 720 0000 7047     		bx	lr
 722              		.section	.text.HAL_TIM_OC_MspDeInit,"ax",%progbits
ARM GAS  C:\Users\joabk\AppData\Local\Temp\ccrwML7P.s 			page 13


 723              		.align	1
 724              		.weak	HAL_TIM_OC_MspDeInit
 725              		.syntax unified
 726              		.thumb
 727              		.thumb_func
 729              	HAL_TIM_OC_MspDeInit:
 730              		@ args = 0, pretend = 0, frame = 0
 731              		@ frame_needed = 0, uses_anonymous_args = 0
 732              		@ link register save eliminated.
 733 0000 7047     		bx	lr
 735              		.section	.text.HAL_TIM_OC_DeInit,"ax",%progbits
 736              		.align	1
 737              		.global	HAL_TIM_OC_DeInit
 738              		.syntax unified
 739              		.thumb
 740              		.thumb_func
 742              	HAL_TIM_OC_DeInit:
 743              		@ args = 0, pretend = 0, frame = 0
 744              		@ frame_needed = 0, uses_anonymous_args = 0
 745 0000 10B5     		push	{r4, lr}
 746 0002 0446     		mov	r4, r0
 747 0004 0223     		movs	r3, #2
 748 0006 80F83D30 		strb	r3, [r0, #61]
 749 000a 0368     		ldr	r3, [r0]
 750 000c 196A     		ldr	r1, [r3, #32]
 751 000e 41F21112 		movw	r2, #4369
 752 0012 1142     		tst	r1, r2
 753 0014 08D1     		bne	.L70
 754 0016 196A     		ldr	r1, [r3, #32]
 755 0018 40F24442 		movw	r2, #1092
 756 001c 1142     		tst	r1, r2
 757 001e 03D1     		bne	.L70
 758 0020 1A68     		ldr	r2, [r3]
 759 0022 22F00102 		bic	r2, r2, #1
 760 0026 1A60     		str	r2, [r3]
 761              	.L70:
 762 0028 2046     		mov	r0, r4
 763 002a FFF7FEFF 		bl	HAL_TIM_OC_MspDeInit
 764 002e 0020     		movs	r0, #0
 765 0030 84F84600 		strb	r0, [r4, #70]
 766 0034 84F83E00 		strb	r0, [r4, #62]
 767 0038 84F83F00 		strb	r0, [r4, #63]
 768 003c 84F84000 		strb	r0, [r4, #64]
 769 0040 84F84100 		strb	r0, [r4, #65]
 770 0044 84F84200 		strb	r0, [r4, #66]
 771 0048 84F84300 		strb	r0, [r4, #67]
 772 004c 84F84400 		strb	r0, [r4, #68]
 773 0050 84F84500 		strb	r0, [r4, #69]
 774 0054 84F83D00 		strb	r0, [r4, #61]
 775 0058 84F83C00 		strb	r0, [r4, #60]
 776 005c 10BD     		pop	{r4, pc}
 778              		.section	.text.HAL_TIM_PWM_MspInit,"ax",%progbits
 779              		.align	1
 780              		.weak	HAL_TIM_PWM_MspInit
 781              		.syntax unified
 782              		.thumb
 783              		.thumb_func
ARM GAS  C:\Users\joabk\AppData\Local\Temp\ccrwML7P.s 			page 14


 785              	HAL_TIM_PWM_MspInit:
 786              		@ args = 0, pretend = 0, frame = 0
 787              		@ frame_needed = 0, uses_anonymous_args = 0
 788              		@ link register save eliminated.
 789 0000 7047     		bx	lr
 791              		.section	.text.HAL_TIM_PWM_MspDeInit,"ax",%progbits
 792              		.align	1
 793              		.weak	HAL_TIM_PWM_MspDeInit
 794              		.syntax unified
 795              		.thumb
 796              		.thumb_func
 798              	HAL_TIM_PWM_MspDeInit:
 799              		@ args = 0, pretend = 0, frame = 0
 800              		@ frame_needed = 0, uses_anonymous_args = 0
 801              		@ link register save eliminated.
 802 0000 7047     		bx	lr
 804              		.section	.text.HAL_TIM_PWM_DeInit,"ax",%progbits
 805              		.align	1
 806              		.global	HAL_TIM_PWM_DeInit
 807              		.syntax unified
 808              		.thumb
 809              		.thumb_func
 811              	HAL_TIM_PWM_DeInit:
 812              		@ args = 0, pretend = 0, frame = 0
 813              		@ frame_needed = 0, uses_anonymous_args = 0
 814 0000 10B5     		push	{r4, lr}
 815 0002 0446     		mov	r4, r0
 816 0004 0223     		movs	r3, #2
 817 0006 80F83D30 		strb	r3, [r0, #61]
 818 000a 0368     		ldr	r3, [r0]
 819 000c 196A     		ldr	r1, [r3, #32]
 820 000e 41F21112 		movw	r2, #4369
 821 0012 1142     		tst	r1, r2
 822 0014 08D1     		bne	.L75
 823 0016 196A     		ldr	r1, [r3, #32]
 824 0018 40F24442 		movw	r2, #1092
 825 001c 1142     		tst	r1, r2
 826 001e 03D1     		bne	.L75
 827 0020 1A68     		ldr	r2, [r3]
 828 0022 22F00102 		bic	r2, r2, #1
 829 0026 1A60     		str	r2, [r3]
 830              	.L75:
 831 0028 2046     		mov	r0, r4
 832 002a FFF7FEFF 		bl	HAL_TIM_PWM_MspDeInit
 833 002e 0020     		movs	r0, #0
 834 0030 84F84600 		strb	r0, [r4, #70]
 835 0034 84F83E00 		strb	r0, [r4, #62]
 836 0038 84F83F00 		strb	r0, [r4, #63]
 837 003c 84F84000 		strb	r0, [r4, #64]
 838 0040 84F84100 		strb	r0, [r4, #65]
 839 0044 84F84200 		strb	r0, [r4, #66]
 840 0048 84F84300 		strb	r0, [r4, #67]
 841 004c 84F84400 		strb	r0, [r4, #68]
 842 0050 84F84500 		strb	r0, [r4, #69]
 843 0054 84F83D00 		strb	r0, [r4, #61]
 844 0058 84F83C00 		strb	r0, [r4, #60]
 845 005c 10BD     		pop	{r4, pc}
ARM GAS  C:\Users\joabk\AppData\Local\Temp\ccrwML7P.s 			page 15


 847              		.section	.text.HAL_TIM_IC_MspInit,"ax",%progbits
 848              		.align	1
 849              		.weak	HAL_TIM_IC_MspInit
 850              		.syntax unified
 851              		.thumb
 852              		.thumb_func
 854              	HAL_TIM_IC_MspInit:
 855              		@ args = 0, pretend = 0, frame = 0
 856              		@ frame_needed = 0, uses_anonymous_args = 0
 857              		@ link register save eliminated.
 858 0000 7047     		bx	lr
 860              		.section	.text.HAL_TIM_IC_MspDeInit,"ax",%progbits
 861              		.align	1
 862              		.weak	HAL_TIM_IC_MspDeInit
 863              		.syntax unified
 864              		.thumb
 865              		.thumb_func
 867              	HAL_TIM_IC_MspDeInit:
 868              		@ args = 0, pretend = 0, frame = 0
 869              		@ frame_needed = 0, uses_anonymous_args = 0
 870              		@ link register save eliminated.
 871 0000 7047     		bx	lr
 873              		.section	.text.HAL_TIM_IC_DeInit,"ax",%progbits
 874              		.align	1
 875              		.global	HAL_TIM_IC_DeInit
 876              		.syntax unified
 877              		.thumb
 878              		.thumb_func
 880              	HAL_TIM_IC_DeInit:
 881              		@ args = 0, pretend = 0, frame = 0
 882              		@ frame_needed = 0, uses_anonymous_args = 0
 883 0000 10B5     		push	{r4, lr}
 884 0002 0446     		mov	r4, r0
 885 0004 0223     		movs	r3, #2
 886 0006 80F83D30 		strb	r3, [r0, #61]
 887 000a 0368     		ldr	r3, [r0]
 888 000c 196A     		ldr	r1, [r3, #32]
 889 000e 41F21112 		movw	r2, #4369
 890 0012 1142     		tst	r1, r2
 891 0014 08D1     		bne	.L80
 892 0016 196A     		ldr	r1, [r3, #32]
 893 0018 40F24442 		movw	r2, #1092
 894 001c 1142     		tst	r1, r2
 895 001e 03D1     		bne	.L80
 896 0020 1A68     		ldr	r2, [r3]
 897 0022 22F00102 		bic	r2, r2, #1
 898 0026 1A60     		str	r2, [r3]
 899              	.L80:
 900 0028 2046     		mov	r0, r4
 901 002a FFF7FEFF 		bl	HAL_TIM_IC_MspDeInit
 902 002e 0020     		movs	r0, #0
 903 0030 84F84600 		strb	r0, [r4, #70]
 904 0034 84F83E00 		strb	r0, [r4, #62]
 905 0038 84F83F00 		strb	r0, [r4, #63]
 906 003c 84F84000 		strb	r0, [r4, #64]
 907 0040 84F84100 		strb	r0, [r4, #65]
 908 0044 84F84200 		strb	r0, [r4, #66]
ARM GAS  C:\Users\joabk\AppData\Local\Temp\ccrwML7P.s 			page 16


 909 0048 84F84300 		strb	r0, [r4, #67]
 910 004c 84F84400 		strb	r0, [r4, #68]
 911 0050 84F84500 		strb	r0, [r4, #69]
 912 0054 84F83D00 		strb	r0, [r4, #61]
 913 0058 84F83C00 		strb	r0, [r4, #60]
 914 005c 10BD     		pop	{r4, pc}
 916              		.section	.text.HAL_TIM_OnePulse_MspInit,"ax",%progbits
 917              		.align	1
 918              		.weak	HAL_TIM_OnePulse_MspInit
 919              		.syntax unified
 920              		.thumb
 921              		.thumb_func
 923              	HAL_TIM_OnePulse_MspInit:
 924              		@ args = 0, pretend = 0, frame = 0
 925              		@ frame_needed = 0, uses_anonymous_args = 0
 926              		@ link register save eliminated.
 927 0000 7047     		bx	lr
 929              		.section	.text.HAL_TIM_OnePulse_MspDeInit,"ax",%progbits
 930              		.align	1
 931              		.weak	HAL_TIM_OnePulse_MspDeInit
 932              		.syntax unified
 933              		.thumb
 934              		.thumb_func
 936              	HAL_TIM_OnePulse_MspDeInit:
 937              		@ args = 0, pretend = 0, frame = 0
 938              		@ frame_needed = 0, uses_anonymous_args = 0
 939              		@ link register save eliminated.
 940 0000 7047     		bx	lr
 942              		.section	.text.HAL_TIM_OnePulse_DeInit,"ax",%progbits
 943              		.align	1
 944              		.global	HAL_TIM_OnePulse_DeInit
 945              		.syntax unified
 946              		.thumb
 947              		.thumb_func
 949              	HAL_TIM_OnePulse_DeInit:
 950              		@ args = 0, pretend = 0, frame = 0
 951              		@ frame_needed = 0, uses_anonymous_args = 0
 952 0000 10B5     		push	{r4, lr}
 953 0002 0446     		mov	r4, r0
 954 0004 0223     		movs	r3, #2
 955 0006 80F83D30 		strb	r3, [r0, #61]
 956 000a 0368     		ldr	r3, [r0]
 957 000c 196A     		ldr	r1, [r3, #32]
 958 000e 41F21112 		movw	r2, #4369
 959 0012 1142     		tst	r1, r2
 960 0014 08D1     		bne	.L85
 961 0016 196A     		ldr	r1, [r3, #32]
 962 0018 40F24442 		movw	r2, #1092
 963 001c 1142     		tst	r1, r2
 964 001e 03D1     		bne	.L85
 965 0020 1A68     		ldr	r2, [r3]
 966 0022 22F00102 		bic	r2, r2, #1
 967 0026 1A60     		str	r2, [r3]
 968              	.L85:
 969 0028 2046     		mov	r0, r4
 970 002a FFF7FEFF 		bl	HAL_TIM_OnePulse_MspDeInit
 971 002e 0020     		movs	r0, #0
ARM GAS  C:\Users\joabk\AppData\Local\Temp\ccrwML7P.s 			page 17


 972 0030 84F84600 		strb	r0, [r4, #70]
 973 0034 84F83E00 		strb	r0, [r4, #62]
 974 0038 84F83F00 		strb	r0, [r4, #63]
 975 003c 84F84200 		strb	r0, [r4, #66]
 976 0040 84F84300 		strb	r0, [r4, #67]
 977 0044 84F83D00 		strb	r0, [r4, #61]
 978 0048 84F83C00 		strb	r0, [r4, #60]
 979 004c 10BD     		pop	{r4, pc}
 981              		.section	.text.HAL_TIM_Encoder_MspInit,"ax",%progbits
 982              		.align	1
 983              		.weak	HAL_TIM_Encoder_MspInit
 984              		.syntax unified
 985              		.thumb
 986              		.thumb_func
 988              	HAL_TIM_Encoder_MspInit:
 989              		@ args = 0, pretend = 0, frame = 0
 990              		@ frame_needed = 0, uses_anonymous_args = 0
 991              		@ link register save eliminated.
 992 0000 7047     		bx	lr
 994              		.section	.text.HAL_TIM_Encoder_MspDeInit,"ax",%progbits
 995              		.align	1
 996              		.weak	HAL_TIM_Encoder_MspDeInit
 997              		.syntax unified
 998              		.thumb
 999              		.thumb_func
 1001              	HAL_TIM_Encoder_MspDeInit:
 1002              		@ args = 0, pretend = 0, frame = 0
 1003              		@ frame_needed = 0, uses_anonymous_args = 0
 1004              		@ link register save eliminated.
 1005 0000 7047     		bx	lr
 1007              		.section	.text.HAL_TIM_Encoder_DeInit,"ax",%progbits
 1008              		.align	1
 1009              		.global	HAL_TIM_Encoder_DeInit
 1010              		.syntax unified
 1011              		.thumb
 1012              		.thumb_func
 1014              	HAL_TIM_Encoder_DeInit:
 1015              		@ args = 0, pretend = 0, frame = 0
 1016              		@ frame_needed = 0, uses_anonymous_args = 0
 1017 0000 10B5     		push	{r4, lr}
 1018 0002 0446     		mov	r4, r0
 1019 0004 0223     		movs	r3, #2
 1020 0006 80F83D30 		strb	r3, [r0, #61]
 1021 000a 0368     		ldr	r3, [r0]
 1022 000c 196A     		ldr	r1, [r3, #32]
 1023 000e 41F21112 		movw	r2, #4369
 1024 0012 1142     		tst	r1, r2
 1025 0014 08D1     		bne	.L90
 1026 0016 196A     		ldr	r1, [r3, #32]
 1027 0018 40F24442 		movw	r2, #1092
 1028 001c 1142     		tst	r1, r2
 1029 001e 03D1     		bne	.L90
 1030 0020 1A68     		ldr	r2, [r3]
 1031 0022 22F00102 		bic	r2, r2, #1
 1032 0026 1A60     		str	r2, [r3]
 1033              	.L90:
 1034 0028 2046     		mov	r0, r4
ARM GAS  C:\Users\joabk\AppData\Local\Temp\ccrwML7P.s 			page 18


 1035 002a FFF7FEFF 		bl	HAL_TIM_Encoder_MspDeInit
 1036 002e 0020     		movs	r0, #0
 1037 0030 84F84600 		strb	r0, [r4, #70]
 1038 0034 84F83E00 		strb	r0, [r4, #62]
 1039 0038 84F83F00 		strb	r0, [r4, #63]
 1040 003c 84F84200 		strb	r0, [r4, #66]
 1041 0040 84F84300 		strb	r0, [r4, #67]
 1042 0044 84F83D00 		strb	r0, [r4, #61]
 1043 0048 84F83C00 		strb	r0, [r4, #60]
 1044 004c 10BD     		pop	{r4, pc}
 1046              		.section	.text.HAL_TIM_DMABurst_MultiWriteStart,"ax",%progbits
 1047              		.align	1
 1048              		.global	HAL_TIM_DMABurst_MultiWriteStart
 1049              		.syntax unified
 1050              		.thumb
 1051              		.thumb_func
 1053              	HAL_TIM_DMABurst_MultiWriteStart:
 1054              		@ args = 8, pretend = 0, frame = 0
 1055              		@ frame_needed = 0, uses_anonymous_args = 0
 1056 0000 70B5     		push	{r4, r5, r6, lr}
 1057 0002 0446     		mov	r4, r0
 1058 0004 90F84600 		ldrb	r0, [r0, #70]	@ zero_extendqisi2
 1059 0008 C0B2     		uxtb	r0, r0
 1060 000a 0228     		cmp	r0, #2
 1061 000c 2FD0     		beq	.L93
 1062 000e 0E46     		mov	r6, r1
 1063 0010 1546     		mov	r5, r2
 1064 0012 1946     		mov	r1, r3
 1065 0014 94F84600 		ldrb	r0, [r4, #70]	@ zero_extendqisi2
 1066 0018 C0B2     		uxtb	r0, r0
 1067 001a 0128     		cmp	r0, #1
 1068 001c 28D0     		beq	.L113
 1069              	.L94:
 1070 001e B5F5006F 		cmp	r5, #2048
 1071 0022 74D0     		beq	.L96
 1072 0024 2FD8     		bhi	.L97
 1073 0026 B5F5007F 		cmp	r5, #512
 1074 002a 4AD0     		beq	.L98
 1075 002c B5F5806F 		cmp	r5, #1024
 1076 0030 5AD0     		beq	.L99
 1077 0032 B5F5807F 		cmp	r5, #256
 1078 0036 24D1     		bne	.L114
 1079 0038 236A     		ldr	r3, [r4, #32]
 1080 003a 534A     		ldr	r2, .L118
 1081 003c DA63     		str	r2, [r3, #60]
 1082 003e 236A     		ldr	r3, [r4, #32]
 1083 0040 524A     		ldr	r2, .L118+4
 1084 0042 1A64     		str	r2, [r3, #64]
 1085 0044 236A     		ldr	r3, [r4, #32]
 1086 0046 524A     		ldr	r2, .L118+8
 1087 0048 DA64     		str	r2, [r3, #76]
 1088 004a 2268     		ldr	r2, [r4]
 1089 004c 059B     		ldr	r3, [sp, #20]
 1090 004e 4C32     		adds	r2, r2, #76
 1091 0050 206A     		ldr	r0, [r4, #32]
 1092 0052 FFF7FEFF 		bl	HAL_DMA_Start_IT
 1093 0056 0028     		cmp	r0, #0
ARM GAS  C:\Users\joabk\AppData\Local\Temp\ccrwML7P.s 			page 19


 1094 0058 40F09380 		bne	.L115
 1095              	.L104:
 1096 005c 2368     		ldr	r3, [r4]
 1097 005e 049A     		ldr	r2, [sp, #16]
 1098 0060 1643     		orrs	r6, r6, r2
 1099 0062 9E64     		str	r6, [r3, #72]
 1100 0064 2268     		ldr	r2, [r4]
 1101 0066 D368     		ldr	r3, [r2, #12]
 1102 0068 2B43     		orrs	r3, r3, r5
 1103 006a D360     		str	r3, [r2, #12]
 1104 006c 0020     		movs	r0, #0
 1105              	.L93:
 1106 006e 70BD     		pop	{r4, r5, r6, pc}
 1107              	.L113:
 1108 0070 1BB1     		cbz	r3, .L116
 1109              	.L95:
 1110 0072 0223     		movs	r3, #2
 1111 0074 84F84630 		strb	r3, [r4, #70]
 1112 0078 D1E7     		b	.L94
 1113              	.L116:
 1114 007a 049B     		ldr	r3, [sp, #16]
 1115 007c 002B     		cmp	r3, #0
 1116 007e F8D0     		beq	.L95
 1117 0080 F5E7     		b	.L93
 1118              	.L114:
 1119 0082 0120     		movs	r0, #1
 1120 0084 F3E7     		b	.L93
 1121              	.L97:
 1122 0086 B5F5005F 		cmp	r5, #8192
 1123 008a 53D0     		beq	.L101
 1124 008c B5F5804F 		cmp	r5, #16384
 1125 0090 63D0     		beq	.L102
 1126 0092 B5F5805F 		cmp	r5, #4096
 1127 0096 12D1     		bne	.L117
 1128 0098 236B     		ldr	r3, [r4, #48]
 1129 009a 3E4A     		ldr	r2, .L118+12
 1130 009c DA63     		str	r2, [r3, #60]
 1131 009e 236B     		ldr	r3, [r4, #48]
 1132 00a0 3D4A     		ldr	r2, .L118+16
 1133 00a2 1A64     		str	r2, [r3, #64]
 1134 00a4 236B     		ldr	r3, [r4, #48]
 1135 00a6 3A4A     		ldr	r2, .L118+8
 1136 00a8 DA64     		str	r2, [r3, #76]
 1137 00aa 2268     		ldr	r2, [r4]
 1138 00ac 059B     		ldr	r3, [sp, #20]
 1139 00ae 4C32     		adds	r2, r2, #76
 1140 00b0 206B     		ldr	r0, [r4, #48]
 1141 00b2 FFF7FEFF 		bl	HAL_DMA_Start_IT
 1142 00b6 0028     		cmp	r0, #0
 1143 00b8 D0D0     		beq	.L104
 1144 00ba 0120     		movs	r0, #1
 1145 00bc D7E7     		b	.L93
 1146              	.L117:
 1147 00be 0120     		movs	r0, #1
 1148 00c0 D5E7     		b	.L93
 1149              	.L98:
 1150 00c2 636A     		ldr	r3, [r4, #36]
ARM GAS  C:\Users\joabk\AppData\Local\Temp\ccrwML7P.s 			page 20


 1151 00c4 334A     		ldr	r2, .L118+12
 1152 00c6 DA63     		str	r2, [r3, #60]
 1153 00c8 636A     		ldr	r3, [r4, #36]
 1154 00ca 334A     		ldr	r2, .L118+16
 1155 00cc 1A64     		str	r2, [r3, #64]
 1156 00ce 636A     		ldr	r3, [r4, #36]
 1157 00d0 2F4A     		ldr	r2, .L118+8
 1158 00d2 DA64     		str	r2, [r3, #76]
 1159 00d4 2268     		ldr	r2, [r4]
 1160 00d6 059B     		ldr	r3, [sp, #20]
 1161 00d8 4C32     		adds	r2, r2, #76
 1162 00da 606A     		ldr	r0, [r4, #36]
 1163 00dc FFF7FEFF 		bl	HAL_DMA_Start_IT
 1164 00e0 0028     		cmp	r0, #0
 1165 00e2 BBD0     		beq	.L104
 1166 00e4 0120     		movs	r0, #1
 1167 00e6 C2E7     		b	.L93
 1168              	.L99:
 1169 00e8 A36A     		ldr	r3, [r4, #40]
 1170 00ea 2A4A     		ldr	r2, .L118+12
 1171 00ec DA63     		str	r2, [r3, #60]
 1172 00ee A36A     		ldr	r3, [r4, #40]
 1173 00f0 294A     		ldr	r2, .L118+16
 1174 00f2 1A64     		str	r2, [r3, #64]
 1175 00f4 A36A     		ldr	r3, [r4, #40]
 1176 00f6 264A     		ldr	r2, .L118+8
 1177 00f8 DA64     		str	r2, [r3, #76]
 1178 00fa 2268     		ldr	r2, [r4]
 1179 00fc 059B     		ldr	r3, [sp, #20]
 1180 00fe 4C32     		adds	r2, r2, #76
 1181 0100 A06A     		ldr	r0, [r4, #40]
 1182 0102 FFF7FEFF 		bl	HAL_DMA_Start_IT
 1183 0106 0028     		cmp	r0, #0
 1184 0108 A8D0     		beq	.L104
 1185 010a 0120     		movs	r0, #1
 1186 010c AFE7     		b	.L93
 1187              	.L96:
 1188 010e E36A     		ldr	r3, [r4, #44]
 1189 0110 204A     		ldr	r2, .L118+12
 1190 0112 DA63     		str	r2, [r3, #60]
 1191 0114 E36A     		ldr	r3, [r4, #44]
 1192 0116 204A     		ldr	r2, .L118+16
 1193 0118 1A64     		str	r2, [r3, #64]
 1194 011a E36A     		ldr	r3, [r4, #44]
 1195 011c 1C4A     		ldr	r2, .L118+8
 1196 011e DA64     		str	r2, [r3, #76]
 1197 0120 2268     		ldr	r2, [r4]
 1198 0122 059B     		ldr	r3, [sp, #20]
 1199 0124 4C32     		adds	r2, r2, #76
 1200 0126 E06A     		ldr	r0, [r4, #44]
 1201 0128 FFF7FEFF 		bl	HAL_DMA_Start_IT
 1202 012c 0028     		cmp	r0, #0
 1203 012e 95D0     		beq	.L104
 1204 0130 0120     		movs	r0, #1
 1205 0132 9CE7     		b	.L93
 1206              	.L101:
 1207 0134 636B     		ldr	r3, [r4, #52]
ARM GAS  C:\Users\joabk\AppData\Local\Temp\ccrwML7P.s 			page 21


 1208 0136 194A     		ldr	r2, .L118+20
 1209 0138 DA63     		str	r2, [r3, #60]
 1210 013a 636B     		ldr	r3, [r4, #52]
 1211 013c 184A     		ldr	r2, .L118+24
 1212 013e 1A64     		str	r2, [r3, #64]
 1213 0140 636B     		ldr	r3, [r4, #52]
 1214 0142 134A     		ldr	r2, .L118+8
 1215 0144 DA64     		str	r2, [r3, #76]
 1216 0146 2268     		ldr	r2, [r4]
 1217 0148 059B     		ldr	r3, [sp, #20]
 1218 014a 4C32     		adds	r2, r2, #76
 1219 014c 606B     		ldr	r0, [r4, #52]
 1220 014e FFF7FEFF 		bl	HAL_DMA_Start_IT
 1221 0152 0028     		cmp	r0, #0
 1222 0154 82D0     		beq	.L104
 1223 0156 0120     		movs	r0, #1
 1224 0158 89E7     		b	.L93
 1225              	.L102:
 1226 015a A36B     		ldr	r3, [r4, #56]
 1227 015c 114A     		ldr	r2, .L118+28
 1228 015e DA63     		str	r2, [r3, #60]
 1229 0160 A36B     		ldr	r3, [r4, #56]
 1230 0162 114A     		ldr	r2, .L118+32
 1231 0164 1A64     		str	r2, [r3, #64]
 1232 0166 A36B     		ldr	r3, [r4, #56]
 1233 0168 094A     		ldr	r2, .L118+8
 1234 016a DA64     		str	r2, [r3, #76]
 1235 016c 2268     		ldr	r2, [r4]
 1236 016e 059B     		ldr	r3, [sp, #20]
 1237 0170 4C32     		adds	r2, r2, #76
 1238 0172 A06B     		ldr	r0, [r4, #56]
 1239 0174 FFF7FEFF 		bl	HAL_DMA_Start_IT
 1240 0178 0028     		cmp	r0, #0
 1241 017a 3FF46FAF 		beq	.L104
 1242 017e 0120     		movs	r0, #1
 1243 0180 75E7     		b	.L93
 1244              	.L115:
 1245 0182 0120     		movs	r0, #1
 1246 0184 73E7     		b	.L93
 1247              	.L119:
 1248 0186 00BF     		.align	2
 1249              	.L118:
 1250 0188 00000000 		.word	TIM_DMAPeriodElapsedCplt
 1251 018c 00000000 		.word	TIM_DMAPeriodElapsedHalfCplt
 1252 0190 00000000 		.word	TIM_DMAError
 1253 0194 00000000 		.word	TIM_DMADelayPulseCplt
 1254 0198 00000000 		.word	TIM_DMADelayPulseHalfCplt
 1255 019c 00000000 		.word	TIMEx_DMACommutationCplt
 1256 01a0 00000000 		.word	TIMEx_DMACommutationHalfCplt
 1257 01a4 00000000 		.word	TIM_DMATriggerCplt
 1258 01a8 00000000 		.word	TIM_DMATriggerHalfCplt
 1260              		.section	.text.HAL_TIM_DMABurst_WriteStart,"ax",%progbits
 1261              		.align	1
 1262              		.global	HAL_TIM_DMABurst_WriteStart
 1263              		.syntax unified
 1264              		.thumb
 1265              		.thumb_func
ARM GAS  C:\Users\joabk\AppData\Local\Temp\ccrwML7P.s 			page 22


 1267              	HAL_TIM_DMABurst_WriteStart:
 1268              		@ args = 4, pretend = 0, frame = 0
 1269              		@ frame_needed = 0, uses_anonymous_args = 0
 1270 0000 30B5     		push	{r4, r5, lr}
 1271 0002 83B0     		sub	sp, sp, #12
 1272 0004 069D     		ldr	r5, [sp, #24]
 1273 0006 2C0A     		lsrs	r4, r5, #8
 1274 0008 0134     		adds	r4, r4, #1
 1275 000a 0194     		str	r4, [sp, #4]
 1276 000c 0095     		str	r5, [sp]
 1277 000e FFF7FEFF 		bl	HAL_TIM_DMABurst_MultiWriteStart
 1278 0012 03B0     		add	sp, sp, #12
 1279              		@ sp needed
 1280 0014 30BD     		pop	{r4, r5, pc}
 1282              		.section	.text.HAL_TIM_DMABurst_WriteStop,"ax",%progbits
 1283              		.align	1
 1284              		.global	HAL_TIM_DMABurst_WriteStop
 1285              		.syntax unified
 1286              		.thumb
 1287              		.thumb_func
 1289              	HAL_TIM_DMABurst_WriteStop:
 1290              		@ args = 0, pretend = 0, frame = 0
 1291              		@ frame_needed = 0, uses_anonymous_args = 0
 1292 0000 38B5     		push	{r3, r4, r5, lr}
 1293 0002 0546     		mov	r5, r0
 1294 0004 0C46     		mov	r4, r1
 1295 0006 B1F5006F 		cmp	r1, #2048
 1296 000a 2FD0     		beq	.L123
 1297 000c 17D8     		bhi	.L124
 1298 000e B1F5007F 		cmp	r1, #512
 1299 0012 23D0     		beq	.L125
 1300 0014 B1F5806F 		cmp	r1, #1024
 1301 0018 24D0     		beq	.L126
 1302 001a B1F5807F 		cmp	r1, #256
 1303 001e 0CD1     		bne	.L134
 1304 0020 006A     		ldr	r0, [r0, #32]
 1305 0022 FFF7FEFF 		bl	HAL_DMA_Abort_IT
 1306              	.L132:
 1307 0026 2A68     		ldr	r2, [r5]
 1308 0028 D368     		ldr	r3, [r2, #12]
 1309 002a 23EA0403 		bic	r3, r3, r4
 1310 002e D360     		str	r3, [r2, #12]
 1311 0030 0123     		movs	r3, #1
 1312 0032 85F84630 		strb	r3, [r5, #70]
 1313 0036 0020     		movs	r0, #0
 1314              	.L128:
 1315 0038 38BD     		pop	{r3, r4, r5, pc}
 1316              	.L134:
 1317 003a 0120     		movs	r0, #1
 1318 003c FCE7     		b	.L128
 1319              	.L124:
 1320 003e B1F5005F 		cmp	r1, #8192
 1321 0042 17D0     		beq	.L129
 1322 0044 B1F5804F 		cmp	r1, #16384
 1323 0048 18D0     		beq	.L130
 1324 004a B1F5805F 		cmp	r1, #4096
 1325 004e 03D1     		bne	.L135
ARM GAS  C:\Users\joabk\AppData\Local\Temp\ccrwML7P.s 			page 23


 1326 0050 006B     		ldr	r0, [r0, #48]
 1327 0052 FFF7FEFF 		bl	HAL_DMA_Abort_IT
 1328 0056 E6E7     		b	.L132
 1329              	.L135:
 1330 0058 0120     		movs	r0, #1
 1331 005a EDE7     		b	.L128
 1332              	.L125:
 1333 005c 406A     		ldr	r0, [r0, #36]
 1334 005e FFF7FEFF 		bl	HAL_DMA_Abort_IT
 1335 0062 E0E7     		b	.L132
 1336              	.L126:
 1337 0064 806A     		ldr	r0, [r0, #40]
 1338 0066 FFF7FEFF 		bl	HAL_DMA_Abort_IT
 1339 006a DCE7     		b	.L132
 1340              	.L123:
 1341 006c C06A     		ldr	r0, [r0, #44]
 1342 006e FFF7FEFF 		bl	HAL_DMA_Abort_IT
 1343 0072 D8E7     		b	.L132
 1344              	.L129:
 1345 0074 406B     		ldr	r0, [r0, #52]
 1346 0076 FFF7FEFF 		bl	HAL_DMA_Abort_IT
 1347 007a D4E7     		b	.L132
 1348              	.L130:
 1349 007c 806B     		ldr	r0, [r0, #56]
 1350 007e FFF7FEFF 		bl	HAL_DMA_Abort_IT
 1351 0082 D0E7     		b	.L132
 1353              		.section	.text.HAL_TIM_DMABurst_MultiReadStart,"ax",%progbits
 1354              		.align	1
 1355              		.global	HAL_TIM_DMABurst_MultiReadStart
 1356              		.syntax unified
 1357              		.thumb
 1358              		.thumb_func
 1360              	HAL_TIM_DMABurst_MultiReadStart:
 1361              		@ args = 8, pretend = 0, frame = 0
 1362              		@ frame_needed = 0, uses_anonymous_args = 0
 1363 0000 70B5     		push	{r4, r5, r6, lr}
 1364 0002 0446     		mov	r4, r0
 1365 0004 90F84600 		ldrb	r0, [r0, #70]	@ zero_extendqisi2
 1366 0008 C0B2     		uxtb	r0, r0
 1367 000a 0228     		cmp	r0, #2
 1368 000c 2FD0     		beq	.L137
 1369 000e 0E46     		mov	r6, r1
 1370 0010 1546     		mov	r5, r2
 1371 0012 1A46     		mov	r2, r3
 1372 0014 94F84600 		ldrb	r0, [r4, #70]	@ zero_extendqisi2
 1373 0018 C0B2     		uxtb	r0, r0
 1374 001a 0128     		cmp	r0, #1
 1375 001c 28D0     		beq	.L157
 1376              	.L138:
 1377 001e B5F5006F 		cmp	r5, #2048
 1378 0022 74D0     		beq	.L140
 1379 0024 2FD8     		bhi	.L141
 1380 0026 B5F5007F 		cmp	r5, #512
 1381 002a 4AD0     		beq	.L142
 1382 002c B5F5806F 		cmp	r5, #1024
 1383 0030 5AD0     		beq	.L143
 1384 0032 B5F5807F 		cmp	r5, #256
ARM GAS  C:\Users\joabk\AppData\Local\Temp\ccrwML7P.s 			page 24


 1385 0036 24D1     		bne	.L158
 1386 0038 236A     		ldr	r3, [r4, #32]
 1387 003a 5349     		ldr	r1, .L162
 1388 003c D963     		str	r1, [r3, #60]
 1389 003e 236A     		ldr	r3, [r4, #32]
 1390 0040 5249     		ldr	r1, .L162+4
 1391 0042 1964     		str	r1, [r3, #64]
 1392 0044 236A     		ldr	r3, [r4, #32]
 1393 0046 5249     		ldr	r1, .L162+8
 1394 0048 D964     		str	r1, [r3, #76]
 1395 004a 2168     		ldr	r1, [r4]
 1396 004c 059B     		ldr	r3, [sp, #20]
 1397 004e 4C31     		adds	r1, r1, #76
 1398 0050 206A     		ldr	r0, [r4, #32]
 1399 0052 FFF7FEFF 		bl	HAL_DMA_Start_IT
 1400 0056 0028     		cmp	r0, #0
 1401 0058 40F09380 		bne	.L159
 1402              	.L148:
 1403 005c 2368     		ldr	r3, [r4]
 1404 005e 049A     		ldr	r2, [sp, #16]
 1405 0060 1643     		orrs	r6, r6, r2
 1406 0062 9E64     		str	r6, [r3, #72]
 1407 0064 2268     		ldr	r2, [r4]
 1408 0066 D368     		ldr	r3, [r2, #12]
 1409 0068 2B43     		orrs	r3, r3, r5
 1410 006a D360     		str	r3, [r2, #12]
 1411 006c 0020     		movs	r0, #0
 1412              	.L137:
 1413 006e 70BD     		pop	{r4, r5, r6, pc}
 1414              	.L157:
 1415 0070 1BB1     		cbz	r3, .L160
 1416              	.L139:
 1417 0072 0223     		movs	r3, #2
 1418 0074 84F84630 		strb	r3, [r4, #70]
 1419 0078 D1E7     		b	.L138
 1420              	.L160:
 1421 007a 049B     		ldr	r3, [sp, #16]
 1422 007c 002B     		cmp	r3, #0
 1423 007e F8D0     		beq	.L139
 1424 0080 F5E7     		b	.L137
 1425              	.L158:
 1426 0082 0120     		movs	r0, #1
 1427 0084 F3E7     		b	.L137
 1428              	.L141:
 1429 0086 B5F5005F 		cmp	r5, #8192
 1430 008a 53D0     		beq	.L145
 1431 008c B5F5804F 		cmp	r5, #16384
 1432 0090 63D0     		beq	.L146
 1433 0092 B5F5805F 		cmp	r5, #4096
 1434 0096 12D1     		bne	.L161
 1435 0098 236B     		ldr	r3, [r4, #48]
 1436 009a 3E49     		ldr	r1, .L162+12
 1437 009c D963     		str	r1, [r3, #60]
 1438 009e 236B     		ldr	r3, [r4, #48]
 1439 00a0 3D49     		ldr	r1, .L162+16
 1440 00a2 1964     		str	r1, [r3, #64]
 1441 00a4 236B     		ldr	r3, [r4, #48]
ARM GAS  C:\Users\joabk\AppData\Local\Temp\ccrwML7P.s 			page 25


 1442 00a6 3A49     		ldr	r1, .L162+8
 1443 00a8 D964     		str	r1, [r3, #76]
 1444 00aa 2168     		ldr	r1, [r4]
 1445 00ac 059B     		ldr	r3, [sp, #20]
 1446 00ae 4C31     		adds	r1, r1, #76
 1447 00b0 206B     		ldr	r0, [r4, #48]
 1448 00b2 FFF7FEFF 		bl	HAL_DMA_Start_IT
 1449 00b6 0028     		cmp	r0, #0
 1450 00b8 D0D0     		beq	.L148
 1451 00ba 0120     		movs	r0, #1
 1452 00bc D7E7     		b	.L137
 1453              	.L161:
 1454 00be 0120     		movs	r0, #1
 1455 00c0 D5E7     		b	.L137
 1456              	.L142:
 1457 00c2 636A     		ldr	r3, [r4, #36]
 1458 00c4 3349     		ldr	r1, .L162+12
 1459 00c6 D963     		str	r1, [r3, #60]
 1460 00c8 636A     		ldr	r3, [r4, #36]
 1461 00ca 3349     		ldr	r1, .L162+16
 1462 00cc 1964     		str	r1, [r3, #64]
 1463 00ce 636A     		ldr	r3, [r4, #36]
 1464 00d0 2F49     		ldr	r1, .L162+8
 1465 00d2 D964     		str	r1, [r3, #76]
 1466 00d4 2168     		ldr	r1, [r4]
 1467 00d6 059B     		ldr	r3, [sp, #20]
 1468 00d8 4C31     		adds	r1, r1, #76
 1469 00da 606A     		ldr	r0, [r4, #36]
 1470 00dc FFF7FEFF 		bl	HAL_DMA_Start_IT
 1471 00e0 0028     		cmp	r0, #0
 1472 00e2 BBD0     		beq	.L148
 1473 00e4 0120     		movs	r0, #1
 1474 00e6 C2E7     		b	.L137
 1475              	.L143:
 1476 00e8 A36A     		ldr	r3, [r4, #40]
 1477 00ea 2A49     		ldr	r1, .L162+12
 1478 00ec D963     		str	r1, [r3, #60]
 1479 00ee A36A     		ldr	r3, [r4, #40]
 1480 00f0 2949     		ldr	r1, .L162+16
 1481 00f2 1964     		str	r1, [r3, #64]
 1482 00f4 A36A     		ldr	r3, [r4, #40]
 1483 00f6 2649     		ldr	r1, .L162+8
 1484 00f8 D964     		str	r1, [r3, #76]
 1485 00fa 2168     		ldr	r1, [r4]
 1486 00fc 059B     		ldr	r3, [sp, #20]
 1487 00fe 4C31     		adds	r1, r1, #76
 1488 0100 A06A     		ldr	r0, [r4, #40]
 1489 0102 FFF7FEFF 		bl	HAL_DMA_Start_IT
 1490 0106 0028     		cmp	r0, #0
 1491 0108 A8D0     		beq	.L148
 1492 010a 0120     		movs	r0, #1
 1493 010c AFE7     		b	.L137
 1494              	.L140:
 1495 010e E36A     		ldr	r3, [r4, #44]
 1496 0110 2049     		ldr	r1, .L162+12
 1497 0112 D963     		str	r1, [r3, #60]
 1498 0114 E36A     		ldr	r3, [r4, #44]
ARM GAS  C:\Users\joabk\AppData\Local\Temp\ccrwML7P.s 			page 26


 1499 0116 2049     		ldr	r1, .L162+16
 1500 0118 1964     		str	r1, [r3, #64]
 1501 011a E36A     		ldr	r3, [r4, #44]
 1502 011c 1C49     		ldr	r1, .L162+8
 1503 011e D964     		str	r1, [r3, #76]
 1504 0120 2168     		ldr	r1, [r4]
 1505 0122 059B     		ldr	r3, [sp, #20]
 1506 0124 4C31     		adds	r1, r1, #76
 1507 0126 E06A     		ldr	r0, [r4, #44]
 1508 0128 FFF7FEFF 		bl	HAL_DMA_Start_IT
 1509 012c 0028     		cmp	r0, #0
 1510 012e 95D0     		beq	.L148
 1511 0130 0120     		movs	r0, #1
 1512 0132 9CE7     		b	.L137
 1513              	.L145:
 1514 0134 636B     		ldr	r3, [r4, #52]
 1515 0136 1949     		ldr	r1, .L162+20
 1516 0138 D963     		str	r1, [r3, #60]
 1517 013a 636B     		ldr	r3, [r4, #52]
 1518 013c 1849     		ldr	r1, .L162+24
 1519 013e 1964     		str	r1, [r3, #64]
 1520 0140 636B     		ldr	r3, [r4, #52]
 1521 0142 1349     		ldr	r1, .L162+8
 1522 0144 D964     		str	r1, [r3, #76]
 1523 0146 2168     		ldr	r1, [r4]
 1524 0148 059B     		ldr	r3, [sp, #20]
 1525 014a 4C31     		adds	r1, r1, #76
 1526 014c 606B     		ldr	r0, [r4, #52]
 1527 014e FFF7FEFF 		bl	HAL_DMA_Start_IT
 1528 0152 0028     		cmp	r0, #0
 1529 0154 82D0     		beq	.L148
 1530 0156 0120     		movs	r0, #1
 1531 0158 89E7     		b	.L137
 1532              	.L146:
 1533 015a A36B     		ldr	r3, [r4, #56]
 1534 015c 1149     		ldr	r1, .L162+28
 1535 015e D963     		str	r1, [r3, #60]
 1536 0160 A36B     		ldr	r3, [r4, #56]
 1537 0162 1149     		ldr	r1, .L162+32
 1538 0164 1964     		str	r1, [r3, #64]
 1539 0166 A36B     		ldr	r3, [r4, #56]
 1540 0168 0949     		ldr	r1, .L162+8
 1541 016a D964     		str	r1, [r3, #76]
 1542 016c 2168     		ldr	r1, [r4]
 1543 016e 059B     		ldr	r3, [sp, #20]
 1544 0170 4C31     		adds	r1, r1, #76
 1545 0172 A06B     		ldr	r0, [r4, #56]
 1546 0174 FFF7FEFF 		bl	HAL_DMA_Start_IT
 1547 0178 0028     		cmp	r0, #0
 1548 017a 3FF46FAF 		beq	.L148
 1549 017e 0120     		movs	r0, #1
 1550 0180 75E7     		b	.L137
 1551              	.L159:
 1552 0182 0120     		movs	r0, #1
 1553 0184 73E7     		b	.L137
 1554              	.L163:
 1555 0186 00BF     		.align	2
ARM GAS  C:\Users\joabk\AppData\Local\Temp\ccrwML7P.s 			page 27


 1556              	.L162:
 1557 0188 00000000 		.word	TIM_DMAPeriodElapsedCplt
 1558 018c 00000000 		.word	TIM_DMAPeriodElapsedHalfCplt
 1559 0190 00000000 		.word	TIM_DMAError
 1560 0194 00000000 		.word	TIM_DMACaptureCplt
 1561 0198 00000000 		.word	TIM_DMACaptureHalfCplt
 1562 019c 00000000 		.word	TIMEx_DMACommutationCplt
 1563 01a0 00000000 		.word	TIMEx_DMACommutationHalfCplt
 1564 01a4 00000000 		.word	TIM_DMATriggerCplt
 1565 01a8 00000000 		.word	TIM_DMATriggerHalfCplt
 1567              		.section	.text.HAL_TIM_DMABurst_ReadStart,"ax",%progbits
 1568              		.align	1
 1569              		.global	HAL_TIM_DMABurst_ReadStart
 1570              		.syntax unified
 1571              		.thumb
 1572              		.thumb_func
 1574              	HAL_TIM_DMABurst_ReadStart:
 1575              		@ args = 4, pretend = 0, frame = 0
 1576              		@ frame_needed = 0, uses_anonymous_args = 0
 1577 0000 30B5     		push	{r4, r5, lr}
 1578 0002 83B0     		sub	sp, sp, #12
 1579 0004 069D     		ldr	r5, [sp, #24]
 1580 0006 2C0A     		lsrs	r4, r5, #8
 1581 0008 0134     		adds	r4, r4, #1
 1582 000a 0194     		str	r4, [sp, #4]
 1583 000c 0095     		str	r5, [sp]
 1584 000e FFF7FEFF 		bl	HAL_TIM_DMABurst_MultiReadStart
 1585 0012 03B0     		add	sp, sp, #12
 1586              		@ sp needed
 1587 0014 30BD     		pop	{r4, r5, pc}
 1589              		.section	.text.HAL_TIM_DMABurst_ReadStop,"ax",%progbits
 1590              		.align	1
 1591              		.global	HAL_TIM_DMABurst_ReadStop
 1592              		.syntax unified
 1593              		.thumb
 1594              		.thumb_func
 1596              	HAL_TIM_DMABurst_ReadStop:
 1597              		@ args = 0, pretend = 0, frame = 0
 1598              		@ frame_needed = 0, uses_anonymous_args = 0
 1599 0000 38B5     		push	{r3, r4, r5, lr}
 1600 0002 0546     		mov	r5, r0
 1601 0004 0C46     		mov	r4, r1
 1602 0006 B1F5006F 		cmp	r1, #2048
 1603 000a 2FD0     		beq	.L167
 1604 000c 17D8     		bhi	.L168
 1605 000e B1F5007F 		cmp	r1, #512
 1606 0012 23D0     		beq	.L169
 1607 0014 B1F5806F 		cmp	r1, #1024
 1608 0018 24D0     		beq	.L170
 1609 001a B1F5807F 		cmp	r1, #256
 1610 001e 0CD1     		bne	.L178
 1611 0020 006A     		ldr	r0, [r0, #32]
 1612 0022 FFF7FEFF 		bl	HAL_DMA_Abort_IT
 1613              	.L176:
 1614 0026 2A68     		ldr	r2, [r5]
 1615 0028 D368     		ldr	r3, [r2, #12]
 1616 002a 23EA0403 		bic	r3, r3, r4
ARM GAS  C:\Users\joabk\AppData\Local\Temp\ccrwML7P.s 			page 28


 1617 002e D360     		str	r3, [r2, #12]
 1618 0030 0123     		movs	r3, #1
 1619 0032 85F84630 		strb	r3, [r5, #70]
 1620 0036 0020     		movs	r0, #0
 1621              	.L172:
 1622 0038 38BD     		pop	{r3, r4, r5, pc}
 1623              	.L178:
 1624 003a 0120     		movs	r0, #1
 1625 003c FCE7     		b	.L172
 1626              	.L168:
 1627 003e B1F5005F 		cmp	r1, #8192
 1628 0042 17D0     		beq	.L173
 1629 0044 B1F5804F 		cmp	r1, #16384
 1630 0048 18D0     		beq	.L174
 1631 004a B1F5805F 		cmp	r1, #4096
 1632 004e 03D1     		bne	.L179
 1633 0050 006B     		ldr	r0, [r0, #48]
 1634 0052 FFF7FEFF 		bl	HAL_DMA_Abort_IT
 1635 0056 E6E7     		b	.L176
 1636              	.L179:
 1637 0058 0120     		movs	r0, #1
 1638 005a EDE7     		b	.L172
 1639              	.L169:
 1640 005c 406A     		ldr	r0, [r0, #36]
 1641 005e FFF7FEFF 		bl	HAL_DMA_Abort_IT
 1642 0062 E0E7     		b	.L176
 1643              	.L170:
 1644 0064 806A     		ldr	r0, [r0, #40]
 1645 0066 FFF7FEFF 		bl	HAL_DMA_Abort_IT
 1646 006a DCE7     		b	.L176
 1647              	.L167:
 1648 006c C06A     		ldr	r0, [r0, #44]
 1649 006e FFF7FEFF 		bl	HAL_DMA_Abort_IT
 1650 0072 D8E7     		b	.L176
 1651              	.L173:
 1652 0074 406B     		ldr	r0, [r0, #52]
 1653 0076 FFF7FEFF 		bl	HAL_DMA_Abort_IT
 1654 007a D4E7     		b	.L176
 1655              	.L174:
 1656 007c 806B     		ldr	r0, [r0, #56]
 1657 007e FFF7FEFF 		bl	HAL_DMA_Abort_IT
 1658 0082 D0E7     		b	.L176
 1660              		.section	.text.HAL_TIM_GenerateEvent,"ax",%progbits
 1661              		.align	1
 1662              		.global	HAL_TIM_GenerateEvent
 1663              		.syntax unified
 1664              		.thumb
 1665              		.thumb_func
 1667              	HAL_TIM_GenerateEvent:
 1668              		@ args = 0, pretend = 0, frame = 0
 1669              		@ frame_needed = 0, uses_anonymous_args = 0
 1670              		@ link register save eliminated.
 1671 0000 90F83C30 		ldrb	r3, [r0, #60]	@ zero_extendqisi2
 1672 0004 012B     		cmp	r3, #1
 1673 0006 0ED0     		beq	.L182
 1674 0008 0123     		movs	r3, #1
 1675 000a 80F83C30 		strb	r3, [r0, #60]
ARM GAS  C:\Users\joabk\AppData\Local\Temp\ccrwML7P.s 			page 29


 1676 000e 0222     		movs	r2, #2
 1677 0010 80F83D20 		strb	r2, [r0, #61]
 1678 0014 0268     		ldr	r2, [r0]
 1679 0016 5161     		str	r1, [r2, #20]
 1680 0018 80F83D30 		strb	r3, [r0, #61]
 1681 001c 0023     		movs	r3, #0
 1682 001e 80F83C30 		strb	r3, [r0, #60]
 1683 0022 1846     		mov	r0, r3
 1684 0024 7047     		bx	lr
 1685              	.L182:
 1686 0026 0220     		movs	r0, #2
 1687 0028 7047     		bx	lr
 1689              		.section	.text.HAL_TIM_ConfigTI1Input,"ax",%progbits
 1690              		.align	1
 1691              		.global	HAL_TIM_ConfigTI1Input
 1692              		.syntax unified
 1693              		.thumb
 1694              		.thumb_func
 1696              	HAL_TIM_ConfigTI1Input:
 1697              		@ args = 0, pretend = 0, frame = 0
 1698              		@ frame_needed = 0, uses_anonymous_args = 0
 1699              		@ link register save eliminated.
 1700 0000 0268     		ldr	r2, [r0]
 1701 0002 5368     		ldr	r3, [r2, #4]
 1702 0004 23F08003 		bic	r3, r3, #128
 1703 0008 0B43     		orrs	r3, r3, r1
 1704 000a 5360     		str	r3, [r2, #4]
 1705 000c 0020     		movs	r0, #0
 1706 000e 7047     		bx	lr
 1708              		.section	.text.HAL_TIM_ReadCapturedValue,"ax",%progbits
 1709              		.align	1
 1710              		.global	HAL_TIM_ReadCapturedValue
 1711              		.syntax unified
 1712              		.thumb
 1713              		.thumb_func
 1715              	HAL_TIM_ReadCapturedValue:
 1716              		@ args = 0, pretend = 0, frame = 0
 1717              		@ frame_needed = 0, uses_anonymous_args = 0
 1718              		@ link register save eliminated.
 1719 0000 0C29     		cmp	r1, #12
 1720 0002 14D8     		bhi	.L191
 1721 0004 DFE801F0 		tbb	[pc, r1]
 1722              	.L187:
 1723 0008 07       		.byte	(.L190-.L187)/2
 1724 0009 13       		.byte	(.L191-.L187)/2
 1725 000a 13       		.byte	(.L191-.L187)/2
 1726 000b 13       		.byte	(.L191-.L187)/2
 1727 000c 0A       		.byte	(.L189-.L187)/2
 1728 000d 13       		.byte	(.L191-.L187)/2
 1729 000e 13       		.byte	(.L191-.L187)/2
 1730 000f 13       		.byte	(.L191-.L187)/2
 1731 0010 0D       		.byte	(.L188-.L187)/2
 1732 0011 13       		.byte	(.L191-.L187)/2
 1733 0012 13       		.byte	(.L191-.L187)/2
 1734 0013 13       		.byte	(.L191-.L187)/2
 1735 0014 10       		.byte	(.L186-.L187)/2
 1736 0015 00       		.p2align 1
ARM GAS  C:\Users\joabk\AppData\Local\Temp\ccrwML7P.s 			page 30


 1737              	.L190:
 1738 0016 0368     		ldr	r3, [r0]
 1739 0018 586B     		ldr	r0, [r3, #52]
 1740 001a 7047     		bx	lr
 1741              	.L189:
 1742 001c 0368     		ldr	r3, [r0]
 1743 001e 986B     		ldr	r0, [r3, #56]
 1744 0020 7047     		bx	lr
 1745              	.L188:
 1746 0022 0368     		ldr	r3, [r0]
 1747 0024 D86B     		ldr	r0, [r3, #60]
 1748 0026 7047     		bx	lr
 1749              	.L186:
 1750 0028 0368     		ldr	r3, [r0]
 1751 002a 186C     		ldr	r0, [r3, #64]
 1752 002c 7047     		bx	lr
 1753              	.L191:
 1754 002e 0020     		movs	r0, #0
 1755 0030 7047     		bx	lr
 1757              		.section	.text.HAL_TIM_PeriodElapsedCallback,"ax",%progbits
 1758              		.align	1
 1759              		.weak	HAL_TIM_PeriodElapsedCallback
 1760              		.syntax unified
 1761              		.thumb
 1762              		.thumb_func
 1764              	HAL_TIM_PeriodElapsedCallback:
 1765              		@ args = 0, pretend = 0, frame = 0
 1766              		@ frame_needed = 0, uses_anonymous_args = 0
 1767              		@ link register save eliminated.
 1768 0000 7047     		bx	lr
 1770              		.section	.text.TIM_DMAPeriodElapsedCplt,"ax",%progbits
 1771              		.align	1
 1772              		.syntax unified
 1773              		.thumb
 1774              		.thumb_func
 1776              	TIM_DMAPeriodElapsedCplt:
 1777              		@ args = 0, pretend = 0, frame = 0
 1778              		@ frame_needed = 0, uses_anonymous_args = 0
 1779 0000 08B5     		push	{r3, lr}
 1780 0002 806B     		ldr	r0, [r0, #56]
 1781 0004 036A     		ldr	r3, [r0, #32]
 1782 0006 DB69     		ldr	r3, [r3, #28]
 1783 0008 13B9     		cbnz	r3, .L194
 1784 000a 0123     		movs	r3, #1
 1785 000c 80F83D30 		strb	r3, [r0, #61]
 1786              	.L194:
 1787 0010 FFF7FEFF 		bl	HAL_TIM_PeriodElapsedCallback
 1788 0014 08BD     		pop	{r3, pc}
 1790              		.section	.text.HAL_TIM_PeriodElapsedHalfCpltCallback,"ax",%progbits
 1791              		.align	1
 1792              		.weak	HAL_TIM_PeriodElapsedHalfCpltCallback
 1793              		.syntax unified
 1794              		.thumb
 1795              		.thumb_func
 1797              	HAL_TIM_PeriodElapsedHalfCpltCallback:
 1798              		@ args = 0, pretend = 0, frame = 0
 1799              		@ frame_needed = 0, uses_anonymous_args = 0
ARM GAS  C:\Users\joabk\AppData\Local\Temp\ccrwML7P.s 			page 31


 1800              		@ link register save eliminated.
 1801 0000 7047     		bx	lr
 1803              		.section	.text.TIM_DMAPeriodElapsedHalfCplt,"ax",%progbits
 1804              		.align	1
 1805              		.syntax unified
 1806              		.thumb
 1807              		.thumb_func
 1809              	TIM_DMAPeriodElapsedHalfCplt:
 1810              		@ args = 0, pretend = 0, frame = 0
 1811              		@ frame_needed = 0, uses_anonymous_args = 0
 1812 0000 08B5     		push	{r3, lr}
 1813 0002 806B     		ldr	r0, [r0, #56]
 1814 0004 FFF7FEFF 		bl	HAL_TIM_PeriodElapsedHalfCpltCallback
 1815 0008 08BD     		pop	{r3, pc}
 1817              		.section	.text.HAL_TIM_OC_DelayElapsedCallback,"ax",%progbits
 1818              		.align	1
 1819              		.weak	HAL_TIM_OC_DelayElapsedCallback
 1820              		.syntax unified
 1821              		.thumb
 1822              		.thumb_func
 1824              	HAL_TIM_OC_DelayElapsedCallback:
 1825              		@ args = 0, pretend = 0, frame = 0
 1826              		@ frame_needed = 0, uses_anonymous_args = 0
 1827              		@ link register save eliminated.
 1828 0000 7047     		bx	lr
 1830              		.section	.text.HAL_TIM_IC_CaptureCallback,"ax",%progbits
 1831              		.align	1
 1832              		.weak	HAL_TIM_IC_CaptureCallback
 1833              		.syntax unified
 1834              		.thumb
 1835              		.thumb_func
 1837              	HAL_TIM_IC_CaptureCallback:
 1838              		@ args = 0, pretend = 0, frame = 0
 1839              		@ frame_needed = 0, uses_anonymous_args = 0
 1840              		@ link register save eliminated.
 1841 0000 7047     		bx	lr
 1843              		.section	.text.TIM_DMACaptureCplt,"ax",%progbits
 1844              		.align	1
 1845              		.global	TIM_DMACaptureCplt
 1846              		.syntax unified
 1847              		.thumb
 1848              		.thumb_func
 1850              	TIM_DMACaptureCplt:
 1851              		@ args = 0, pretend = 0, frame = 0
 1852              		@ frame_needed = 0, uses_anonymous_args = 0
 1853 0000 10B5     		push	{r4, lr}
 1854 0002 846B     		ldr	r4, [r0, #56]
 1855 0004 636A     		ldr	r3, [r4, #36]
 1856 0006 8342     		cmp	r3, r0
 1857 0008 0ED0     		beq	.L207
 1858 000a A36A     		ldr	r3, [r4, #40]
 1859 000c 8342     		cmp	r3, r0
 1860 000e 16D0     		beq	.L208
 1861 0010 E36A     		ldr	r3, [r4, #44]
 1862 0012 8342     		cmp	r3, r0
 1863 0014 1ED0     		beq	.L209
 1864 0016 236B     		ldr	r3, [r4, #48]
ARM GAS  C:\Users\joabk\AppData\Local\Temp\ccrwML7P.s 			page 32


 1865 0018 8342     		cmp	r3, r0
 1866 001a 26D0     		beq	.L210
 1867              	.L203:
 1868 001c 2046     		mov	r0, r4
 1869 001e FFF7FEFF 		bl	HAL_TIM_IC_CaptureCallback
 1870 0022 0023     		movs	r3, #0
 1871 0024 2377     		strb	r3, [r4, #28]
 1872 0026 10BD     		pop	{r4, pc}
 1873              	.L207:
 1874 0028 0123     		movs	r3, #1
 1875 002a 2377     		strb	r3, [r4, #28]
 1876 002c C369     		ldr	r3, [r0, #28]
 1877 002e 002B     		cmp	r3, #0
 1878 0030 F4D1     		bne	.L203
 1879 0032 0123     		movs	r3, #1
 1880 0034 84F83E30 		strb	r3, [r4, #62]
 1881 0038 84F84230 		strb	r3, [r4, #66]
 1882 003c EEE7     		b	.L203
 1883              	.L208:
 1884 003e 0223     		movs	r3, #2
 1885 0040 2377     		strb	r3, [r4, #28]
 1886 0042 C369     		ldr	r3, [r0, #28]
 1887 0044 002B     		cmp	r3, #0
 1888 0046 E9D1     		bne	.L203
 1889 0048 0123     		movs	r3, #1
 1890 004a 84F83F30 		strb	r3, [r4, #63]
 1891 004e 84F84330 		strb	r3, [r4, #67]
 1892 0052 E3E7     		b	.L203
 1893              	.L209:
 1894 0054 0423     		movs	r3, #4
 1895 0056 2377     		strb	r3, [r4, #28]
 1896 0058 C369     		ldr	r3, [r0, #28]
 1897 005a 002B     		cmp	r3, #0
 1898 005c DED1     		bne	.L203
 1899 005e 0123     		movs	r3, #1
 1900 0060 84F84030 		strb	r3, [r4, #64]
 1901 0064 84F84430 		strb	r3, [r4, #68]
 1902 0068 D8E7     		b	.L203
 1903              	.L210:
 1904 006a 0823     		movs	r3, #8
 1905 006c 2377     		strb	r3, [r4, #28]
 1906 006e C369     		ldr	r3, [r0, #28]
 1907 0070 002B     		cmp	r3, #0
 1908 0072 D3D1     		bne	.L203
 1909 0074 0123     		movs	r3, #1
 1910 0076 84F84130 		strb	r3, [r4, #65]
 1911 007a 84F84530 		strb	r3, [r4, #69]
 1912 007e CDE7     		b	.L203
 1914              		.section	.text.HAL_TIM_IC_CaptureHalfCpltCallback,"ax",%progbits
 1915              		.align	1
 1916              		.weak	HAL_TIM_IC_CaptureHalfCpltCallback
 1917              		.syntax unified
 1918              		.thumb
 1919              		.thumb_func
 1921              	HAL_TIM_IC_CaptureHalfCpltCallback:
 1922              		@ args = 0, pretend = 0, frame = 0
 1923              		@ frame_needed = 0, uses_anonymous_args = 0
ARM GAS  C:\Users\joabk\AppData\Local\Temp\ccrwML7P.s 			page 33


 1924              		@ link register save eliminated.
 1925 0000 7047     		bx	lr
 1927              		.section	.text.TIM_DMACaptureHalfCplt,"ax",%progbits
 1928              		.align	1
 1929              		.global	TIM_DMACaptureHalfCplt
 1930              		.syntax unified
 1931              		.thumb
 1932              		.thumb_func
 1934              	TIM_DMACaptureHalfCplt:
 1935              		@ args = 0, pretend = 0, frame = 0
 1936              		@ frame_needed = 0, uses_anonymous_args = 0
 1937 0000 10B5     		push	{r4, lr}
 1938 0002 846B     		ldr	r4, [r0, #56]
 1939 0004 636A     		ldr	r3, [r4, #36]
 1940 0006 8342     		cmp	r3, r0
 1941 0008 0BD0     		beq	.L218
 1942 000a A36A     		ldr	r3, [r4, #40]
 1943 000c 8342     		cmp	r3, r0
 1944 000e 10D0     		beq	.L219
 1945 0010 E36A     		ldr	r3, [r4, #44]
 1946 0012 8342     		cmp	r3, r0
 1947 0014 10D0     		beq	.L220
 1948 0016 236B     		ldr	r3, [r4, #48]
 1949 0018 8342     		cmp	r3, r0
 1950 001a 04D1     		bne	.L214
 1951 001c 0823     		movs	r3, #8
 1952 001e 2377     		strb	r3, [r4, #28]
 1953 0020 01E0     		b	.L214
 1954              	.L218:
 1955 0022 0123     		movs	r3, #1
 1956 0024 2377     		strb	r3, [r4, #28]
 1957              	.L214:
 1958 0026 2046     		mov	r0, r4
 1959 0028 FFF7FEFF 		bl	HAL_TIM_IC_CaptureHalfCpltCallback
 1960 002c 0023     		movs	r3, #0
 1961 002e 2377     		strb	r3, [r4, #28]
 1962 0030 10BD     		pop	{r4, pc}
 1963              	.L219:
 1964 0032 0223     		movs	r3, #2
 1965 0034 2377     		strb	r3, [r4, #28]
 1966 0036 F6E7     		b	.L214
 1967              	.L220:
 1968 0038 0423     		movs	r3, #4
 1969 003a 2377     		strb	r3, [r4, #28]
 1970 003c F3E7     		b	.L214
 1972              		.section	.text.HAL_TIM_PWM_PulseFinishedCallback,"ax",%progbits
 1973              		.align	1
 1974              		.weak	HAL_TIM_PWM_PulseFinishedCallback
 1975              		.syntax unified
 1976              		.thumb
 1977              		.thumb_func
 1979              	HAL_TIM_PWM_PulseFinishedCallback:
 1980              		@ args = 0, pretend = 0, frame = 0
 1981              		@ frame_needed = 0, uses_anonymous_args = 0
 1982              		@ link register save eliminated.
 1983 0000 7047     		bx	lr
 1985              		.section	.text.TIM_DMADelayPulseCplt,"ax",%progbits
ARM GAS  C:\Users\joabk\AppData\Local\Temp\ccrwML7P.s 			page 34


 1986              		.align	1
 1987              		.syntax unified
 1988              		.thumb
 1989              		.thumb_func
 1991              	TIM_DMADelayPulseCplt:
 1992              		@ args = 0, pretend = 0, frame = 0
 1993              		@ frame_needed = 0, uses_anonymous_args = 0
 1994 0000 10B5     		push	{r4, lr}
 1995 0002 846B     		ldr	r4, [r0, #56]
 1996 0004 636A     		ldr	r3, [r4, #36]
 1997 0006 8342     		cmp	r3, r0
 1998 0008 0ED0     		beq	.L228
 1999 000a A36A     		ldr	r3, [r4, #40]
 2000 000c 8342     		cmp	r3, r0
 2001 000e 14D0     		beq	.L229
 2002 0010 E36A     		ldr	r3, [r4, #44]
 2003 0012 8342     		cmp	r3, r0
 2004 0014 1AD0     		beq	.L230
 2005 0016 236B     		ldr	r3, [r4, #48]
 2006 0018 8342     		cmp	r3, r0
 2007 001a 20D0     		beq	.L231
 2008              	.L224:
 2009 001c 2046     		mov	r0, r4
 2010 001e FFF7FEFF 		bl	HAL_TIM_PWM_PulseFinishedCallback
 2011 0022 0023     		movs	r3, #0
 2012 0024 2377     		strb	r3, [r4, #28]
 2013 0026 10BD     		pop	{r4, pc}
 2014              	.L228:
 2015 0028 0123     		movs	r3, #1
 2016 002a 2377     		strb	r3, [r4, #28]
 2017 002c C369     		ldr	r3, [r0, #28]
 2018 002e 002B     		cmp	r3, #0
 2019 0030 F4D1     		bne	.L224
 2020 0032 0123     		movs	r3, #1
 2021 0034 84F83E30 		strb	r3, [r4, #62]
 2022 0038 F0E7     		b	.L224
 2023              	.L229:
 2024 003a 0223     		movs	r3, #2
 2025 003c 2377     		strb	r3, [r4, #28]
 2026 003e C369     		ldr	r3, [r0, #28]
 2027 0040 002B     		cmp	r3, #0
 2028 0042 EBD1     		bne	.L224
 2029 0044 0123     		movs	r3, #1
 2030 0046 84F83F30 		strb	r3, [r4, #63]
 2031 004a E7E7     		b	.L224
 2032              	.L230:
 2033 004c 0423     		movs	r3, #4
 2034 004e 2377     		strb	r3, [r4, #28]
 2035 0050 C369     		ldr	r3, [r0, #28]
 2036 0052 002B     		cmp	r3, #0
 2037 0054 E2D1     		bne	.L224
 2038 0056 0123     		movs	r3, #1
 2039 0058 84F84030 		strb	r3, [r4, #64]
 2040 005c DEE7     		b	.L224
 2041              	.L231:
 2042 005e 0823     		movs	r3, #8
 2043 0060 2377     		strb	r3, [r4, #28]
ARM GAS  C:\Users\joabk\AppData\Local\Temp\ccrwML7P.s 			page 35


 2044 0062 C369     		ldr	r3, [r0, #28]
 2045 0064 002B     		cmp	r3, #0
 2046 0066 D9D1     		bne	.L224
 2047 0068 0123     		movs	r3, #1
 2048 006a 84F84130 		strb	r3, [r4, #65]
 2049 006e D5E7     		b	.L224
 2051              		.section	.text.HAL_TIM_PWM_PulseFinishedHalfCpltCallback,"ax",%progbits
 2052              		.align	1
 2053              		.weak	HAL_TIM_PWM_PulseFinishedHalfCpltCallback
 2054              		.syntax unified
 2055              		.thumb
 2056              		.thumb_func
 2058              	HAL_TIM_PWM_PulseFinishedHalfCpltCallback:
 2059              		@ args = 0, pretend = 0, frame = 0
 2060              		@ frame_needed = 0, uses_anonymous_args = 0
 2061              		@ link register save eliminated.
 2062 0000 7047     		bx	lr
 2064              		.section	.text.TIM_DMADelayPulseHalfCplt,"ax",%progbits
 2065              		.align	1
 2066              		.global	TIM_DMADelayPulseHalfCplt
 2067              		.syntax unified
 2068              		.thumb
 2069              		.thumb_func
 2071              	TIM_DMADelayPulseHalfCplt:
 2072              		@ args = 0, pretend = 0, frame = 0
 2073              		@ frame_needed = 0, uses_anonymous_args = 0
 2074 0000 10B5     		push	{r4, lr}
 2075 0002 846B     		ldr	r4, [r0, #56]
 2076 0004 636A     		ldr	r3, [r4, #36]
 2077 0006 8342     		cmp	r3, r0
 2078 0008 0BD0     		beq	.L239
 2079 000a A36A     		ldr	r3, [r4, #40]
 2080 000c 8342     		cmp	r3, r0
 2081 000e 10D0     		beq	.L240
 2082 0010 E36A     		ldr	r3, [r4, #44]
 2083 0012 8342     		cmp	r3, r0
 2084 0014 10D0     		beq	.L241
 2085 0016 236B     		ldr	r3, [r4, #48]
 2086 0018 8342     		cmp	r3, r0
 2087 001a 04D1     		bne	.L235
 2088 001c 0823     		movs	r3, #8
 2089 001e 2377     		strb	r3, [r4, #28]
 2090 0020 01E0     		b	.L235
 2091              	.L239:
 2092 0022 0123     		movs	r3, #1
 2093 0024 2377     		strb	r3, [r4, #28]
 2094              	.L235:
 2095 0026 2046     		mov	r0, r4
 2096 0028 FFF7FEFF 		bl	HAL_TIM_PWM_PulseFinishedHalfCpltCallback
 2097 002c 0023     		movs	r3, #0
 2098 002e 2377     		strb	r3, [r4, #28]
 2099 0030 10BD     		pop	{r4, pc}
 2100              	.L240:
 2101 0032 0223     		movs	r3, #2
 2102 0034 2377     		strb	r3, [r4, #28]
 2103 0036 F6E7     		b	.L235
 2104              	.L241:
ARM GAS  C:\Users\joabk\AppData\Local\Temp\ccrwML7P.s 			page 36


 2105 0038 0423     		movs	r3, #4
 2106 003a 2377     		strb	r3, [r4, #28]
 2107 003c F3E7     		b	.L235
 2109              		.section	.text.HAL_TIM_TriggerCallback,"ax",%progbits
 2110              		.align	1
 2111              		.weak	HAL_TIM_TriggerCallback
 2112              		.syntax unified
 2113              		.thumb
 2114              		.thumb_func
 2116              	HAL_TIM_TriggerCallback:
 2117              		@ args = 0, pretend = 0, frame = 0
 2118              		@ frame_needed = 0, uses_anonymous_args = 0
 2119              		@ link register save eliminated.
 2120 0000 7047     		bx	lr
 2122              		.section	.text.HAL_TIM_IRQHandler,"ax",%progbits
 2123              		.align	1
 2124              		.global	HAL_TIM_IRQHandler
 2125              		.syntax unified
 2126              		.thumb
 2127              		.thumb_func
 2129              	HAL_TIM_IRQHandler:
 2130              		@ args = 0, pretend = 0, frame = 0
 2131              		@ frame_needed = 0, uses_anonymous_args = 0
 2132 0000 70B5     		push	{r4, r5, r6, lr}
 2133 0002 0446     		mov	r4, r0
 2134 0004 0368     		ldr	r3, [r0]
 2135 0006 DE68     		ldr	r6, [r3, #12]
 2136 0008 1D69     		ldr	r5, [r3, #16]
 2137 000a 15F0020F 		tst	r5, #2
 2138 000e 10D0     		beq	.L244
 2139 0010 16F0020F 		tst	r6, #2
 2140 0014 0DD0     		beq	.L244
 2141 0016 6FF00202 		mvn	r2, #2
 2142 001a 1A61     		str	r2, [r3, #16]
 2143 001c 0123     		movs	r3, #1
 2144 001e 0377     		strb	r3, [r0, #28]
 2145 0020 0368     		ldr	r3, [r0]
 2146 0022 9B69     		ldr	r3, [r3, #24]
 2147 0024 13F0030F 		tst	r3, #3
 2148 0028 5ED0     		beq	.L245
 2149 002a FFF7FEFF 		bl	HAL_TIM_IC_CaptureCallback
 2150              	.L246:
 2151 002e 0023     		movs	r3, #0
 2152 0030 2377     		strb	r3, [r4, #28]
 2153              	.L244:
 2154 0032 15F0040F 		tst	r5, #4
 2155 0036 12D0     		beq	.L247
 2156 0038 16F0040F 		tst	r6, #4
 2157 003c 0FD0     		beq	.L247
 2158 003e 2368     		ldr	r3, [r4]
 2159 0040 6FF00402 		mvn	r2, #4
 2160 0044 1A61     		str	r2, [r3, #16]
 2161 0046 0223     		movs	r3, #2
 2162 0048 2377     		strb	r3, [r4, #28]
 2163 004a 2368     		ldr	r3, [r4]
 2164 004c 9B69     		ldr	r3, [r3, #24]
 2165 004e 13F4407F 		tst	r3, #768
ARM GAS  C:\Users\joabk\AppData\Local\Temp\ccrwML7P.s 			page 37


 2166 0052 4FD0     		beq	.L248
 2167 0054 2046     		mov	r0, r4
 2168 0056 FFF7FEFF 		bl	HAL_TIM_IC_CaptureCallback
 2169              	.L249:
 2170 005a 0023     		movs	r3, #0
 2171 005c 2377     		strb	r3, [r4, #28]
 2172              	.L247:
 2173 005e 15F0080F 		tst	r5, #8
 2174 0062 12D0     		beq	.L250
 2175 0064 16F0080F 		tst	r6, #8
 2176 0068 0FD0     		beq	.L250
 2177 006a 2368     		ldr	r3, [r4]
 2178 006c 6FF00802 		mvn	r2, #8
 2179 0070 1A61     		str	r2, [r3, #16]
 2180 0072 0423     		movs	r3, #4
 2181 0074 2377     		strb	r3, [r4, #28]
 2182 0076 2368     		ldr	r3, [r4]
 2183 0078 DB69     		ldr	r3, [r3, #28]
 2184 007a 13F0030F 		tst	r3, #3
 2185 007e 40D0     		beq	.L251
 2186 0080 2046     		mov	r0, r4
 2187 0082 FFF7FEFF 		bl	HAL_TIM_IC_CaptureCallback
 2188              	.L252:
 2189 0086 0023     		movs	r3, #0
 2190 0088 2377     		strb	r3, [r4, #28]
 2191              	.L250:
 2192 008a 15F0100F 		tst	r5, #16
 2193 008e 12D0     		beq	.L253
 2194 0090 16F0100F 		tst	r6, #16
 2195 0094 0FD0     		beq	.L253
 2196 0096 2368     		ldr	r3, [r4]
 2197 0098 6FF01002 		mvn	r2, #16
 2198 009c 1A61     		str	r2, [r3, #16]
 2199 009e 0823     		movs	r3, #8
 2200 00a0 2377     		strb	r3, [r4, #28]
 2201 00a2 2368     		ldr	r3, [r4]
 2202 00a4 DB69     		ldr	r3, [r3, #28]
 2203 00a6 13F4407F 		tst	r3, #768
 2204 00aa 31D0     		beq	.L254
 2205 00ac 2046     		mov	r0, r4
 2206 00ae FFF7FEFF 		bl	HAL_TIM_IC_CaptureCallback
 2207              	.L255:
 2208 00b2 0023     		movs	r3, #0
 2209 00b4 2377     		strb	r3, [r4, #28]
 2210              	.L253:
 2211 00b6 15F0010F 		tst	r5, #1
 2212 00ba 02D0     		beq	.L256
 2213 00bc 16F0010F 		tst	r6, #1
 2214 00c0 2DD1     		bne	.L261
 2215              	.L256:
 2216 00c2 15F0800F 		tst	r5, #128
 2217 00c6 02D0     		beq	.L257
 2218 00c8 16F0800F 		tst	r6, #128
 2219 00cc 2FD1     		bne	.L262
 2220              	.L257:
 2221 00ce 15F0400F 		tst	r5, #64
 2222 00d2 02D0     		beq	.L258
ARM GAS  C:\Users\joabk\AppData\Local\Temp\ccrwML7P.s 			page 38


 2223 00d4 16F0400F 		tst	r6, #64
 2224 00d8 31D1     		bne	.L263
 2225              	.L258:
 2226 00da 15F0200F 		tst	r5, #32
 2227 00de 02D0     		beq	.L243
 2228 00e0 16F0200F 		tst	r6, #32
 2229 00e4 33D1     		bne	.L264
 2230              	.L243:
 2231 00e6 70BD     		pop	{r4, r5, r6, pc}
 2232              	.L245:
 2233 00e8 FFF7FEFF 		bl	HAL_TIM_OC_DelayElapsedCallback
 2234 00ec 2046     		mov	r0, r4
 2235 00ee FFF7FEFF 		bl	HAL_TIM_PWM_PulseFinishedCallback
 2236 00f2 9CE7     		b	.L246
 2237              	.L248:
 2238 00f4 2046     		mov	r0, r4
 2239 00f6 FFF7FEFF 		bl	HAL_TIM_OC_DelayElapsedCallback
 2240 00fa 2046     		mov	r0, r4
 2241 00fc FFF7FEFF 		bl	HAL_TIM_PWM_PulseFinishedCallback
 2242 0100 ABE7     		b	.L249
 2243              	.L251:
 2244 0102 2046     		mov	r0, r4
 2245 0104 FFF7FEFF 		bl	HAL_TIM_OC_DelayElapsedCallback
 2246 0108 2046     		mov	r0, r4
 2247 010a FFF7FEFF 		bl	HAL_TIM_PWM_PulseFinishedCallback
 2248 010e BAE7     		b	.L252
 2249              	.L254:
 2250 0110 2046     		mov	r0, r4
 2251 0112 FFF7FEFF 		bl	HAL_TIM_OC_DelayElapsedCallback
 2252 0116 2046     		mov	r0, r4
 2253 0118 FFF7FEFF 		bl	HAL_TIM_PWM_PulseFinishedCallback
 2254 011c C9E7     		b	.L255
 2255              	.L261:
 2256 011e 2368     		ldr	r3, [r4]
 2257 0120 6FF00102 		mvn	r2, #1
 2258 0124 1A61     		str	r2, [r3, #16]
 2259 0126 2046     		mov	r0, r4
 2260 0128 FFF7FEFF 		bl	HAL_TIM_PeriodElapsedCallback
 2261 012c C9E7     		b	.L256
 2262              	.L262:
 2263 012e 2368     		ldr	r3, [r4]
 2264 0130 6FF08002 		mvn	r2, #128
 2265 0134 1A61     		str	r2, [r3, #16]
 2266 0136 2046     		mov	r0, r4
 2267 0138 FFF7FEFF 		bl	HAL_TIMEx_BreakCallback
 2268 013c C7E7     		b	.L257
 2269              	.L263:
 2270 013e 2368     		ldr	r3, [r4]
 2271 0140 6FF04002 		mvn	r2, #64
 2272 0144 1A61     		str	r2, [r3, #16]
 2273 0146 2046     		mov	r0, r4
 2274 0148 FFF7FEFF 		bl	HAL_TIM_TriggerCallback
 2275 014c C5E7     		b	.L258
 2276              	.L264:
 2277 014e 2368     		ldr	r3, [r4]
 2278 0150 6FF02002 		mvn	r2, #32
 2279 0154 1A61     		str	r2, [r3, #16]
ARM GAS  C:\Users\joabk\AppData\Local\Temp\ccrwML7P.s 			page 39


 2280 0156 2046     		mov	r0, r4
 2281 0158 FFF7FEFF 		bl	HAL_TIMEx_CommutCallback
 2282 015c C3E7     		b	.L243
 2284              		.section	.text.TIM_DMATriggerCplt,"ax",%progbits
 2285              		.align	1
 2286              		.syntax unified
 2287              		.thumb
 2288              		.thumb_func
 2290              	TIM_DMATriggerCplt:
 2291              		@ args = 0, pretend = 0, frame = 0
 2292              		@ frame_needed = 0, uses_anonymous_args = 0
 2293 0000 08B5     		push	{r3, lr}
 2294 0002 806B     		ldr	r0, [r0, #56]
 2295 0004 836B     		ldr	r3, [r0, #56]
 2296 0006 DB69     		ldr	r3, [r3, #28]
 2297 0008 13B9     		cbnz	r3, .L266
 2298 000a 0123     		movs	r3, #1
 2299 000c 80F83D30 		strb	r3, [r0, #61]
 2300              	.L266:
 2301 0010 FFF7FEFF 		bl	HAL_TIM_TriggerCallback
 2302 0014 08BD     		pop	{r3, pc}
 2304              		.section	.text.HAL_TIM_TriggerHalfCpltCallback,"ax",%progbits
 2305              		.align	1
 2306              		.weak	HAL_TIM_TriggerHalfCpltCallback
 2307              		.syntax unified
 2308              		.thumb
 2309              		.thumb_func
 2311              	HAL_TIM_TriggerHalfCpltCallback:
 2312              		@ args = 0, pretend = 0, frame = 0
 2313              		@ frame_needed = 0, uses_anonymous_args = 0
 2314              		@ link register save eliminated.
 2315 0000 7047     		bx	lr
 2317              		.section	.text.TIM_DMATriggerHalfCplt,"ax",%progbits
 2318              		.align	1
 2319              		.syntax unified
 2320              		.thumb
 2321              		.thumb_func
 2323              	TIM_DMATriggerHalfCplt:
 2324              		@ args = 0, pretend = 0, frame = 0
 2325              		@ frame_needed = 0, uses_anonymous_args = 0
 2326 0000 08B5     		push	{r3, lr}
 2327 0002 806B     		ldr	r0, [r0, #56]
 2328 0004 FFF7FEFF 		bl	HAL_TIM_TriggerHalfCpltCallback
 2329 0008 08BD     		pop	{r3, pc}
 2331              		.section	.text.HAL_TIM_ErrorCallback,"ax",%progbits
 2332              		.align	1
 2333              		.weak	HAL_TIM_ErrorCallback
 2334              		.syntax unified
 2335              		.thumb
 2336              		.thumb_func
 2338              	HAL_TIM_ErrorCallback:
 2339              		@ args = 0, pretend = 0, frame = 0
 2340              		@ frame_needed = 0, uses_anonymous_args = 0
 2341              		@ link register save eliminated.
 2342 0000 7047     		bx	lr
 2344              		.section	.text.TIM_DMAError,"ax",%progbits
 2345              		.align	1
ARM GAS  C:\Users\joabk\AppData\Local\Temp\ccrwML7P.s 			page 40


 2346              		.global	TIM_DMAError
 2347              		.syntax unified
 2348              		.thumb
 2349              		.thumb_func
 2351              	TIM_DMAError:
 2352              		@ args = 0, pretend = 0, frame = 0
 2353              		@ frame_needed = 0, uses_anonymous_args = 0
 2354 0000 10B5     		push	{r4, lr}
 2355 0002 846B     		ldr	r4, [r0, #56]
 2356 0004 636A     		ldr	r3, [r4, #36]
 2357 0006 8342     		cmp	r3, r0
 2358 0008 0CD0     		beq	.L279
 2359 000a A36A     		ldr	r3, [r4, #40]
 2360 000c 8342     		cmp	r3, r0
 2361 000e 13D0     		beq	.L280
 2362 0010 E36A     		ldr	r3, [r4, #44]
 2363 0012 8342     		cmp	r3, r0
 2364 0014 16D0     		beq	.L281
 2365 0016 236B     		ldr	r3, [r4, #48]
 2366 0018 8342     		cmp	r3, r0
 2367 001a 19D0     		beq	.L282
 2368 001c 0123     		movs	r3, #1
 2369 001e 84F83D30 		strb	r3, [r4, #61]
 2370 0022 03E0     		b	.L274
 2371              	.L279:
 2372 0024 0123     		movs	r3, #1
 2373 0026 2377     		strb	r3, [r4, #28]
 2374 0028 84F83E30 		strb	r3, [r4, #62]
 2375              	.L274:
 2376 002c 2046     		mov	r0, r4
 2377 002e FFF7FEFF 		bl	HAL_TIM_ErrorCallback
 2378 0032 0023     		movs	r3, #0
 2379 0034 2377     		strb	r3, [r4, #28]
 2380 0036 10BD     		pop	{r4, pc}
 2381              	.L280:
 2382 0038 0223     		movs	r3, #2
 2383 003a 2377     		strb	r3, [r4, #28]
 2384 003c 0123     		movs	r3, #1
 2385 003e 84F83F30 		strb	r3, [r4, #63]
 2386 0042 F3E7     		b	.L274
 2387              	.L281:
 2388 0044 0423     		movs	r3, #4
 2389 0046 2377     		strb	r3, [r4, #28]
 2390 0048 0123     		movs	r3, #1
 2391 004a 84F84030 		strb	r3, [r4, #64]
 2392 004e EDE7     		b	.L274
 2393              	.L282:
 2394 0050 0823     		movs	r3, #8
 2395 0052 2377     		strb	r3, [r4, #28]
 2396 0054 0123     		movs	r3, #1
 2397 0056 84F84130 		strb	r3, [r4, #65]
 2398 005a E7E7     		b	.L274
 2400              		.section	.text.HAL_TIM_Base_GetState,"ax",%progbits
 2401              		.align	1
 2402              		.global	HAL_TIM_Base_GetState
 2403              		.syntax unified
 2404              		.thumb
ARM GAS  C:\Users\joabk\AppData\Local\Temp\ccrwML7P.s 			page 41


 2405              		.thumb_func
 2407              	HAL_TIM_Base_GetState:
 2408              		@ args = 0, pretend = 0, frame = 0
 2409              		@ frame_needed = 0, uses_anonymous_args = 0
 2410              		@ link register save eliminated.
 2411 0000 90F83D00 		ldrb	r0, [r0, #61]	@ zero_extendqisi2
 2412 0004 7047     		bx	lr
 2414              		.section	.text.HAL_TIM_OC_GetState,"ax",%progbits
 2415              		.align	1
 2416              		.global	HAL_TIM_OC_GetState
 2417              		.syntax unified
 2418              		.thumb
 2419              		.thumb_func
 2421              	HAL_TIM_OC_GetState:
 2422              		@ args = 0, pretend = 0, frame = 0
 2423              		@ frame_needed = 0, uses_anonymous_args = 0
 2424              		@ link register save eliminated.
 2425 0000 90F83D00 		ldrb	r0, [r0, #61]	@ zero_extendqisi2
 2426 0004 7047     		bx	lr
 2428              		.section	.text.HAL_TIM_PWM_GetState,"ax",%progbits
 2429              		.align	1
 2430              		.global	HAL_TIM_PWM_GetState
 2431              		.syntax unified
 2432              		.thumb
 2433              		.thumb_func
 2435              	HAL_TIM_PWM_GetState:
 2436              		@ args = 0, pretend = 0, frame = 0
 2437              		@ frame_needed = 0, uses_anonymous_args = 0
 2438              		@ link register save eliminated.
 2439 0000 90F83D00 		ldrb	r0, [r0, #61]	@ zero_extendqisi2
 2440 0004 7047     		bx	lr
 2442              		.section	.text.HAL_TIM_IC_GetState,"ax",%progbits
 2443              		.align	1
 2444              		.global	HAL_TIM_IC_GetState
 2445              		.syntax unified
 2446              		.thumb
 2447              		.thumb_func
 2449              	HAL_TIM_IC_GetState:
 2450              		@ args = 0, pretend = 0, frame = 0
 2451              		@ frame_needed = 0, uses_anonymous_args = 0
 2452              		@ link register save eliminated.
 2453 0000 90F83D00 		ldrb	r0, [r0, #61]	@ zero_extendqisi2
 2454 0004 7047     		bx	lr
 2456              		.section	.text.HAL_TIM_OnePulse_GetState,"ax",%progbits
 2457              		.align	1
 2458              		.global	HAL_TIM_OnePulse_GetState
 2459              		.syntax unified
 2460              		.thumb
 2461              		.thumb_func
 2463              	HAL_TIM_OnePulse_GetState:
 2464              		@ args = 0, pretend = 0, frame = 0
 2465              		@ frame_needed = 0, uses_anonymous_args = 0
 2466              		@ link register save eliminated.
 2467 0000 90F83D00 		ldrb	r0, [r0, #61]	@ zero_extendqisi2
 2468 0004 7047     		bx	lr
 2470              		.section	.text.HAL_TIM_Encoder_GetState,"ax",%progbits
 2471              		.align	1
ARM GAS  C:\Users\joabk\AppData\Local\Temp\ccrwML7P.s 			page 42


 2472              		.global	HAL_TIM_Encoder_GetState
 2473              		.syntax unified
 2474              		.thumb
 2475              		.thumb_func
 2477              	HAL_TIM_Encoder_GetState:
 2478              		@ args = 0, pretend = 0, frame = 0
 2479              		@ frame_needed = 0, uses_anonymous_args = 0
 2480              		@ link register save eliminated.
 2481 0000 90F83D00 		ldrb	r0, [r0, #61]	@ zero_extendqisi2
 2482 0004 7047     		bx	lr
 2484              		.section	.text.HAL_TIM_GetActiveChannel,"ax",%progbits
 2485              		.align	1
 2486              		.global	HAL_TIM_GetActiveChannel
 2487              		.syntax unified
 2488              		.thumb
 2489              		.thumb_func
 2491              	HAL_TIM_GetActiveChannel:
 2492              		@ args = 0, pretend = 0, frame = 0
 2493              		@ frame_needed = 0, uses_anonymous_args = 0
 2494              		@ link register save eliminated.
 2495 0000 007F     		ldrb	r0, [r0, #28]	@ zero_extendqisi2
 2496 0002 7047     		bx	lr
 2498              		.section	.text.HAL_TIM_GetChannelState,"ax",%progbits
 2499              		.align	1
 2500              		.global	HAL_TIM_GetChannelState
 2501              		.syntax unified
 2502              		.thumb
 2503              		.thumb_func
 2505              	HAL_TIM_GetChannelState:
 2506              		@ args = 0, pretend = 0, frame = 0
 2507              		@ frame_needed = 0, uses_anonymous_args = 0
 2508              		@ link register save eliminated.
 2509 0000 19B9     		cbnz	r1, .L291
 2510 0002 90F83E00 		ldrb	r0, [r0, #62]	@ zero_extendqisi2
 2511 0006 C0B2     		uxtb	r0, r0
 2512 0008 7047     		bx	lr
 2513              	.L291:
 2514 000a 0429     		cmp	r1, #4
 2515 000c 05D0     		beq	.L295
 2516 000e 0829     		cmp	r1, #8
 2517 0010 07D0     		beq	.L296
 2518 0012 90F84100 		ldrb	r0, [r0, #65]	@ zero_extendqisi2
 2519 0016 C0B2     		uxtb	r0, r0
 2520 0018 7047     		bx	lr
 2521              	.L295:
 2522 001a 90F83F00 		ldrb	r0, [r0, #63]	@ zero_extendqisi2
 2523 001e C0B2     		uxtb	r0, r0
 2524 0020 7047     		bx	lr
 2525              	.L296:
 2526 0022 90F84000 		ldrb	r0, [r0, #64]	@ zero_extendqisi2
 2527 0026 C0B2     		uxtb	r0, r0
 2528 0028 7047     		bx	lr
 2530              		.section	.text.HAL_TIM_DMABurstState,"ax",%progbits
 2531              		.align	1
 2532              		.global	HAL_TIM_DMABurstState
 2533              		.syntax unified
 2534              		.thumb
ARM GAS  C:\Users\joabk\AppData\Local\Temp\ccrwML7P.s 			page 43


 2535              		.thumb_func
 2537              	HAL_TIM_DMABurstState:
 2538              		@ args = 0, pretend = 0, frame = 0
 2539              		@ frame_needed = 0, uses_anonymous_args = 0
 2540              		@ link register save eliminated.
 2541 0000 90F84600 		ldrb	r0, [r0, #70]	@ zero_extendqisi2
 2542 0004 7047     		bx	lr
 2544              		.section	.text.TIM_Base_SetConfig,"ax",%progbits
 2545              		.align	1
 2546              		.global	TIM_Base_SetConfig
 2547              		.syntax unified
 2548              		.thumb
 2549              		.thumb_func
 2551              	TIM_Base_SetConfig:
 2552              		@ args = 0, pretend = 0, frame = 0
 2553              		@ frame_needed = 0, uses_anonymous_args = 0
 2554              		@ link register save eliminated.
 2555 0000 0368     		ldr	r3, [r0]
 2556 0002 274A     		ldr	r2, .L305
 2557 0004 9042     		cmp	r0, r2
 2558 0006 0ED0     		beq	.L299
 2559 0008 B0F1804F 		cmp	r0, #1073741824
 2560 000c 0BD0     		beq	.L299
 2561 000e A2F57C42 		sub	r2, r2, #64512
 2562 0012 9042     		cmp	r0, r2
 2563 0014 07D0     		beq	.L299
 2564 0016 02F58062 		add	r2, r2, #1024
 2565 001a 9042     		cmp	r0, r2
 2566 001c 03D0     		beq	.L299
 2567 001e 02F58062 		add	r2, r2, #1024
 2568 0022 9042     		cmp	r0, r2
 2569 0024 03D1     		bne	.L300
 2570              	.L299:
 2571 0026 23F07003 		bic	r3, r3, #112
 2572 002a 4A68     		ldr	r2, [r1, #4]
 2573 002c 1343     		orrs	r3, r3, r2
 2574              	.L300:
 2575 002e 1C4A     		ldr	r2, .L305
 2576 0030 9042     		cmp	r0, r2
 2577 0032 1AD0     		beq	.L301
 2578 0034 B0F1804F 		cmp	r0, #1073741824
 2579 0038 17D0     		beq	.L301
 2580 003a A2F57C42 		sub	r2, r2, #64512
 2581 003e 9042     		cmp	r0, r2
 2582 0040 13D0     		beq	.L301
 2583 0042 02F58062 		add	r2, r2, #1024
 2584 0046 9042     		cmp	r0, r2
 2585 0048 0FD0     		beq	.L301
 2586 004a 02F58062 		add	r2, r2, #1024
 2587 004e 9042     		cmp	r0, r2
 2588 0050 0BD0     		beq	.L301
 2589 0052 02F59A32 		add	r2, r2, #78848
 2590 0056 9042     		cmp	r0, r2
 2591 0058 07D0     		beq	.L301
 2592 005a 02F58062 		add	r2, r2, #1024
 2593 005e 9042     		cmp	r0, r2
 2594 0060 03D0     		beq	.L301
ARM GAS  C:\Users\joabk\AppData\Local\Temp\ccrwML7P.s 			page 44


 2595 0062 02F58062 		add	r2, r2, #1024
 2596 0066 9042     		cmp	r0, r2
 2597 0068 03D1     		bne	.L302
 2598              	.L301:
 2599 006a 23F44073 		bic	r3, r3, #768
 2600 006e CA68     		ldr	r2, [r1, #12]
 2601 0070 1343     		orrs	r3, r3, r2
 2602              	.L302:
 2603 0072 23F08003 		bic	r3, r3, #128
 2604 0076 4A69     		ldr	r2, [r1, #20]
 2605 0078 1343     		orrs	r3, r3, r2
 2606 007a 8A68     		ldr	r2, [r1, #8]
 2607 007c C262     		str	r2, [r0, #44]
 2608 007e 0A68     		ldr	r2, [r1]
 2609 0080 8262     		str	r2, [r0, #40]
 2610 0082 074A     		ldr	r2, .L305
 2611 0084 9042     		cmp	r0, r2
 2612 0086 07D0     		beq	.L304
 2613              	.L303:
 2614 0088 0268     		ldr	r2, [r0]
 2615 008a 42F00402 		orr	r2, r2, #4
 2616 008e 0260     		str	r2, [r0]
 2617 0090 0122     		movs	r2, #1
 2618 0092 4261     		str	r2, [r0, #20]
 2619 0094 0360     		str	r3, [r0]
 2620 0096 7047     		bx	lr
 2621              	.L304:
 2622 0098 0A69     		ldr	r2, [r1, #16]
 2623 009a 0263     		str	r2, [r0, #48]
 2624 009c F4E7     		b	.L303
 2625              	.L306:
 2626 009e 00BF     		.align	2
 2627              	.L305:
 2628 00a0 00000140 		.word	1073807360
 2630              		.section	.text.HAL_TIM_Base_Init,"ax",%progbits
 2631              		.align	1
 2632              		.global	HAL_TIM_Base_Init
 2633              		.syntax unified
 2634              		.thumb
 2635              		.thumb_func
 2637              	HAL_TIM_Base_Init:
 2638              		@ args = 0, pretend = 0, frame = 0
 2639              		@ frame_needed = 0, uses_anonymous_args = 0
 2640 0000 40B3     		cbz	r0, .L310
 2641 0002 10B5     		push	{r4, lr}
 2642 0004 0446     		mov	r4, r0
 2643 0006 90F83D30 		ldrb	r3, [r0, #61]	@ zero_extendqisi2
 2644 000a F3B1     		cbz	r3, .L315
 2645              	.L309:
 2646 000c 0223     		movs	r3, #2
 2647 000e 84F83D30 		strb	r3, [r4, #61]
 2648 0012 2146     		mov	r1, r4
 2649 0014 51F8040B 		ldr	r0, [r1], #4
 2650 0018 FFF7FEFF 		bl	TIM_Base_SetConfig
 2651 001c 0123     		movs	r3, #1
 2652 001e 84F84630 		strb	r3, [r4, #70]
 2653 0022 84F83E30 		strb	r3, [r4, #62]
ARM GAS  C:\Users\joabk\AppData\Local\Temp\ccrwML7P.s 			page 45


 2654 0026 84F83F30 		strb	r3, [r4, #63]
 2655 002a 84F84030 		strb	r3, [r4, #64]
 2656 002e 84F84130 		strb	r3, [r4, #65]
 2657 0032 84F84230 		strb	r3, [r4, #66]
 2658 0036 84F84330 		strb	r3, [r4, #67]
 2659 003a 84F84430 		strb	r3, [r4, #68]
 2660 003e 84F84530 		strb	r3, [r4, #69]
 2661 0042 84F83D30 		strb	r3, [r4, #61]
 2662 0046 0020     		movs	r0, #0
 2663 0048 10BD     		pop	{r4, pc}
 2664              	.L315:
 2665 004a 80F83C30 		strb	r3, [r0, #60]
 2666 004e FFF7FEFF 		bl	HAL_TIM_Base_MspInit
 2667 0052 DBE7     		b	.L309
 2668              	.L310:
 2669 0054 0120     		movs	r0, #1
 2670 0056 7047     		bx	lr
 2672              		.section	.text.HAL_TIM_OC_Init,"ax",%progbits
 2673              		.align	1
 2674              		.global	HAL_TIM_OC_Init
 2675              		.syntax unified
 2676              		.thumb
 2677              		.thumb_func
 2679              	HAL_TIM_OC_Init:
 2680              		@ args = 0, pretend = 0, frame = 0
 2681              		@ frame_needed = 0, uses_anonymous_args = 0
 2682 0000 40B3     		cbz	r0, .L319
 2683 0002 10B5     		push	{r4, lr}
 2684 0004 0446     		mov	r4, r0
 2685 0006 90F83D30 		ldrb	r3, [r0, #61]	@ zero_extendqisi2
 2686 000a F3B1     		cbz	r3, .L324
 2687              	.L318:
 2688 000c 0223     		movs	r3, #2
 2689 000e 84F83D30 		strb	r3, [r4, #61]
 2690 0012 2146     		mov	r1, r4
 2691 0014 51F8040B 		ldr	r0, [r1], #4
 2692 0018 FFF7FEFF 		bl	TIM_Base_SetConfig
 2693 001c 0123     		movs	r3, #1
 2694 001e 84F84630 		strb	r3, [r4, #70]
 2695 0022 84F83E30 		strb	r3, [r4, #62]
 2696 0026 84F83F30 		strb	r3, [r4, #63]
 2697 002a 84F84030 		strb	r3, [r4, #64]
 2698 002e 84F84130 		strb	r3, [r4, #65]
 2699 0032 84F84230 		strb	r3, [r4, #66]
 2700 0036 84F84330 		strb	r3, [r4, #67]
 2701 003a 84F84430 		strb	r3, [r4, #68]
 2702 003e 84F84530 		strb	r3, [r4, #69]
 2703 0042 84F83D30 		strb	r3, [r4, #61]
 2704 0046 0020     		movs	r0, #0
 2705 0048 10BD     		pop	{r4, pc}
 2706              	.L324:
 2707 004a 80F83C30 		strb	r3, [r0, #60]
 2708 004e FFF7FEFF 		bl	HAL_TIM_OC_MspInit
 2709 0052 DBE7     		b	.L318
 2710              	.L319:
 2711 0054 0120     		movs	r0, #1
 2712 0056 7047     		bx	lr
ARM GAS  C:\Users\joabk\AppData\Local\Temp\ccrwML7P.s 			page 46


 2714              		.section	.text.HAL_TIM_PWM_Init,"ax",%progbits
 2715              		.align	1
 2716              		.global	HAL_TIM_PWM_Init
 2717              		.syntax unified
 2718              		.thumb
 2719              		.thumb_func
 2721              	HAL_TIM_PWM_Init:
 2722              		@ args = 0, pretend = 0, frame = 0
 2723              		@ frame_needed = 0, uses_anonymous_args = 0
 2724 0000 40B3     		cbz	r0, .L328
 2725 0002 10B5     		push	{r4, lr}
 2726 0004 0446     		mov	r4, r0
 2727 0006 90F83D30 		ldrb	r3, [r0, #61]	@ zero_extendqisi2
 2728 000a F3B1     		cbz	r3, .L333
 2729              	.L327:
 2730 000c 0223     		movs	r3, #2
 2731 000e 84F83D30 		strb	r3, [r4, #61]
 2732 0012 2146     		mov	r1, r4
 2733 0014 51F8040B 		ldr	r0, [r1], #4
 2734 0018 FFF7FEFF 		bl	TIM_Base_SetConfig
 2735 001c 0123     		movs	r3, #1
 2736 001e 84F84630 		strb	r3, [r4, #70]
 2737 0022 84F83E30 		strb	r3, [r4, #62]
 2738 0026 84F83F30 		strb	r3, [r4, #63]
 2739 002a 84F84030 		strb	r3, [r4, #64]
 2740 002e 84F84130 		strb	r3, [r4, #65]
 2741 0032 84F84230 		strb	r3, [r4, #66]
 2742 0036 84F84330 		strb	r3, [r4, #67]
 2743 003a 84F84430 		strb	r3, [r4, #68]
 2744 003e 84F84530 		strb	r3, [r4, #69]
 2745 0042 84F83D30 		strb	r3, [r4, #61]
 2746 0046 0020     		movs	r0, #0
 2747 0048 10BD     		pop	{r4, pc}
 2748              	.L333:
 2749 004a 80F83C30 		strb	r3, [r0, #60]
 2750 004e FFF7FEFF 		bl	HAL_TIM_PWM_MspInit
 2751 0052 DBE7     		b	.L327
 2752              	.L328:
 2753 0054 0120     		movs	r0, #1
 2754 0056 7047     		bx	lr
 2756              		.section	.text.HAL_TIM_IC_Init,"ax",%progbits
 2757              		.align	1
 2758              		.global	HAL_TIM_IC_Init
 2759              		.syntax unified
 2760              		.thumb
 2761              		.thumb_func
 2763              	HAL_TIM_IC_Init:
 2764              		@ args = 0, pretend = 0, frame = 0
 2765              		@ frame_needed = 0, uses_anonymous_args = 0
 2766 0000 40B3     		cbz	r0, .L337
 2767 0002 10B5     		push	{r4, lr}
 2768 0004 0446     		mov	r4, r0
 2769 0006 90F83D30 		ldrb	r3, [r0, #61]	@ zero_extendqisi2
 2770 000a F3B1     		cbz	r3, .L342
 2771              	.L336:
 2772 000c 0223     		movs	r3, #2
 2773 000e 84F83D30 		strb	r3, [r4, #61]
ARM GAS  C:\Users\joabk\AppData\Local\Temp\ccrwML7P.s 			page 47


 2774 0012 2146     		mov	r1, r4
 2775 0014 51F8040B 		ldr	r0, [r1], #4
 2776 0018 FFF7FEFF 		bl	TIM_Base_SetConfig
 2777 001c 0123     		movs	r3, #1
 2778 001e 84F84630 		strb	r3, [r4, #70]
 2779 0022 84F83E30 		strb	r3, [r4, #62]
 2780 0026 84F83F30 		strb	r3, [r4, #63]
 2781 002a 84F84030 		strb	r3, [r4, #64]
 2782 002e 84F84130 		strb	r3, [r4, #65]
 2783 0032 84F84230 		strb	r3, [r4, #66]
 2784 0036 84F84330 		strb	r3, [r4, #67]
 2785 003a 84F84430 		strb	r3, [r4, #68]
 2786 003e 84F84530 		strb	r3, [r4, #69]
 2787 0042 84F83D30 		strb	r3, [r4, #61]
 2788 0046 0020     		movs	r0, #0
 2789 0048 10BD     		pop	{r4, pc}
 2790              	.L342:
 2791 004a 80F83C30 		strb	r3, [r0, #60]
 2792 004e FFF7FEFF 		bl	HAL_TIM_IC_MspInit
 2793 0052 DBE7     		b	.L336
 2794              	.L337:
 2795 0054 0120     		movs	r0, #1
 2796 0056 7047     		bx	lr
 2798              		.section	.text.HAL_TIM_OnePulse_Init,"ax",%progbits
 2799              		.align	1
 2800              		.global	HAL_TIM_OnePulse_Init
 2801              		.syntax unified
 2802              		.thumb
 2803              		.thumb_func
 2805              	HAL_TIM_OnePulse_Init:
 2806              		@ args = 0, pretend = 0, frame = 0
 2807              		@ frame_needed = 0, uses_anonymous_args = 0
 2808 0000 50B3     		cbz	r0, .L346
 2809 0002 38B5     		push	{r3, r4, r5, lr}
 2810 0004 0D46     		mov	r5, r1
 2811 0006 0446     		mov	r4, r0
 2812 0008 90F83D30 		ldrb	r3, [r0, #61]	@ zero_extendqisi2
 2813 000c FBB1     		cbz	r3, .L351
 2814              	.L345:
 2815 000e 0223     		movs	r3, #2
 2816 0010 84F83D30 		strb	r3, [r4, #61]
 2817 0014 2146     		mov	r1, r4
 2818 0016 51F8040B 		ldr	r0, [r1], #4
 2819 001a FFF7FEFF 		bl	TIM_Base_SetConfig
 2820 001e 2268     		ldr	r2, [r4]
 2821 0020 1368     		ldr	r3, [r2]
 2822 0022 23F00803 		bic	r3, r3, #8
 2823 0026 1360     		str	r3, [r2]
 2824 0028 2268     		ldr	r2, [r4]
 2825 002a 1368     		ldr	r3, [r2]
 2826 002c 2B43     		orrs	r3, r3, r5
 2827 002e 1360     		str	r3, [r2]
 2828 0030 0123     		movs	r3, #1
 2829 0032 84F84630 		strb	r3, [r4, #70]
 2830 0036 84F83E30 		strb	r3, [r4, #62]
 2831 003a 84F83F30 		strb	r3, [r4, #63]
 2832 003e 84F84230 		strb	r3, [r4, #66]
ARM GAS  C:\Users\joabk\AppData\Local\Temp\ccrwML7P.s 			page 48


 2833 0042 84F84330 		strb	r3, [r4, #67]
 2834 0046 84F83D30 		strb	r3, [r4, #61]
 2835 004a 0020     		movs	r0, #0
 2836 004c 38BD     		pop	{r3, r4, r5, pc}
 2837              	.L351:
 2838 004e 80F83C30 		strb	r3, [r0, #60]
 2839 0052 FFF7FEFF 		bl	HAL_TIM_OnePulse_MspInit
 2840 0056 DAE7     		b	.L345
 2841              	.L346:
 2842 0058 0120     		movs	r0, #1
 2843 005a 7047     		bx	lr
 2845              		.section	.text.HAL_TIM_Encoder_Init,"ax",%progbits
 2846              		.align	1
 2847              		.global	HAL_TIM_Encoder_Init
 2848              		.syntax unified
 2849              		.thumb
 2850              		.thumb_func
 2852              	HAL_TIM_Encoder_Init:
 2853              		@ args = 0, pretend = 0, frame = 0
 2854              		@ frame_needed = 0, uses_anonymous_args = 0
 2855 0000 0028     		cmp	r0, #0
 2856 0002 53D0     		beq	.L355
 2857 0004 F8B5     		push	{r3, r4, r5, r6, r7, lr}
 2858 0006 0D46     		mov	r5, r1
 2859 0008 0446     		mov	r4, r0
 2860 000a 90F83D30 		ldrb	r3, [r0, #61]	@ zero_extendqisi2
 2861 000e 002B     		cmp	r3, #0
 2862 0010 47D0     		beq	.L360
 2863              	.L354:
 2864 0012 0223     		movs	r3, #2
 2865 0014 84F83D30 		strb	r3, [r4, #61]
 2866 0018 2268     		ldr	r2, [r4]
 2867 001a 9368     		ldr	r3, [r2, #8]
 2868 001c 23F48043 		bic	r3, r3, #16384
 2869 0020 23F00703 		bic	r3, r3, #7
 2870 0024 9360     		str	r3, [r2, #8]
 2871 0026 2146     		mov	r1, r4
 2872 0028 51F8040B 		ldr	r0, [r1], #4
 2873 002c FFF7FEFF 		bl	TIM_Base_SetConfig
 2874 0030 2168     		ldr	r1, [r4]
 2875 0032 8B68     		ldr	r3, [r1, #8]
 2876 0034 8A69     		ldr	r2, [r1, #24]
 2877 0036 0E6A     		ldr	r6, [r1, #32]
 2878 0038 2868     		ldr	r0, [r5]
 2879 003a 1843     		orrs	r0, r0, r3
 2880 003c 22F44072 		bic	r2, r2, #768
 2881 0040 22F00302 		bic	r2, r2, #3
 2882 0044 AB68     		ldr	r3, [r5, #8]
 2883 0046 AF69     		ldr	r7, [r5, #24]
 2884 0048 43EA0723 		orr	r3, r3, r7, lsl #8
 2885 004c 1343     		orrs	r3, r3, r2
 2886 004e 23F47C43 		bic	r3, r3, #64512
 2887 0052 23F0FC03 		bic	r3, r3, #252
 2888 0056 EA68     		ldr	r2, [r5, #12]
 2889 0058 EF69     		ldr	r7, [r5, #28]
 2890 005a 42EA0722 		orr	r2, r2, r7, lsl #8
 2891 005e 1A43     		orrs	r2, r2, r3
ARM GAS  C:\Users\joabk\AppData\Local\Temp\ccrwML7P.s 			page 49


 2892 0060 2B6A     		ldr	r3, [r5, #32]
 2893 0062 1B03     		lsls	r3, r3, #12
 2894 0064 2F69     		ldr	r7, [r5, #16]
 2895 0066 43EA0713 		orr	r3, r3, r7, lsl #4
 2896 006a 1343     		orrs	r3, r3, r2
 2897 006c 26F0AA06 		bic	r6, r6, #170
 2898 0070 6A68     		ldr	r2, [r5, #4]
 2899 0072 6D69     		ldr	r5, [r5, #20]
 2900 0074 42EA0512 		orr	r2, r2, r5, lsl #4
 2901 0078 3243     		orrs	r2, r2, r6
 2902 007a 8860     		str	r0, [r1, #8]
 2903 007c 2168     		ldr	r1, [r4]
 2904 007e 8B61     		str	r3, [r1, #24]
 2905 0080 2368     		ldr	r3, [r4]
 2906 0082 1A62     		str	r2, [r3, #32]
 2907 0084 0123     		movs	r3, #1
 2908 0086 84F84630 		strb	r3, [r4, #70]
 2909 008a 84F83E30 		strb	r3, [r4, #62]
 2910 008e 84F83F30 		strb	r3, [r4, #63]
 2911 0092 84F84230 		strb	r3, [r4, #66]
 2912 0096 84F84330 		strb	r3, [r4, #67]
 2913 009a 84F83D30 		strb	r3, [r4, #61]
 2914 009e 0020     		movs	r0, #0
 2915 00a0 F8BD     		pop	{r3, r4, r5, r6, r7, pc}
 2916              	.L360:
 2917 00a2 80F83C30 		strb	r3, [r0, #60]
 2918 00a6 FFF7FEFF 		bl	HAL_TIM_Encoder_MspInit
 2919 00aa B2E7     		b	.L354
 2920              	.L355:
 2921 00ac 0120     		movs	r0, #1
 2922 00ae 7047     		bx	lr
 2924              		.section	.text.TIM_OC2_SetConfig,"ax",%progbits
 2925              		.align	1
 2926              		.global	TIM_OC2_SetConfig
 2927              		.syntax unified
 2928              		.thumb
 2929              		.thumb_func
 2931              	TIM_OC2_SetConfig:
 2932              		@ args = 0, pretend = 0, frame = 0
 2933              		@ frame_needed = 0, uses_anonymous_args = 0
 2934              		@ link register save eliminated.
 2935 0000 30B4     		push	{r4, r5}
 2936 0002 036A     		ldr	r3, [r0, #32]
 2937 0004 026A     		ldr	r2, [r0, #32]
 2938 0006 22F01002 		bic	r2, r2, #16
 2939 000a 0262     		str	r2, [r0, #32]
 2940 000c 4468     		ldr	r4, [r0, #4]
 2941 000e 8269     		ldr	r2, [r0, #24]
 2942 0010 22F4E642 		bic	r2, r2, #29440
 2943 0014 0D68     		ldr	r5, [r1]
 2944 0016 42EA0522 		orr	r2, r2, r5, lsl #8
 2945 001a 23F02003 		bic	r3, r3, #32
 2946 001e 8D68     		ldr	r5, [r1, #8]
 2947 0020 43EA0513 		orr	r3, r3, r5, lsl #4
 2948 0024 0C4D     		ldr	r5, .L365
 2949 0026 A842     		cmp	r0, r5
 2950 0028 06D0     		beq	.L364
ARM GAS  C:\Users\joabk\AppData\Local\Temp\ccrwML7P.s 			page 50


 2951              	.L362:
 2952 002a 4460     		str	r4, [r0, #4]
 2953 002c 8261     		str	r2, [r0, #24]
 2954 002e 4A68     		ldr	r2, [r1, #4]
 2955 0030 8263     		str	r2, [r0, #56]
 2956 0032 0362     		str	r3, [r0, #32]
 2957 0034 30BC     		pop	{r4, r5}
 2958 0036 7047     		bx	lr
 2959              	.L364:
 2960 0038 23F08003 		bic	r3, r3, #128
 2961 003c CD68     		ldr	r5, [r1, #12]
 2962 003e 43EA0513 		orr	r3, r3, r5, lsl #4
 2963 0042 23F04003 		bic	r3, r3, #64
 2964 0046 24F44064 		bic	r4, r4, #3072
 2965 004a 4D69     		ldr	r5, [r1, #20]
 2966 004c 44EA8504 		orr	r4, r4, r5, lsl #2
 2967 0050 8D69     		ldr	r5, [r1, #24]
 2968 0052 44EA8504 		orr	r4, r4, r5, lsl #2
 2969 0056 E8E7     		b	.L362
 2970              	.L366:
 2971              		.align	2
 2972              	.L365:
 2973 0058 00000140 		.word	1073807360
 2975              		.section	.text.HAL_TIM_OC_ConfigChannel,"ax",%progbits
 2976              		.align	1
 2977              		.global	HAL_TIM_OC_ConfigChannel
 2978              		.syntax unified
 2979              		.thumb
 2980              		.thumb_func
 2982              	HAL_TIM_OC_ConfigChannel:
 2983              		@ args = 0, pretend = 0, frame = 0
 2984              		@ frame_needed = 0, uses_anonymous_args = 0
 2985 0000 90F83C30 		ldrb	r3, [r0, #60]	@ zero_extendqisi2
 2986 0004 012B     		cmp	r3, #1
 2987 0006 28D0     		beq	.L375
 2988 0008 10B5     		push	{r4, lr}
 2989 000a 0446     		mov	r4, r0
 2990 000c 0123     		movs	r3, #1
 2991 000e 80F83C30 		strb	r3, [r0, #60]
 2992 0012 0C2A     		cmp	r2, #12
 2993 0014 1CD8     		bhi	.L376
 2994 0016 DFE802F0 		tbb	[pc, r2]
 2995              	.L371:
 2996 001a 07       		.byte	(.L374-.L371)/2
 2997 001b 1B       		.byte	(.L376-.L371)/2
 2998 001c 1B       		.byte	(.L376-.L371)/2
 2999 001d 1B       		.byte	(.L376-.L371)/2
 3000 001e 0C       		.byte	(.L373-.L371)/2
 3001 001f 1B       		.byte	(.L376-.L371)/2
 3002 0020 1B       		.byte	(.L376-.L371)/2
 3003 0021 1B       		.byte	(.L376-.L371)/2
 3004 0022 11       		.byte	(.L372-.L371)/2
 3005 0023 1B       		.byte	(.L376-.L371)/2
 3006 0024 1B       		.byte	(.L376-.L371)/2
 3007 0025 1B       		.byte	(.L376-.L371)/2
 3008 0026 16       		.byte	(.L370-.L371)/2
 3009 0027 00       		.p2align 1
ARM GAS  C:\Users\joabk\AppData\Local\Temp\ccrwML7P.s 			page 51


 3010              	.L374:
 3011 0028 0068     		ldr	r0, [r0]
 3012 002a FFF7FEFF 		bl	TIM_OC1_SetConfig
 3013 002e 0020     		movs	r0, #0
 3014 0030 0FE0     		b	.L369
 3015              	.L373:
 3016 0032 0068     		ldr	r0, [r0]
 3017 0034 FFF7FEFF 		bl	TIM_OC2_SetConfig
 3018 0038 0020     		movs	r0, #0
 3019 003a 0AE0     		b	.L369
 3020              	.L372:
 3021 003c 0068     		ldr	r0, [r0]
 3022 003e FFF7FEFF 		bl	TIM_OC3_SetConfig
 3023 0042 0020     		movs	r0, #0
 3024 0044 05E0     		b	.L369
 3025              	.L370:
 3026 0046 0068     		ldr	r0, [r0]
 3027 0048 FFF7FEFF 		bl	TIM_OC4_SetConfig
 3028 004c 0020     		movs	r0, #0
 3029 004e 00E0     		b	.L369
 3030              	.L376:
 3031 0050 0120     		movs	r0, #1
 3032              	.L369:
 3033 0052 0023     		movs	r3, #0
 3034 0054 84F83C30 		strb	r3, [r4, #60]
 3035 0058 10BD     		pop	{r4, pc}
 3036              	.L375:
 3037 005a 0220     		movs	r0, #2
 3038 005c 7047     		bx	lr
 3040              		.section	.text.HAL_TIM_PWM_ConfigChannel,"ax",%progbits
 3041              		.align	1
 3042              		.global	HAL_TIM_PWM_ConfigChannel
 3043              		.syntax unified
 3044              		.thumb
 3045              		.thumb_func
 3047              	HAL_TIM_PWM_ConfigChannel:
 3048              		@ args = 0, pretend = 0, frame = 0
 3049              		@ frame_needed = 0, uses_anonymous_args = 0
 3050 0000 38B5     		push	{r3, r4, r5, lr}
 3051 0002 90F83C30 		ldrb	r3, [r0, #60]	@ zero_extendqisi2
 3052 0006 012B     		cmp	r3, #1
 3053 0008 66D0     		beq	.L389
 3054 000a 0446     		mov	r4, r0
 3055 000c 0D46     		mov	r5, r1
 3056 000e 0123     		movs	r3, #1
 3057 0010 80F83C30 		strb	r3, [r0, #60]
 3058 0014 0C2A     		cmp	r2, #12
 3059 0016 5AD8     		bhi	.L390
 3060 0018 DFE802F0 		tbb	[pc, r2]
 3061              	.L385:
 3062 001c 07       		.byte	(.L388-.L385)/2
 3063 001d 59       		.byte	(.L390-.L385)/2
 3064 001e 59       		.byte	(.L390-.L385)/2
 3065 001f 59       		.byte	(.L390-.L385)/2
 3066 0020 1B       		.byte	(.L387-.L385)/2
 3067 0021 59       		.byte	(.L390-.L385)/2
 3068 0022 59       		.byte	(.L390-.L385)/2
ARM GAS  C:\Users\joabk\AppData\Local\Temp\ccrwML7P.s 			page 52


 3069 0023 59       		.byte	(.L390-.L385)/2
 3070 0024 30       		.byte	(.L386-.L385)/2
 3071 0025 59       		.byte	(.L390-.L385)/2
 3072 0026 59       		.byte	(.L390-.L385)/2
 3073 0027 59       		.byte	(.L390-.L385)/2
 3074 0028 44       		.byte	(.L384-.L385)/2
 3075 0029 00       		.p2align 1
 3076              	.L388:
 3077 002a 0068     		ldr	r0, [r0]
 3078 002c FFF7FEFF 		bl	TIM_OC1_SetConfig
 3079 0030 2268     		ldr	r2, [r4]
 3080 0032 9369     		ldr	r3, [r2, #24]
 3081 0034 43F00803 		orr	r3, r3, #8
 3082 0038 9361     		str	r3, [r2, #24]
 3083 003a 2268     		ldr	r2, [r4]
 3084 003c 9369     		ldr	r3, [r2, #24]
 3085 003e 23F00403 		bic	r3, r3, #4
 3086 0042 9361     		str	r3, [r2, #24]
 3087 0044 2268     		ldr	r2, [r4]
 3088 0046 9369     		ldr	r3, [r2, #24]
 3089 0048 2969     		ldr	r1, [r5, #16]
 3090 004a 0B43     		orrs	r3, r3, r1
 3091 004c 9361     		str	r3, [r2, #24]
 3092 004e 0020     		movs	r0, #0
 3093 0050 3EE0     		b	.L383
 3094              	.L387:
 3095 0052 0068     		ldr	r0, [r0]
 3096 0054 FFF7FEFF 		bl	TIM_OC2_SetConfig
 3097 0058 2268     		ldr	r2, [r4]
 3098 005a 9369     		ldr	r3, [r2, #24]
 3099 005c 43F40063 		orr	r3, r3, #2048
 3100 0060 9361     		str	r3, [r2, #24]
 3101 0062 2268     		ldr	r2, [r4]
 3102 0064 9369     		ldr	r3, [r2, #24]
 3103 0066 23F48063 		bic	r3, r3, #1024
 3104 006a 9361     		str	r3, [r2, #24]
 3105 006c 2268     		ldr	r2, [r4]
 3106 006e 9369     		ldr	r3, [r2, #24]
 3107 0070 2969     		ldr	r1, [r5, #16]
 3108 0072 43EA0123 		orr	r3, r3, r1, lsl #8
 3109 0076 9361     		str	r3, [r2, #24]
 3110 0078 0020     		movs	r0, #0
 3111 007a 29E0     		b	.L383
 3112              	.L386:
 3113 007c 0068     		ldr	r0, [r0]
 3114 007e FFF7FEFF 		bl	TIM_OC3_SetConfig
 3115 0082 2268     		ldr	r2, [r4]
 3116 0084 D369     		ldr	r3, [r2, #28]
 3117 0086 43F00803 		orr	r3, r3, #8
 3118 008a D361     		str	r3, [r2, #28]
 3119 008c 2268     		ldr	r2, [r4]
 3120 008e D369     		ldr	r3, [r2, #28]
 3121 0090 23F00403 		bic	r3, r3, #4
 3122 0094 D361     		str	r3, [r2, #28]
 3123 0096 2268     		ldr	r2, [r4]
 3124 0098 D369     		ldr	r3, [r2, #28]
 3125 009a 2969     		ldr	r1, [r5, #16]
ARM GAS  C:\Users\joabk\AppData\Local\Temp\ccrwML7P.s 			page 53


 3126 009c 0B43     		orrs	r3, r3, r1
 3127 009e D361     		str	r3, [r2, #28]
 3128 00a0 0020     		movs	r0, #0
 3129 00a2 15E0     		b	.L383
 3130              	.L384:
 3131 00a4 0068     		ldr	r0, [r0]
 3132 00a6 FFF7FEFF 		bl	TIM_OC4_SetConfig
 3133 00aa 2268     		ldr	r2, [r4]
 3134 00ac D369     		ldr	r3, [r2, #28]
 3135 00ae 43F40063 		orr	r3, r3, #2048
 3136 00b2 D361     		str	r3, [r2, #28]
 3137 00b4 2268     		ldr	r2, [r4]
 3138 00b6 D369     		ldr	r3, [r2, #28]
 3139 00b8 23F48063 		bic	r3, r3, #1024
 3140 00bc D361     		str	r3, [r2, #28]
 3141 00be 2268     		ldr	r2, [r4]
 3142 00c0 D369     		ldr	r3, [r2, #28]
 3143 00c2 2969     		ldr	r1, [r5, #16]
 3144 00c4 43EA0123 		orr	r3, r3, r1, lsl #8
 3145 00c8 D361     		str	r3, [r2, #28]
 3146 00ca 0020     		movs	r0, #0
 3147 00cc 00E0     		b	.L383
 3148              	.L390:
 3149 00ce 0120     		movs	r0, #1
 3150              	.L383:
 3151 00d0 0023     		movs	r3, #0
 3152 00d2 84F83C30 		strb	r3, [r4, #60]
 3153              	.L382:
 3154 00d6 38BD     		pop	{r3, r4, r5, pc}
 3155              	.L389:
 3156 00d8 0220     		movs	r0, #2
 3157 00da FCE7     		b	.L382
 3159              		.section	.text.TIM_TI1_SetConfig,"ax",%progbits
 3160              		.align	1
 3161              		.global	TIM_TI1_SetConfig
 3162              		.syntax unified
 3163              		.thumb
 3164              		.thumb_func
 3166              	TIM_TI1_SetConfig:
 3167              		@ args = 0, pretend = 0, frame = 0
 3168              		@ frame_needed = 0, uses_anonymous_args = 0
 3169              		@ link register save eliminated.
 3170 0000 70B4     		push	{r4, r5, r6}
 3171 0002 9446     		mov	ip, r2
 3172 0004 066A     		ldr	r6, [r0, #32]
 3173 0006 046A     		ldr	r4, [r0, #32]
 3174 0008 24F00104 		bic	r4, r4, #1
 3175 000c 0462     		str	r4, [r0, #32]
 3176 000e 8469     		ldr	r4, [r0, #24]
 3177 0010 144D     		ldr	r5, .L396
 3178 0012 A842     		cmp	r0, r5
 3179 0014 14D0     		beq	.L393
 3180 0016 B0F1804F 		cmp	r0, #1073741824
 3181 001a 11D0     		beq	.L393
 3182 001c 124A     		ldr	r2, .L396+4
 3183 001e 9042     		cmp	r0, r2
 3184 0020 0ED0     		beq	.L393
ARM GAS  C:\Users\joabk\AppData\Local\Temp\ccrwML7P.s 			page 54


 3185 0022 02F58062 		add	r2, r2, #1024
 3186 0026 9042     		cmp	r0, r2
 3187 0028 0AD0     		beq	.L393
 3188 002a 02F58062 		add	r2, r2, #1024
 3189 002e 9042     		cmp	r0, r2
 3190 0030 06D0     		beq	.L393
 3191 0032 02F59A32 		add	r2, r2, #78848
 3192 0036 9042     		cmp	r0, r2
 3193 0038 02D0     		beq	.L393
 3194 003a 44F00102 		orr	r2, r4, #1
 3195 003e 03E0     		b	.L394
 3196              	.L393:
 3197 0040 24F00302 		bic	r2, r4, #3
 3198 0044 42EA0C02 		orr	r2, r2, ip
 3199              	.L394:
 3200 0048 22F0F002 		bic	r2, r2, #240
 3201 004c 1B01     		lsls	r3, r3, #4
 3202 004e DBB2     		uxtb	r3, r3
 3203 0050 1343     		orrs	r3, r3, r2
 3204 0052 26F00A02 		bic	r2, r6, #10
 3205 0056 01F00A01 		and	r1, r1, #10
 3206 005a 1143     		orrs	r1, r1, r2
 3207 005c 8361     		str	r3, [r0, #24]
 3208 005e 0162     		str	r1, [r0, #32]
 3209 0060 70BC     		pop	{r4, r5, r6}
 3210 0062 7047     		bx	lr
 3211              	.L397:
 3212              		.align	2
 3213              	.L396:
 3214 0064 00000140 		.word	1073807360
 3215 0068 00040040 		.word	1073742848
 3217              		.section	.text.HAL_TIM_IC_ConfigChannel,"ax",%progbits
 3218              		.align	1
 3219              		.global	HAL_TIM_IC_ConfigChannel
 3220              		.syntax unified
 3221              		.thumb
 3222              		.thumb_func
 3224              	HAL_TIM_IC_ConfigChannel:
 3225              		@ args = 0, pretend = 0, frame = 0
 3226              		@ frame_needed = 0, uses_anonymous_args = 0
 3227 0000 38B5     		push	{r3, r4, r5, lr}
 3228 0002 90F83C30 		ldrb	r3, [r0, #60]	@ zero_extendqisi2
 3229 0006 012B     		cmp	r3, #1
 3230 0008 5ED0     		beq	.L406
 3231 000a 0446     		mov	r4, r0
 3232 000c 0D46     		mov	r5, r1
 3233 000e 0123     		movs	r3, #1
 3234 0010 80F83C30 		strb	r3, [r0, #60]
 3235 0014 0C2A     		cmp	r2, #12
 3236 0016 52D8     		bhi	.L407
 3237 0018 DFE802F0 		tbb	[pc, r2]
 3238              	.L402:
 3239 001c 07       		.byte	(.L405-.L402)/2
 3240 001d 51       		.byte	(.L407-.L402)/2
 3241 001e 51       		.byte	(.L407-.L402)/2
 3242 001f 51       		.byte	(.L407-.L402)/2
 3243 0020 19       		.byte	(.L404-.L402)/2
ARM GAS  C:\Users\joabk\AppData\Local\Temp\ccrwML7P.s 			page 55


 3244 0021 51       		.byte	(.L407-.L402)/2
 3245 0022 51       		.byte	(.L407-.L402)/2
 3246 0023 51       		.byte	(.L407-.L402)/2
 3247 0024 2C       		.byte	(.L403-.L402)/2
 3248 0025 51       		.byte	(.L407-.L402)/2
 3249 0026 51       		.byte	(.L407-.L402)/2
 3250 0027 51       		.byte	(.L407-.L402)/2
 3251 0028 3E       		.byte	(.L401-.L402)/2
 3252 0029 00       		.p2align 1
 3253              	.L405:
 3254 002a CB68     		ldr	r3, [r1, #12]
 3255 002c 4A68     		ldr	r2, [r1, #4]
 3256 002e 0968     		ldr	r1, [r1]
 3257 0030 0068     		ldr	r0, [r0]
 3258 0032 FFF7FEFF 		bl	TIM_TI1_SetConfig
 3259 0036 2268     		ldr	r2, [r4]
 3260 0038 9369     		ldr	r3, [r2, #24]
 3261 003a 23F00C03 		bic	r3, r3, #12
 3262 003e 9361     		str	r3, [r2, #24]
 3263 0040 2268     		ldr	r2, [r4]
 3264 0042 9369     		ldr	r3, [r2, #24]
 3265 0044 A968     		ldr	r1, [r5, #8]
 3266 0046 0B43     		orrs	r3, r3, r1
 3267 0048 9361     		str	r3, [r2, #24]
 3268 004a 0020     		movs	r0, #0
 3269 004c 38E0     		b	.L400
 3270              	.L404:
 3271 004e CB68     		ldr	r3, [r1, #12]
 3272 0050 4A68     		ldr	r2, [r1, #4]
 3273 0052 0968     		ldr	r1, [r1]
 3274 0054 0068     		ldr	r0, [r0]
 3275 0056 FFF7FEFF 		bl	TIM_TI2_SetConfig
 3276 005a 2268     		ldr	r2, [r4]
 3277 005c 9369     		ldr	r3, [r2, #24]
 3278 005e 23F44063 		bic	r3, r3, #3072
 3279 0062 9361     		str	r3, [r2, #24]
 3280 0064 2268     		ldr	r2, [r4]
 3281 0066 9369     		ldr	r3, [r2, #24]
 3282 0068 A968     		ldr	r1, [r5, #8]
 3283 006a 43EA0123 		orr	r3, r3, r1, lsl #8
 3284 006e 9361     		str	r3, [r2, #24]
 3285 0070 0020     		movs	r0, #0
 3286 0072 25E0     		b	.L400
 3287              	.L403:
 3288 0074 CB68     		ldr	r3, [r1, #12]
 3289 0076 4A68     		ldr	r2, [r1, #4]
 3290 0078 0968     		ldr	r1, [r1]
 3291 007a 0068     		ldr	r0, [r0]
 3292 007c FFF7FEFF 		bl	TIM_TI3_SetConfig
 3293 0080 2268     		ldr	r2, [r4]
 3294 0082 D369     		ldr	r3, [r2, #28]
 3295 0084 23F00C03 		bic	r3, r3, #12
 3296 0088 D361     		str	r3, [r2, #28]
 3297 008a 2268     		ldr	r2, [r4]
 3298 008c D369     		ldr	r3, [r2, #28]
 3299 008e A968     		ldr	r1, [r5, #8]
 3300 0090 0B43     		orrs	r3, r3, r1
ARM GAS  C:\Users\joabk\AppData\Local\Temp\ccrwML7P.s 			page 56


 3301 0092 D361     		str	r3, [r2, #28]
 3302 0094 0020     		movs	r0, #0
 3303 0096 13E0     		b	.L400
 3304              	.L401:
 3305 0098 CB68     		ldr	r3, [r1, #12]
 3306 009a 4A68     		ldr	r2, [r1, #4]
 3307 009c 0968     		ldr	r1, [r1]
 3308 009e 0068     		ldr	r0, [r0]
 3309 00a0 FFF7FEFF 		bl	TIM_TI4_SetConfig
 3310 00a4 2268     		ldr	r2, [r4]
 3311 00a6 D369     		ldr	r3, [r2, #28]
 3312 00a8 23F44063 		bic	r3, r3, #3072
 3313 00ac D361     		str	r3, [r2, #28]
 3314 00ae 2268     		ldr	r2, [r4]
 3315 00b0 D369     		ldr	r3, [r2, #28]
 3316 00b2 A968     		ldr	r1, [r5, #8]
 3317 00b4 43EA0123 		orr	r3, r3, r1, lsl #8
 3318 00b8 D361     		str	r3, [r2, #28]
 3319 00ba 0020     		movs	r0, #0
 3320 00bc 00E0     		b	.L400
 3321              	.L407:
 3322 00be 0120     		movs	r0, #1
 3323              	.L400:
 3324 00c0 0023     		movs	r3, #0
 3325 00c2 84F83C30 		strb	r3, [r4, #60]
 3326              	.L399:
 3327 00c6 38BD     		pop	{r3, r4, r5, pc}
 3328              	.L406:
 3329 00c8 0220     		movs	r0, #2
 3330 00ca FCE7     		b	.L399
 3332              		.section	.text.HAL_TIM_OnePulse_ConfigChannel,"ax",%progbits
 3333              		.align	1
 3334              		.global	HAL_TIM_OnePulse_ConfigChannel
 3335              		.syntax unified
 3336              		.thumb
 3337              		.thumb_func
 3339              	HAL_TIM_OnePulse_ConfigChannel:
 3340              		@ args = 0, pretend = 0, frame = 32
 3341              		@ frame_needed = 0, uses_anonymous_args = 0
 3342 0000 9A42     		cmp	r2, r3
 3343 0002 76D0     		beq	.L417
 3344 0004 70B5     		push	{r4, r5, r6, lr}
 3345 0006 88B0     		sub	sp, sp, #32
 3346 0008 0446     		mov	r4, r0
 3347 000a 0D46     		mov	r5, r1
 3348 000c 1E46     		mov	r6, r3
 3349 000e 90F83C30 		ldrb	r3, [r0, #60]	@ zero_extendqisi2
 3350 0012 012B     		cmp	r3, #1
 3351 0014 6FD0     		beq	.L418
 3352 0016 0123     		movs	r3, #1
 3353 0018 80F83C30 		strb	r3, [r0, #60]
 3354 001c 0223     		movs	r3, #2
 3355 001e 80F83D30 		strb	r3, [r0, #61]
 3356 0022 0B68     		ldr	r3, [r1]
 3357 0024 0193     		str	r3, [sp, #4]
 3358 0026 4B68     		ldr	r3, [r1, #4]
 3359 0028 0293     		str	r3, [sp, #8]
ARM GAS  C:\Users\joabk\AppData\Local\Temp\ccrwML7P.s 			page 57


 3360 002a 8B68     		ldr	r3, [r1, #8]
 3361 002c 0393     		str	r3, [sp, #12]
 3362 002e CB68     		ldr	r3, [r1, #12]
 3363 0030 0493     		str	r3, [sp, #16]
 3364 0032 0B69     		ldr	r3, [r1, #16]
 3365 0034 0693     		str	r3, [sp, #24]
 3366 0036 4B69     		ldr	r3, [r1, #20]
 3367 0038 0793     		str	r3, [sp, #28]
 3368 003a 52B1     		cbz	r2, .L411
 3369 003c 042A     		cmp	r2, #4
 3370 003e 11D0     		beq	.L412
 3371 0040 0120     		movs	r0, #1
 3372              	.L413:
 3373 0042 0123     		movs	r3, #1
 3374 0044 84F83D30 		strb	r3, [r4, #61]
 3375 0048 0023     		movs	r3, #0
 3376 004a 84F83C30 		strb	r3, [r4, #60]
 3377              	.L410:
 3378 004e 08B0     		add	sp, sp, #32
 3379              		@ sp needed
 3380 0050 70BD     		pop	{r4, r5, r6, pc}
 3381              	.L411:
 3382 0052 01A9     		add	r1, sp, #4
 3383 0054 0068     		ldr	r0, [r0]
 3384 0056 FFF7FEFF 		bl	TIM_OC1_SetConfig
 3385              	.L414:
 3386 005a 46B1     		cbz	r6, .L415
 3387 005c 042E     		cmp	r6, #4
 3388 005e 27D0     		beq	.L416
 3389 0060 0120     		movs	r0, #1
 3390 0062 EEE7     		b	.L413
 3391              	.L412:
 3392 0064 01A9     		add	r1, sp, #4
 3393 0066 0068     		ldr	r0, [r0]
 3394 0068 FFF7FEFF 		bl	TIM_OC2_SetConfig
 3395 006c F5E7     		b	.L414
 3396              	.L415:
 3397 006e 2B6A     		ldr	r3, [r5, #32]
 3398 0070 EA69     		ldr	r2, [r5, #28]
 3399 0072 A969     		ldr	r1, [r5, #24]
 3400 0074 2068     		ldr	r0, [r4]
 3401 0076 FFF7FEFF 		bl	TIM_TI1_SetConfig
 3402 007a 2268     		ldr	r2, [r4]
 3403 007c 9369     		ldr	r3, [r2, #24]
 3404 007e 23F00C03 		bic	r3, r3, #12
 3405 0082 9361     		str	r3, [r2, #24]
 3406 0084 2268     		ldr	r2, [r4]
 3407 0086 9368     		ldr	r3, [r2, #8]
 3408 0088 23F07003 		bic	r3, r3, #112
 3409 008c 9360     		str	r3, [r2, #8]
 3410 008e 2268     		ldr	r2, [r4]
 3411 0090 9368     		ldr	r3, [r2, #8]
 3412 0092 43F05003 		orr	r3, r3, #80
 3413 0096 9360     		str	r3, [r2, #8]
 3414 0098 2268     		ldr	r2, [r4]
 3415 009a 9368     		ldr	r3, [r2, #8]
 3416 009c 23F00703 		bic	r3, r3, #7
ARM GAS  C:\Users\joabk\AppData\Local\Temp\ccrwML7P.s 			page 58


 3417 00a0 9360     		str	r3, [r2, #8]
 3418 00a2 2268     		ldr	r2, [r4]
 3419 00a4 9368     		ldr	r3, [r2, #8]
 3420 00a6 43F00603 		orr	r3, r3, #6
 3421 00aa 9360     		str	r3, [r2, #8]
 3422 00ac 0020     		movs	r0, #0
 3423 00ae C8E7     		b	.L413
 3424              	.L416:
 3425 00b0 2B6A     		ldr	r3, [r5, #32]
 3426 00b2 EA69     		ldr	r2, [r5, #28]
 3427 00b4 A969     		ldr	r1, [r5, #24]
 3428 00b6 2068     		ldr	r0, [r4]
 3429 00b8 FFF7FEFF 		bl	TIM_TI2_SetConfig
 3430 00bc 2268     		ldr	r2, [r4]
 3431 00be 9369     		ldr	r3, [r2, #24]
 3432 00c0 23F44063 		bic	r3, r3, #3072
 3433 00c4 9361     		str	r3, [r2, #24]
 3434 00c6 2268     		ldr	r2, [r4]
 3435 00c8 9368     		ldr	r3, [r2, #8]
 3436 00ca 23F07003 		bic	r3, r3, #112
 3437 00ce 9360     		str	r3, [r2, #8]
 3438 00d0 2268     		ldr	r2, [r4]
 3439 00d2 9368     		ldr	r3, [r2, #8]
 3440 00d4 43F06003 		orr	r3, r3, #96
 3441 00d8 9360     		str	r3, [r2, #8]
 3442 00da 2268     		ldr	r2, [r4]
 3443 00dc 9368     		ldr	r3, [r2, #8]
 3444 00de 23F00703 		bic	r3, r3, #7
 3445 00e2 9360     		str	r3, [r2, #8]
 3446 00e4 2268     		ldr	r2, [r4]
 3447 00e6 9368     		ldr	r3, [r2, #8]
 3448 00e8 43F00603 		orr	r3, r3, #6
 3449 00ec 9360     		str	r3, [r2, #8]
 3450 00ee 0020     		movs	r0, #0
 3451 00f0 A7E7     		b	.L413
 3452              	.L417:
 3453 00f2 0120     		movs	r0, #1
 3454 00f4 7047     		bx	lr
 3455              	.L418:
 3456 00f6 0220     		movs	r0, #2
 3457 00f8 A9E7     		b	.L410
 3459              		.section	.text.TIM_ETR_SetConfig,"ax",%progbits
 3460              		.align	1
 3461              		.global	TIM_ETR_SetConfig
 3462              		.syntax unified
 3463              		.thumb
 3464              		.thumb_func
 3466              	TIM_ETR_SetConfig:
 3467              		@ args = 0, pretend = 0, frame = 0
 3468              		@ frame_needed = 0, uses_anonymous_args = 0
 3469              		@ link register save eliminated.
 3470 0000 10B4     		push	{r4}
 3471 0002 8468     		ldr	r4, [r0, #8]
 3472 0004 24F47F4C 		bic	ip, r4, #65280
 3473 0008 42EA0322 		orr	r2, r2, r3, lsl #8
 3474 000c 0A43     		orrs	r2, r2, r1
 3475 000e 42EA0C02 		orr	r2, r2, ip
ARM GAS  C:\Users\joabk\AppData\Local\Temp\ccrwML7P.s 			page 59


 3476 0012 8260     		str	r2, [r0, #8]
 3477 0014 5DF8044B 		ldr	r4, [sp], #4
 3478 0018 7047     		bx	lr
 3480              		.section	.text.HAL_TIM_ConfigOCrefClear,"ax",%progbits
 3481              		.align	1
 3482              		.global	HAL_TIM_ConfigOCrefClear
 3483              		.syntax unified
 3484              		.thumb
 3485              		.thumb_func
 3487              	HAL_TIM_ConfigOCrefClear:
 3488              		@ args = 0, pretend = 0, frame = 0
 3489              		@ frame_needed = 0, uses_anonymous_args = 0
 3490 0000 90F83C30 		ldrb	r3, [r0, #60]	@ zero_extendqisi2
 3491 0004 012B     		cmp	r3, #1
 3492 0006 76D0     		beq	.L441
 3493 0008 70B5     		push	{r4, r5, r6, lr}
 3494 000a 0446     		mov	r4, r0
 3495 000c 0D46     		mov	r5, r1
 3496 000e 1646     		mov	r6, r2
 3497 0010 0123     		movs	r3, #1
 3498 0012 80F83C30 		strb	r3, [r0, #60]
 3499 0016 0223     		movs	r3, #2
 3500 0018 80F83D30 		strb	r3, [r0, #61]
 3501 001c 4B68     		ldr	r3, [r1, #4]
 3502 001e 4BB1     		cbz	r3, .L427
 3503 0020 012B     		cmp	r3, #1
 3504 0022 17D0     		beq	.L428
 3505 0024 0120     		movs	r0, #1
 3506              	.L429:
 3507 0026 0123     		movs	r3, #1
 3508 0028 84F83D30 		strb	r3, [r4, #61]
 3509 002c 0023     		movs	r3, #0
 3510 002e 84F83C30 		strb	r3, [r4, #60]
 3511              	.L426:
 3512 0032 70BD     		pop	{r4, r5, r6, pc}
 3513              	.L427:
 3514 0034 0268     		ldr	r2, [r0]
 3515 0036 9368     		ldr	r3, [r2, #8]
 3516 0038 23F47F43 		bic	r3, r3, #65280
 3517 003c 9360     		str	r3, [r2, #8]
 3518              	.L430:
 3519 003e 0C2E     		cmp	r6, #12
 3520 0040 57D8     		bhi	.L442
 3521 0042 DFE806F0 		tbb	[pc, r6]
 3522              	.L433:
 3523 0046 16       		.byte	(.L436-.L433)/2
 3524 0047 56       		.byte	(.L442-.L433)/2
 3525 0048 56       		.byte	(.L442-.L433)/2
 3526 0049 56       		.byte	(.L442-.L433)/2
 3527 004a 26       		.byte	(.L435-.L433)/2
 3528 004b 56       		.byte	(.L442-.L433)/2
 3529 004c 56       		.byte	(.L442-.L433)/2
 3530 004d 56       		.byte	(.L442-.L433)/2
 3531 004e 36       		.byte	(.L434-.L433)/2
 3532 004f 56       		.byte	(.L442-.L433)/2
 3533 0050 56       		.byte	(.L442-.L433)/2
 3534 0051 56       		.byte	(.L442-.L433)/2
ARM GAS  C:\Users\joabk\AppData\Local\Temp\ccrwML7P.s 			page 60


 3535 0052 46       		.byte	(.L432-.L433)/2
 3536 0053 00       		.p2align 1
 3537              	.L428:
 3538 0054 C968     		ldr	r1, [r1, #12]
 3539 0056 31B1     		cbz	r1, .L431
 3540 0058 0120     		movs	r0, #1
 3541 005a 84F83D00 		strb	r0, [r4, #61]
 3542 005e 0023     		movs	r3, #0
 3543 0060 84F83C30 		strb	r3, [r4, #60]
 3544 0064 E5E7     		b	.L426
 3545              	.L431:
 3546 0066 2B69     		ldr	r3, [r5, #16]
 3547 0068 AA68     		ldr	r2, [r5, #8]
 3548 006a 0068     		ldr	r0, [r0]
 3549 006c FFF7FEFF 		bl	TIM_ETR_SetConfig
 3550 0070 E5E7     		b	.L430
 3551              	.L436:
 3552 0072 2B68     		ldr	r3, [r5]
 3553 0074 33B1     		cbz	r3, .L437
 3554 0076 2268     		ldr	r2, [r4]
 3555 0078 9369     		ldr	r3, [r2, #24]
 3556 007a 43F08003 		orr	r3, r3, #128
 3557 007e 9361     		str	r3, [r2, #24]
 3558 0080 0020     		movs	r0, #0
 3559 0082 D0E7     		b	.L429
 3560              	.L437:
 3561 0084 2268     		ldr	r2, [r4]
 3562 0086 9369     		ldr	r3, [r2, #24]
 3563 0088 23F08003 		bic	r3, r3, #128
 3564 008c 9361     		str	r3, [r2, #24]
 3565 008e 0020     		movs	r0, #0
 3566 0090 C9E7     		b	.L429
 3567              	.L435:
 3568 0092 2B68     		ldr	r3, [r5]
 3569 0094 33B1     		cbz	r3, .L438
 3570 0096 2268     		ldr	r2, [r4]
 3571 0098 9369     		ldr	r3, [r2, #24]
 3572 009a 43F40043 		orr	r3, r3, #32768
 3573 009e 9361     		str	r3, [r2, #24]
 3574 00a0 0020     		movs	r0, #0
 3575 00a2 C0E7     		b	.L429
 3576              	.L438:
 3577 00a4 2268     		ldr	r2, [r4]
 3578 00a6 9369     		ldr	r3, [r2, #24]
 3579 00a8 23F40043 		bic	r3, r3, #32768
 3580 00ac 9361     		str	r3, [r2, #24]
 3581 00ae 0020     		movs	r0, #0
 3582 00b0 B9E7     		b	.L429
 3583              	.L434:
 3584 00b2 2B68     		ldr	r3, [r5]
 3585 00b4 33B1     		cbz	r3, .L439
 3586 00b6 2268     		ldr	r2, [r4]
 3587 00b8 D369     		ldr	r3, [r2, #28]
 3588 00ba 43F08003 		orr	r3, r3, #128
 3589 00be D361     		str	r3, [r2, #28]
 3590 00c0 0020     		movs	r0, #0
 3591 00c2 B0E7     		b	.L429
ARM GAS  C:\Users\joabk\AppData\Local\Temp\ccrwML7P.s 			page 61


 3592              	.L439:
 3593 00c4 2268     		ldr	r2, [r4]
 3594 00c6 D369     		ldr	r3, [r2, #28]
 3595 00c8 23F08003 		bic	r3, r3, #128
 3596 00cc D361     		str	r3, [r2, #28]
 3597 00ce 0020     		movs	r0, #0
 3598 00d0 A9E7     		b	.L429
 3599              	.L432:
 3600 00d2 2B68     		ldr	r3, [r5]
 3601 00d4 33B1     		cbz	r3, .L440
 3602 00d6 2268     		ldr	r2, [r4]
 3603 00d8 D369     		ldr	r3, [r2, #28]
 3604 00da 43F40043 		orr	r3, r3, #32768
 3605 00de D361     		str	r3, [r2, #28]
 3606 00e0 0020     		movs	r0, #0
 3607 00e2 A0E7     		b	.L429
 3608              	.L440:
 3609 00e4 2268     		ldr	r2, [r4]
 3610 00e6 D369     		ldr	r3, [r2, #28]
 3611 00e8 23F40043 		bic	r3, r3, #32768
 3612 00ec D361     		str	r3, [r2, #28]
 3613 00ee 0020     		movs	r0, #0
 3614 00f0 99E7     		b	.L429
 3615              	.L442:
 3616 00f2 0020     		movs	r0, #0
 3617 00f4 97E7     		b	.L429
 3618              	.L441:
 3619 00f6 0220     		movs	r0, #2
 3620 00f8 7047     		bx	lr
 3622              		.section	.text.HAL_TIM_ConfigClockSource,"ax",%progbits
 3623              		.align	1
 3624              		.global	HAL_TIM_ConfigClockSource
 3625              		.syntax unified
 3626              		.thumb
 3627              		.thumb_func
 3629              	HAL_TIM_ConfigClockSource:
 3630              		@ args = 0, pretend = 0, frame = 0
 3631              		@ frame_needed = 0, uses_anonymous_args = 0
 3632 0000 90F83C30 		ldrb	r3, [r0, #60]	@ zero_extendqisi2
 3633 0004 012B     		cmp	r3, #1
 3634 0006 78D0     		beq	.L458
 3635 0008 10B5     		push	{r4, lr}
 3636 000a 0446     		mov	r4, r0
 3637 000c 0123     		movs	r3, #1
 3638 000e 80F83C30 		strb	r3, [r0, #60]
 3639 0012 0223     		movs	r3, #2
 3640 0014 80F83D30 		strb	r3, [r0, #61]
 3641 0018 0268     		ldr	r2, [r0]
 3642 001a 9368     		ldr	r3, [r2, #8]
 3643 001c 23F47F43 		bic	r3, r3, #65280
 3644 0020 23F07703 		bic	r3, r3, #119
 3645 0024 9360     		str	r3, [r2, #8]
 3646 0026 0B68     		ldr	r3, [r1]
 3647 0028 602B     		cmp	r3, #96
 3648 002a 4CD0     		beq	.L449
 3649 002c 23D8     		bhi	.L450
 3650 002e 402B     		cmp	r3, #64
ARM GAS  C:\Users\joabk\AppData\Local\Temp\ccrwML7P.s 			page 62


 3651 0030 54D0     		beq	.L451
 3652 0032 11D8     		bhi	.L452
 3653 0034 202B     		cmp	r3, #32
 3654 0036 03D0     		beq	.L453
 3655 0038 0AD8     		bhi	.L454
 3656 003a 0BB1     		cbz	r3, .L453
 3657 003c 102B     		cmp	r3, #16
 3658 003e 05D1     		bne	.L465
 3659              	.L453:
 3660 0040 1946     		mov	r1, r3
 3661 0042 2068     		ldr	r0, [r4]
 3662 0044 FFF7FEFF 		bl	TIM_ITRx_SetConfig
 3663 0048 0020     		movs	r0, #0
 3664 004a 28E0     		b	.L455
 3665              	.L465:
 3666 004c 0120     		movs	r0, #1
 3667 004e 26E0     		b	.L455
 3668              	.L454:
 3669 0050 302B     		cmp	r3, #48
 3670 0052 F5D0     		beq	.L453
 3671 0054 0120     		movs	r0, #1
 3672 0056 22E0     		b	.L455
 3673              	.L452:
 3674 0058 502B     		cmp	r3, #80
 3675 005a 0AD1     		bne	.L466
 3676 005c CA68     		ldr	r2, [r1, #12]
 3677 005e 4968     		ldr	r1, [r1, #4]
 3678 0060 0068     		ldr	r0, [r0]
 3679 0062 FFF7FEFF 		bl	TIM_TI1_ConfigInputStage
 3680 0066 5021     		movs	r1, #80
 3681 0068 2068     		ldr	r0, [r4]
 3682 006a FFF7FEFF 		bl	TIM_ITRx_SetConfig
 3683 006e 0020     		movs	r0, #0
 3684 0070 15E0     		b	.L455
 3685              	.L466:
 3686 0072 0120     		movs	r0, #1
 3687 0074 13E0     		b	.L455
 3688              	.L450:
 3689 0076 B3F5805F 		cmp	r3, #4096
 3690 007a 3AD0     		beq	.L459
 3691 007c B3F5005F 		cmp	r3, #8192
 3692 0080 14D0     		beq	.L457
 3693 0082 702B     		cmp	r3, #112
 3694 0084 37D1     		bne	.L460
 3695 0086 CB68     		ldr	r3, [r1, #12]
 3696 0088 4A68     		ldr	r2, [r1, #4]
 3697 008a 8968     		ldr	r1, [r1, #8]
 3698 008c 0068     		ldr	r0, [r0]
 3699 008e FFF7FEFF 		bl	TIM_ETR_SetConfig
 3700 0092 2268     		ldr	r2, [r4]
 3701 0094 9368     		ldr	r3, [r2, #8]
 3702 0096 43F07703 		orr	r3, r3, #119
 3703 009a 9360     		str	r3, [r2, #8]
 3704 009c 0020     		movs	r0, #0
 3705              	.L455:
 3706 009e 0123     		movs	r3, #1
 3707 00a0 84F83D30 		strb	r3, [r4, #61]
ARM GAS  C:\Users\joabk\AppData\Local\Temp\ccrwML7P.s 			page 63


 3708 00a4 0023     		movs	r3, #0
 3709 00a6 84F83C30 		strb	r3, [r4, #60]
 3710 00aa 10BD     		pop	{r4, pc}
 3711              	.L457:
 3712 00ac CB68     		ldr	r3, [r1, #12]
 3713 00ae 4A68     		ldr	r2, [r1, #4]
 3714 00b0 8968     		ldr	r1, [r1, #8]
 3715 00b2 0068     		ldr	r0, [r0]
 3716 00b4 FFF7FEFF 		bl	TIM_ETR_SetConfig
 3717 00b8 2268     		ldr	r2, [r4]
 3718 00ba 9368     		ldr	r3, [r2, #8]
 3719 00bc 43F48043 		orr	r3, r3, #16384
 3720 00c0 9360     		str	r3, [r2, #8]
 3721 00c2 0020     		movs	r0, #0
 3722 00c4 EBE7     		b	.L455
 3723              	.L449:
 3724 00c6 CA68     		ldr	r2, [r1, #12]
 3725 00c8 4968     		ldr	r1, [r1, #4]
 3726 00ca 0068     		ldr	r0, [r0]
 3727 00cc FFF7FEFF 		bl	TIM_TI2_ConfigInputStage
 3728 00d0 6021     		movs	r1, #96
 3729 00d2 2068     		ldr	r0, [r4]
 3730 00d4 FFF7FEFF 		bl	TIM_ITRx_SetConfig
 3731 00d8 0020     		movs	r0, #0
 3732 00da E0E7     		b	.L455
 3733              	.L451:
 3734 00dc CA68     		ldr	r2, [r1, #12]
 3735 00de 4968     		ldr	r1, [r1, #4]
 3736 00e0 0068     		ldr	r0, [r0]
 3737 00e2 FFF7FEFF 		bl	TIM_TI1_ConfigInputStage
 3738 00e6 4021     		movs	r1, #64
 3739 00e8 2068     		ldr	r0, [r4]
 3740 00ea FFF7FEFF 		bl	TIM_ITRx_SetConfig
 3741 00ee 0020     		movs	r0, #0
 3742 00f0 D5E7     		b	.L455
 3743              	.L459:
 3744 00f2 0020     		movs	r0, #0
 3745 00f4 D3E7     		b	.L455
 3746              	.L460:
 3747 00f6 0120     		movs	r0, #1
 3748 00f8 D1E7     		b	.L455
 3749              	.L458:
 3750 00fa 0220     		movs	r0, #2
 3751 00fc 7047     		bx	lr
 3753              		.section	.text.TIM_SlaveTimer_SetConfig,"ax",%progbits
 3754              		.align	1
 3755              		.syntax unified
 3756              		.thumb
 3757              		.thumb_func
 3759              	TIM_SlaveTimer_SetConfig:
 3760              		@ args = 0, pretend = 0, frame = 0
 3761              		@ frame_needed = 0, uses_anonymous_args = 0
 3762 0000 10B5     		push	{r4, lr}
 3763 0002 0468     		ldr	r4, [r0]
 3764 0004 A268     		ldr	r2, [r4, #8]
 3765 0006 22F07002 		bic	r2, r2, #112
 3766 000a 4B68     		ldr	r3, [r1, #4]
ARM GAS  C:\Users\joabk\AppData\Local\Temp\ccrwML7P.s 			page 64


 3767 000c 1343     		orrs	r3, r3, r2
 3768 000e 23F00703 		bic	r3, r3, #7
 3769 0012 0A68     		ldr	r2, [r1]
 3770 0014 1A43     		orrs	r2, r2, r3
 3771 0016 A260     		str	r2, [r4, #8]
 3772 0018 4B68     		ldr	r3, [r1, #4]
 3773 001a 502B     		cmp	r3, #80
 3774 001c 30D0     		beq	.L468
 3775 001e 0BD9     		bls	.L482
 3776 0020 602B     		cmp	r3, #96
 3777 0022 34D0     		beq	.L473
 3778 0024 702B     		cmp	r3, #112
 3779 0026 43D1     		bne	.L479
 3780 0028 0B69     		ldr	r3, [r1, #16]
 3781 002a 8A68     		ldr	r2, [r1, #8]
 3782 002c C968     		ldr	r1, [r1, #12]
 3783 002e 0068     		ldr	r0, [r0]
 3784 0030 FFF7FEFF 		bl	TIM_ETR_SetConfig
 3785 0034 0020     		movs	r0, #0
 3786              	.L471:
 3787 0036 10BD     		pop	{r4, pc}
 3788              	.L482:
 3789 0038 402B     		cmp	r3, #64
 3790 003a 0CD0     		beq	.L470
 3791 003c 2ED8     		bhi	.L474
 3792 003e 202B     		cmp	r3, #32
 3793 0040 2ED0     		beq	.L475
 3794 0042 04D8     		bhi	.L472
 3795 0044 73B3     		cbz	r3, .L476
 3796 0046 102B     		cmp	r3, #16
 3797 0048 2ED1     		bne	.L477
 3798 004a 0020     		movs	r0, #0
 3799 004c F3E7     		b	.L471
 3800              	.L472:
 3801 004e 302B     		cmp	r3, #48
 3802 0050 2CD1     		bne	.L478
 3803 0052 0020     		movs	r0, #0
 3804 0054 EFE7     		b	.L471
 3805              	.L470:
 3806 0056 0B68     		ldr	r3, [r1]
 3807 0058 052B     		cmp	r3, #5
 3808 005a 2BD0     		beq	.L480
 3809 005c 0368     		ldr	r3, [r0]
 3810 005e 1C6A     		ldr	r4, [r3, #32]
 3811 0060 1A6A     		ldr	r2, [r3, #32]
 3812 0062 22F00102 		bic	r2, r2, #1
 3813 0066 1A62     		str	r2, [r3, #32]
 3814 0068 0268     		ldr	r2, [r0]
 3815 006a 9369     		ldr	r3, [r2, #24]
 3816 006c 23F0F003 		bic	r3, r3, #240
 3817 0070 0969     		ldr	r1, [r1, #16]
 3818 0072 43EA0113 		orr	r3, r3, r1, lsl #4
 3819 0076 9361     		str	r3, [r2, #24]
 3820 0078 0368     		ldr	r3, [r0]
 3821 007a 1C62     		str	r4, [r3, #32]
 3822 007c 0020     		movs	r0, #0
 3823 007e DAE7     		b	.L471
ARM GAS  C:\Users\joabk\AppData\Local\Temp\ccrwML7P.s 			page 65


 3824              	.L468:
 3825 0080 0A69     		ldr	r2, [r1, #16]
 3826 0082 8968     		ldr	r1, [r1, #8]
 3827 0084 0068     		ldr	r0, [r0]
 3828 0086 FFF7FEFF 		bl	TIM_TI1_ConfigInputStage
 3829 008a 0020     		movs	r0, #0
 3830 008c D3E7     		b	.L471
 3831              	.L473:
 3832 008e 0A69     		ldr	r2, [r1, #16]
 3833 0090 8968     		ldr	r1, [r1, #8]
 3834 0092 0068     		ldr	r0, [r0]
 3835 0094 FFF7FEFF 		bl	TIM_TI2_ConfigInputStage
 3836 0098 0020     		movs	r0, #0
 3837 009a CCE7     		b	.L471
 3838              	.L474:
 3839 009c 0120     		movs	r0, #1
 3840 009e CAE7     		b	.L471
 3841              	.L475:
 3842 00a0 0020     		movs	r0, #0
 3843 00a2 C8E7     		b	.L471
 3844              	.L476:
 3845 00a4 0020     		movs	r0, #0
 3846 00a6 C6E7     		b	.L471
 3847              	.L477:
 3848 00a8 0120     		movs	r0, #1
 3849 00aa C4E7     		b	.L471
 3850              	.L478:
 3851 00ac 0120     		movs	r0, #1
 3852 00ae C2E7     		b	.L471
 3853              	.L479:
 3854 00b0 0120     		movs	r0, #1
 3855 00b2 C0E7     		b	.L471
 3856              	.L480:
 3857 00b4 0120     		movs	r0, #1
 3858 00b6 BEE7     		b	.L471
 3860              		.section	.text.HAL_TIM_SlaveConfigSynchro,"ax",%progbits
 3861              		.align	1
 3862              		.global	HAL_TIM_SlaveConfigSynchro
 3863              		.syntax unified
 3864              		.thumb
 3865              		.thumb_func
 3867              	HAL_TIM_SlaveConfigSynchro:
 3868              		@ args = 0, pretend = 0, frame = 0
 3869              		@ frame_needed = 0, uses_anonymous_args = 0
 3870 0000 90F83C30 		ldrb	r3, [r0, #60]	@ zero_extendqisi2
 3871 0004 012B     		cmp	r3, #1
 3872 0006 22D0     		beq	.L486
 3873 0008 10B5     		push	{r4, lr}
 3874 000a 0446     		mov	r4, r0
 3875 000c 0123     		movs	r3, #1
 3876 000e 80F83C30 		strb	r3, [r0, #60]
 3877 0012 0223     		movs	r3, #2
 3878 0014 80F83D30 		strb	r3, [r0, #61]
 3879 0018 FFF7FEFF 		bl	TIM_SlaveTimer_SetConfig
 3880 001c 80B9     		cbnz	r0, .L491
 3881 001e 2268     		ldr	r2, [r4]
 3882 0020 D368     		ldr	r3, [r2, #12]
ARM GAS  C:\Users\joabk\AppData\Local\Temp\ccrwML7P.s 			page 66


 3883 0022 23F04003 		bic	r3, r3, #64
 3884 0026 D360     		str	r3, [r2, #12]
 3885 0028 2268     		ldr	r2, [r4]
 3886 002a D368     		ldr	r3, [r2, #12]
 3887 002c 23F48043 		bic	r3, r3, #16384
 3888 0030 D360     		str	r3, [r2, #12]
 3889 0032 0123     		movs	r3, #1
 3890 0034 84F83D30 		strb	r3, [r4, #61]
 3891 0038 0023     		movs	r3, #0
 3892 003a 84F83C30 		strb	r3, [r4, #60]
 3893              	.L484:
 3894 003e 10BD     		pop	{r4, pc}
 3895              	.L491:
 3896 0040 0120     		movs	r0, #1
 3897 0042 84F83D00 		strb	r0, [r4, #61]
 3898 0046 0023     		movs	r3, #0
 3899 0048 84F83C30 		strb	r3, [r4, #60]
 3900 004c F7E7     		b	.L484
 3901              	.L486:
 3902 004e 0220     		movs	r0, #2
 3903 0050 7047     		bx	lr
 3905              		.section	.text.HAL_TIM_SlaveConfigSynchro_IT,"ax",%progbits
 3906              		.align	1
 3907              		.global	HAL_TIM_SlaveConfigSynchro_IT
 3908              		.syntax unified
 3909              		.thumb
 3910              		.thumb_func
 3912              	HAL_TIM_SlaveConfigSynchro_IT:
 3913              		@ args = 0, pretend = 0, frame = 0
 3914              		@ frame_needed = 0, uses_anonymous_args = 0
 3915 0000 90F83C30 		ldrb	r3, [r0, #60]	@ zero_extendqisi2
 3916 0004 012B     		cmp	r3, #1
 3917 0006 22D0     		beq	.L495
 3918 0008 10B5     		push	{r4, lr}
 3919 000a 0446     		mov	r4, r0
 3920 000c 0123     		movs	r3, #1
 3921 000e 80F83C30 		strb	r3, [r0, #60]
 3922 0012 0223     		movs	r3, #2
 3923 0014 80F83D30 		strb	r3, [r0, #61]
 3924 0018 FFF7FEFF 		bl	TIM_SlaveTimer_SetConfig
 3925 001c 80B9     		cbnz	r0, .L500
 3926 001e 2268     		ldr	r2, [r4]
 3927 0020 D368     		ldr	r3, [r2, #12]
 3928 0022 43F04003 		orr	r3, r3, #64
 3929 0026 D360     		str	r3, [r2, #12]
 3930 0028 2268     		ldr	r2, [r4]
 3931 002a D368     		ldr	r3, [r2, #12]
 3932 002c 23F48043 		bic	r3, r3, #16384
 3933 0030 D360     		str	r3, [r2, #12]
 3934 0032 0123     		movs	r3, #1
 3935 0034 84F83D30 		strb	r3, [r4, #61]
 3936 0038 0023     		movs	r3, #0
 3937 003a 84F83C30 		strb	r3, [r4, #60]
 3938              	.L493:
 3939 003e 10BD     		pop	{r4, pc}
 3940              	.L500:
 3941 0040 0120     		movs	r0, #1
ARM GAS  C:\Users\joabk\AppData\Local\Temp\ccrwML7P.s 			page 67


 3942 0042 84F83D00 		strb	r0, [r4, #61]
 3943 0046 0023     		movs	r3, #0
 3944 0048 84F83C30 		strb	r3, [r4, #60]
 3945 004c F7E7     		b	.L493
 3946              	.L495:
 3947 004e 0220     		movs	r0, #2
 3948 0050 7047     		bx	lr
 3950              		.section	.text.TIM_CCxChannelCmd,"ax",%progbits
 3951              		.align	1
 3952              		.global	TIM_CCxChannelCmd
 3953              		.syntax unified
 3954              		.thumb
 3955              		.thumb_func
 3957              	TIM_CCxChannelCmd:
 3958              		@ args = 0, pretend = 0, frame = 0
 3959              		@ frame_needed = 0, uses_anonymous_args = 0
 3960              		@ link register save eliminated.
 3961 0000 01F01F01 		and	r1, r1, #31
 3962 0004 4FF0010C 		mov	ip, #1
 3963 0008 0CFA01FC 		lsl	ip, ip, r1
 3964 000c 036A     		ldr	r3, [r0, #32]
 3965 000e 23EA0C03 		bic	r3, r3, ip
 3966 0012 0362     		str	r3, [r0, #32]
 3967 0014 036A     		ldr	r3, [r0, #32]
 3968 0016 8A40     		lsls	r2, r2, r1
 3969 0018 1343     		orrs	r3, r3, r2
 3970 001a 0362     		str	r3, [r0, #32]
 3971 001c 7047     		bx	lr
 3973              		.section	.text.HAL_TIM_OC_Start,"ax",%progbits
 3974              		.align	1
 3975              		.global	HAL_TIM_OC_Start
 3976              		.syntax unified
 3977              		.thumb
 3978              		.thumb_func
 3980              	HAL_TIM_OC_Start:
 3981              		@ args = 0, pretend = 0, frame = 0
 3982              		@ frame_needed = 0, uses_anonymous_args = 0
 3983 0000 10B5     		push	{r4, lr}
 3984 0002 0446     		mov	r4, r0
 3985 0004 0846     		mov	r0, r1
 3986 0006 0029     		cmp	r1, #0
 3987 0008 32D1     		bne	.L503
 3988 000a 94F83E30 		ldrb	r3, [r4, #62]	@ zero_extendqisi2
 3989 000e DBB2     		uxtb	r3, r3
 3990 0010 013B     		subs	r3, r3, #1
 3991 0012 18BF     		it	ne
 3992 0014 0123     		movne	r3, #1
 3993              	.L504:
 3994 0016 002B     		cmp	r3, #0
 3995 0018 63D1     		bne	.L515
 3996 001a 0028     		cmp	r0, #0
 3997 001c 41D1     		bne	.L508
 3998 001e 0223     		movs	r3, #2
 3999 0020 84F83E30 		strb	r3, [r4, #62]
 4000              	.L509:
 4001 0024 0122     		movs	r2, #1
 4002 0026 0146     		mov	r1, r0
ARM GAS  C:\Users\joabk\AppData\Local\Temp\ccrwML7P.s 			page 68


 4003 0028 2068     		ldr	r0, [r4]
 4004 002a FFF7FEFF 		bl	TIM_CCxChannelCmd
 4005 002e 2368     		ldr	r3, [r4]
 4006 0030 2E4A     		ldr	r2, .L523
 4007 0032 9342     		cmp	r3, r2
 4008 0034 45D0     		beq	.L518
 4009              	.L512:
 4010 0036 2368     		ldr	r3, [r4]
 4011 0038 2C4A     		ldr	r2, .L523
 4012 003a 9342     		cmp	r3, r2
 4013 003c 46D0     		beq	.L513
 4014 003e B3F1804F 		cmp	r3, #1073741824
 4015 0042 43D0     		beq	.L513
 4016 0044 A2F57C42 		sub	r2, r2, #64512
 4017 0048 9342     		cmp	r3, r2
 4018 004a 3FD0     		beq	.L513
 4019 004c 02F58062 		add	r2, r2, #1024
 4020 0050 9342     		cmp	r3, r2
 4021 0052 3BD0     		beq	.L513
 4022 0054 02F58062 		add	r2, r2, #1024
 4023 0058 9342     		cmp	r3, r2
 4024 005a 37D0     		beq	.L513
 4025 005c 02F59A32 		add	r2, r2, #78848
 4026 0060 9342     		cmp	r3, r2
 4027 0062 33D0     		beq	.L513
 4028 0064 1A68     		ldr	r2, [r3]
 4029 0066 42F00102 		orr	r2, r2, #1
 4030 006a 1A60     		str	r2, [r3]
 4031 006c 0020     		movs	r0, #0
 4032 006e 37E0     		b	.L507
 4033              	.L503:
 4034 0070 0429     		cmp	r1, #4
 4035 0072 08D0     		beq	.L519
 4036 0074 0829     		cmp	r1, #8
 4037 0076 0DD0     		beq	.L520
 4038 0078 94F84130 		ldrb	r3, [r4, #65]	@ zero_extendqisi2
 4039 007c DBB2     		uxtb	r3, r3
 4040 007e 013B     		subs	r3, r3, #1
 4041 0080 18BF     		it	ne
 4042 0082 0123     		movne	r3, #1
 4043 0084 C7E7     		b	.L504
 4044              	.L519:
 4045 0086 94F83F30 		ldrb	r3, [r4, #63]	@ zero_extendqisi2
 4046 008a DBB2     		uxtb	r3, r3
 4047 008c 013B     		subs	r3, r3, #1
 4048 008e 18BF     		it	ne
 4049 0090 0123     		movne	r3, #1
 4050 0092 C0E7     		b	.L504
 4051              	.L520:
 4052 0094 94F84030 		ldrb	r3, [r4, #64]	@ zero_extendqisi2
 4053 0098 DBB2     		uxtb	r3, r3
 4054 009a 013B     		subs	r3, r3, #1
 4055 009c 18BF     		it	ne
 4056 009e 0123     		movne	r3, #1
 4057 00a0 B9E7     		b	.L504
 4058              	.L508:
 4059 00a2 0428     		cmp	r0, #4
ARM GAS  C:\Users\joabk\AppData\Local\Temp\ccrwML7P.s 			page 69


 4060 00a4 05D0     		beq	.L521
 4061 00a6 0828     		cmp	r0, #8
 4062 00a8 07D0     		beq	.L522
 4063 00aa 0223     		movs	r3, #2
 4064 00ac 84F84130 		strb	r3, [r4, #65]
 4065 00b0 B8E7     		b	.L509
 4066              	.L521:
 4067 00b2 0223     		movs	r3, #2
 4068 00b4 84F83F30 		strb	r3, [r4, #63]
 4069 00b8 B4E7     		b	.L509
 4070              	.L522:
 4071 00ba 0223     		movs	r3, #2
 4072 00bc 84F84030 		strb	r3, [r4, #64]
 4073 00c0 B0E7     		b	.L509
 4074              	.L518:
 4075 00c2 5A6C     		ldr	r2, [r3, #68]
 4076 00c4 42F40042 		orr	r2, r2, #32768
 4077 00c8 5A64     		str	r2, [r3, #68]
 4078 00ca B4E7     		b	.L512
 4079              	.L513:
 4080 00cc 9A68     		ldr	r2, [r3, #8]
 4081 00ce 02F00702 		and	r2, r2, #7
 4082 00d2 062A     		cmp	r2, #6
 4083 00d4 07D0     		beq	.L516
 4084 00d6 1A68     		ldr	r2, [r3]
 4085 00d8 42F00102 		orr	r2, r2, #1
 4086 00dc 1A60     		str	r2, [r3]
 4087 00de 0020     		movs	r0, #0
 4088              	.L507:
 4089 00e0 10BD     		pop	{r4, pc}
 4090              	.L515:
 4091 00e2 0120     		movs	r0, #1
 4092 00e4 FCE7     		b	.L507
 4093              	.L516:
 4094 00e6 0020     		movs	r0, #0
 4095 00e8 FAE7     		b	.L507
 4096              	.L524:
 4097 00ea 00BF     		.align	2
 4098              	.L523:
 4099 00ec 00000140 		.word	1073807360
 4101              		.section	.text.HAL_TIM_OC_Stop,"ax",%progbits
 4102              		.align	1
 4103              		.global	HAL_TIM_OC_Stop
 4104              		.syntax unified
 4105              		.thumb
 4106              		.thumb_func
 4108              	HAL_TIM_OC_Stop:
 4109              		@ args = 0, pretend = 0, frame = 0
 4110              		@ frame_needed = 0, uses_anonymous_args = 0
 4111 0000 38B5     		push	{r3, r4, r5, lr}
 4112 0002 0446     		mov	r4, r0
 4113 0004 0D46     		mov	r5, r1
 4114 0006 0022     		movs	r2, #0
 4115 0008 0068     		ldr	r0, [r0]
 4116 000a FFF7FEFF 		bl	TIM_CCxChannelCmd
 4117 000e 2368     		ldr	r3, [r4]
 4118 0010 1B4A     		ldr	r2, .L536
ARM GAS  C:\Users\joabk\AppData\Local\Temp\ccrwML7P.s 			page 70


 4119 0012 9342     		cmp	r3, r2
 4120 0014 14D0     		beq	.L533
 4121              	.L526:
 4122 0016 2368     		ldr	r3, [r4]
 4123 0018 196A     		ldr	r1, [r3, #32]
 4124 001a 41F21112 		movw	r2, #4369
 4125 001e 1142     		tst	r1, r2
 4126 0020 08D1     		bne	.L527
 4127 0022 196A     		ldr	r1, [r3, #32]
 4128 0024 40F24442 		movw	r2, #1092
 4129 0028 1142     		tst	r1, r2
 4130 002a 03D1     		bne	.L527
 4131 002c 1A68     		ldr	r2, [r3]
 4132 002e 22F00102 		bic	r2, r2, #1
 4133 0032 1A60     		str	r2, [r3]
 4134              	.L527:
 4135 0034 9DB9     		cbnz	r5, .L528
 4136 0036 0123     		movs	r3, #1
 4137 0038 84F83E30 		strb	r3, [r4, #62]
 4138              	.L529:
 4139 003c 0020     		movs	r0, #0
 4140 003e 38BD     		pop	{r3, r4, r5, pc}
 4141              	.L533:
 4142 0040 196A     		ldr	r1, [r3, #32]
 4143 0042 41F21112 		movw	r2, #4369
 4144 0046 1142     		tst	r1, r2
 4145 0048 E5D1     		bne	.L526
 4146 004a 196A     		ldr	r1, [r3, #32]
 4147 004c 40F24442 		movw	r2, #1092
 4148 0050 1142     		tst	r1, r2
 4149 0052 E0D1     		bne	.L526
 4150 0054 5A6C     		ldr	r2, [r3, #68]
 4151 0056 22F40042 		bic	r2, r2, #32768
 4152 005a 5A64     		str	r2, [r3, #68]
 4153 005c DBE7     		b	.L526
 4154              	.L528:
 4155 005e 042D     		cmp	r5, #4
 4156 0060 05D0     		beq	.L534
 4157 0062 082D     		cmp	r5, #8
 4158 0064 07D0     		beq	.L535
 4159 0066 0123     		movs	r3, #1
 4160 0068 84F84130 		strb	r3, [r4, #65]
 4161 006c E6E7     		b	.L529
 4162              	.L534:
 4163 006e 0123     		movs	r3, #1
 4164 0070 84F83F30 		strb	r3, [r4, #63]
 4165 0074 E2E7     		b	.L529
 4166              	.L535:
 4167 0076 0123     		movs	r3, #1
 4168 0078 84F84030 		strb	r3, [r4, #64]
 4169 007c DEE7     		b	.L529
 4170              	.L537:
 4171 007e 00BF     		.align	2
 4172              	.L536:
 4173 0080 00000140 		.word	1073807360
 4175              		.section	.text.HAL_TIM_OC_Start_IT,"ax",%progbits
 4176              		.align	1
ARM GAS  C:\Users\joabk\AppData\Local\Temp\ccrwML7P.s 			page 71


 4177              		.global	HAL_TIM_OC_Start_IT
 4178              		.syntax unified
 4179              		.thumb
 4180              		.thumb_func
 4182              	HAL_TIM_OC_Start_IT:
 4183              		@ args = 0, pretend = 0, frame = 0
 4184              		@ frame_needed = 0, uses_anonymous_args = 0
 4185 0000 10B5     		push	{r4, lr}
 4186 0002 0446     		mov	r4, r0
 4187 0004 0846     		mov	r0, r1
 4188 0006 0029     		cmp	r1, #0
 4189 0008 38D1     		bne	.L539
 4190 000a 94F83E30 		ldrb	r3, [r4, #62]	@ zero_extendqisi2
 4191 000e DBB2     		uxtb	r3, r3
 4192 0010 013B     		subs	r3, r3, #1
 4193 0012 18BF     		it	ne
 4194 0014 0123     		movne	r3, #1
 4195              	.L540:
 4196 0016 002B     		cmp	r3, #0
 4197 0018 40F09880 		bne	.L556
 4198 001c 0028     		cmp	r0, #0
 4199 001e 46D1     		bne	.L544
 4200 0020 0223     		movs	r3, #2
 4201 0022 84F83E30 		strb	r3, [r4, #62]
 4202              	.L545:
 4203 0026 2268     		ldr	r2, [r4]
 4204 0028 D368     		ldr	r3, [r2, #12]
 4205 002a 43F00203 		orr	r3, r3, #2
 4206 002e D360     		str	r3, [r2, #12]
 4207              	.L552:
 4208 0030 0122     		movs	r2, #1
 4209 0032 0146     		mov	r1, r0
 4210 0034 2068     		ldr	r0, [r4]
 4211 0036 FFF7FEFF 		bl	TIM_CCxChannelCmd
 4212 003a 2368     		ldr	r3, [r4]
 4213 003c 464A     		ldr	r2, .L568
 4214 003e 9342     		cmp	r3, r2
 4215 0040 74D0     		beq	.L563
 4216              	.L553:
 4217 0042 2368     		ldr	r3, [r4]
 4218 0044 444A     		ldr	r2, .L568
 4219 0046 9342     		cmp	r3, r2
 4220 0048 75D0     		beq	.L554
 4221 004a B3F1804F 		cmp	r3, #1073741824
 4222 004e 72D0     		beq	.L554
 4223 0050 A2F57C42 		sub	r2, r2, #64512
 4224 0054 9342     		cmp	r3, r2
 4225 0056 6ED0     		beq	.L554
 4226 0058 02F58062 		add	r2, r2, #1024
 4227 005c 9342     		cmp	r3, r2
 4228 005e 6AD0     		beq	.L554
 4229 0060 02F58062 		add	r2, r2, #1024
 4230 0064 9342     		cmp	r3, r2
 4231 0066 66D0     		beq	.L554
 4232 0068 02F59A32 		add	r2, r2, #78848
 4233 006c 9342     		cmp	r3, r2
 4234 006e 62D0     		beq	.L554
ARM GAS  C:\Users\joabk\AppData\Local\Temp\ccrwML7P.s 			page 72


 4235 0070 1A68     		ldr	r2, [r3]
 4236 0072 42F00102 		orr	r2, r2, #1
 4237 0076 1A60     		str	r2, [r3]
 4238 0078 0020     		movs	r0, #0
 4239 007a 66E0     		b	.L543
 4240              	.L539:
 4241 007c 0429     		cmp	r1, #4
 4242 007e 08D0     		beq	.L564
 4243 0080 0829     		cmp	r1, #8
 4244 0082 0DD0     		beq	.L565
 4245 0084 94F84130 		ldrb	r3, [r4, #65]	@ zero_extendqisi2
 4246 0088 DBB2     		uxtb	r3, r3
 4247 008a 013B     		subs	r3, r3, #1
 4248 008c 18BF     		it	ne
 4249 008e 0123     		movne	r3, #1
 4250 0090 C1E7     		b	.L540
 4251              	.L564:
 4252 0092 94F83F30 		ldrb	r3, [r4, #63]	@ zero_extendqisi2
 4253 0096 DBB2     		uxtb	r3, r3
 4254 0098 013B     		subs	r3, r3, #1
 4255 009a 18BF     		it	ne
 4256 009c 0123     		movne	r3, #1
 4257 009e BAE7     		b	.L540
 4258              	.L565:
 4259 00a0 94F84030 		ldrb	r3, [r4, #64]	@ zero_extendqisi2
 4260 00a4 DBB2     		uxtb	r3, r3
 4261 00a6 013B     		subs	r3, r3, #1
 4262 00a8 18BF     		it	ne
 4263 00aa 0123     		movne	r3, #1
 4264 00ac B3E7     		b	.L540
 4265              	.L544:
 4266 00ae 0428     		cmp	r0, #4
 4267 00b0 24D0     		beq	.L566
 4268 00b2 0828     		cmp	r0, #8
 4269 00b4 2BD0     		beq	.L567
 4270 00b6 0223     		movs	r3, #2
 4271 00b8 84F84130 		strb	r3, [r4, #65]
 4272 00bc 0C28     		cmp	r0, #12
 4273 00be 47D8     		bhi	.L557
 4274 00c0 01A3     		adr	r3, .L551
 4275 00c2 53F820F0 		ldr	pc, [r3, r0, lsl #2]
 4276 00c6 00BF     		.p2align 2
 4277              	.L551:
 4278 00c8 27000000 		.word	.L545+1
 4279 00cc 51010000 		.word	.L557+1
 4280 00d0 51010000 		.word	.L557+1
 4281 00d4 51010000 		.word	.L557+1
 4282 00d8 03010000 		.word	.L547+1
 4283 00dc 51010000 		.word	.L557+1
 4284 00e0 51010000 		.word	.L557+1
 4285 00e4 51010000 		.word	.L557+1
 4286 00e8 15010000 		.word	.L549+1
 4287 00ec 51010000 		.word	.L557+1
 4288 00f0 51010000 		.word	.L557+1
 4289 00f4 51010000 		.word	.L557+1
 4290 00f8 21010000 		.word	.L550+1
 4291              		.p2align 1
ARM GAS  C:\Users\joabk\AppData\Local\Temp\ccrwML7P.s 			page 73


 4292              	.L566:
 4293 00fc 0223     		movs	r3, #2
 4294 00fe 84F83F30 		strb	r3, [r4, #63]
 4295              	.L547:
 4296 0102 2268     		ldr	r2, [r4]
 4297 0104 D368     		ldr	r3, [r2, #12]
 4298 0106 43F00403 		orr	r3, r3, #4
 4299 010a D360     		str	r3, [r2, #12]
 4300 010c 90E7     		b	.L552
 4301              	.L567:
 4302 010e 0223     		movs	r3, #2
 4303 0110 84F84030 		strb	r3, [r4, #64]
 4304              	.L549:
 4305 0114 2268     		ldr	r2, [r4]
 4306 0116 D368     		ldr	r3, [r2, #12]
 4307 0118 43F00803 		orr	r3, r3, #8
 4308 011c D360     		str	r3, [r2, #12]
 4309 011e 87E7     		b	.L552
 4310              	.L550:
 4311 0120 2268     		ldr	r2, [r4]
 4312 0122 D368     		ldr	r3, [r2, #12]
 4313 0124 43F01003 		orr	r3, r3, #16
 4314 0128 D360     		str	r3, [r2, #12]
 4315 012a 81E7     		b	.L552
 4316              	.L563:
 4317 012c 5A6C     		ldr	r2, [r3, #68]
 4318 012e 42F40042 		orr	r2, r2, #32768
 4319 0132 5A64     		str	r2, [r3, #68]
 4320 0134 85E7     		b	.L553
 4321              	.L554:
 4322 0136 9A68     		ldr	r2, [r3, #8]
 4323 0138 02F00702 		and	r2, r2, #7
 4324 013c 062A     		cmp	r2, #6
 4325 013e 09D0     		beq	.L558
 4326 0140 1A68     		ldr	r2, [r3]
 4327 0142 42F00102 		orr	r2, r2, #1
 4328 0146 1A60     		str	r2, [r3]
 4329 0148 0020     		movs	r0, #0
 4330              	.L543:
 4331 014a 10BD     		pop	{r4, pc}
 4332              	.L556:
 4333 014c 0120     		movs	r0, #1
 4334 014e FCE7     		b	.L543
 4335              	.L557:
 4336 0150 0120     		movs	r0, #1
 4337 0152 FAE7     		b	.L543
 4338              	.L558:
 4339 0154 0020     		movs	r0, #0
 4340 0156 F8E7     		b	.L543
 4341              	.L569:
 4342              		.align	2
 4343              	.L568:
 4344 0158 00000140 		.word	1073807360
 4346              		.section	.text.HAL_TIM_OC_Stop_IT,"ax",%progbits
 4347              		.align	1
 4348              		.global	HAL_TIM_OC_Stop_IT
 4349              		.syntax unified
ARM GAS  C:\Users\joabk\AppData\Local\Temp\ccrwML7P.s 			page 74


 4350              		.thumb
 4351              		.thumb_func
 4353              	HAL_TIM_OC_Stop_IT:
 4354              		@ args = 0, pretend = 0, frame = 0
 4355              		@ frame_needed = 0, uses_anonymous_args = 0
 4356 0000 38B5     		push	{r3, r4, r5, lr}
 4357 0002 0546     		mov	r5, r0
 4358 0004 0C46     		mov	r4, r1
 4359 0006 0C29     		cmp	r1, #12
 4360 0008 5FD8     		bhi	.L583
 4361 000a DFE801F0 		tbb	[pc, r1]
 4362              	.L573:
 4363 000e 07       		.byte	(.L576-.L573)/2
 4364 000f 5E       		.byte	(.L583-.L573)/2
 4365 0010 5E       		.byte	(.L583-.L573)/2
 4366 0011 5E       		.byte	(.L583-.L573)/2
 4367 0012 2A       		.byte	(.L575-.L573)/2
 4368 0013 5E       		.byte	(.L583-.L573)/2
 4369 0014 5E       		.byte	(.L583-.L573)/2
 4370 0015 5E       		.byte	(.L583-.L573)/2
 4371 0016 30       		.byte	(.L574-.L573)/2
 4372 0017 5E       		.byte	(.L583-.L573)/2
 4373 0018 5E       		.byte	(.L583-.L573)/2
 4374 0019 5E       		.byte	(.L583-.L573)/2
 4375 001a 36       		.byte	(.L572-.L573)/2
 4376 001b 00       		.p2align 1
 4377              	.L576:
 4378 001c 0268     		ldr	r2, [r0]
 4379 001e D368     		ldr	r3, [r2, #12]
 4380 0020 23F00203 		bic	r3, r3, #2
 4381 0024 D360     		str	r3, [r2, #12]
 4382              	.L577:
 4383 0026 0022     		movs	r2, #0
 4384 0028 2146     		mov	r1, r4
 4385 002a 2868     		ldr	r0, [r5]
 4386 002c FFF7FEFF 		bl	TIM_CCxChannelCmd
 4387 0030 2B68     		ldr	r3, [r5]
 4388 0032 274A     		ldr	r2, .L588
 4389 0034 9342     		cmp	r3, r2
 4390 0036 26D0     		beq	.L585
 4391              	.L578:
 4392 0038 2B68     		ldr	r3, [r5]
 4393 003a 196A     		ldr	r1, [r3, #32]
 4394 003c 41F21112 		movw	r2, #4369
 4395 0040 1142     		tst	r1, r2
 4396 0042 08D1     		bne	.L579
 4397 0044 196A     		ldr	r1, [r3, #32]
 4398 0046 40F24442 		movw	r2, #1092
 4399 004a 1142     		tst	r1, r2
 4400 004c 03D1     		bne	.L579
 4401 004e 1A68     		ldr	r2, [r3]
 4402 0050 22F00102 		bic	r2, r2, #1
 4403 0054 1A60     		str	r2, [r3]
 4404              	.L579:
 4405 0056 2CBB     		cbnz	r4, .L580
 4406 0058 0123     		movs	r3, #1
 4407 005a 85F83E30 		strb	r3, [r5, #62]
ARM GAS  C:\Users\joabk\AppData\Local\Temp\ccrwML7P.s 			page 75


 4408 005e 0020     		movs	r0, #0
 4409 0060 34E0     		b	.L571
 4410              	.L575:
 4411 0062 0268     		ldr	r2, [r0]
 4412 0064 D368     		ldr	r3, [r2, #12]
 4413 0066 23F00403 		bic	r3, r3, #4
 4414 006a D360     		str	r3, [r2, #12]
 4415 006c DBE7     		b	.L577
 4416              	.L574:
 4417 006e 0268     		ldr	r2, [r0]
 4418 0070 D368     		ldr	r3, [r2, #12]
 4419 0072 23F00803 		bic	r3, r3, #8
 4420 0076 D360     		str	r3, [r2, #12]
 4421 0078 D5E7     		b	.L577
 4422              	.L572:
 4423 007a 0268     		ldr	r2, [r0]
 4424 007c D368     		ldr	r3, [r2, #12]
 4425 007e 23F01003 		bic	r3, r3, #16
 4426 0082 D360     		str	r3, [r2, #12]
 4427 0084 CFE7     		b	.L577
 4428              	.L585:
 4429 0086 196A     		ldr	r1, [r3, #32]
 4430 0088 41F21112 		movw	r2, #4369
 4431 008c 1142     		tst	r1, r2
 4432 008e D3D1     		bne	.L578
 4433 0090 196A     		ldr	r1, [r3, #32]
 4434 0092 40F24442 		movw	r2, #1092
 4435 0096 1142     		tst	r1, r2
 4436 0098 CED1     		bne	.L578
 4437 009a 5A6C     		ldr	r2, [r3, #68]
 4438 009c 22F40042 		bic	r2, r2, #32768
 4439 00a0 5A64     		str	r2, [r3, #68]
 4440 00a2 C9E7     		b	.L578
 4441              	.L580:
 4442 00a4 042C     		cmp	r4, #4
 4443 00a6 06D0     		beq	.L586
 4444 00a8 082C     		cmp	r4, #8
 4445 00aa 09D0     		beq	.L587
 4446 00ac 0123     		movs	r3, #1
 4447 00ae 85F84130 		strb	r3, [r5, #65]
 4448 00b2 0020     		movs	r0, #0
 4449 00b4 0AE0     		b	.L571
 4450              	.L586:
 4451 00b6 0123     		movs	r3, #1
 4452 00b8 85F83F30 		strb	r3, [r5, #63]
 4453 00bc 0020     		movs	r0, #0
 4454 00be 05E0     		b	.L571
 4455              	.L587:
 4456 00c0 0123     		movs	r3, #1
 4457 00c2 85F84030 		strb	r3, [r5, #64]
 4458 00c6 0020     		movs	r0, #0
 4459 00c8 00E0     		b	.L571
 4460              	.L583:
 4461 00ca 0120     		movs	r0, #1
 4462              	.L571:
 4463 00cc 38BD     		pop	{r3, r4, r5, pc}
 4464              	.L589:
ARM GAS  C:\Users\joabk\AppData\Local\Temp\ccrwML7P.s 			page 76


 4465 00ce 00BF     		.align	2
 4466              	.L588:
 4467 00d0 00000140 		.word	1073807360
 4469              		.section	.text.HAL_TIM_OC_Start_DMA,"ax",%progbits
 4470              		.align	1
 4471              		.global	HAL_TIM_OC_Start_DMA
 4472              		.syntax unified
 4473              		.thumb
 4474              		.thumb_func
 4476              	HAL_TIM_OC_Start_DMA:
 4477              		@ args = 0, pretend = 0, frame = 0
 4478              		@ frame_needed = 0, uses_anonymous_args = 0
 4479 0000 70B5     		push	{r4, r5, r6, lr}
 4480 0002 0446     		mov	r4, r0
 4481 0004 1646     		mov	r6, r2
 4482 0006 0D46     		mov	r5, r1
 4483 0008 0029     		cmp	r1, #0
 4484 000a 64D1     		bne	.L591
 4485 000c 90F83E00 		ldrb	r0, [r0, #62]	@ zero_extendqisi2
 4486 0010 C0B2     		uxtb	r0, r0
 4487 0012 0228     		cmp	r0, #2
 4488 0014 14BF     		ite	ne
 4489 0016 0020     		movne	r0, #0
 4490 0018 0120     		moveq	r0, #1
 4491              	.L592:
 4492 001a 0028     		cmp	r0, #0
 4493 001c 40F01481 		bne	.L612
 4494 0020 002D     		cmp	r5, #0
 4495 0022 74D1     		bne	.L596
 4496 0024 94F83E20 		ldrb	r2, [r4, #62]	@ zero_extendqisi2
 4497 0028 D2B2     		uxtb	r2, r2
 4498 002a 012A     		cmp	r2, #1
 4499 002c 14BF     		ite	ne
 4500 002e 0022     		movne	r2, #0
 4501 0030 0122     		moveq	r2, #1
 4502              	.L597:
 4503 0032 002A     		cmp	r2, #0
 4504 0034 00F00A81 		beq	.L613
 4505 0038 002E     		cmp	r6, #0
 4506 003a 00F00981 		beq	.L614
 4507 003e 002B     		cmp	r3, #0
 4508 0040 00F00881 		beq	.L615
 4509 0044 002D     		cmp	r5, #0
 4510 0046 7ED1     		bne	.L600
 4511 0048 0222     		movs	r2, #2
 4512 004a 84F83E20 		strb	r2, [r4, #62]
 4513              	.L601:
 4514 004e 626A     		ldr	r2, [r4, #36]
 4515 0050 8749     		ldr	r1, .L633
 4516 0052 D163     		str	r1, [r2, #60]
 4517 0054 626A     		ldr	r2, [r4, #36]
 4518 0056 8749     		ldr	r1, .L633+4
 4519 0058 1164     		str	r1, [r2, #64]
 4520 005a 626A     		ldr	r2, [r4, #36]
 4521 005c 8649     		ldr	r1, .L633+8
 4522 005e D164     		str	r1, [r2, #76]
 4523 0060 2268     		ldr	r2, [r4]
ARM GAS  C:\Users\joabk\AppData\Local\Temp\ccrwML7P.s 			page 77


 4524 0062 3432     		adds	r2, r2, #52
 4525 0064 3146     		mov	r1, r6
 4526 0066 606A     		ldr	r0, [r4, #36]
 4527 0068 FFF7FEFF 		bl	HAL_DMA_Start_IT
 4528 006c 0028     		cmp	r0, #0
 4529 006e 40F0F580 		bne	.L617
 4530 0072 2268     		ldr	r2, [r4]
 4531 0074 D368     		ldr	r3, [r2, #12]
 4532 0076 43F40073 		orr	r3, r3, #512
 4533 007a D360     		str	r3, [r2, #12]
 4534              	.L608:
 4535 007c 0122     		movs	r2, #1
 4536 007e 2946     		mov	r1, r5
 4537 0080 2068     		ldr	r0, [r4]
 4538 0082 FFF7FEFF 		bl	TIM_CCxChannelCmd
 4539 0086 2368     		ldr	r3, [r4]
 4540 0088 7C4A     		ldr	r2, .L633+12
 4541 008a 9342     		cmp	r3, r2
 4542 008c 00F0CC80 		beq	.L626
 4543              	.L609:
 4544 0090 2368     		ldr	r3, [r4]
 4545 0092 7A4A     		ldr	r2, .L633+12
 4546 0094 9342     		cmp	r3, r2
 4547 0096 00F0CC80 		beq	.L610
 4548 009a B3F1804F 		cmp	r3, #1073741824
 4549 009e 00F0C880 		beq	.L610
 4550 00a2 A2F57C42 		sub	r2, r2, #64512
 4551 00a6 9342     		cmp	r3, r2
 4552 00a8 00F0C380 		beq	.L610
 4553 00ac 02F58062 		add	r2, r2, #1024
 4554 00b0 9342     		cmp	r3, r2
 4555 00b2 00F0BE80 		beq	.L610
 4556 00b6 02F58062 		add	r2, r2, #1024
 4557 00ba 9342     		cmp	r3, r2
 4558 00bc 00F0B980 		beq	.L610
 4559 00c0 02F59A32 		add	r2, r2, #78848
 4560 00c4 9342     		cmp	r3, r2
 4561 00c6 00F0B480 		beq	.L610
 4562 00ca 1A68     		ldr	r2, [r3]
 4563 00cc 42F00102 		orr	r2, r2, #1
 4564 00d0 1A60     		str	r2, [r3]
 4565 00d2 0020     		movs	r0, #0
 4566 00d4 BBE0     		b	.L595
 4567              	.L591:
 4568 00d6 0429     		cmp	r1, #4
 4569 00d8 09D0     		beq	.L627
 4570 00da 0829     		cmp	r1, #8
 4571 00dc 0FD0     		beq	.L628
 4572 00de 90F84100 		ldrb	r0, [r0, #65]	@ zero_extendqisi2
 4573 00e2 C0B2     		uxtb	r0, r0
 4574 00e4 0228     		cmp	r0, #2
 4575 00e6 14BF     		ite	ne
 4576 00e8 0020     		movne	r0, #0
 4577 00ea 0120     		moveq	r0, #1
 4578 00ec 95E7     		b	.L592
 4579              	.L627:
 4580 00ee 90F83F00 		ldrb	r0, [r0, #63]	@ zero_extendqisi2
ARM GAS  C:\Users\joabk\AppData\Local\Temp\ccrwML7P.s 			page 78


 4581 00f2 C0B2     		uxtb	r0, r0
 4582 00f4 0228     		cmp	r0, #2
 4583 00f6 14BF     		ite	ne
 4584 00f8 0020     		movne	r0, #0
 4585 00fa 0120     		moveq	r0, #1
 4586 00fc 8DE7     		b	.L592
 4587              	.L628:
 4588 00fe 90F84000 		ldrb	r0, [r0, #64]	@ zero_extendqisi2
 4589 0102 C0B2     		uxtb	r0, r0
 4590 0104 0228     		cmp	r0, #2
 4591 0106 14BF     		ite	ne
 4592 0108 0020     		movne	r0, #0
 4593 010a 0120     		moveq	r0, #1
 4594 010c 85E7     		b	.L592
 4595              	.L596:
 4596 010e 042D     		cmp	r5, #4
 4597 0110 09D0     		beq	.L629
 4598 0112 082D     		cmp	r5, #8
 4599 0114 0FD0     		beq	.L630
 4600 0116 94F84120 		ldrb	r2, [r4, #65]	@ zero_extendqisi2
 4601 011a D2B2     		uxtb	r2, r2
 4602 011c 012A     		cmp	r2, #1
 4603 011e 14BF     		ite	ne
 4604 0120 0022     		movne	r2, #0
 4605 0122 0122     		moveq	r2, #1
 4606 0124 85E7     		b	.L597
 4607              	.L629:
 4608 0126 94F83F20 		ldrb	r2, [r4, #63]	@ zero_extendqisi2
 4609 012a D2B2     		uxtb	r2, r2
 4610 012c 012A     		cmp	r2, #1
 4611 012e 14BF     		ite	ne
 4612 0130 0022     		movne	r2, #0
 4613 0132 0122     		moveq	r2, #1
 4614 0134 7DE7     		b	.L597
 4615              	.L630:
 4616 0136 94F84020 		ldrb	r2, [r4, #64]	@ zero_extendqisi2
 4617 013a D2B2     		uxtb	r2, r2
 4618 013c 012A     		cmp	r2, #1
 4619 013e 14BF     		ite	ne
 4620 0140 0022     		movne	r2, #0
 4621 0142 0122     		moveq	r2, #1
 4622 0144 75E7     		b	.L597
 4623              	.L600:
 4624 0146 042D     		cmp	r5, #4
 4625 0148 24D0     		beq	.L631
 4626 014a 082D     		cmp	r5, #8
 4627 014c 3CD0     		beq	.L632
 4628 014e 0222     		movs	r2, #2
 4629 0150 84F84120 		strb	r2, [r4, #65]
 4630 0154 0C2D     		cmp	r5, #12
 4631 0156 7FD8     		bhi	.L616
 4632 0158 01A2     		adr	r2, .L607
 4633 015a 52F825F0 		ldr	pc, [r2, r5, lsl #2]
 4634 015e 00BF     		.p2align 2
 4635              	.L607:
 4636 0160 4F000000 		.word	.L601+1
 4637 0164 59020000 		.word	.L616+1
ARM GAS  C:\Users\joabk\AppData\Local\Temp\ccrwML7P.s 			page 79


 4638 0168 59020000 		.word	.L616+1
 4639 016c 59020000 		.word	.L616+1
 4640 0170 9B010000 		.word	.L603+1
 4641 0174 59020000 		.word	.L616+1
 4642 0178 59020000 		.word	.L616+1
 4643 017c 59020000 		.word	.L616+1
 4644 0180 CF010000 		.word	.L605+1
 4645 0184 59020000 		.word	.L616+1
 4646 0188 59020000 		.word	.L616+1
 4647 018c 59020000 		.word	.L616+1
 4648 0190 FD010000 		.word	.L606+1
 4649              		.p2align 1
 4650              	.L631:
 4651 0194 0222     		movs	r2, #2
 4652 0196 84F83F20 		strb	r2, [r4, #63]
 4653              	.L603:
 4654 019a A26A     		ldr	r2, [r4, #40]
 4655 019c 3449     		ldr	r1, .L633
 4656 019e D163     		str	r1, [r2, #60]
 4657 01a0 A26A     		ldr	r2, [r4, #40]
 4658 01a2 3449     		ldr	r1, .L633+4
 4659 01a4 1164     		str	r1, [r2, #64]
 4660 01a6 A26A     		ldr	r2, [r4, #40]
 4661 01a8 3349     		ldr	r1, .L633+8
 4662 01aa D164     		str	r1, [r2, #76]
 4663 01ac 2268     		ldr	r2, [r4]
 4664 01ae 3832     		adds	r2, r2, #56
 4665 01b0 3146     		mov	r1, r6
 4666 01b2 A06A     		ldr	r0, [r4, #40]
 4667 01b4 FFF7FEFF 		bl	HAL_DMA_Start_IT
 4668 01b8 0028     		cmp	r0, #0
 4669 01ba 51D1     		bne	.L618
 4670 01bc 2268     		ldr	r2, [r4]
 4671 01be D368     		ldr	r3, [r2, #12]
 4672 01c0 43F48063 		orr	r3, r3, #1024
 4673 01c4 D360     		str	r3, [r2, #12]
 4674 01c6 59E7     		b	.L608
 4675              	.L632:
 4676 01c8 0222     		movs	r2, #2
 4677 01ca 84F84020 		strb	r2, [r4, #64]
 4678              	.L605:
 4679 01ce E26A     		ldr	r2, [r4, #44]
 4680 01d0 2749     		ldr	r1, .L633
 4681 01d2 D163     		str	r1, [r2, #60]
 4682 01d4 E26A     		ldr	r2, [r4, #44]
 4683 01d6 2749     		ldr	r1, .L633+4
 4684 01d8 1164     		str	r1, [r2, #64]
 4685 01da E26A     		ldr	r2, [r4, #44]
 4686 01dc 2649     		ldr	r1, .L633+8
 4687 01de D164     		str	r1, [r2, #76]
 4688 01e0 2268     		ldr	r2, [r4]
 4689 01e2 3C32     		adds	r2, r2, #60
 4690 01e4 3146     		mov	r1, r6
 4691 01e6 E06A     		ldr	r0, [r4, #44]
 4692 01e8 FFF7FEFF 		bl	HAL_DMA_Start_IT
 4693 01ec 0028     		cmp	r0, #0
 4694 01ee 39D1     		bne	.L619
ARM GAS  C:\Users\joabk\AppData\Local\Temp\ccrwML7P.s 			page 80


 4695 01f0 2268     		ldr	r2, [r4]
 4696 01f2 D368     		ldr	r3, [r2, #12]
 4697 01f4 43F40063 		orr	r3, r3, #2048
 4698 01f8 D360     		str	r3, [r2, #12]
 4699 01fa 3FE7     		b	.L608
 4700              	.L606:
 4701 01fc 226B     		ldr	r2, [r4, #48]
 4702 01fe 1C49     		ldr	r1, .L633
 4703 0200 D163     		str	r1, [r2, #60]
 4704 0202 226B     		ldr	r2, [r4, #48]
 4705 0204 1B49     		ldr	r1, .L633+4
 4706 0206 1164     		str	r1, [r2, #64]
 4707 0208 226B     		ldr	r2, [r4, #48]
 4708 020a 1B49     		ldr	r1, .L633+8
 4709 020c D164     		str	r1, [r2, #76]
 4710 020e 2268     		ldr	r2, [r4]
 4711 0210 4032     		adds	r2, r2, #64
 4712 0212 3146     		mov	r1, r6
 4713 0214 206B     		ldr	r0, [r4, #48]
 4714 0216 FFF7FEFF 		bl	HAL_DMA_Start_IT
 4715 021a 28BB     		cbnz	r0, .L620
 4716 021c 2268     		ldr	r2, [r4]
 4717 021e D368     		ldr	r3, [r2, #12]
 4718 0220 43F48053 		orr	r3, r3, #4096
 4719 0224 D360     		str	r3, [r2, #12]
 4720 0226 29E7     		b	.L608
 4721              	.L626:
 4722 0228 5A6C     		ldr	r2, [r3, #68]
 4723 022a 42F40042 		orr	r2, r2, #32768
 4724 022e 5A64     		str	r2, [r3, #68]
 4725 0230 2EE7     		b	.L609
 4726              	.L610:
 4727 0232 9A68     		ldr	r2, [r3, #8]
 4728 0234 02F00702 		and	r2, r2, #7
 4729 0238 062A     		cmp	r2, #6
 4730 023a 17D0     		beq	.L621
 4731 023c 1A68     		ldr	r2, [r3]
 4732 023e 42F00102 		orr	r2, r2, #1
 4733 0242 1A60     		str	r2, [r3]
 4734 0244 0020     		movs	r0, #0
 4735 0246 02E0     		b	.L595
 4736              	.L612:
 4737 0248 0220     		movs	r0, #2
 4738 024a 00E0     		b	.L595
 4739              	.L613:
 4740 024c 0120     		movs	r0, #1
 4741              	.L595:
 4742 024e 70BD     		pop	{r4, r5, r6, pc}
 4743              	.L614:
 4744 0250 0120     		movs	r0, #1
 4745 0252 FCE7     		b	.L595
 4746              	.L615:
 4747 0254 0120     		movs	r0, #1
 4748 0256 FAE7     		b	.L595
 4749              	.L616:
 4750 0258 0120     		movs	r0, #1
 4751 025a F8E7     		b	.L595
ARM GAS  C:\Users\joabk\AppData\Local\Temp\ccrwML7P.s 			page 81


 4752              	.L617:
 4753 025c 0120     		movs	r0, #1
 4754 025e F6E7     		b	.L595
 4755              	.L618:
 4756 0260 0120     		movs	r0, #1
 4757 0262 F4E7     		b	.L595
 4758              	.L619:
 4759 0264 0120     		movs	r0, #1
 4760 0266 F2E7     		b	.L595
 4761              	.L620:
 4762 0268 0120     		movs	r0, #1
 4763 026a F0E7     		b	.L595
 4764              	.L621:
 4765 026c 0020     		movs	r0, #0
 4766 026e EEE7     		b	.L595
 4767              	.L634:
 4768              		.align	2
 4769              	.L633:
 4770 0270 00000000 		.word	TIM_DMADelayPulseCplt
 4771 0274 00000000 		.word	TIM_DMADelayPulseHalfCplt
 4772 0278 00000000 		.word	TIM_DMAError
 4773 027c 00000140 		.word	1073807360
 4775              		.section	.text.HAL_TIM_OC_Stop_DMA,"ax",%progbits
 4776              		.align	1
 4777              		.global	HAL_TIM_OC_Stop_DMA
 4778              		.syntax unified
 4779              		.thumb
 4780              		.thumb_func
 4782              	HAL_TIM_OC_Stop_DMA:
 4783              		@ args = 0, pretend = 0, frame = 0
 4784              		@ frame_needed = 0, uses_anonymous_args = 0
 4785 0000 38B5     		push	{r3, r4, r5, lr}
 4786 0002 0446     		mov	r4, r0
 4787 0004 0D46     		mov	r5, r1
 4788 0006 0C29     		cmp	r1, #12
 4789 0008 6CD8     		bhi	.L648
 4790 000a DFE801F0 		tbb	[pc, r1]
 4791              	.L638:
 4792 000e 07       		.byte	(.L641-.L638)/2
 4793 000f 6B       		.byte	(.L648-.L638)/2
 4794 0010 6B       		.byte	(.L648-.L638)/2
 4795 0011 6B       		.byte	(.L648-.L638)/2
 4796 0012 2E       		.byte	(.L640-.L638)/2
 4797 0013 6B       		.byte	(.L648-.L638)/2
 4798 0014 6B       		.byte	(.L648-.L638)/2
 4799 0015 6B       		.byte	(.L648-.L638)/2
 4800 0016 37       		.byte	(.L639-.L638)/2
 4801 0017 6B       		.byte	(.L648-.L638)/2
 4802 0018 6B       		.byte	(.L648-.L638)/2
 4803 0019 6B       		.byte	(.L648-.L638)/2
 4804 001a 40       		.byte	(.L637-.L638)/2
 4805 001b 00       		.p2align 1
 4806              	.L641:
 4807 001c 0268     		ldr	r2, [r0]
 4808 001e D368     		ldr	r3, [r2, #12]
 4809 0020 23F40073 		bic	r3, r3, #512
 4810 0024 D360     		str	r3, [r2, #12]
ARM GAS  C:\Users\joabk\AppData\Local\Temp\ccrwML7P.s 			page 82


 4811 0026 406A     		ldr	r0, [r0, #36]
 4812 0028 FFF7FEFF 		bl	HAL_DMA_Abort_IT
 4813              	.L642:
 4814 002c 0022     		movs	r2, #0
 4815 002e 2946     		mov	r1, r5
 4816 0030 2068     		ldr	r0, [r4]
 4817 0032 FFF7FEFF 		bl	TIM_CCxChannelCmd
 4818 0036 2368     		ldr	r3, [r4]
 4819 0038 2B4A     		ldr	r2, .L653
 4820 003a 9342     		cmp	r3, r2
 4821 003c 30D0     		beq	.L650
 4822              	.L643:
 4823 003e 2368     		ldr	r3, [r4]
 4824 0040 196A     		ldr	r1, [r3, #32]
 4825 0042 41F21112 		movw	r2, #4369
 4826 0046 1142     		tst	r1, r2
 4827 0048 08D1     		bne	.L644
 4828 004a 196A     		ldr	r1, [r3, #32]
 4829 004c 40F24442 		movw	r2, #1092
 4830 0050 1142     		tst	r1, r2
 4831 0052 03D1     		bne	.L644
 4832 0054 1A68     		ldr	r2, [r3]
 4833 0056 22F00102 		bic	r2, r2, #1
 4834 005a 1A60     		str	r2, [r3]
 4835              	.L644:
 4836 005c 002D     		cmp	r5, #0
 4837 005e 2ED1     		bne	.L645
 4838 0060 0123     		movs	r3, #1
 4839 0062 84F83E30 		strb	r3, [r4, #62]
 4840 0066 0020     		movs	r0, #0
 4841 0068 3DE0     		b	.L636
 4842              	.L640:
 4843 006a 0268     		ldr	r2, [r0]
 4844 006c D368     		ldr	r3, [r2, #12]
 4845 006e 23F48063 		bic	r3, r3, #1024
 4846 0072 D360     		str	r3, [r2, #12]
 4847 0074 806A     		ldr	r0, [r0, #40]
 4848 0076 FFF7FEFF 		bl	HAL_DMA_Abort_IT
 4849 007a D7E7     		b	.L642
 4850              	.L639:
 4851 007c 0268     		ldr	r2, [r0]
 4852 007e D368     		ldr	r3, [r2, #12]
 4853 0080 23F40063 		bic	r3, r3, #2048
 4854 0084 D360     		str	r3, [r2, #12]
 4855 0086 C06A     		ldr	r0, [r0, #44]
 4856 0088 FFF7FEFF 		bl	HAL_DMA_Abort_IT
 4857 008c CEE7     		b	.L642
 4858              	.L637:
 4859 008e 0268     		ldr	r2, [r0]
 4860 0090 D368     		ldr	r3, [r2, #12]
 4861 0092 23F48053 		bic	r3, r3, #4096
 4862 0096 D360     		str	r3, [r2, #12]
 4863 0098 006B     		ldr	r0, [r0, #48]
 4864 009a FFF7FEFF 		bl	HAL_DMA_Abort_IT
 4865 009e C5E7     		b	.L642
 4866              	.L650:
 4867 00a0 196A     		ldr	r1, [r3, #32]
ARM GAS  C:\Users\joabk\AppData\Local\Temp\ccrwML7P.s 			page 83


 4868 00a2 41F21112 		movw	r2, #4369
 4869 00a6 1142     		tst	r1, r2
 4870 00a8 C9D1     		bne	.L643
 4871 00aa 196A     		ldr	r1, [r3, #32]
 4872 00ac 40F24442 		movw	r2, #1092
 4873 00b0 1142     		tst	r1, r2
 4874 00b2 C4D1     		bne	.L643
 4875 00b4 5A6C     		ldr	r2, [r3, #68]
 4876 00b6 22F40042 		bic	r2, r2, #32768
 4877 00ba 5A64     		str	r2, [r3, #68]
 4878 00bc BFE7     		b	.L643
 4879              	.L645:
 4880 00be 042D     		cmp	r5, #4
 4881 00c0 06D0     		beq	.L651
 4882 00c2 082D     		cmp	r5, #8
 4883 00c4 09D0     		beq	.L652
 4884 00c6 0123     		movs	r3, #1
 4885 00c8 84F84130 		strb	r3, [r4, #65]
 4886 00cc 0020     		movs	r0, #0
 4887 00ce 0AE0     		b	.L636
 4888              	.L651:
 4889 00d0 0123     		movs	r3, #1
 4890 00d2 84F83F30 		strb	r3, [r4, #63]
 4891 00d6 0020     		movs	r0, #0
 4892 00d8 05E0     		b	.L636
 4893              	.L652:
 4894 00da 0123     		movs	r3, #1
 4895 00dc 84F84030 		strb	r3, [r4, #64]
 4896 00e0 0020     		movs	r0, #0
 4897 00e2 00E0     		b	.L636
 4898              	.L648:
 4899 00e4 0120     		movs	r0, #1
 4900              	.L636:
 4901 00e6 38BD     		pop	{r3, r4, r5, pc}
 4902              	.L654:
 4903              		.align	2
 4904              	.L653:
 4905 00e8 00000140 		.word	1073807360
 4907              		.section	.text.HAL_TIM_PWM_Start,"ax",%progbits
 4908              		.align	1
 4909              		.global	HAL_TIM_PWM_Start
 4910              		.syntax unified
 4911              		.thumb
 4912              		.thumb_func
 4914              	HAL_TIM_PWM_Start:
 4915              		@ args = 0, pretend = 0, frame = 0
 4916              		@ frame_needed = 0, uses_anonymous_args = 0
 4917 0000 10B5     		push	{r4, lr}
 4918 0002 0446     		mov	r4, r0
 4919 0004 0846     		mov	r0, r1
 4920 0006 0029     		cmp	r1, #0
 4921 0008 32D1     		bne	.L656
 4922 000a 94F83E30 		ldrb	r3, [r4, #62]	@ zero_extendqisi2
 4923 000e DBB2     		uxtb	r3, r3
 4924 0010 013B     		subs	r3, r3, #1
 4925 0012 18BF     		it	ne
 4926 0014 0123     		movne	r3, #1
ARM GAS  C:\Users\joabk\AppData\Local\Temp\ccrwML7P.s 			page 84


 4927              	.L657:
 4928 0016 002B     		cmp	r3, #0
 4929 0018 63D1     		bne	.L668
 4930 001a 0028     		cmp	r0, #0
 4931 001c 41D1     		bne	.L661
 4932 001e 0223     		movs	r3, #2
 4933 0020 84F83E30 		strb	r3, [r4, #62]
 4934              	.L662:
 4935 0024 0122     		movs	r2, #1
 4936 0026 0146     		mov	r1, r0
 4937 0028 2068     		ldr	r0, [r4]
 4938 002a FFF7FEFF 		bl	TIM_CCxChannelCmd
 4939 002e 2368     		ldr	r3, [r4]
 4940 0030 2E4A     		ldr	r2, .L676
 4941 0032 9342     		cmp	r3, r2
 4942 0034 45D0     		beq	.L671
 4943              	.L665:
 4944 0036 2368     		ldr	r3, [r4]
 4945 0038 2C4A     		ldr	r2, .L676
 4946 003a 9342     		cmp	r3, r2
 4947 003c 46D0     		beq	.L666
 4948 003e B3F1804F 		cmp	r3, #1073741824
 4949 0042 43D0     		beq	.L666
 4950 0044 A2F57C42 		sub	r2, r2, #64512
 4951 0048 9342     		cmp	r3, r2
 4952 004a 3FD0     		beq	.L666
 4953 004c 02F58062 		add	r2, r2, #1024
 4954 0050 9342     		cmp	r3, r2
 4955 0052 3BD0     		beq	.L666
 4956 0054 02F58062 		add	r2, r2, #1024
 4957 0058 9342     		cmp	r3, r2
 4958 005a 37D0     		beq	.L666
 4959 005c 02F59A32 		add	r2, r2, #78848
 4960 0060 9342     		cmp	r3, r2
 4961 0062 33D0     		beq	.L666
 4962 0064 1A68     		ldr	r2, [r3]
 4963 0066 42F00102 		orr	r2, r2, #1
 4964 006a 1A60     		str	r2, [r3]
 4965 006c 0020     		movs	r0, #0
 4966 006e 37E0     		b	.L660
 4967              	.L656:
 4968 0070 0429     		cmp	r1, #4
 4969 0072 08D0     		beq	.L672
 4970 0074 0829     		cmp	r1, #8
 4971 0076 0DD0     		beq	.L673
 4972 0078 94F84130 		ldrb	r3, [r4, #65]	@ zero_extendqisi2
 4973 007c DBB2     		uxtb	r3, r3
 4974 007e 013B     		subs	r3, r3, #1
 4975 0080 18BF     		it	ne
 4976 0082 0123     		movne	r3, #1
 4977 0084 C7E7     		b	.L657
 4978              	.L672:
 4979 0086 94F83F30 		ldrb	r3, [r4, #63]	@ zero_extendqisi2
 4980 008a DBB2     		uxtb	r3, r3
 4981 008c 013B     		subs	r3, r3, #1
 4982 008e 18BF     		it	ne
 4983 0090 0123     		movne	r3, #1
ARM GAS  C:\Users\joabk\AppData\Local\Temp\ccrwML7P.s 			page 85


 4984 0092 C0E7     		b	.L657
 4985              	.L673:
 4986 0094 94F84030 		ldrb	r3, [r4, #64]	@ zero_extendqisi2
 4987 0098 DBB2     		uxtb	r3, r3
 4988 009a 013B     		subs	r3, r3, #1
 4989 009c 18BF     		it	ne
 4990 009e 0123     		movne	r3, #1
 4991 00a0 B9E7     		b	.L657
 4992              	.L661:
 4993 00a2 0428     		cmp	r0, #4
 4994 00a4 05D0     		beq	.L674
 4995 00a6 0828     		cmp	r0, #8
 4996 00a8 07D0     		beq	.L675
 4997 00aa 0223     		movs	r3, #2
 4998 00ac 84F84130 		strb	r3, [r4, #65]
 4999 00b0 B8E7     		b	.L662
 5000              	.L674:
 5001 00b2 0223     		movs	r3, #2
 5002 00b4 84F83F30 		strb	r3, [r4, #63]
 5003 00b8 B4E7     		b	.L662
 5004              	.L675:
 5005 00ba 0223     		movs	r3, #2
 5006 00bc 84F84030 		strb	r3, [r4, #64]
 5007 00c0 B0E7     		b	.L662
 5008              	.L671:
 5009 00c2 5A6C     		ldr	r2, [r3, #68]
 5010 00c4 42F40042 		orr	r2, r2, #32768
 5011 00c8 5A64     		str	r2, [r3, #68]
 5012 00ca B4E7     		b	.L665
 5013              	.L666:
 5014 00cc 9A68     		ldr	r2, [r3, #8]
 5015 00ce 02F00702 		and	r2, r2, #7
 5016 00d2 062A     		cmp	r2, #6
 5017 00d4 07D0     		beq	.L669
 5018 00d6 1A68     		ldr	r2, [r3]
 5019 00d8 42F00102 		orr	r2, r2, #1
 5020 00dc 1A60     		str	r2, [r3]
 5021 00de 0020     		movs	r0, #0
 5022              	.L660:
 5023 00e0 10BD     		pop	{r4, pc}
 5024              	.L668:
 5025 00e2 0120     		movs	r0, #1
 5026 00e4 FCE7     		b	.L660
 5027              	.L669:
 5028 00e6 0020     		movs	r0, #0
 5029 00e8 FAE7     		b	.L660
 5030              	.L677:
 5031 00ea 00BF     		.align	2
 5032              	.L676:
 5033 00ec 00000140 		.word	1073807360
 5035              		.section	.text.HAL_TIM_PWM_Stop,"ax",%progbits
 5036              		.align	1
 5037              		.global	HAL_TIM_PWM_Stop
 5038              		.syntax unified
 5039              		.thumb
 5040              		.thumb_func
 5042              	HAL_TIM_PWM_Stop:
ARM GAS  C:\Users\joabk\AppData\Local\Temp\ccrwML7P.s 			page 86


 5043              		@ args = 0, pretend = 0, frame = 0
 5044              		@ frame_needed = 0, uses_anonymous_args = 0
 5045 0000 38B5     		push	{r3, r4, r5, lr}
 5046 0002 0446     		mov	r4, r0
 5047 0004 0D46     		mov	r5, r1
 5048 0006 0022     		movs	r2, #0
 5049 0008 0068     		ldr	r0, [r0]
 5050 000a FFF7FEFF 		bl	TIM_CCxChannelCmd
 5051 000e 2368     		ldr	r3, [r4]
 5052 0010 1B4A     		ldr	r2, .L689
 5053 0012 9342     		cmp	r3, r2
 5054 0014 14D0     		beq	.L686
 5055              	.L679:
 5056 0016 2368     		ldr	r3, [r4]
 5057 0018 196A     		ldr	r1, [r3, #32]
 5058 001a 41F21112 		movw	r2, #4369
 5059 001e 1142     		tst	r1, r2
 5060 0020 08D1     		bne	.L680
 5061 0022 196A     		ldr	r1, [r3, #32]
 5062 0024 40F24442 		movw	r2, #1092
 5063 0028 1142     		tst	r1, r2
 5064 002a 03D1     		bne	.L680
 5065 002c 1A68     		ldr	r2, [r3]
 5066 002e 22F00102 		bic	r2, r2, #1
 5067 0032 1A60     		str	r2, [r3]
 5068              	.L680:
 5069 0034 9DB9     		cbnz	r5, .L681
 5070 0036 0123     		movs	r3, #1
 5071 0038 84F83E30 		strb	r3, [r4, #62]
 5072              	.L682:
 5073 003c 0020     		movs	r0, #0
 5074 003e 38BD     		pop	{r3, r4, r5, pc}
 5075              	.L686:
 5076 0040 196A     		ldr	r1, [r3, #32]
 5077 0042 41F21112 		movw	r2, #4369
 5078 0046 1142     		tst	r1, r2
 5079 0048 E5D1     		bne	.L679
 5080 004a 196A     		ldr	r1, [r3, #32]
 5081 004c 40F24442 		movw	r2, #1092
 5082 0050 1142     		tst	r1, r2
 5083 0052 E0D1     		bne	.L679
 5084 0054 5A6C     		ldr	r2, [r3, #68]
 5085 0056 22F40042 		bic	r2, r2, #32768
 5086 005a 5A64     		str	r2, [r3, #68]
 5087 005c DBE7     		b	.L679
 5088              	.L681:
 5089 005e 042D     		cmp	r5, #4
 5090 0060 05D0     		beq	.L687
 5091 0062 082D     		cmp	r5, #8
 5092 0064 07D0     		beq	.L688
 5093 0066 0123     		movs	r3, #1
 5094 0068 84F84130 		strb	r3, [r4, #65]
 5095 006c E6E7     		b	.L682
 5096              	.L687:
 5097 006e 0123     		movs	r3, #1
 5098 0070 84F83F30 		strb	r3, [r4, #63]
 5099 0074 E2E7     		b	.L682
ARM GAS  C:\Users\joabk\AppData\Local\Temp\ccrwML7P.s 			page 87


 5100              	.L688:
 5101 0076 0123     		movs	r3, #1
 5102 0078 84F84030 		strb	r3, [r4, #64]
 5103 007c DEE7     		b	.L682
 5104              	.L690:
 5105 007e 00BF     		.align	2
 5106              	.L689:
 5107 0080 00000140 		.word	1073807360
 5109              		.section	.text.HAL_TIM_PWM_Start_IT,"ax",%progbits
 5110              		.align	1
 5111              		.global	HAL_TIM_PWM_Start_IT
 5112              		.syntax unified
 5113              		.thumb
 5114              		.thumb_func
 5116              	HAL_TIM_PWM_Start_IT:
 5117              		@ args = 0, pretend = 0, frame = 0
 5118              		@ frame_needed = 0, uses_anonymous_args = 0
 5119 0000 10B5     		push	{r4, lr}
 5120 0002 0446     		mov	r4, r0
 5121 0004 0846     		mov	r0, r1
 5122 0006 0029     		cmp	r1, #0
 5123 0008 38D1     		bne	.L692
 5124 000a 94F83E30 		ldrb	r3, [r4, #62]	@ zero_extendqisi2
 5125 000e DBB2     		uxtb	r3, r3
 5126 0010 013B     		subs	r3, r3, #1
 5127 0012 18BF     		it	ne
 5128 0014 0123     		movne	r3, #1
 5129              	.L693:
 5130 0016 002B     		cmp	r3, #0
 5131 0018 40F09880 		bne	.L709
 5132 001c 0028     		cmp	r0, #0
 5133 001e 46D1     		bne	.L697
 5134 0020 0223     		movs	r3, #2
 5135 0022 84F83E30 		strb	r3, [r4, #62]
 5136              	.L698:
 5137 0026 2268     		ldr	r2, [r4]
 5138 0028 D368     		ldr	r3, [r2, #12]
 5139 002a 43F00203 		orr	r3, r3, #2
 5140 002e D360     		str	r3, [r2, #12]
 5141              	.L705:
 5142 0030 0122     		movs	r2, #1
 5143 0032 0146     		mov	r1, r0
 5144 0034 2068     		ldr	r0, [r4]
 5145 0036 FFF7FEFF 		bl	TIM_CCxChannelCmd
 5146 003a 2368     		ldr	r3, [r4]
 5147 003c 464A     		ldr	r2, .L721
 5148 003e 9342     		cmp	r3, r2
 5149 0040 74D0     		beq	.L716
 5150              	.L706:
 5151 0042 2368     		ldr	r3, [r4]
 5152 0044 444A     		ldr	r2, .L721
 5153 0046 9342     		cmp	r3, r2
 5154 0048 75D0     		beq	.L707
 5155 004a B3F1804F 		cmp	r3, #1073741824
 5156 004e 72D0     		beq	.L707
 5157 0050 A2F57C42 		sub	r2, r2, #64512
 5158 0054 9342     		cmp	r3, r2
ARM GAS  C:\Users\joabk\AppData\Local\Temp\ccrwML7P.s 			page 88


 5159 0056 6ED0     		beq	.L707
 5160 0058 02F58062 		add	r2, r2, #1024
 5161 005c 9342     		cmp	r3, r2
 5162 005e 6AD0     		beq	.L707
 5163 0060 02F58062 		add	r2, r2, #1024
 5164 0064 9342     		cmp	r3, r2
 5165 0066 66D0     		beq	.L707
 5166 0068 02F59A32 		add	r2, r2, #78848
 5167 006c 9342     		cmp	r3, r2
 5168 006e 62D0     		beq	.L707
 5169 0070 1A68     		ldr	r2, [r3]
 5170 0072 42F00102 		orr	r2, r2, #1
 5171 0076 1A60     		str	r2, [r3]
 5172 0078 0020     		movs	r0, #0
 5173 007a 66E0     		b	.L696
 5174              	.L692:
 5175 007c 0429     		cmp	r1, #4
 5176 007e 08D0     		beq	.L717
 5177 0080 0829     		cmp	r1, #8
 5178 0082 0DD0     		beq	.L718
 5179 0084 94F84130 		ldrb	r3, [r4, #65]	@ zero_extendqisi2
 5180 0088 DBB2     		uxtb	r3, r3
 5181 008a 013B     		subs	r3, r3, #1
 5182 008c 18BF     		it	ne
 5183 008e 0123     		movne	r3, #1
 5184 0090 C1E7     		b	.L693
 5185              	.L717:
 5186 0092 94F83F30 		ldrb	r3, [r4, #63]	@ zero_extendqisi2
 5187 0096 DBB2     		uxtb	r3, r3
 5188 0098 013B     		subs	r3, r3, #1
 5189 009a 18BF     		it	ne
 5190 009c 0123     		movne	r3, #1
 5191 009e BAE7     		b	.L693
 5192              	.L718:
 5193 00a0 94F84030 		ldrb	r3, [r4, #64]	@ zero_extendqisi2
 5194 00a4 DBB2     		uxtb	r3, r3
 5195 00a6 013B     		subs	r3, r3, #1
 5196 00a8 18BF     		it	ne
 5197 00aa 0123     		movne	r3, #1
 5198 00ac B3E7     		b	.L693
 5199              	.L697:
 5200 00ae 0428     		cmp	r0, #4
 5201 00b0 24D0     		beq	.L719
 5202 00b2 0828     		cmp	r0, #8
 5203 00b4 2BD0     		beq	.L720
 5204 00b6 0223     		movs	r3, #2
 5205 00b8 84F84130 		strb	r3, [r4, #65]
 5206 00bc 0C28     		cmp	r0, #12
 5207 00be 47D8     		bhi	.L710
 5208 00c0 01A3     		adr	r3, .L704
 5209 00c2 53F820F0 		ldr	pc, [r3, r0, lsl #2]
 5210 00c6 00BF     		.p2align 2
 5211              	.L704:
 5212 00c8 27000000 		.word	.L698+1
 5213 00cc 51010000 		.word	.L710+1
 5214 00d0 51010000 		.word	.L710+1
 5215 00d4 51010000 		.word	.L710+1
ARM GAS  C:\Users\joabk\AppData\Local\Temp\ccrwML7P.s 			page 89


 5216 00d8 03010000 		.word	.L700+1
 5217 00dc 51010000 		.word	.L710+1
 5218 00e0 51010000 		.word	.L710+1
 5219 00e4 51010000 		.word	.L710+1
 5220 00e8 15010000 		.word	.L702+1
 5221 00ec 51010000 		.word	.L710+1
 5222 00f0 51010000 		.word	.L710+1
 5223 00f4 51010000 		.word	.L710+1
 5224 00f8 21010000 		.word	.L703+1
 5225              		.p2align 1
 5226              	.L719:
 5227 00fc 0223     		movs	r3, #2
 5228 00fe 84F83F30 		strb	r3, [r4, #63]
 5229              	.L700:
 5230 0102 2268     		ldr	r2, [r4]
 5231 0104 D368     		ldr	r3, [r2, #12]
 5232 0106 43F00403 		orr	r3, r3, #4
 5233 010a D360     		str	r3, [r2, #12]
 5234 010c 90E7     		b	.L705
 5235              	.L720:
 5236 010e 0223     		movs	r3, #2
 5237 0110 84F84030 		strb	r3, [r4, #64]
 5238              	.L702:
 5239 0114 2268     		ldr	r2, [r4]
 5240 0116 D368     		ldr	r3, [r2, #12]
 5241 0118 43F00803 		orr	r3, r3, #8
 5242 011c D360     		str	r3, [r2, #12]
 5243 011e 87E7     		b	.L705
 5244              	.L703:
 5245 0120 2268     		ldr	r2, [r4]
 5246 0122 D368     		ldr	r3, [r2, #12]
 5247 0124 43F01003 		orr	r3, r3, #16
 5248 0128 D360     		str	r3, [r2, #12]
 5249 012a 81E7     		b	.L705
 5250              	.L716:
 5251 012c 5A6C     		ldr	r2, [r3, #68]
 5252 012e 42F40042 		orr	r2, r2, #32768
 5253 0132 5A64     		str	r2, [r3, #68]
 5254 0134 85E7     		b	.L706
 5255              	.L707:
 5256 0136 9A68     		ldr	r2, [r3, #8]
 5257 0138 02F00702 		and	r2, r2, #7
 5258 013c 062A     		cmp	r2, #6
 5259 013e 09D0     		beq	.L711
 5260 0140 1A68     		ldr	r2, [r3]
 5261 0142 42F00102 		orr	r2, r2, #1
 5262 0146 1A60     		str	r2, [r3]
 5263 0148 0020     		movs	r0, #0
 5264              	.L696:
 5265 014a 10BD     		pop	{r4, pc}
 5266              	.L709:
 5267 014c 0120     		movs	r0, #1
 5268 014e FCE7     		b	.L696
 5269              	.L710:
 5270 0150 0120     		movs	r0, #1
 5271 0152 FAE7     		b	.L696
 5272              	.L711:
ARM GAS  C:\Users\joabk\AppData\Local\Temp\ccrwML7P.s 			page 90


 5273 0154 0020     		movs	r0, #0
 5274 0156 F8E7     		b	.L696
 5275              	.L722:
 5276              		.align	2
 5277              	.L721:
 5278 0158 00000140 		.word	1073807360
 5280              		.section	.text.HAL_TIM_PWM_Stop_IT,"ax",%progbits
 5281              		.align	1
 5282              		.global	HAL_TIM_PWM_Stop_IT
 5283              		.syntax unified
 5284              		.thumb
 5285              		.thumb_func
 5287              	HAL_TIM_PWM_Stop_IT:
 5288              		@ args = 0, pretend = 0, frame = 0
 5289              		@ frame_needed = 0, uses_anonymous_args = 0
 5290 0000 38B5     		push	{r3, r4, r5, lr}
 5291 0002 0546     		mov	r5, r0
 5292 0004 0C46     		mov	r4, r1
 5293 0006 0C29     		cmp	r1, #12
 5294 0008 5FD8     		bhi	.L736
 5295 000a DFE801F0 		tbb	[pc, r1]
 5296              	.L726:
 5297 000e 07       		.byte	(.L729-.L726)/2
 5298 000f 5E       		.byte	(.L736-.L726)/2
 5299 0010 5E       		.byte	(.L736-.L726)/2
 5300 0011 5E       		.byte	(.L736-.L726)/2
 5301 0012 2A       		.byte	(.L728-.L726)/2
 5302 0013 5E       		.byte	(.L736-.L726)/2
 5303 0014 5E       		.byte	(.L736-.L726)/2
 5304 0015 5E       		.byte	(.L736-.L726)/2
 5305 0016 30       		.byte	(.L727-.L726)/2
 5306 0017 5E       		.byte	(.L736-.L726)/2
 5307 0018 5E       		.byte	(.L736-.L726)/2
 5308 0019 5E       		.byte	(.L736-.L726)/2
 5309 001a 36       		.byte	(.L725-.L726)/2
 5310 001b 00       		.p2align 1
 5311              	.L729:
 5312 001c 0268     		ldr	r2, [r0]
 5313 001e D368     		ldr	r3, [r2, #12]
 5314 0020 23F00203 		bic	r3, r3, #2
 5315 0024 D360     		str	r3, [r2, #12]
 5316              	.L730:
 5317 0026 0022     		movs	r2, #0
 5318 0028 2146     		mov	r1, r4
 5319 002a 2868     		ldr	r0, [r5]
 5320 002c FFF7FEFF 		bl	TIM_CCxChannelCmd
 5321 0030 2B68     		ldr	r3, [r5]
 5322 0032 274A     		ldr	r2, .L741
 5323 0034 9342     		cmp	r3, r2
 5324 0036 26D0     		beq	.L738
 5325              	.L731:
 5326 0038 2B68     		ldr	r3, [r5]
 5327 003a 196A     		ldr	r1, [r3, #32]
 5328 003c 41F21112 		movw	r2, #4369
 5329 0040 1142     		tst	r1, r2
 5330 0042 08D1     		bne	.L732
 5331 0044 196A     		ldr	r1, [r3, #32]
ARM GAS  C:\Users\joabk\AppData\Local\Temp\ccrwML7P.s 			page 91


 5332 0046 40F24442 		movw	r2, #1092
 5333 004a 1142     		tst	r1, r2
 5334 004c 03D1     		bne	.L732
 5335 004e 1A68     		ldr	r2, [r3]
 5336 0050 22F00102 		bic	r2, r2, #1
 5337 0054 1A60     		str	r2, [r3]
 5338              	.L732:
 5339 0056 2CBB     		cbnz	r4, .L733
 5340 0058 0123     		movs	r3, #1
 5341 005a 85F83E30 		strb	r3, [r5, #62]
 5342 005e 0020     		movs	r0, #0
 5343 0060 34E0     		b	.L724
 5344              	.L728:
 5345 0062 0268     		ldr	r2, [r0]
 5346 0064 D368     		ldr	r3, [r2, #12]
 5347 0066 23F00403 		bic	r3, r3, #4
 5348 006a D360     		str	r3, [r2, #12]
 5349 006c DBE7     		b	.L730
 5350              	.L727:
 5351 006e 0268     		ldr	r2, [r0]
 5352 0070 D368     		ldr	r3, [r2, #12]
 5353 0072 23F00803 		bic	r3, r3, #8
 5354 0076 D360     		str	r3, [r2, #12]
 5355 0078 D5E7     		b	.L730
 5356              	.L725:
 5357 007a 0268     		ldr	r2, [r0]
 5358 007c D368     		ldr	r3, [r2, #12]
 5359 007e 23F01003 		bic	r3, r3, #16
 5360 0082 D360     		str	r3, [r2, #12]
 5361 0084 CFE7     		b	.L730
 5362              	.L738:
 5363 0086 196A     		ldr	r1, [r3, #32]
 5364 0088 41F21112 		movw	r2, #4369
 5365 008c 1142     		tst	r1, r2
 5366 008e D3D1     		bne	.L731
 5367 0090 196A     		ldr	r1, [r3, #32]
 5368 0092 40F24442 		movw	r2, #1092
 5369 0096 1142     		tst	r1, r2
 5370 0098 CED1     		bne	.L731
 5371 009a 5A6C     		ldr	r2, [r3, #68]
 5372 009c 22F40042 		bic	r2, r2, #32768
 5373 00a0 5A64     		str	r2, [r3, #68]
 5374 00a2 C9E7     		b	.L731
 5375              	.L733:
 5376 00a4 042C     		cmp	r4, #4
 5377 00a6 06D0     		beq	.L739
 5378 00a8 082C     		cmp	r4, #8
 5379 00aa 09D0     		beq	.L740
 5380 00ac 0123     		movs	r3, #1
 5381 00ae 85F84130 		strb	r3, [r5, #65]
 5382 00b2 0020     		movs	r0, #0
 5383 00b4 0AE0     		b	.L724
 5384              	.L739:
 5385 00b6 0123     		movs	r3, #1
 5386 00b8 85F83F30 		strb	r3, [r5, #63]
 5387 00bc 0020     		movs	r0, #0
 5388 00be 05E0     		b	.L724
ARM GAS  C:\Users\joabk\AppData\Local\Temp\ccrwML7P.s 			page 92


 5389              	.L740:
 5390 00c0 0123     		movs	r3, #1
 5391 00c2 85F84030 		strb	r3, [r5, #64]
 5392 00c6 0020     		movs	r0, #0
 5393 00c8 00E0     		b	.L724
 5394              	.L736:
 5395 00ca 0120     		movs	r0, #1
 5396              	.L724:
 5397 00cc 38BD     		pop	{r3, r4, r5, pc}
 5398              	.L742:
 5399 00ce 00BF     		.align	2
 5400              	.L741:
 5401 00d0 00000140 		.word	1073807360
 5403              		.section	.text.HAL_TIM_PWM_Start_DMA,"ax",%progbits
 5404              		.align	1
 5405              		.global	HAL_TIM_PWM_Start_DMA
 5406              		.syntax unified
 5407              		.thumb
 5408              		.thumb_func
 5410              	HAL_TIM_PWM_Start_DMA:
 5411              		@ args = 0, pretend = 0, frame = 0
 5412              		@ frame_needed = 0, uses_anonymous_args = 0
 5413 0000 70B5     		push	{r4, r5, r6, lr}
 5414 0002 0446     		mov	r4, r0
 5415 0004 1646     		mov	r6, r2
 5416 0006 0D46     		mov	r5, r1
 5417 0008 0029     		cmp	r1, #0
 5418 000a 64D1     		bne	.L744
 5419 000c 90F83E00 		ldrb	r0, [r0, #62]	@ zero_extendqisi2
 5420 0010 C0B2     		uxtb	r0, r0
 5421 0012 0228     		cmp	r0, #2
 5422 0014 14BF     		ite	ne
 5423 0016 0020     		movne	r0, #0
 5424 0018 0120     		moveq	r0, #1
 5425              	.L745:
 5426 001a 0028     		cmp	r0, #0
 5427 001c 40F01481 		bne	.L765
 5428 0020 002D     		cmp	r5, #0
 5429 0022 74D1     		bne	.L749
 5430 0024 94F83E20 		ldrb	r2, [r4, #62]	@ zero_extendqisi2
 5431 0028 D2B2     		uxtb	r2, r2
 5432 002a 012A     		cmp	r2, #1
 5433 002c 14BF     		ite	ne
 5434 002e 0022     		movne	r2, #0
 5435 0030 0122     		moveq	r2, #1
 5436              	.L750:
 5437 0032 002A     		cmp	r2, #0
 5438 0034 00F00A81 		beq	.L766
 5439 0038 002E     		cmp	r6, #0
 5440 003a 00F00981 		beq	.L767
 5441 003e 002B     		cmp	r3, #0
 5442 0040 00F00881 		beq	.L768
 5443 0044 002D     		cmp	r5, #0
 5444 0046 7ED1     		bne	.L753
 5445 0048 0222     		movs	r2, #2
 5446 004a 84F83E20 		strb	r2, [r4, #62]
 5447              	.L754:
ARM GAS  C:\Users\joabk\AppData\Local\Temp\ccrwML7P.s 			page 93


 5448 004e 626A     		ldr	r2, [r4, #36]
 5449 0050 8749     		ldr	r1, .L786
 5450 0052 D163     		str	r1, [r2, #60]
 5451 0054 626A     		ldr	r2, [r4, #36]
 5452 0056 8749     		ldr	r1, .L786+4
 5453 0058 1164     		str	r1, [r2, #64]
 5454 005a 626A     		ldr	r2, [r4, #36]
 5455 005c 8649     		ldr	r1, .L786+8
 5456 005e D164     		str	r1, [r2, #76]
 5457 0060 2268     		ldr	r2, [r4]
 5458 0062 3432     		adds	r2, r2, #52
 5459 0064 3146     		mov	r1, r6
 5460 0066 606A     		ldr	r0, [r4, #36]
 5461 0068 FFF7FEFF 		bl	HAL_DMA_Start_IT
 5462 006c 0028     		cmp	r0, #0
 5463 006e 40F0F580 		bne	.L770
 5464 0072 2268     		ldr	r2, [r4]
 5465 0074 D368     		ldr	r3, [r2, #12]
 5466 0076 43F40073 		orr	r3, r3, #512
 5467 007a D360     		str	r3, [r2, #12]
 5468              	.L761:
 5469 007c 0122     		movs	r2, #1
 5470 007e 2946     		mov	r1, r5
 5471 0080 2068     		ldr	r0, [r4]
 5472 0082 FFF7FEFF 		bl	TIM_CCxChannelCmd
 5473 0086 2368     		ldr	r3, [r4]
 5474 0088 7C4A     		ldr	r2, .L786+12
 5475 008a 9342     		cmp	r3, r2
 5476 008c 00F0CC80 		beq	.L779
 5477              	.L762:
 5478 0090 2368     		ldr	r3, [r4]
 5479 0092 7A4A     		ldr	r2, .L786+12
 5480 0094 9342     		cmp	r3, r2
 5481 0096 00F0CC80 		beq	.L763
 5482 009a B3F1804F 		cmp	r3, #1073741824
 5483 009e 00F0C880 		beq	.L763
 5484 00a2 A2F57C42 		sub	r2, r2, #64512
 5485 00a6 9342     		cmp	r3, r2
 5486 00a8 00F0C380 		beq	.L763
 5487 00ac 02F58062 		add	r2, r2, #1024
 5488 00b0 9342     		cmp	r3, r2
 5489 00b2 00F0BE80 		beq	.L763
 5490 00b6 02F58062 		add	r2, r2, #1024
 5491 00ba 9342     		cmp	r3, r2
 5492 00bc 00F0B980 		beq	.L763
 5493 00c0 02F59A32 		add	r2, r2, #78848
 5494 00c4 9342     		cmp	r3, r2
 5495 00c6 00F0B480 		beq	.L763
 5496 00ca 1A68     		ldr	r2, [r3]
 5497 00cc 42F00102 		orr	r2, r2, #1
 5498 00d0 1A60     		str	r2, [r3]
 5499 00d2 0020     		movs	r0, #0
 5500 00d4 BBE0     		b	.L748
 5501              	.L744:
 5502 00d6 0429     		cmp	r1, #4
 5503 00d8 09D0     		beq	.L780
 5504 00da 0829     		cmp	r1, #8
ARM GAS  C:\Users\joabk\AppData\Local\Temp\ccrwML7P.s 			page 94


 5505 00dc 0FD0     		beq	.L781
 5506 00de 90F84100 		ldrb	r0, [r0, #65]	@ zero_extendqisi2
 5507 00e2 C0B2     		uxtb	r0, r0
 5508 00e4 0228     		cmp	r0, #2
 5509 00e6 14BF     		ite	ne
 5510 00e8 0020     		movne	r0, #0
 5511 00ea 0120     		moveq	r0, #1
 5512 00ec 95E7     		b	.L745
 5513              	.L780:
 5514 00ee 90F83F00 		ldrb	r0, [r0, #63]	@ zero_extendqisi2
 5515 00f2 C0B2     		uxtb	r0, r0
 5516 00f4 0228     		cmp	r0, #2
 5517 00f6 14BF     		ite	ne
 5518 00f8 0020     		movne	r0, #0
 5519 00fa 0120     		moveq	r0, #1
 5520 00fc 8DE7     		b	.L745
 5521              	.L781:
 5522 00fe 90F84000 		ldrb	r0, [r0, #64]	@ zero_extendqisi2
 5523 0102 C0B2     		uxtb	r0, r0
 5524 0104 0228     		cmp	r0, #2
 5525 0106 14BF     		ite	ne
 5526 0108 0020     		movne	r0, #0
 5527 010a 0120     		moveq	r0, #1
 5528 010c 85E7     		b	.L745
 5529              	.L749:
 5530 010e 042D     		cmp	r5, #4
 5531 0110 09D0     		beq	.L782
 5532 0112 082D     		cmp	r5, #8
 5533 0114 0FD0     		beq	.L783
 5534 0116 94F84120 		ldrb	r2, [r4, #65]	@ zero_extendqisi2
 5535 011a D2B2     		uxtb	r2, r2
 5536 011c 012A     		cmp	r2, #1
 5537 011e 14BF     		ite	ne
 5538 0120 0022     		movne	r2, #0
 5539 0122 0122     		moveq	r2, #1
 5540 0124 85E7     		b	.L750
 5541              	.L782:
 5542 0126 94F83F20 		ldrb	r2, [r4, #63]	@ zero_extendqisi2
 5543 012a D2B2     		uxtb	r2, r2
 5544 012c 012A     		cmp	r2, #1
 5545 012e 14BF     		ite	ne
 5546 0130 0022     		movne	r2, #0
 5547 0132 0122     		moveq	r2, #1
 5548 0134 7DE7     		b	.L750
 5549              	.L783:
 5550 0136 94F84020 		ldrb	r2, [r4, #64]	@ zero_extendqisi2
 5551 013a D2B2     		uxtb	r2, r2
 5552 013c 012A     		cmp	r2, #1
 5553 013e 14BF     		ite	ne
 5554 0140 0022     		movne	r2, #0
 5555 0142 0122     		moveq	r2, #1
 5556 0144 75E7     		b	.L750
 5557              	.L753:
 5558 0146 042D     		cmp	r5, #4
 5559 0148 24D0     		beq	.L784
 5560 014a 082D     		cmp	r5, #8
 5561 014c 3CD0     		beq	.L785
ARM GAS  C:\Users\joabk\AppData\Local\Temp\ccrwML7P.s 			page 95


 5562 014e 0222     		movs	r2, #2
 5563 0150 84F84120 		strb	r2, [r4, #65]
 5564 0154 0C2D     		cmp	r5, #12
 5565 0156 7FD8     		bhi	.L769
 5566 0158 01A2     		adr	r2, .L760
 5567 015a 52F825F0 		ldr	pc, [r2, r5, lsl #2]
 5568 015e 00BF     		.p2align 2
 5569              	.L760:
 5570 0160 4F000000 		.word	.L754+1
 5571 0164 59020000 		.word	.L769+1
 5572 0168 59020000 		.word	.L769+1
 5573 016c 59020000 		.word	.L769+1
 5574 0170 9B010000 		.word	.L756+1
 5575 0174 59020000 		.word	.L769+1
 5576 0178 59020000 		.word	.L769+1
 5577 017c 59020000 		.word	.L769+1
 5578 0180 CF010000 		.word	.L758+1
 5579 0184 59020000 		.word	.L769+1
 5580 0188 59020000 		.word	.L769+1
 5581 018c 59020000 		.word	.L769+1
 5582 0190 FD010000 		.word	.L759+1
 5583              		.p2align 1
 5584              	.L784:
 5585 0194 0222     		movs	r2, #2
 5586 0196 84F83F20 		strb	r2, [r4, #63]
 5587              	.L756:
 5588 019a A26A     		ldr	r2, [r4, #40]
 5589 019c 3449     		ldr	r1, .L786
 5590 019e D163     		str	r1, [r2, #60]
 5591 01a0 A26A     		ldr	r2, [r4, #40]
 5592 01a2 3449     		ldr	r1, .L786+4
 5593 01a4 1164     		str	r1, [r2, #64]
 5594 01a6 A26A     		ldr	r2, [r4, #40]
 5595 01a8 3349     		ldr	r1, .L786+8
 5596 01aa D164     		str	r1, [r2, #76]
 5597 01ac 2268     		ldr	r2, [r4]
 5598 01ae 3832     		adds	r2, r2, #56
 5599 01b0 3146     		mov	r1, r6
 5600 01b2 A06A     		ldr	r0, [r4, #40]
 5601 01b4 FFF7FEFF 		bl	HAL_DMA_Start_IT
 5602 01b8 0028     		cmp	r0, #0
 5603 01ba 51D1     		bne	.L771
 5604 01bc 2268     		ldr	r2, [r4]
 5605 01be D368     		ldr	r3, [r2, #12]
 5606 01c0 43F48063 		orr	r3, r3, #1024
 5607 01c4 D360     		str	r3, [r2, #12]
 5608 01c6 59E7     		b	.L761
 5609              	.L785:
 5610 01c8 0222     		movs	r2, #2
 5611 01ca 84F84020 		strb	r2, [r4, #64]
 5612              	.L758:
 5613 01ce E26A     		ldr	r2, [r4, #44]
 5614 01d0 2749     		ldr	r1, .L786
 5615 01d2 D163     		str	r1, [r2, #60]
 5616 01d4 E26A     		ldr	r2, [r4, #44]
 5617 01d6 2749     		ldr	r1, .L786+4
 5618 01d8 1164     		str	r1, [r2, #64]
ARM GAS  C:\Users\joabk\AppData\Local\Temp\ccrwML7P.s 			page 96


 5619 01da E26A     		ldr	r2, [r4, #44]
 5620 01dc 2649     		ldr	r1, .L786+8
 5621 01de D164     		str	r1, [r2, #76]
 5622 01e0 2268     		ldr	r2, [r4]
 5623 01e2 3C32     		adds	r2, r2, #60
 5624 01e4 3146     		mov	r1, r6
 5625 01e6 E06A     		ldr	r0, [r4, #44]
 5626 01e8 FFF7FEFF 		bl	HAL_DMA_Start_IT
 5627 01ec 0028     		cmp	r0, #0
 5628 01ee 39D1     		bne	.L772
 5629 01f0 2268     		ldr	r2, [r4]
 5630 01f2 D368     		ldr	r3, [r2, #12]
 5631 01f4 43F40063 		orr	r3, r3, #2048
 5632 01f8 D360     		str	r3, [r2, #12]
 5633 01fa 3FE7     		b	.L761
 5634              	.L759:
 5635 01fc 226B     		ldr	r2, [r4, #48]
 5636 01fe 1C49     		ldr	r1, .L786
 5637 0200 D163     		str	r1, [r2, #60]
 5638 0202 226B     		ldr	r2, [r4, #48]
 5639 0204 1B49     		ldr	r1, .L786+4
 5640 0206 1164     		str	r1, [r2, #64]
 5641 0208 226B     		ldr	r2, [r4, #48]
 5642 020a 1B49     		ldr	r1, .L786+8
 5643 020c D164     		str	r1, [r2, #76]
 5644 020e 2268     		ldr	r2, [r4]
 5645 0210 4032     		adds	r2, r2, #64
 5646 0212 3146     		mov	r1, r6
 5647 0214 206B     		ldr	r0, [r4, #48]
 5648 0216 FFF7FEFF 		bl	HAL_DMA_Start_IT
 5649 021a 28BB     		cbnz	r0, .L773
 5650 021c 2268     		ldr	r2, [r4]
 5651 021e D368     		ldr	r3, [r2, #12]
 5652 0220 43F48053 		orr	r3, r3, #4096
 5653 0224 D360     		str	r3, [r2, #12]
 5654 0226 29E7     		b	.L761
 5655              	.L779:
 5656 0228 5A6C     		ldr	r2, [r3, #68]
 5657 022a 42F40042 		orr	r2, r2, #32768
 5658 022e 5A64     		str	r2, [r3, #68]
 5659 0230 2EE7     		b	.L762
 5660              	.L763:
 5661 0232 9A68     		ldr	r2, [r3, #8]
 5662 0234 02F00702 		and	r2, r2, #7
 5663 0238 062A     		cmp	r2, #6
 5664 023a 17D0     		beq	.L774
 5665 023c 1A68     		ldr	r2, [r3]
 5666 023e 42F00102 		orr	r2, r2, #1
 5667 0242 1A60     		str	r2, [r3]
 5668 0244 0020     		movs	r0, #0
 5669 0246 02E0     		b	.L748
 5670              	.L765:
 5671 0248 0220     		movs	r0, #2
 5672 024a 00E0     		b	.L748
 5673              	.L766:
 5674 024c 0120     		movs	r0, #1
 5675              	.L748:
ARM GAS  C:\Users\joabk\AppData\Local\Temp\ccrwML7P.s 			page 97


 5676 024e 70BD     		pop	{r4, r5, r6, pc}
 5677              	.L767:
 5678 0250 0120     		movs	r0, #1
 5679 0252 FCE7     		b	.L748
 5680              	.L768:
 5681 0254 0120     		movs	r0, #1
 5682 0256 FAE7     		b	.L748
 5683              	.L769:
 5684 0258 0120     		movs	r0, #1
 5685 025a F8E7     		b	.L748
 5686              	.L770:
 5687 025c 0120     		movs	r0, #1
 5688 025e F6E7     		b	.L748
 5689              	.L771:
 5690 0260 0120     		movs	r0, #1
 5691 0262 F4E7     		b	.L748
 5692              	.L772:
 5693 0264 0120     		movs	r0, #1
 5694 0266 F2E7     		b	.L748
 5695              	.L773:
 5696 0268 0120     		movs	r0, #1
 5697 026a F0E7     		b	.L748
 5698              	.L774:
 5699 026c 0020     		movs	r0, #0
 5700 026e EEE7     		b	.L748
 5701              	.L787:
 5702              		.align	2
 5703              	.L786:
 5704 0270 00000000 		.word	TIM_DMADelayPulseCplt
 5705 0274 00000000 		.word	TIM_DMADelayPulseHalfCplt
 5706 0278 00000000 		.word	TIM_DMAError
 5707 027c 00000140 		.word	1073807360
 5709              		.section	.text.HAL_TIM_PWM_Stop_DMA,"ax",%progbits
 5710              		.align	1
 5711              		.global	HAL_TIM_PWM_Stop_DMA
 5712              		.syntax unified
 5713              		.thumb
 5714              		.thumb_func
 5716              	HAL_TIM_PWM_Stop_DMA:
 5717              		@ args = 0, pretend = 0, frame = 0
 5718              		@ frame_needed = 0, uses_anonymous_args = 0
 5719 0000 38B5     		push	{r3, r4, r5, lr}
 5720 0002 0446     		mov	r4, r0
 5721 0004 0D46     		mov	r5, r1
 5722 0006 0C29     		cmp	r1, #12
 5723 0008 6CD8     		bhi	.L801
 5724 000a DFE801F0 		tbb	[pc, r1]
 5725              	.L791:
 5726 000e 07       		.byte	(.L794-.L791)/2
 5727 000f 6B       		.byte	(.L801-.L791)/2
 5728 0010 6B       		.byte	(.L801-.L791)/2
 5729 0011 6B       		.byte	(.L801-.L791)/2
 5730 0012 2E       		.byte	(.L793-.L791)/2
 5731 0013 6B       		.byte	(.L801-.L791)/2
 5732 0014 6B       		.byte	(.L801-.L791)/2
 5733 0015 6B       		.byte	(.L801-.L791)/2
 5734 0016 37       		.byte	(.L792-.L791)/2
ARM GAS  C:\Users\joabk\AppData\Local\Temp\ccrwML7P.s 			page 98


 5735 0017 6B       		.byte	(.L801-.L791)/2
 5736 0018 6B       		.byte	(.L801-.L791)/2
 5737 0019 6B       		.byte	(.L801-.L791)/2
 5738 001a 40       		.byte	(.L790-.L791)/2
 5739 001b 00       		.p2align 1
 5740              	.L794:
 5741 001c 0268     		ldr	r2, [r0]
 5742 001e D368     		ldr	r3, [r2, #12]
 5743 0020 23F40073 		bic	r3, r3, #512
 5744 0024 D360     		str	r3, [r2, #12]
 5745 0026 406A     		ldr	r0, [r0, #36]
 5746 0028 FFF7FEFF 		bl	HAL_DMA_Abort_IT
 5747              	.L795:
 5748 002c 0022     		movs	r2, #0
 5749 002e 2946     		mov	r1, r5
 5750 0030 2068     		ldr	r0, [r4]
 5751 0032 FFF7FEFF 		bl	TIM_CCxChannelCmd
 5752 0036 2368     		ldr	r3, [r4]
 5753 0038 2B4A     		ldr	r2, .L806
 5754 003a 9342     		cmp	r3, r2
 5755 003c 30D0     		beq	.L803
 5756              	.L796:
 5757 003e 2368     		ldr	r3, [r4]
 5758 0040 196A     		ldr	r1, [r3, #32]
 5759 0042 41F21112 		movw	r2, #4369
 5760 0046 1142     		tst	r1, r2
 5761 0048 08D1     		bne	.L797
 5762 004a 196A     		ldr	r1, [r3, #32]
 5763 004c 40F24442 		movw	r2, #1092
 5764 0050 1142     		tst	r1, r2
 5765 0052 03D1     		bne	.L797
 5766 0054 1A68     		ldr	r2, [r3]
 5767 0056 22F00102 		bic	r2, r2, #1
 5768 005a 1A60     		str	r2, [r3]
 5769              	.L797:
 5770 005c 002D     		cmp	r5, #0
 5771 005e 2ED1     		bne	.L798
 5772 0060 0123     		movs	r3, #1
 5773 0062 84F83E30 		strb	r3, [r4, #62]
 5774 0066 0020     		movs	r0, #0
 5775 0068 3DE0     		b	.L789
 5776              	.L793:
 5777 006a 0268     		ldr	r2, [r0]
 5778 006c D368     		ldr	r3, [r2, #12]
 5779 006e 23F48063 		bic	r3, r3, #1024
 5780 0072 D360     		str	r3, [r2, #12]
 5781 0074 806A     		ldr	r0, [r0, #40]
 5782 0076 FFF7FEFF 		bl	HAL_DMA_Abort_IT
 5783 007a D7E7     		b	.L795
 5784              	.L792:
 5785 007c 0268     		ldr	r2, [r0]
 5786 007e D368     		ldr	r3, [r2, #12]
 5787 0080 23F40063 		bic	r3, r3, #2048
 5788 0084 D360     		str	r3, [r2, #12]
 5789 0086 C06A     		ldr	r0, [r0, #44]
 5790 0088 FFF7FEFF 		bl	HAL_DMA_Abort_IT
 5791 008c CEE7     		b	.L795
ARM GAS  C:\Users\joabk\AppData\Local\Temp\ccrwML7P.s 			page 99


 5792              	.L790:
 5793 008e 0268     		ldr	r2, [r0]
 5794 0090 D368     		ldr	r3, [r2, #12]
 5795 0092 23F48053 		bic	r3, r3, #4096
 5796 0096 D360     		str	r3, [r2, #12]
 5797 0098 006B     		ldr	r0, [r0, #48]
 5798 009a FFF7FEFF 		bl	HAL_DMA_Abort_IT
 5799 009e C5E7     		b	.L795
 5800              	.L803:
 5801 00a0 196A     		ldr	r1, [r3, #32]
 5802 00a2 41F21112 		movw	r2, #4369
 5803 00a6 1142     		tst	r1, r2
 5804 00a8 C9D1     		bne	.L796
 5805 00aa 196A     		ldr	r1, [r3, #32]
 5806 00ac 40F24442 		movw	r2, #1092
 5807 00b0 1142     		tst	r1, r2
 5808 00b2 C4D1     		bne	.L796
 5809 00b4 5A6C     		ldr	r2, [r3, #68]
 5810 00b6 22F40042 		bic	r2, r2, #32768
 5811 00ba 5A64     		str	r2, [r3, #68]
 5812 00bc BFE7     		b	.L796
 5813              	.L798:
 5814 00be 042D     		cmp	r5, #4
 5815 00c0 06D0     		beq	.L804
 5816 00c2 082D     		cmp	r5, #8
 5817 00c4 09D0     		beq	.L805
 5818 00c6 0123     		movs	r3, #1
 5819 00c8 84F84130 		strb	r3, [r4, #65]
 5820 00cc 0020     		movs	r0, #0
 5821 00ce 0AE0     		b	.L789
 5822              	.L804:
 5823 00d0 0123     		movs	r3, #1
 5824 00d2 84F83F30 		strb	r3, [r4, #63]
 5825 00d6 0020     		movs	r0, #0
 5826 00d8 05E0     		b	.L789
 5827              	.L805:
 5828 00da 0123     		movs	r3, #1
 5829 00dc 84F84030 		strb	r3, [r4, #64]
 5830 00e0 0020     		movs	r0, #0
 5831 00e2 00E0     		b	.L789
 5832              	.L801:
 5833 00e4 0120     		movs	r0, #1
 5834              	.L789:
 5835 00e6 38BD     		pop	{r3, r4, r5, pc}
 5836              	.L807:
 5837              		.align	2
 5838              	.L806:
 5839 00e8 00000140 		.word	1073807360
 5841              		.section	.text.HAL_TIM_IC_Start,"ax",%progbits
 5842              		.align	1
 5843              		.global	HAL_TIM_IC_Start
 5844              		.syntax unified
 5845              		.thumb
 5846              		.thumb_func
 5848              	HAL_TIM_IC_Start:
 5849              		@ args = 0, pretend = 0, frame = 0
 5850              		@ frame_needed = 0, uses_anonymous_args = 0
ARM GAS  C:\Users\joabk\AppData\Local\Temp\ccrwML7P.s 			page 100


 5851 0000 10B5     		push	{r4, lr}
 5852 0002 0446     		mov	r4, r0
 5853 0004 0B46     		mov	r3, r1
 5854 0006 0029     		cmp	r1, #0
 5855 0008 34D1     		bne	.L809
 5856 000a 90F83E00 		ldrb	r0, [r0, #62]	@ zero_extendqisi2
 5857 000e C0B2     		uxtb	r0, r0
 5858              	.L810:
 5859 0010 002B     		cmp	r3, #0
 5860 0012 3FD1     		bne	.L813
 5861 0014 94F84220 		ldrb	r2, [r4, #66]	@ zero_extendqisi2
 5862 0018 D2B2     		uxtb	r2, r2
 5863              	.L814:
 5864 001a 0128     		cmp	r0, #1
 5865 001c 74D1     		bne	.L827
 5866 001e 012A     		cmp	r2, #1
 5867 0020 73D1     		bne	.L817
 5868 0022 002B     		cmp	r3, #0
 5869 0024 46D1     		bne	.L818
 5870 0026 0222     		movs	r2, #2
 5871 0028 84F83E20 		strb	r2, [r4, #62]
 5872 002c 84F84220 		strb	r2, [r4, #66]
 5873              	.L819:
 5874 0030 0122     		movs	r2, #1
 5875 0032 1946     		mov	r1, r3
 5876 0034 2068     		ldr	r0, [r4]
 5877 0036 FFF7FEFF 		bl	TIM_CCxChannelCmd
 5878 003a 2368     		ldr	r3, [r4]
 5879 003c 344A     		ldr	r2, .L838
 5880 003e 9342     		cmp	r3, r2
 5881 0040 57D0     		beq	.L825
 5882 0042 B3F1804F 		cmp	r3, #1073741824
 5883 0046 54D0     		beq	.L825
 5884 0048 A2F57C42 		sub	r2, r2, #64512
 5885 004c 9342     		cmp	r3, r2
 5886 004e 50D0     		beq	.L825
 5887 0050 02F58062 		add	r2, r2, #1024
 5888 0054 9342     		cmp	r3, r2
 5889 0056 4CD0     		beq	.L825
 5890 0058 02F58062 		add	r2, r2, #1024
 5891 005c 9342     		cmp	r3, r2
 5892 005e 48D0     		beq	.L825
 5893 0060 02F59A32 		add	r2, r2, #78848
 5894 0064 9342     		cmp	r3, r2
 5895 0066 44D0     		beq	.L825
 5896 0068 1A68     		ldr	r2, [r3]
 5897 006a 42F00102 		orr	r2, r2, #1
 5898 006e 1A60     		str	r2, [r3]
 5899 0070 0020     		movs	r0, #0
 5900 0072 4AE0     		b	.L817
 5901              	.L809:
 5902 0074 0429     		cmp	r1, #4
 5903 0076 05D0     		beq	.L830
 5904 0078 0829     		cmp	r1, #8
 5905 007a 07D0     		beq	.L831
 5906 007c 90F84100 		ldrb	r0, [r0, #65]	@ zero_extendqisi2
 5907 0080 C0B2     		uxtb	r0, r0
ARM GAS  C:\Users\joabk\AppData\Local\Temp\ccrwML7P.s 			page 101


 5908 0082 C5E7     		b	.L810
 5909              	.L830:
 5910 0084 90F83F00 		ldrb	r0, [r0, #63]	@ zero_extendqisi2
 5911 0088 C0B2     		uxtb	r0, r0
 5912 008a C1E7     		b	.L810
 5913              	.L831:
 5914 008c 90F84000 		ldrb	r0, [r0, #64]	@ zero_extendqisi2
 5915 0090 C0B2     		uxtb	r0, r0
 5916 0092 BDE7     		b	.L810
 5917              	.L813:
 5918 0094 042B     		cmp	r3, #4
 5919 0096 05D0     		beq	.L832
 5920 0098 082B     		cmp	r3, #8
 5921 009a 07D0     		beq	.L833
 5922 009c 94F84520 		ldrb	r2, [r4, #69]	@ zero_extendqisi2
 5923 00a0 D2B2     		uxtb	r2, r2
 5924 00a2 BAE7     		b	.L814
 5925              	.L832:
 5926 00a4 94F84320 		ldrb	r2, [r4, #67]	@ zero_extendqisi2
 5927 00a8 D2B2     		uxtb	r2, r2
 5928 00aa B6E7     		b	.L814
 5929              	.L833:
 5930 00ac 94F84420 		ldrb	r2, [r4, #68]	@ zero_extendqisi2
 5931 00b0 D2B2     		uxtb	r2, r2
 5932 00b2 B2E7     		b	.L814
 5933              	.L818:
 5934 00b4 042B     		cmp	r3, #4
 5935 00b6 0CD0     		beq	.L834
 5936 00b8 082B     		cmp	r3, #8
 5937 00ba 0ED0     		beq	.L835
 5938 00bc 0222     		movs	r2, #2
 5939 00be 84F84120 		strb	r2, [r4, #65]
 5940              	.L821:
 5941 00c2 042B     		cmp	r3, #4
 5942 00c4 0DD0     		beq	.L836
 5943 00c6 082B     		cmp	r3, #8
 5944 00c8 0FD0     		beq	.L837
 5945 00ca 0222     		movs	r2, #2
 5946 00cc 84F84520 		strb	r2, [r4, #69]
 5947 00d0 AEE7     		b	.L819
 5948              	.L834:
 5949 00d2 0222     		movs	r2, #2
 5950 00d4 84F83F20 		strb	r2, [r4, #63]
 5951 00d8 F3E7     		b	.L821
 5952              	.L835:
 5953 00da 0222     		movs	r2, #2
 5954 00dc 84F84020 		strb	r2, [r4, #64]
 5955 00e0 EFE7     		b	.L821
 5956              	.L836:
 5957 00e2 0222     		movs	r2, #2
 5958 00e4 84F84320 		strb	r2, [r4, #67]
 5959 00e8 A2E7     		b	.L819
 5960              	.L837:
 5961 00ea 0222     		movs	r2, #2
 5962 00ec 84F84420 		strb	r2, [r4, #68]
 5963 00f0 9EE7     		b	.L819
 5964              	.L825:
ARM GAS  C:\Users\joabk\AppData\Local\Temp\ccrwML7P.s 			page 102


 5965 00f2 9A68     		ldr	r2, [r3, #8]
 5966 00f4 02F00702 		and	r2, r2, #7
 5967 00f8 062A     		cmp	r2, #6
 5968 00fa 07D0     		beq	.L828
 5969 00fc 1A68     		ldr	r2, [r3]
 5970 00fe 42F00102 		orr	r2, r2, #1
 5971 0102 1A60     		str	r2, [r3]
 5972 0104 0020     		movs	r0, #0
 5973 0106 00E0     		b	.L817
 5974              	.L827:
 5975 0108 0120     		movs	r0, #1
 5976              	.L817:
 5977 010a 10BD     		pop	{r4, pc}
 5978              	.L828:
 5979 010c 0020     		movs	r0, #0
 5980 010e FCE7     		b	.L817
 5981              	.L839:
 5982              		.align	2
 5983              	.L838:
 5984 0110 00000140 		.word	1073807360
 5986              		.section	.text.HAL_TIM_IC_Stop,"ax",%progbits
 5987              		.align	1
 5988              		.global	HAL_TIM_IC_Stop
 5989              		.syntax unified
 5990              		.thumb
 5991              		.thumb_func
 5993              	HAL_TIM_IC_Stop:
 5994              		@ args = 0, pretend = 0, frame = 0
 5995              		@ frame_needed = 0, uses_anonymous_args = 0
 5996 0000 38B5     		push	{r3, r4, r5, lr}
 5997 0002 0446     		mov	r4, r0
 5998 0004 0D46     		mov	r5, r1
 5999 0006 0022     		movs	r2, #0
 6000 0008 0068     		ldr	r0, [r0]
 6001 000a FFF7FEFF 		bl	TIM_CCxChannelCmd
 6002 000e 2368     		ldr	r3, [r4]
 6003 0010 196A     		ldr	r1, [r3, #32]
 6004 0012 41F21112 		movw	r2, #4369
 6005 0016 1142     		tst	r1, r2
 6006 0018 08D1     		bne	.L841
 6007 001a 196A     		ldr	r1, [r3, #32]
 6008 001c 40F24442 		movw	r2, #1092
 6009 0020 1142     		tst	r1, r2
 6010 0022 03D1     		bne	.L841
 6011 0024 1A68     		ldr	r2, [r3]
 6012 0026 22F00102 		bic	r2, r2, #1
 6013 002a 1A60     		str	r2, [r3]
 6014              	.L841:
 6015 002c 35B9     		cbnz	r5, .L842
 6016 002e 0123     		movs	r3, #1
 6017 0030 84F83E30 		strb	r3, [r4, #62]
 6018 0034 84F84230 		strb	r3, [r4, #66]
 6019              	.L843:
 6020 0038 0020     		movs	r0, #0
 6021 003a 38BD     		pop	{r3, r4, r5, pc}
 6022              	.L842:
 6023 003c 042D     		cmp	r5, #4
ARM GAS  C:\Users\joabk\AppData\Local\Temp\ccrwML7P.s 			page 103


 6024 003e 0CD0     		beq	.L850
 6025 0040 082D     		cmp	r5, #8
 6026 0042 0ED0     		beq	.L851
 6027 0044 0123     		movs	r3, #1
 6028 0046 84F84130 		strb	r3, [r4, #65]
 6029              	.L845:
 6030 004a 042D     		cmp	r5, #4
 6031 004c 0DD0     		beq	.L852
 6032 004e 082D     		cmp	r5, #8
 6033 0050 0FD0     		beq	.L853
 6034 0052 0123     		movs	r3, #1
 6035 0054 84F84530 		strb	r3, [r4, #69]
 6036 0058 EEE7     		b	.L843
 6037              	.L850:
 6038 005a 0123     		movs	r3, #1
 6039 005c 84F83F30 		strb	r3, [r4, #63]
 6040 0060 F3E7     		b	.L845
 6041              	.L851:
 6042 0062 0123     		movs	r3, #1
 6043 0064 84F84030 		strb	r3, [r4, #64]
 6044 0068 EFE7     		b	.L845
 6045              	.L852:
 6046 006a 0123     		movs	r3, #1
 6047 006c 84F84330 		strb	r3, [r4, #67]
 6048 0070 E2E7     		b	.L843
 6049              	.L853:
 6050 0072 0123     		movs	r3, #1
 6051 0074 84F84430 		strb	r3, [r4, #68]
 6052 0078 DEE7     		b	.L843
 6054              		.section	.text.HAL_TIM_IC_Start_IT,"ax",%progbits
 6055              		.align	1
 6056              		.global	HAL_TIM_IC_Start_IT
 6057              		.syntax unified
 6058              		.thumb
 6059              		.thumb_func
 6061              	HAL_TIM_IC_Start_IT:
 6062              		@ args = 0, pretend = 0, frame = 0
 6063              		@ frame_needed = 0, uses_anonymous_args = 0
 6064 0000 10B5     		push	{r4, lr}
 6065 0002 0446     		mov	r4, r0
 6066 0004 0B46     		mov	r3, r1
 6067 0006 F1B9     		cbnz	r1, .L855
 6068 0008 90F83E00 		ldrb	r0, [r0, #62]	@ zero_extendqisi2
 6069 000c C0B2     		uxtb	r0, r0
 6070              	.L856:
 6071 000e 53BB     		cbnz	r3, .L859
 6072 0010 94F84220 		ldrb	r2, [r4, #66]	@ zero_extendqisi2
 6073 0014 D2B2     		uxtb	r2, r2
 6074              	.L860:
 6075 0016 0128     		cmp	r0, #1
 6076 0018 40F09680 		bne	.L879
 6077 001c 012A     		cmp	r2, #1
 6078 001e 40F09480 		bne	.L863
 6079 0022 83BB     		cbnz	r3, .L864
 6080 0024 0221     		movs	r1, #2
 6081 0026 84F83E10 		strb	r1, [r4, #62]
 6082 002a 84F84210 		strb	r1, [r4, #66]
ARM GAS  C:\Users\joabk\AppData\Local\Temp\ccrwML7P.s 			page 104


 6083              	.L865:
 6084 002e 0C2B     		cmp	r3, #12
 6085 0030 00F28C80 		bhi	.L880
 6086 0034 DFE803F0 		tbb	[pc, r3]
 6087              	.L874:
 6088 0038 71       		.byte	(.L875-.L874)/2
 6089 0039 8A       		.byte	(.L880-.L874)/2
 6090 003a 8A       		.byte	(.L880-.L874)/2
 6091 003b 8A       		.byte	(.L880-.L874)/2
 6092 003c 41       		.byte	(.L870-.L874)/2
 6093 003d 8A       		.byte	(.L880-.L874)/2
 6094 003e 8A       		.byte	(.L880-.L874)/2
 6095 003f 8A       		.byte	(.L880-.L874)/2
 6096 0040 6B       		.byte	(.L872-.L874)/2
 6097 0041 8A       		.byte	(.L880-.L874)/2
 6098 0042 8A       		.byte	(.L880-.L874)/2
 6099 0043 8A       		.byte	(.L880-.L874)/2
 6100 0044 77       		.byte	(.L873-.L874)/2
 6101 0045 00       		.p2align 1
 6102              	.L855:
 6103 0046 0429     		cmp	r1, #4
 6104 0048 05D0     		beq	.L885
 6105 004a 0829     		cmp	r1, #8
 6106 004c 07D0     		beq	.L886
 6107 004e 90F84100 		ldrb	r0, [r0, #65]	@ zero_extendqisi2
 6108 0052 C0B2     		uxtb	r0, r0
 6109 0054 DBE7     		b	.L856
 6110              	.L885:
 6111 0056 90F83F00 		ldrb	r0, [r0, #63]	@ zero_extendqisi2
 6112 005a C0B2     		uxtb	r0, r0
 6113 005c D7E7     		b	.L856
 6114              	.L886:
 6115 005e 90F84000 		ldrb	r0, [r0, #64]	@ zero_extendqisi2
 6116 0062 C0B2     		uxtb	r0, r0
 6117 0064 D3E7     		b	.L856
 6118              	.L859:
 6119 0066 042B     		cmp	r3, #4
 6120 0068 05D0     		beq	.L887
 6121 006a 082B     		cmp	r3, #8
 6122 006c 07D0     		beq	.L888
 6123 006e 94F84520 		ldrb	r2, [r4, #69]	@ zero_extendqisi2
 6124 0072 D2B2     		uxtb	r2, r2
 6125 0074 CFE7     		b	.L860
 6126              	.L887:
 6127 0076 94F84320 		ldrb	r2, [r4, #67]	@ zero_extendqisi2
 6128 007a D2B2     		uxtb	r2, r2
 6129 007c CBE7     		b	.L860
 6130              	.L888:
 6131 007e 94F84420 		ldrb	r2, [r4, #68]	@ zero_extendqisi2
 6132 0082 D2B2     		uxtb	r2, r2
 6133 0084 C7E7     		b	.L860
 6134              	.L864:
 6135 0086 042B     		cmp	r3, #4
 6136 0088 0CD0     		beq	.L889
 6137 008a 082B     		cmp	r3, #8
 6138 008c 0ED0     		beq	.L890
 6139 008e 0221     		movs	r1, #2
ARM GAS  C:\Users\joabk\AppData\Local\Temp\ccrwML7P.s 			page 105


 6140 0090 84F84110 		strb	r1, [r4, #65]
 6141              	.L867:
 6142 0094 042B     		cmp	r3, #4
 6143 0096 0DD0     		beq	.L891
 6144 0098 082B     		cmp	r3, #8
 6145 009a 35D0     		beq	.L892
 6146 009c 0221     		movs	r1, #2
 6147 009e 84F84510 		strb	r1, [r4, #69]
 6148 00a2 C4E7     		b	.L865
 6149              	.L889:
 6150 00a4 0221     		movs	r1, #2
 6151 00a6 84F83F10 		strb	r1, [r4, #63]
 6152 00aa F3E7     		b	.L867
 6153              	.L890:
 6154 00ac 0221     		movs	r1, #2
 6155 00ae 84F84010 		strb	r1, [r4, #64]
 6156 00b2 EFE7     		b	.L867
 6157              	.L891:
 6158 00b4 0222     		movs	r2, #2
 6159 00b6 84F84320 		strb	r2, [r4, #67]
 6160              	.L870:
 6161 00ba 2168     		ldr	r1, [r4]
 6162 00bc CA68     		ldr	r2, [r1, #12]
 6163 00be 42F00402 		orr	r2, r2, #4
 6164 00c2 CA60     		str	r2, [r1, #12]
 6165              	.L876:
 6166 00c4 0122     		movs	r2, #1
 6167 00c6 1946     		mov	r1, r3
 6168 00c8 2068     		ldr	r0, [r4]
 6169 00ca FFF7FEFF 		bl	TIM_CCxChannelCmd
 6170 00ce 2368     		ldr	r3, [r4]
 6171 00d0 204A     		ldr	r2, .L893
 6172 00d2 9342     		cmp	r3, r2
 6173 00d4 2DD0     		beq	.L877
 6174 00d6 B3F1804F 		cmp	r3, #1073741824
 6175 00da 2AD0     		beq	.L877
 6176 00dc A2F57C42 		sub	r2, r2, #64512
 6177 00e0 9342     		cmp	r3, r2
 6178 00e2 26D0     		beq	.L877
 6179 00e4 02F58062 		add	r2, r2, #1024
 6180 00e8 9342     		cmp	r3, r2
 6181 00ea 22D0     		beq	.L877
 6182 00ec 02F58062 		add	r2, r2, #1024
 6183 00f0 9342     		cmp	r3, r2
 6184 00f2 1ED0     		beq	.L877
 6185 00f4 02F59A32 		add	r2, r2, #78848
 6186 00f8 9342     		cmp	r3, r2
 6187 00fa 1AD0     		beq	.L877
 6188 00fc 1A68     		ldr	r2, [r3]
 6189 00fe 42F00102 		orr	r2, r2, #1
 6190 0102 1A60     		str	r2, [r3]
 6191 0104 0020     		movs	r0, #0
 6192 0106 20E0     		b	.L863
 6193              	.L892:
 6194 0108 0222     		movs	r2, #2
 6195 010a 84F84420 		strb	r2, [r4, #68]
 6196              	.L872:
ARM GAS  C:\Users\joabk\AppData\Local\Temp\ccrwML7P.s 			page 106


 6197 010e 2168     		ldr	r1, [r4]
 6198 0110 CA68     		ldr	r2, [r1, #12]
 6199 0112 42F00802 		orr	r2, r2, #8
 6200 0116 CA60     		str	r2, [r1, #12]
 6201 0118 D4E7     		b	.L876
 6202              	.L875:
 6203 011a 2168     		ldr	r1, [r4]
 6204 011c CA68     		ldr	r2, [r1, #12]
 6205 011e 42F00202 		orr	r2, r2, #2
 6206 0122 CA60     		str	r2, [r1, #12]
 6207 0124 CEE7     		b	.L876
 6208              	.L873:
 6209 0126 2168     		ldr	r1, [r4]
 6210 0128 CA68     		ldr	r2, [r1, #12]
 6211 012a 42F01002 		orr	r2, r2, #16
 6212 012e CA60     		str	r2, [r1, #12]
 6213 0130 C8E7     		b	.L876
 6214              	.L877:
 6215 0132 9A68     		ldr	r2, [r3, #8]
 6216 0134 02F00702 		and	r2, r2, #7
 6217 0138 062A     		cmp	r2, #6
 6218 013a 09D0     		beq	.L881
 6219 013c 1A68     		ldr	r2, [r3]
 6220 013e 42F00102 		orr	r2, r2, #1
 6221 0142 1A60     		str	r2, [r3]
 6222 0144 0020     		movs	r0, #0
 6223 0146 00E0     		b	.L863
 6224              	.L879:
 6225 0148 0120     		movs	r0, #1
 6226              	.L863:
 6227 014a 10BD     		pop	{r4, pc}
 6228              	.L880:
 6229 014c 1046     		mov	r0, r2
 6230 014e FCE7     		b	.L863
 6231              	.L881:
 6232 0150 0020     		movs	r0, #0
 6233 0152 FAE7     		b	.L863
 6234              	.L894:
 6235              		.align	2
 6236              	.L893:
 6237 0154 00000140 		.word	1073807360
 6239              		.section	.text.HAL_TIM_IC_Stop_IT,"ax",%progbits
 6240              		.align	1
 6241              		.global	HAL_TIM_IC_Stop_IT
 6242              		.syntax unified
 6243              		.thumb
 6244              		.thumb_func
 6246              	HAL_TIM_IC_Stop_IT:
 6247              		@ args = 0, pretend = 0, frame = 0
 6248              		@ frame_needed = 0, uses_anonymous_args = 0
 6249 0000 38B5     		push	{r3, r4, r5, lr}
 6250 0002 0546     		mov	r5, r0
 6251 0004 0C46     		mov	r4, r1
 6252 0006 0C29     		cmp	r1, #12
 6253 0008 5DD8     		bhi	.L910
 6254 000a DFE801F0 		tbb	[pc, r1]
 6255              	.L898:
ARM GAS  C:\Users\joabk\AppData\Local\Temp\ccrwML7P.s 			page 107


 6256 000e 07       		.byte	(.L901-.L898)/2
 6257 000f 5C       		.byte	(.L910-.L898)/2
 6258 0010 5C       		.byte	(.L910-.L898)/2
 6259 0011 5C       		.byte	(.L910-.L898)/2
 6260 0012 28       		.byte	(.L900-.L898)/2
 6261 0013 5C       		.byte	(.L910-.L898)/2
 6262 0014 5C       		.byte	(.L910-.L898)/2
 6263 0015 5C       		.byte	(.L910-.L898)/2
 6264 0016 2E       		.byte	(.L899-.L898)/2
 6265 0017 5C       		.byte	(.L910-.L898)/2
 6266 0018 5C       		.byte	(.L910-.L898)/2
 6267 0019 5C       		.byte	(.L910-.L898)/2
 6268 001a 34       		.byte	(.L897-.L898)/2
 6269 001b 00       		.p2align 1
 6270              	.L901:
 6271 001c 0268     		ldr	r2, [r0]
 6272 001e D368     		ldr	r3, [r2, #12]
 6273 0020 23F00203 		bic	r3, r3, #2
 6274 0024 D360     		str	r3, [r2, #12]
 6275              	.L902:
 6276 0026 0022     		movs	r2, #0
 6277 0028 2146     		mov	r1, r4
 6278 002a 2868     		ldr	r0, [r5]
 6279 002c FFF7FEFF 		bl	TIM_CCxChannelCmd
 6280 0030 2B68     		ldr	r3, [r5]
 6281 0032 196A     		ldr	r1, [r3, #32]
 6282 0034 41F21112 		movw	r2, #4369
 6283 0038 1142     		tst	r1, r2
 6284 003a 08D1     		bne	.L903
 6285 003c 196A     		ldr	r1, [r3, #32]
 6286 003e 40F24442 		movw	r2, #1092
 6287 0042 1142     		tst	r1, r2
 6288 0044 03D1     		bne	.L903
 6289 0046 1A68     		ldr	r2, [r3]
 6290 0048 22F00102 		bic	r2, r2, #1
 6291 004c 1A60     		str	r2, [r3]
 6292              	.L903:
 6293 004e C4B9     		cbnz	r4, .L904
 6294 0050 0123     		movs	r3, #1
 6295 0052 85F83E30 		strb	r3, [r5, #62]
 6296 0056 85F84230 		strb	r3, [r5, #66]
 6297 005a 0020     		movs	r0, #0
 6298 005c 34E0     		b	.L896
 6299              	.L900:
 6300 005e 0268     		ldr	r2, [r0]
 6301 0060 D368     		ldr	r3, [r2, #12]
 6302 0062 23F00403 		bic	r3, r3, #4
 6303 0066 D360     		str	r3, [r2, #12]
 6304 0068 DDE7     		b	.L902
 6305              	.L899:
 6306 006a 0268     		ldr	r2, [r0]
 6307 006c D368     		ldr	r3, [r2, #12]
 6308 006e 23F00803 		bic	r3, r3, #8
 6309 0072 D360     		str	r3, [r2, #12]
 6310 0074 D7E7     		b	.L902
 6311              	.L897:
 6312 0076 0268     		ldr	r2, [r0]
ARM GAS  C:\Users\joabk\AppData\Local\Temp\ccrwML7P.s 			page 108


 6313 0078 D368     		ldr	r3, [r2, #12]
 6314 007a 23F01003 		bic	r3, r3, #16
 6315 007e D360     		str	r3, [r2, #12]
 6316 0080 D1E7     		b	.L902
 6317              	.L904:
 6318 0082 042C     		cmp	r4, #4
 6319 0084 0DD0     		beq	.L912
 6320 0086 082C     		cmp	r4, #8
 6321 0088 0FD0     		beq	.L913
 6322 008a 0123     		movs	r3, #1
 6323 008c 85F84130 		strb	r3, [r5, #65]
 6324              	.L906:
 6325 0090 042C     		cmp	r4, #4
 6326 0092 0ED0     		beq	.L914
 6327 0094 082C     		cmp	r4, #8
 6328 0096 11D0     		beq	.L915
 6329 0098 0123     		movs	r3, #1
 6330 009a 85F84530 		strb	r3, [r5, #69]
 6331 009e 0020     		movs	r0, #0
 6332 00a0 12E0     		b	.L896
 6333              	.L912:
 6334 00a2 0123     		movs	r3, #1
 6335 00a4 85F83F30 		strb	r3, [r5, #63]
 6336 00a8 F2E7     		b	.L906
 6337              	.L913:
 6338 00aa 0123     		movs	r3, #1
 6339 00ac 85F84030 		strb	r3, [r5, #64]
 6340 00b0 EEE7     		b	.L906
 6341              	.L914:
 6342 00b2 0123     		movs	r3, #1
 6343 00b4 85F84330 		strb	r3, [r5, #67]
 6344 00b8 0020     		movs	r0, #0
 6345 00ba 05E0     		b	.L896
 6346              	.L915:
 6347 00bc 0123     		movs	r3, #1
 6348 00be 85F84430 		strb	r3, [r5, #68]
 6349 00c2 0020     		movs	r0, #0
 6350 00c4 00E0     		b	.L896
 6351              	.L910:
 6352 00c6 0120     		movs	r0, #1
 6353              	.L896:
 6354 00c8 38BD     		pop	{r3, r4, r5, pc}
 6356              		.section	.text.HAL_TIM_IC_Start_DMA,"ax",%progbits
 6357              		.align	1
 6358              		.global	HAL_TIM_IC_Start_DMA
 6359              		.syntax unified
 6360              		.thumb
 6361              		.thumb_func
 6363              	HAL_TIM_IC_Start_DMA:
 6364              		@ args = 0, pretend = 0, frame = 0
 6365              		@ frame_needed = 0, uses_anonymous_args = 0
 6366 0000 2DE9F041 		push	{r4, r5, r6, r7, r8, lr}
 6367 0004 0446     		mov	r4, r0
 6368 0006 1646     		mov	r6, r2
 6369 0008 1F46     		mov	r7, r3
 6370 000a 0D46     		mov	r5, r1
 6371 000c 99BB     		cbnz	r1, .L917
ARM GAS  C:\Users\joabk\AppData\Local\Temp\ccrwML7P.s 			page 109


 6372 000e 90F83E10 		ldrb	r1, [r0, #62]	@ zero_extendqisi2
 6373 0012 C8B2     		uxtb	r0, r1
 6374              	.L918:
 6375 0014 002D     		cmp	r5, #0
 6376 0016 3ED1     		bne	.L921
 6377 0018 94F84280 		ldrb	r8, [r4, #66]	@ zero_extendqisi2
 6378 001c 5FFA88F8 		uxtb	r8, r8
 6379              	.L922:
 6380 0020 0228     		cmp	r0, #2
 6381 0022 00F0F880 		beq	.L925
 6382 0026 B8F1020F 		cmp	r8, #2
 6383 002a 00F0F180 		beq	.L941
 6384 002e 0128     		cmp	r0, #1
 6385 0030 40F0F080 		bne	.L942
 6386 0034 B8F1010F 		cmp	r8, #1
 6387 0038 40F0ED80 		bne	.L925
 6388 003c 002E     		cmp	r6, #0
 6389 003e 00F0EC80 		beq	.L943
 6390 0042 002F     		cmp	r7, #0
 6391 0044 00F0EB80 		beq	.L944
 6392 0048 002D     		cmp	r5, #0
 6393 004a 37D1     		bne	.L926
 6394 004c 0223     		movs	r3, #2
 6395 004e 84F83E30 		strb	r3, [r4, #62]
 6396 0052 84F84230 		strb	r3, [r4, #66]
 6397              	.L927:
 6398 0056 0122     		movs	r2, #1
 6399 0058 2946     		mov	r1, r5
 6400 005a 2068     		ldr	r0, [r4]
 6401 005c FFF7FEFF 		bl	TIM_CCxChannelCmd
 6402 0060 0C2D     		cmp	r5, #12
 6403 0062 63D8     		bhi	.L933
 6404 0064 DFE805F0 		tbb	[pc, r5]
 6405              	.L935:
 6406 0068 49       		.byte	(.L938-.L935)/2
 6407 0069 62       		.byte	(.L933-.L935)/2
 6408 006a 62       		.byte	(.L933-.L935)/2
 6409 006b 62       		.byte	(.L933-.L935)/2
 6410 006c 7F       		.byte	(.L937-.L935)/2
 6411 006d 62       		.byte	(.L933-.L935)/2
 6412 006e 62       		.byte	(.L933-.L935)/2
 6413 006f 62       		.byte	(.L933-.L935)/2
 6414 0070 98       		.byte	(.L936-.L935)/2
 6415 0071 62       		.byte	(.L933-.L935)/2
 6416 0072 62       		.byte	(.L933-.L935)/2
 6417 0073 62       		.byte	(.L933-.L935)/2
 6418 0074 B1       		.byte	(.L934-.L935)/2
 6419 0075 00       		.p2align 1
 6420              	.L917:
 6421 0076 0429     		cmp	r1, #4
 6422 0078 05D0     		beq	.L952
 6423 007a 0829     		cmp	r1, #8
 6424 007c 07D0     		beq	.L953
 6425 007e 90F84110 		ldrb	r1, [r0, #65]	@ zero_extendqisi2
 6426 0082 C8B2     		uxtb	r0, r1
 6427 0084 C6E7     		b	.L918
 6428              	.L952:
ARM GAS  C:\Users\joabk\AppData\Local\Temp\ccrwML7P.s 			page 110


 6429 0086 90F83F10 		ldrb	r1, [r0, #63]	@ zero_extendqisi2
 6430 008a C8B2     		uxtb	r0, r1
 6431 008c C2E7     		b	.L918
 6432              	.L953:
 6433 008e 90F84000 		ldrb	r0, [r0, #64]	@ zero_extendqisi2
 6434 0092 C0B2     		uxtb	r0, r0
 6435 0094 BEE7     		b	.L918
 6436              	.L921:
 6437 0096 042D     		cmp	r5, #4
 6438 0098 06D0     		beq	.L954
 6439 009a 082D     		cmp	r5, #8
 6440 009c 09D0     		beq	.L955
 6441 009e 94F84580 		ldrb	r8, [r4, #69]	@ zero_extendqisi2
 6442 00a2 5FFA88F8 		uxtb	r8, r8
 6443 00a6 BBE7     		b	.L922
 6444              	.L954:
 6445 00a8 94F84380 		ldrb	r8, [r4, #67]	@ zero_extendqisi2
 6446 00ac 5FFA88F8 		uxtb	r8, r8
 6447 00b0 B6E7     		b	.L922
 6448              	.L955:
 6449 00b2 94F84480 		ldrb	r8, [r4, #68]	@ zero_extendqisi2
 6450 00b6 5FFA88F8 		uxtb	r8, r8
 6451 00ba B1E7     		b	.L922
 6452              	.L926:
 6453 00bc 042D     		cmp	r5, #4
 6454 00be 0CD0     		beq	.L956
 6455 00c0 082D     		cmp	r5, #8
 6456 00c2 0ED0     		beq	.L957
 6457 00c4 0223     		movs	r3, #2
 6458 00c6 84F84130 		strb	r3, [r4, #65]
 6459              	.L929:
 6460 00ca 042D     		cmp	r5, #4
 6461 00cc 0DD0     		beq	.L958
 6462 00ce 082D     		cmp	r5, #8
 6463 00d0 0FD0     		beq	.L959
 6464 00d2 0223     		movs	r3, #2
 6465 00d4 84F84530 		strb	r3, [r4, #69]
 6466 00d8 BDE7     		b	.L927
 6467              	.L956:
 6468 00da 0223     		movs	r3, #2
 6469 00dc 84F83F30 		strb	r3, [r4, #63]
 6470 00e0 F3E7     		b	.L929
 6471              	.L957:
 6472 00e2 0223     		movs	r3, #2
 6473 00e4 84F84030 		strb	r3, [r4, #64]
 6474 00e8 EFE7     		b	.L929
 6475              	.L958:
 6476 00ea 0223     		movs	r3, #2
 6477 00ec 84F84330 		strb	r3, [r4, #67]
 6478 00f0 B1E7     		b	.L927
 6479              	.L959:
 6480 00f2 0223     		movs	r3, #2
 6481 00f4 84F84430 		strb	r3, [r4, #68]
 6482 00f8 ADE7     		b	.L927
 6483              	.L938:
 6484 00fa 636A     		ldr	r3, [r4, #36]
 6485 00fc 4E4A     		ldr	r2, .L960
ARM GAS  C:\Users\joabk\AppData\Local\Temp\ccrwML7P.s 			page 111


 6486 00fe DA63     		str	r2, [r3, #60]
 6487 0100 636A     		ldr	r3, [r4, #36]
 6488 0102 4E4A     		ldr	r2, .L960+4
 6489 0104 1A64     		str	r2, [r3, #64]
 6490 0106 636A     		ldr	r3, [r4, #36]
 6491 0108 4D4A     		ldr	r2, .L960+8
 6492 010a DA64     		str	r2, [r3, #76]
 6493 010c 2168     		ldr	r1, [r4]
 6494 010e 3B46     		mov	r3, r7
 6495 0110 3246     		mov	r2, r6
 6496 0112 3431     		adds	r1, r1, #52
 6497 0114 606A     		ldr	r0, [r4, #36]
 6498 0116 FFF7FEFF 		bl	HAL_DMA_Start_IT
 6499 011a 0028     		cmp	r0, #0
 6500 011c 40F08180 		bne	.L945
 6501 0120 2268     		ldr	r2, [r4]
 6502 0122 D368     		ldr	r3, [r2, #12]
 6503 0124 43F40073 		orr	r3, r3, #512
 6504 0128 D360     		str	r3, [r2, #12]
 6505 012a 8046     		mov	r8, r0
 6506              	.L933:
 6507 012c 2368     		ldr	r3, [r4]
 6508 012e 454A     		ldr	r2, .L960+12
 6509 0130 9342     		cmp	r3, r2
 6510 0132 62D0     		beq	.L939
 6511 0134 B3F1804F 		cmp	r3, #1073741824
 6512 0138 5FD0     		beq	.L939
 6513 013a A2F57C42 		sub	r2, r2, #64512
 6514 013e 9342     		cmp	r3, r2
 6515 0140 5BD0     		beq	.L939
 6516 0142 02F58062 		add	r2, r2, #1024
 6517 0146 9342     		cmp	r3, r2
 6518 0148 57D0     		beq	.L939
 6519 014a 02F58062 		add	r2, r2, #1024
 6520 014e 9342     		cmp	r3, r2
 6521 0150 53D0     		beq	.L939
 6522 0152 02F59A32 		add	r2, r2, #78848
 6523 0156 9342     		cmp	r3, r2
 6524 0158 4FD0     		beq	.L939
 6525 015a 1A68     		ldr	r2, [r3]
 6526 015c 42F00102 		orr	r2, r2, #1
 6527 0160 1A60     		str	r2, [r3]
 6528 0162 4046     		mov	r0, r8
 6529 0164 57E0     		b	.L925
 6530              	.L937:
 6531 0166 A36A     		ldr	r3, [r4, #40]
 6532 0168 334A     		ldr	r2, .L960
 6533 016a DA63     		str	r2, [r3, #60]
 6534 016c A36A     		ldr	r3, [r4, #40]
 6535 016e 334A     		ldr	r2, .L960+4
 6536 0170 1A64     		str	r2, [r3, #64]
 6537 0172 A36A     		ldr	r3, [r4, #40]
 6538 0174 324A     		ldr	r2, .L960+8
 6539 0176 DA64     		str	r2, [r3, #76]
 6540 0178 2168     		ldr	r1, [r4]
 6541 017a 3B46     		mov	r3, r7
 6542 017c 3246     		mov	r2, r6
ARM GAS  C:\Users\joabk\AppData\Local\Temp\ccrwML7P.s 			page 112


 6543 017e 3831     		adds	r1, r1, #56
 6544 0180 A06A     		ldr	r0, [r4, #40]
 6545 0182 FFF7FEFF 		bl	HAL_DMA_Start_IT
 6546 0186 0028     		cmp	r0, #0
 6547 0188 4DD1     		bne	.L946
 6548 018a 2268     		ldr	r2, [r4]
 6549 018c D368     		ldr	r3, [r2, #12]
 6550 018e 43F48063 		orr	r3, r3, #1024
 6551 0192 D360     		str	r3, [r2, #12]
 6552 0194 8046     		mov	r8, r0
 6553 0196 C9E7     		b	.L933
 6554              	.L936:
 6555 0198 E36A     		ldr	r3, [r4, #44]
 6556 019a 274A     		ldr	r2, .L960
 6557 019c DA63     		str	r2, [r3, #60]
 6558 019e E36A     		ldr	r3, [r4, #44]
 6559 01a0 264A     		ldr	r2, .L960+4
 6560 01a2 1A64     		str	r2, [r3, #64]
 6561 01a4 E36A     		ldr	r3, [r4, #44]
 6562 01a6 264A     		ldr	r2, .L960+8
 6563 01a8 DA64     		str	r2, [r3, #76]
 6564 01aa 2168     		ldr	r1, [r4]
 6565 01ac 3B46     		mov	r3, r7
 6566 01ae 3246     		mov	r2, r6
 6567 01b0 3C31     		adds	r1, r1, #60
 6568 01b2 E06A     		ldr	r0, [r4, #44]
 6569 01b4 FFF7FEFF 		bl	HAL_DMA_Start_IT
 6570 01b8 0028     		cmp	r0, #0
 6571 01ba 36D1     		bne	.L947
 6572 01bc 2268     		ldr	r2, [r4]
 6573 01be D368     		ldr	r3, [r2, #12]
 6574 01c0 43F40063 		orr	r3, r3, #2048
 6575 01c4 D360     		str	r3, [r2, #12]
 6576 01c6 8046     		mov	r8, r0
 6577 01c8 B0E7     		b	.L933
 6578              	.L934:
 6579 01ca 236B     		ldr	r3, [r4, #48]
 6580 01cc 1A4A     		ldr	r2, .L960
 6581 01ce DA63     		str	r2, [r3, #60]
 6582 01d0 236B     		ldr	r3, [r4, #48]
 6583 01d2 1A4A     		ldr	r2, .L960+4
 6584 01d4 1A64     		str	r2, [r3, #64]
 6585 01d6 236B     		ldr	r3, [r4, #48]
 6586 01d8 194A     		ldr	r2, .L960+8
 6587 01da DA64     		str	r2, [r3, #76]
 6588 01dc 2168     		ldr	r1, [r4]
 6589 01de 3B46     		mov	r3, r7
 6590 01e0 3246     		mov	r2, r6
 6591 01e2 4031     		adds	r1, r1, #64
 6592 01e4 206B     		ldr	r0, [r4, #48]
 6593 01e6 FFF7FEFF 		bl	HAL_DMA_Start_IT
 6594 01ea 00BB     		cbnz	r0, .L948
 6595 01ec 2268     		ldr	r2, [r4]
 6596 01ee D368     		ldr	r3, [r2, #12]
 6597 01f0 43F48053 		orr	r3, r3, #4096
 6598 01f4 D360     		str	r3, [r2, #12]
 6599 01f6 8046     		mov	r8, r0
ARM GAS  C:\Users\joabk\AppData\Local\Temp\ccrwML7P.s 			page 113


 6600 01f8 98E7     		b	.L933
 6601              	.L939:
 6602 01fa 9A68     		ldr	r2, [r3, #8]
 6603 01fc 02F00702 		and	r2, r2, #7
 6604 0200 062A     		cmp	r2, #6
 6605 0202 16D0     		beq	.L949
 6606 0204 1A68     		ldr	r2, [r3]
 6607 0206 42F00102 		orr	r2, r2, #1
 6608 020a 1A60     		str	r2, [r3]
 6609 020c 4046     		mov	r0, r8
 6610 020e 02E0     		b	.L925
 6611              	.L941:
 6612 0210 4046     		mov	r0, r8
 6613 0212 00E0     		b	.L925
 6614              	.L942:
 6615 0214 0120     		movs	r0, #1
 6616              	.L925:
 6617 0216 BDE8F081 		pop	{r4, r5, r6, r7, r8, pc}
 6618              	.L943:
 6619 021a 4046     		mov	r0, r8
 6620 021c FBE7     		b	.L925
 6621              	.L944:
 6622 021e 4046     		mov	r0, r8
 6623 0220 F9E7     		b	.L925
 6624              	.L945:
 6625 0222 4046     		mov	r0, r8
 6626 0224 F7E7     		b	.L925
 6627              	.L946:
 6628 0226 4046     		mov	r0, r8
 6629 0228 F5E7     		b	.L925
 6630              	.L947:
 6631 022a 4046     		mov	r0, r8
 6632 022c F3E7     		b	.L925
 6633              	.L948:
 6634 022e 4046     		mov	r0, r8
 6635 0230 F1E7     		b	.L925
 6636              	.L949:
 6637 0232 4046     		mov	r0, r8
 6638 0234 EFE7     		b	.L925
 6639              	.L961:
 6640 0236 00BF     		.align	2
 6641              	.L960:
 6642 0238 00000000 		.word	TIM_DMACaptureCplt
 6643 023c 00000000 		.word	TIM_DMACaptureHalfCplt
 6644 0240 00000000 		.word	TIM_DMAError
 6645 0244 00000140 		.word	1073807360
 6647              		.section	.text.HAL_TIM_IC_Stop_DMA,"ax",%progbits
 6648              		.align	1
 6649              		.global	HAL_TIM_IC_Stop_DMA
 6650              		.syntax unified
 6651              		.thumb
 6652              		.thumb_func
 6654              	HAL_TIM_IC_Stop_DMA:
 6655              		@ args = 0, pretend = 0, frame = 0
 6656              		@ frame_needed = 0, uses_anonymous_args = 0
 6657 0000 38B5     		push	{r3, r4, r5, lr}
 6658 0002 0446     		mov	r4, r0
ARM GAS  C:\Users\joabk\AppData\Local\Temp\ccrwML7P.s 			page 114


 6659 0004 0D46     		mov	r5, r1
 6660 0006 0022     		movs	r2, #0
 6661 0008 0068     		ldr	r0, [r0]
 6662 000a FFF7FEFF 		bl	TIM_CCxChannelCmd
 6663 000e 0C2D     		cmp	r5, #12
 6664 0010 64D8     		bhi	.L977
 6665 0012 DFE805F0 		tbb	[pc, r5]
 6666              	.L965:
 6667 0016 07       		.byte	(.L968-.L965)/2
 6668 0017 63       		.byte	(.L977-.L965)/2
 6669 0018 63       		.byte	(.L977-.L965)/2
 6670 0019 63       		.byte	(.L977-.L965)/2
 6671 001a 26       		.byte	(.L967-.L965)/2
 6672 001b 63       		.byte	(.L977-.L965)/2
 6673 001c 63       		.byte	(.L977-.L965)/2
 6674 001d 63       		.byte	(.L977-.L965)/2
 6675 001e 2F       		.byte	(.L966-.L965)/2
 6676 001f 63       		.byte	(.L977-.L965)/2
 6677 0020 63       		.byte	(.L977-.L965)/2
 6678 0021 63       		.byte	(.L977-.L965)/2
 6679 0022 38       		.byte	(.L964-.L965)/2
 6680 0023 00       		.p2align 1
 6681              	.L968:
 6682 0024 2268     		ldr	r2, [r4]
 6683 0026 D368     		ldr	r3, [r2, #12]
 6684 0028 23F40073 		bic	r3, r3, #512
 6685 002c D360     		str	r3, [r2, #12]
 6686 002e 606A     		ldr	r0, [r4, #36]
 6687 0030 FFF7FEFF 		bl	HAL_DMA_Abort_IT
 6688              	.L969:
 6689 0034 2368     		ldr	r3, [r4]
 6690 0036 196A     		ldr	r1, [r3, #32]
 6691 0038 41F21112 		movw	r2, #4369
 6692 003c 1142     		tst	r1, r2
 6693 003e 08D1     		bne	.L970
 6694 0040 196A     		ldr	r1, [r3, #32]
 6695 0042 40F24442 		movw	r2, #1092
 6696 0046 1142     		tst	r1, r2
 6697 0048 03D1     		bne	.L970
 6698 004a 1A68     		ldr	r2, [r3]
 6699 004c 22F00102 		bic	r2, r2, #1
 6700 0050 1A60     		str	r2, [r3]
 6701              	.L970:
 6702 0052 0DBB     		cbnz	r5, .L971
 6703 0054 0123     		movs	r3, #1
 6704 0056 84F83E30 		strb	r3, [r4, #62]
 6705 005a 84F84230 		strb	r3, [r4, #66]
 6706 005e 0020     		movs	r0, #0
 6707 0060 3DE0     		b	.L963
 6708              	.L967:
 6709 0062 2268     		ldr	r2, [r4]
 6710 0064 D368     		ldr	r3, [r2, #12]
 6711 0066 23F48063 		bic	r3, r3, #1024
 6712 006a D360     		str	r3, [r2, #12]
 6713 006c A06A     		ldr	r0, [r4, #40]
 6714 006e FFF7FEFF 		bl	HAL_DMA_Abort_IT
 6715 0072 DFE7     		b	.L969
ARM GAS  C:\Users\joabk\AppData\Local\Temp\ccrwML7P.s 			page 115


 6716              	.L966:
 6717 0074 2268     		ldr	r2, [r4]
 6718 0076 D368     		ldr	r3, [r2, #12]
 6719 0078 23F40063 		bic	r3, r3, #2048
 6720 007c D360     		str	r3, [r2, #12]
 6721 007e E06A     		ldr	r0, [r4, #44]
 6722 0080 FFF7FEFF 		bl	HAL_DMA_Abort_IT
 6723 0084 D6E7     		b	.L969
 6724              	.L964:
 6725 0086 2268     		ldr	r2, [r4]
 6726 0088 D368     		ldr	r3, [r2, #12]
 6727 008a 23F48053 		bic	r3, r3, #4096
 6728 008e D360     		str	r3, [r2, #12]
 6729 0090 206B     		ldr	r0, [r4, #48]
 6730 0092 FFF7FEFF 		bl	HAL_DMA_Abort_IT
 6731 0096 CDE7     		b	.L969
 6732              	.L971:
 6733 0098 042D     		cmp	r5, #4
 6734 009a 0DD0     		beq	.L979
 6735 009c 082D     		cmp	r5, #8
 6736 009e 0FD0     		beq	.L980
 6737 00a0 0123     		movs	r3, #1
 6738 00a2 84F84130 		strb	r3, [r4, #65]
 6739              	.L973:
 6740 00a6 042D     		cmp	r5, #4
 6741 00a8 0ED0     		beq	.L981
 6742 00aa 082D     		cmp	r5, #8
 6743 00ac 11D0     		beq	.L982
 6744 00ae 0123     		movs	r3, #1
 6745 00b0 84F84530 		strb	r3, [r4, #69]
 6746 00b4 0020     		movs	r0, #0
 6747 00b6 12E0     		b	.L963
 6748              	.L979:
 6749 00b8 0123     		movs	r3, #1
 6750 00ba 84F83F30 		strb	r3, [r4, #63]
 6751 00be F2E7     		b	.L973
 6752              	.L980:
 6753 00c0 0123     		movs	r3, #1
 6754 00c2 84F84030 		strb	r3, [r4, #64]
 6755 00c6 EEE7     		b	.L973
 6756              	.L981:
 6757 00c8 0123     		movs	r3, #1
 6758 00ca 84F84330 		strb	r3, [r4, #67]
 6759 00ce 0020     		movs	r0, #0
 6760 00d0 05E0     		b	.L963
 6761              	.L982:
 6762 00d2 0123     		movs	r3, #1
 6763 00d4 84F84430 		strb	r3, [r4, #68]
 6764 00d8 0020     		movs	r0, #0
 6765 00da 00E0     		b	.L963
 6766              	.L977:
 6767 00dc 0120     		movs	r0, #1
 6768              	.L963:
 6769 00de 38BD     		pop	{r3, r4, r5, pc}
 6771              		.section	.text.HAL_TIM_OnePulse_Start,"ax",%progbits
 6772              		.align	1
 6773              		.global	HAL_TIM_OnePulse_Start
ARM GAS  C:\Users\joabk\AppData\Local\Temp\ccrwML7P.s 			page 116


 6774              		.syntax unified
 6775              		.thumb
 6776              		.thumb_func
 6778              	HAL_TIM_OnePulse_Start:
 6779              		@ args = 0, pretend = 0, frame = 0
 6780              		@ frame_needed = 0, uses_anonymous_args = 0
 6781 0000 10B5     		push	{r4, lr}
 6782 0002 0446     		mov	r4, r0
 6783 0004 90F83E00 		ldrb	r0, [r0, #62]	@ zero_extendqisi2
 6784 0008 C0B2     		uxtb	r0, r0
 6785 000a 94F83F30 		ldrb	r3, [r4, #63]	@ zero_extendqisi2
 6786 000e 94F84220 		ldrb	r2, [r4, #66]	@ zero_extendqisi2
 6787 0012 94F84310 		ldrb	r1, [r4, #67]	@ zero_extendqisi2
 6788 0016 0128     		cmp	r0, #1
 6789 0018 28D1     		bne	.L985
 6790 001a DBB2     		uxtb	r3, r3
 6791 001c D2B2     		uxtb	r2, r2
 6792 001e C9B2     		uxtb	r1, r1
 6793 0020 012B     		cmp	r3, #1
 6794 0022 24D1     		bne	.L984
 6795 0024 012A     		cmp	r2, #1
 6796 0026 23D1     		bne	.L986
 6797 0028 0129     		cmp	r1, #1
 6798 002a 01D0     		beq	.L990
 6799 002c 1046     		mov	r0, r2
 6800 002e 1EE0     		b	.L984
 6801              	.L990:
 6802 0030 0223     		movs	r3, #2
 6803 0032 84F83E30 		strb	r3, [r4, #62]
 6804 0036 84F83F30 		strb	r3, [r4, #63]
 6805 003a 84F84230 		strb	r3, [r4, #66]
 6806 003e 84F84330 		strb	r3, [r4, #67]
 6807 0042 0021     		movs	r1, #0
 6808 0044 2068     		ldr	r0, [r4]
 6809 0046 FFF7FEFF 		bl	TIM_CCxChannelCmd
 6810 004a 0122     		movs	r2, #1
 6811 004c 0421     		movs	r1, #4
 6812 004e 2068     		ldr	r0, [r4]
 6813 0050 FFF7FEFF 		bl	TIM_CCxChannelCmd
 6814 0054 2368     		ldr	r3, [r4]
 6815 0056 074A     		ldr	r2, .L992
 6816 0058 9342     		cmp	r3, r2
 6817 005a 01D0     		beq	.L991
 6818 005c 0020     		movs	r0, #0
 6819 005e 06E0     		b	.L984
 6820              	.L991:
 6821 0060 5A6C     		ldr	r2, [r3, #68]
 6822 0062 42F40042 		orr	r2, r2, #32768
 6823 0066 5A64     		str	r2, [r3, #68]
 6824 0068 0020     		movs	r0, #0
 6825 006a 00E0     		b	.L984
 6826              	.L985:
 6827 006c 0120     		movs	r0, #1
 6828              	.L984:
 6829 006e 10BD     		pop	{r4, pc}
 6830              	.L986:
 6831 0070 1846     		mov	r0, r3
ARM GAS  C:\Users\joabk\AppData\Local\Temp\ccrwML7P.s 			page 117


 6832 0072 FCE7     		b	.L984
 6833              	.L993:
 6834              		.align	2
 6835              	.L992:
 6836 0074 00000140 		.word	1073807360
 6838              		.section	.text.HAL_TIM_OnePulse_Stop,"ax",%progbits
 6839              		.align	1
 6840              		.global	HAL_TIM_OnePulse_Stop
 6841              		.syntax unified
 6842              		.thumb
 6843              		.thumb_func
 6845              	HAL_TIM_OnePulse_Stop:
 6846              		@ args = 0, pretend = 0, frame = 0
 6847              		@ frame_needed = 0, uses_anonymous_args = 0
 6848 0000 10B5     		push	{r4, lr}
 6849 0002 0446     		mov	r4, r0
 6850 0004 0022     		movs	r2, #0
 6851 0006 1146     		mov	r1, r2
 6852 0008 0068     		ldr	r0, [r0]
 6853 000a FFF7FEFF 		bl	TIM_CCxChannelCmd
 6854 000e 0022     		movs	r2, #0
 6855 0010 0421     		movs	r1, #4
 6856 0012 2068     		ldr	r0, [r4]
 6857 0014 FFF7FEFF 		bl	TIM_CCxChannelCmd
 6858 0018 2368     		ldr	r3, [r4]
 6859 001a 164A     		ldr	r2, .L999
 6860 001c 9342     		cmp	r3, r2
 6861 001e 19D0     		beq	.L998
 6862              	.L995:
 6863 0020 2368     		ldr	r3, [r4]
 6864 0022 196A     		ldr	r1, [r3, #32]
 6865 0024 41F21112 		movw	r2, #4369
 6866 0028 1142     		tst	r1, r2
 6867 002a 08D1     		bne	.L996
 6868 002c 196A     		ldr	r1, [r3, #32]
 6869 002e 40F24442 		movw	r2, #1092
 6870 0032 1142     		tst	r1, r2
 6871 0034 03D1     		bne	.L996
 6872 0036 1A68     		ldr	r2, [r3]
 6873 0038 22F00102 		bic	r2, r2, #1
 6874 003c 1A60     		str	r2, [r3]
 6875              	.L996:
 6876 003e 0123     		movs	r3, #1
 6877 0040 84F83E30 		strb	r3, [r4, #62]
 6878 0044 84F83F30 		strb	r3, [r4, #63]
 6879 0048 84F84230 		strb	r3, [r4, #66]
 6880 004c 84F84330 		strb	r3, [r4, #67]
 6881 0050 0020     		movs	r0, #0
 6882 0052 10BD     		pop	{r4, pc}
 6883              	.L998:
 6884 0054 196A     		ldr	r1, [r3, #32]
 6885 0056 41F21112 		movw	r2, #4369
 6886 005a 1142     		tst	r1, r2
 6887 005c E0D1     		bne	.L995
 6888 005e 196A     		ldr	r1, [r3, #32]
 6889 0060 40F24442 		movw	r2, #1092
 6890 0064 1142     		tst	r1, r2
ARM GAS  C:\Users\joabk\AppData\Local\Temp\ccrwML7P.s 			page 118


 6891 0066 DBD1     		bne	.L995
 6892 0068 5A6C     		ldr	r2, [r3, #68]
 6893 006a 22F40042 		bic	r2, r2, #32768
 6894 006e 5A64     		str	r2, [r3, #68]
 6895 0070 D6E7     		b	.L995
 6896              	.L1000:
 6897 0072 00BF     		.align	2
 6898              	.L999:
 6899 0074 00000140 		.word	1073807360
 6901              		.section	.text.HAL_TIM_OnePulse_Start_IT,"ax",%progbits
 6902              		.align	1
 6903              		.global	HAL_TIM_OnePulse_Start_IT
 6904              		.syntax unified
 6905              		.thumb
 6906              		.thumb_func
 6908              	HAL_TIM_OnePulse_Start_IT:
 6909              		@ args = 0, pretend = 0, frame = 0
 6910              		@ frame_needed = 0, uses_anonymous_args = 0
 6911 0000 10B5     		push	{r4, lr}
 6912 0002 0446     		mov	r4, r0
 6913 0004 90F83E00 		ldrb	r0, [r0, #62]	@ zero_extendqisi2
 6914 0008 C0B2     		uxtb	r0, r0
 6915 000a 94F83F30 		ldrb	r3, [r4, #63]	@ zero_extendqisi2
 6916 000e 94F84220 		ldrb	r2, [r4, #66]	@ zero_extendqisi2
 6917 0012 94F84310 		ldrb	r1, [r4, #67]	@ zero_extendqisi2
 6918 0016 0128     		cmp	r0, #1
 6919 0018 33D1     		bne	.L1003
 6920 001a DBB2     		uxtb	r3, r3
 6921 001c D2B2     		uxtb	r2, r2
 6922 001e C9B2     		uxtb	r1, r1
 6923 0020 012B     		cmp	r3, #1
 6924 0022 2FD1     		bne	.L1002
 6925 0024 012A     		cmp	r2, #1
 6926 0026 2ED1     		bne	.L1004
 6927 0028 0129     		cmp	r1, #1
 6928 002a 01D0     		beq	.L1008
 6929 002c 1046     		mov	r0, r2
 6930 002e 29E0     		b	.L1002
 6931              	.L1008:
 6932 0030 0223     		movs	r3, #2
 6933 0032 84F83E30 		strb	r3, [r4, #62]
 6934 0036 84F83F30 		strb	r3, [r4, #63]
 6935 003a 84F84230 		strb	r3, [r4, #66]
 6936 003e 84F84330 		strb	r3, [r4, #67]
 6937 0042 2268     		ldr	r2, [r4]
 6938 0044 D368     		ldr	r3, [r2, #12]
 6939 0046 43F00203 		orr	r3, r3, #2
 6940 004a D360     		str	r3, [r2, #12]
 6941 004c 2268     		ldr	r2, [r4]
 6942 004e D368     		ldr	r3, [r2, #12]
 6943 0050 43F00403 		orr	r3, r3, #4
 6944 0054 D360     		str	r3, [r2, #12]
 6945 0056 0122     		movs	r2, #1
 6946 0058 0021     		movs	r1, #0
 6947 005a 2068     		ldr	r0, [r4]
 6948 005c FFF7FEFF 		bl	TIM_CCxChannelCmd
 6949 0060 0122     		movs	r2, #1
ARM GAS  C:\Users\joabk\AppData\Local\Temp\ccrwML7P.s 			page 119


 6950 0062 0421     		movs	r1, #4
 6951 0064 2068     		ldr	r0, [r4]
 6952 0066 FFF7FEFF 		bl	TIM_CCxChannelCmd
 6953 006a 2368     		ldr	r3, [r4]
 6954 006c 074A     		ldr	r2, .L1010
 6955 006e 9342     		cmp	r3, r2
 6956 0070 01D0     		beq	.L1009
 6957 0072 0020     		movs	r0, #0
 6958 0074 06E0     		b	.L1002
 6959              	.L1009:
 6960 0076 5A6C     		ldr	r2, [r3, #68]
 6961 0078 42F40042 		orr	r2, r2, #32768
 6962 007c 5A64     		str	r2, [r3, #68]
 6963 007e 0020     		movs	r0, #0
 6964 0080 00E0     		b	.L1002
 6965              	.L1003:
 6966 0082 0120     		movs	r0, #1
 6967              	.L1002:
 6968 0084 10BD     		pop	{r4, pc}
 6969              	.L1004:
 6970 0086 1846     		mov	r0, r3
 6971 0088 FCE7     		b	.L1002
 6972              	.L1011:
 6973 008a 00BF     		.align	2
 6974              	.L1010:
 6975 008c 00000140 		.word	1073807360
 6977              		.section	.text.HAL_TIM_OnePulse_Stop_IT,"ax",%progbits
 6978              		.align	1
 6979              		.global	HAL_TIM_OnePulse_Stop_IT
 6980              		.syntax unified
 6981              		.thumb
 6982              		.thumb_func
 6984              	HAL_TIM_OnePulse_Stop_IT:
 6985              		@ args = 0, pretend = 0, frame = 0
 6986              		@ frame_needed = 0, uses_anonymous_args = 0
 6987 0000 10B5     		push	{r4, lr}
 6988 0002 0446     		mov	r4, r0
 6989 0004 0268     		ldr	r2, [r0]
 6990 0006 D368     		ldr	r3, [r2, #12]
 6991 0008 23F00203 		bic	r3, r3, #2
 6992 000c D360     		str	r3, [r2, #12]
 6993 000e 0268     		ldr	r2, [r0]
 6994 0010 D368     		ldr	r3, [r2, #12]
 6995 0012 23F00403 		bic	r3, r3, #4
 6996 0016 D360     		str	r3, [r2, #12]
 6997 0018 0022     		movs	r2, #0
 6998 001a 1146     		mov	r1, r2
 6999 001c 0068     		ldr	r0, [r0]
 7000 001e FFF7FEFF 		bl	TIM_CCxChannelCmd
 7001 0022 0022     		movs	r2, #0
 7002 0024 0421     		movs	r1, #4
 7003 0026 2068     		ldr	r0, [r4]
 7004 0028 FFF7FEFF 		bl	TIM_CCxChannelCmd
 7005 002c 2368     		ldr	r3, [r4]
 7006 002e 164A     		ldr	r2, .L1017
 7007 0030 9342     		cmp	r3, r2
 7008 0032 19D0     		beq	.L1016
ARM GAS  C:\Users\joabk\AppData\Local\Temp\ccrwML7P.s 			page 120


 7009              	.L1013:
 7010 0034 2368     		ldr	r3, [r4]
 7011 0036 196A     		ldr	r1, [r3, #32]
 7012 0038 41F21112 		movw	r2, #4369
 7013 003c 1142     		tst	r1, r2
 7014 003e 08D1     		bne	.L1014
 7015 0040 196A     		ldr	r1, [r3, #32]
 7016 0042 40F24442 		movw	r2, #1092
 7017 0046 1142     		tst	r1, r2
 7018 0048 03D1     		bne	.L1014
 7019 004a 1A68     		ldr	r2, [r3]
 7020 004c 22F00102 		bic	r2, r2, #1
 7021 0050 1A60     		str	r2, [r3]
 7022              	.L1014:
 7023 0052 0123     		movs	r3, #1
 7024 0054 84F83E30 		strb	r3, [r4, #62]
 7025 0058 84F83F30 		strb	r3, [r4, #63]
 7026 005c 84F84230 		strb	r3, [r4, #66]
 7027 0060 84F84330 		strb	r3, [r4, #67]
 7028 0064 0020     		movs	r0, #0
 7029 0066 10BD     		pop	{r4, pc}
 7030              	.L1016:
 7031 0068 196A     		ldr	r1, [r3, #32]
 7032 006a 41F21112 		movw	r2, #4369
 7033 006e 1142     		tst	r1, r2
 7034 0070 E0D1     		bne	.L1013
 7035 0072 196A     		ldr	r1, [r3, #32]
 7036 0074 40F24442 		movw	r2, #1092
 7037 0078 1142     		tst	r1, r2
 7038 007a DBD1     		bne	.L1013
 7039 007c 5A6C     		ldr	r2, [r3, #68]
 7040 007e 22F40042 		bic	r2, r2, #32768
 7041 0082 5A64     		str	r2, [r3, #68]
 7042 0084 D6E7     		b	.L1013
 7043              	.L1018:
 7044 0086 00BF     		.align	2
 7045              	.L1017:
 7046 0088 00000140 		.word	1073807360
 7048              		.section	.text.HAL_TIM_Encoder_Start,"ax",%progbits
 7049              		.align	1
 7050              		.global	HAL_TIM_Encoder_Start
 7051              		.syntax unified
 7052              		.thumb
 7053              		.thumb_func
 7055              	HAL_TIM_Encoder_Start:
 7056              		@ args = 0, pretend = 0, frame = 0
 7057              		@ frame_needed = 0, uses_anonymous_args = 0
 7058 0000 38B5     		push	{r3, r4, r5, lr}
 7059 0002 0446     		mov	r4, r0
 7060 0004 90F83E00 		ldrb	r0, [r0, #62]	@ zero_extendqisi2
 7061 0008 C0B2     		uxtb	r0, r0
 7062 000a 94F83F30 		ldrb	r3, [r4, #63]	@ zero_extendqisi2
 7063 000e 94F84220 		ldrb	r2, [r4, #66]	@ zero_extendqisi2
 7064 0012 D2B2     		uxtb	r2, r2
 7065 0014 94F843C0 		ldrb	ip, [r4, #67]	@ zero_extendqisi2
 7066 0018 0D46     		mov	r5, r1
 7067 001a B1B9     		cbnz	r1, .L1020
ARM GAS  C:\Users\joabk\AppData\Local\Temp\ccrwML7P.s 			page 121


 7068 001c 0128     		cmp	r0, #1
 7069 001e 49D1     		bne	.L1028
 7070 0020 012A     		cmp	r2, #1
 7071 0022 48D1     		bne	.L1021
 7072 0024 0223     		movs	r3, #2
 7073 0026 84F83E30 		strb	r3, [r4, #62]
 7074 002a 84F84230 		strb	r3, [r4, #66]
 7075              	.L1022:
 7076 002e 7DB3     		cbz	r5, .L1024
 7077 0030 042D     		cmp	r5, #4
 7078 0032 39D0     		beq	.L1025
 7079 0034 0122     		movs	r2, #1
 7080 0036 0021     		movs	r1, #0
 7081 0038 2068     		ldr	r0, [r4]
 7082 003a FFF7FEFF 		bl	TIM_CCxChannelCmd
 7083 003e 0122     		movs	r2, #1
 7084 0040 0421     		movs	r1, #4
 7085 0042 2068     		ldr	r0, [r4]
 7086 0044 FFF7FEFF 		bl	TIM_CCxChannelCmd
 7087 0048 27E0     		b	.L1027
 7088              	.L1020:
 7089 004a DBB2     		uxtb	r3, r3
 7090 004c 5FFA8CFC 		uxtb	ip, ip
 7091 0050 0429     		cmp	r1, #4
 7092 0052 12D0     		beq	.L1036
 7093 0054 0128     		cmp	r0, #1
 7094 0056 33D1     		bne	.L1031
 7095 0058 012B     		cmp	r3, #1
 7096 005a 2CD1     		bne	.L1021
 7097 005c 012A     		cmp	r2, #1
 7098 005e 31D1     		bne	.L1032
 7099 0060 BCF1010F 		cmp	ip, #1
 7100 0064 30D1     		bne	.L1033
 7101 0066 0223     		movs	r3, #2
 7102 0068 84F83E30 		strb	r3, [r4, #62]
 7103 006c 84F83F30 		strb	r3, [r4, #63]
 7104 0070 84F84230 		strb	r3, [r4, #66]
 7105 0074 84F84330 		strb	r3, [r4, #67]
 7106 0078 D9E7     		b	.L1022
 7107              	.L1036:
 7108 007a 012B     		cmp	r3, #1
 7109 007c 1CD1     		bne	.L1029
 7110 007e BCF1010F 		cmp	ip, #1
 7111 0082 1BD1     		bne	.L1030
 7112 0084 0223     		movs	r3, #2
 7113 0086 84F83F30 		strb	r3, [r4, #63]
 7114 008a 84F84330 		strb	r3, [r4, #67]
 7115 008e CEE7     		b	.L1022
 7116              	.L1024:
 7117 0090 0122     		movs	r2, #1
 7118 0092 0021     		movs	r1, #0
 7119 0094 2068     		ldr	r0, [r4]
 7120 0096 FFF7FEFF 		bl	TIM_CCxChannelCmd
 7121              	.L1027:
 7122 009a 2268     		ldr	r2, [r4]
 7123 009c 1368     		ldr	r3, [r2]
 7124 009e 43F00103 		orr	r3, r3, #1
ARM GAS  C:\Users\joabk\AppData\Local\Temp\ccrwML7P.s 			page 122


 7125 00a2 1360     		str	r3, [r2]
 7126 00a4 0020     		movs	r0, #0
 7127 00a6 06E0     		b	.L1021
 7128              	.L1025:
 7129 00a8 0122     		movs	r2, #1
 7130 00aa 0421     		movs	r1, #4
 7131 00ac 2068     		ldr	r0, [r4]
 7132 00ae FFF7FEFF 		bl	TIM_CCxChannelCmd
 7133 00b2 F2E7     		b	.L1027
 7134              	.L1028:
 7135 00b4 0120     		movs	r0, #1
 7136              	.L1021:
 7137 00b6 38BD     		pop	{r3, r4, r5, pc}
 7138              	.L1029:
 7139 00b8 0120     		movs	r0, #1
 7140 00ba FCE7     		b	.L1021
 7141              	.L1030:
 7142 00bc 1846     		mov	r0, r3
 7143 00be FAE7     		b	.L1021
 7144              	.L1031:
 7145 00c0 0120     		movs	r0, #1
 7146 00c2 F8E7     		b	.L1021
 7147              	.L1032:
 7148 00c4 1846     		mov	r0, r3
 7149 00c6 F6E7     		b	.L1021
 7150              	.L1033:
 7151 00c8 1046     		mov	r0, r2
 7152 00ca F4E7     		b	.L1021
 7154              		.section	.text.HAL_TIM_Encoder_Stop,"ax",%progbits
 7155              		.align	1
 7156              		.global	HAL_TIM_Encoder_Stop
 7157              		.syntax unified
 7158              		.thumb
 7159              		.thumb_func
 7161              	HAL_TIM_Encoder_Stop:
 7162              		@ args = 0, pretend = 0, frame = 0
 7163              		@ frame_needed = 0, uses_anonymous_args = 0
 7164 0000 38B5     		push	{r3, r4, r5, lr}
 7165 0002 0446     		mov	r4, r0
 7166 0004 0D46     		mov	r5, r1
 7167 0006 61B1     		cbz	r1, .L1038
 7168 0008 0429     		cmp	r1, #4
 7169 000a 2BD0     		beq	.L1039
 7170 000c 0022     		movs	r2, #0
 7171 000e 1146     		mov	r1, r2
 7172 0010 0068     		ldr	r0, [r0]
 7173 0012 FFF7FEFF 		bl	TIM_CCxChannelCmd
 7174 0016 0022     		movs	r2, #0
 7175 0018 0421     		movs	r1, #4
 7176 001a 2068     		ldr	r0, [r4]
 7177 001c FFF7FEFF 		bl	TIM_CCxChannelCmd
 7178 0020 04E0     		b	.L1041
 7179              	.L1038:
 7180 0022 0022     		movs	r2, #0
 7181 0024 1146     		mov	r1, r2
 7182 0026 0068     		ldr	r0, [r0]
 7183 0028 FFF7FEFF 		bl	TIM_CCxChannelCmd
ARM GAS  C:\Users\joabk\AppData\Local\Temp\ccrwML7P.s 			page 123


 7184              	.L1041:
 7185 002c 2368     		ldr	r3, [r4]
 7186 002e 196A     		ldr	r1, [r3, #32]
 7187 0030 41F21112 		movw	r2, #4369
 7188 0034 1142     		tst	r1, r2
 7189 0036 08D1     		bne	.L1042
 7190 0038 196A     		ldr	r1, [r3, #32]
 7191 003a 40F24442 		movw	r2, #1092
 7192 003e 1142     		tst	r1, r2
 7193 0040 03D1     		bne	.L1042
 7194 0042 1A68     		ldr	r2, [r3]
 7195 0044 22F00102 		bic	r2, r2, #1
 7196 0048 1A60     		str	r2, [r3]
 7197              	.L1042:
 7198 004a 8DB1     		cbz	r5, .L1043
 7199 004c 042D     		cmp	r5, #4
 7200 004e 16D0     		beq	.L1050
 7201 0050 0123     		movs	r3, #1
 7202 0052 84F83E30 		strb	r3, [r4, #62]
 7203 0056 84F83F30 		strb	r3, [r4, #63]
 7204 005a 84F84230 		strb	r3, [r4, #66]
 7205 005e 84F84330 		strb	r3, [r4, #67]
 7206 0062 0AE0     		b	.L1046
 7207              	.L1039:
 7208 0064 0022     		movs	r2, #0
 7209 0066 0421     		movs	r1, #4
 7210 0068 0068     		ldr	r0, [r0]
 7211 006a FFF7FEFF 		bl	TIM_CCxChannelCmd
 7212 006e DDE7     		b	.L1041
 7213              	.L1043:
 7214 0070 0123     		movs	r3, #1
 7215 0072 84F83E30 		strb	r3, [r4, #62]
 7216 0076 84F84230 		strb	r3, [r4, #66]
 7217              	.L1046:
 7218 007a 0020     		movs	r0, #0
 7219 007c 38BD     		pop	{r3, r4, r5, pc}
 7220              	.L1050:
 7221 007e 0123     		movs	r3, #1
 7222 0080 84F83F30 		strb	r3, [r4, #63]
 7223 0084 84F84330 		strb	r3, [r4, #67]
 7224 0088 F7E7     		b	.L1046
 7226              		.section	.text.HAL_TIM_Encoder_Start_IT,"ax",%progbits
 7227              		.align	1
 7228              		.global	HAL_TIM_Encoder_Start_IT
 7229              		.syntax unified
 7230              		.thumb
 7231              		.thumb_func
 7233              	HAL_TIM_Encoder_Start_IT:
 7234              		@ args = 0, pretend = 0, frame = 0
 7235              		@ frame_needed = 0, uses_anonymous_args = 0
 7236 0000 38B5     		push	{r3, r4, r5, lr}
 7237 0002 0446     		mov	r4, r0
 7238 0004 90F83E00 		ldrb	r0, [r0, #62]	@ zero_extendqisi2
 7239 0008 C0B2     		uxtb	r0, r0
 7240 000a 94F83F30 		ldrb	r3, [r4, #63]	@ zero_extendqisi2
 7241 000e 94F84220 		ldrb	r2, [r4, #66]	@ zero_extendqisi2
 7242 0012 D2B2     		uxtb	r2, r2
ARM GAS  C:\Users\joabk\AppData\Local\Temp\ccrwML7P.s 			page 124


 7243 0014 94F843C0 		ldrb	ip, [r4, #67]	@ zero_extendqisi2
 7244 0018 0D46     		mov	r5, r1
 7245 001a 09BB     		cbnz	r1, .L1052
 7246 001c 0128     		cmp	r0, #1
 7247 001e 5ED1     		bne	.L1060
 7248 0020 012A     		cmp	r2, #1
 7249 0022 5DD1     		bne	.L1053
 7250 0024 0223     		movs	r3, #2
 7251 0026 84F83E30 		strb	r3, [r4, #62]
 7252 002a 84F84230 		strb	r3, [r4, #66]
 7253              	.L1054:
 7254 002e 002D     		cmp	r5, #0
 7255 0030 39D0     		beq	.L1056
 7256 0032 042D     		cmp	r5, #4
 7257 0034 48D0     		beq	.L1057
 7258 0036 0122     		movs	r2, #1
 7259 0038 0021     		movs	r1, #0
 7260 003a 2068     		ldr	r0, [r4]
 7261 003c FFF7FEFF 		bl	TIM_CCxChannelCmd
 7262 0040 0122     		movs	r2, #1
 7263 0042 0421     		movs	r1, #4
 7264 0044 2068     		ldr	r0, [r4]
 7265 0046 FFF7FEFF 		bl	TIM_CCxChannelCmd
 7266 004a 2268     		ldr	r2, [r4]
 7267 004c D368     		ldr	r3, [r2, #12]
 7268 004e 43F00203 		orr	r3, r3, #2
 7269 0052 D360     		str	r3, [r2, #12]
 7270 0054 2268     		ldr	r2, [r4]
 7271 0056 D368     		ldr	r3, [r2, #12]
 7272 0058 43F00403 		orr	r3, r3, #4
 7273 005c D360     		str	r3, [r2, #12]
 7274 005e 2CE0     		b	.L1059
 7275              	.L1052:
 7276 0060 DBB2     		uxtb	r3, r3
 7277 0062 5FFA8CFC 		uxtb	ip, ip
 7278 0066 0429     		cmp	r1, #4
 7279 0068 12D0     		beq	.L1068
 7280 006a 0128     		cmp	r0, #1
 7281 006c 3DD1     		bne	.L1063
 7282 006e 012B     		cmp	r3, #1
 7283 0070 36D1     		bne	.L1053
 7284 0072 012A     		cmp	r2, #1
 7285 0074 3BD1     		bne	.L1064
 7286 0076 BCF1010F 		cmp	ip, #1
 7287 007a 3AD1     		bne	.L1065
 7288 007c 0223     		movs	r3, #2
 7289 007e 84F83E30 		strb	r3, [r4, #62]
 7290 0082 84F83F30 		strb	r3, [r4, #63]
 7291 0086 84F84230 		strb	r3, [r4, #66]
 7292 008a 84F84330 		strb	r3, [r4, #67]
 7293 008e CEE7     		b	.L1054
 7294              	.L1068:
 7295 0090 012B     		cmp	r3, #1
 7296 0092 26D1     		bne	.L1061
 7297 0094 BCF1010F 		cmp	ip, #1
 7298 0098 25D1     		bne	.L1062
 7299 009a 0223     		movs	r3, #2
ARM GAS  C:\Users\joabk\AppData\Local\Temp\ccrwML7P.s 			page 125


 7300 009c 84F83F30 		strb	r3, [r4, #63]
 7301 00a0 84F84330 		strb	r3, [r4, #67]
 7302 00a4 C3E7     		b	.L1054
 7303              	.L1056:
 7304 00a6 0122     		movs	r2, #1
 7305 00a8 0021     		movs	r1, #0
 7306 00aa 2068     		ldr	r0, [r4]
 7307 00ac FFF7FEFF 		bl	TIM_CCxChannelCmd
 7308 00b0 2268     		ldr	r2, [r4]
 7309 00b2 D368     		ldr	r3, [r2, #12]
 7310 00b4 43F00203 		orr	r3, r3, #2
 7311 00b8 D360     		str	r3, [r2, #12]
 7312              	.L1059:
 7313 00ba 2268     		ldr	r2, [r4]
 7314 00bc 1368     		ldr	r3, [r2]
 7315 00be 43F00103 		orr	r3, r3, #1
 7316 00c2 1360     		str	r3, [r2]
 7317 00c4 0020     		movs	r0, #0
 7318 00c6 0BE0     		b	.L1053
 7319              	.L1057:
 7320 00c8 0122     		movs	r2, #1
 7321 00ca 0421     		movs	r1, #4
 7322 00cc 2068     		ldr	r0, [r4]
 7323 00ce FFF7FEFF 		bl	TIM_CCxChannelCmd
 7324 00d2 2268     		ldr	r2, [r4]
 7325 00d4 D368     		ldr	r3, [r2, #12]
 7326 00d6 43F00403 		orr	r3, r3, #4
 7327 00da D360     		str	r3, [r2, #12]
 7328 00dc EDE7     		b	.L1059
 7329              	.L1060:
 7330 00de 0120     		movs	r0, #1
 7331              	.L1053:
 7332 00e0 38BD     		pop	{r3, r4, r5, pc}
 7333              	.L1061:
 7334 00e2 0120     		movs	r0, #1
 7335 00e4 FCE7     		b	.L1053
 7336              	.L1062:
 7337 00e6 1846     		mov	r0, r3
 7338 00e8 FAE7     		b	.L1053
 7339              	.L1063:
 7340 00ea 0120     		movs	r0, #1
 7341 00ec F8E7     		b	.L1053
 7342              	.L1064:
 7343 00ee 1846     		mov	r0, r3
 7344 00f0 F6E7     		b	.L1053
 7345              	.L1065:
 7346 00f2 1046     		mov	r0, r2
 7347 00f4 F4E7     		b	.L1053
 7349              		.section	.text.HAL_TIM_Encoder_Stop_IT,"ax",%progbits
 7350              		.align	1
 7351              		.global	HAL_TIM_Encoder_Stop_IT
 7352              		.syntax unified
 7353              		.thumb
 7354              		.thumb_func
 7356              	HAL_TIM_Encoder_Stop_IT:
 7357              		@ args = 0, pretend = 0, frame = 0
 7358              		@ frame_needed = 0, uses_anonymous_args = 0
ARM GAS  C:\Users\joabk\AppData\Local\Temp\ccrwML7P.s 			page 126


 7359 0000 38B5     		push	{r3, r4, r5, lr}
 7360 0002 0446     		mov	r4, r0
 7361 0004 0D46     		mov	r5, r1
 7362 0006 0029     		cmp	r1, #0
 7363 0008 31D0     		beq	.L1080
 7364 000a 0429     		cmp	r1, #4
 7365 000c 3AD0     		beq	.L1081
 7366 000e 0022     		movs	r2, #0
 7367 0010 1146     		mov	r1, r2
 7368 0012 0068     		ldr	r0, [r0]
 7369 0014 FFF7FEFF 		bl	TIM_CCxChannelCmd
 7370 0018 0022     		movs	r2, #0
 7371 001a 0421     		movs	r1, #4
 7372 001c 2068     		ldr	r0, [r4]
 7373 001e FFF7FEFF 		bl	TIM_CCxChannelCmd
 7374 0022 2268     		ldr	r2, [r4]
 7375 0024 D368     		ldr	r3, [r2, #12]
 7376 0026 23F00203 		bic	r3, r3, #2
 7377 002a D360     		str	r3, [r2, #12]
 7378 002c 2268     		ldr	r2, [r4]
 7379 002e D368     		ldr	r3, [r2, #12]
 7380 0030 23F00403 		bic	r3, r3, #4
 7381 0034 D360     		str	r3, [r2, #12]
 7382              	.L1071:
 7383 0036 2368     		ldr	r3, [r4]
 7384 0038 196A     		ldr	r1, [r3, #32]
 7385 003a 41F21112 		movw	r2, #4369
 7386 003e 1142     		tst	r1, r2
 7387 0040 08D1     		bne	.L1073
 7388 0042 196A     		ldr	r1, [r3, #32]
 7389 0044 40F24442 		movw	r2, #1092
 7390 0048 1142     		tst	r1, r2
 7391 004a 03D1     		bne	.L1073
 7392 004c 1A68     		ldr	r2, [r3]
 7393 004e 22F00102 		bic	r2, r2, #1
 7394 0052 1A60     		str	r2, [r3]
 7395              	.L1073:
 7396 0054 0DB3     		cbz	r5, .L1074
 7397 0056 042D     		cmp	r5, #4
 7398 0058 26D0     		beq	.L1082
 7399 005a 0123     		movs	r3, #1
 7400 005c 84F83E30 		strb	r3, [r4, #62]
 7401 0060 84F83F30 		strb	r3, [r4, #63]
 7402 0064 84F84230 		strb	r3, [r4, #66]
 7403 0068 84F84330 		strb	r3, [r4, #67]
 7404 006c 1AE0     		b	.L1077
 7405              	.L1080:
 7406 006e 0022     		movs	r2, #0
 7407 0070 1146     		mov	r1, r2
 7408 0072 0068     		ldr	r0, [r0]
 7409 0074 FFF7FEFF 		bl	TIM_CCxChannelCmd
 7410 0078 2268     		ldr	r2, [r4]
 7411 007a D368     		ldr	r3, [r2, #12]
 7412 007c 23F00203 		bic	r3, r3, #2
 7413 0080 D360     		str	r3, [r2, #12]
 7414 0082 D8E7     		b	.L1071
 7415              	.L1081:
ARM GAS  C:\Users\joabk\AppData\Local\Temp\ccrwML7P.s 			page 127


 7416 0084 0022     		movs	r2, #0
 7417 0086 0421     		movs	r1, #4
 7418 0088 0068     		ldr	r0, [r0]
 7419 008a FFF7FEFF 		bl	TIM_CCxChannelCmd
 7420 008e 2268     		ldr	r2, [r4]
 7421 0090 D368     		ldr	r3, [r2, #12]
 7422 0092 23F00403 		bic	r3, r3, #4
 7423 0096 D360     		str	r3, [r2, #12]
 7424 0098 CDE7     		b	.L1071
 7425              	.L1074:
 7426 009a 0123     		movs	r3, #1
 7427 009c 84F83E30 		strb	r3, [r4, #62]
 7428 00a0 84F84230 		strb	r3, [r4, #66]
 7429              	.L1077:
 7430 00a4 0020     		movs	r0, #0
 7431 00a6 38BD     		pop	{r3, r4, r5, pc}
 7432              	.L1082:
 7433 00a8 0123     		movs	r3, #1
 7434 00aa 84F83F30 		strb	r3, [r4, #63]
 7435 00ae 84F84330 		strb	r3, [r4, #67]
 7436 00b2 F7E7     		b	.L1077
 7438              		.section	.text.HAL_TIM_Encoder_Start_DMA,"ax",%progbits
 7439              		.align	1
 7440              		.global	HAL_TIM_Encoder_Start_DMA
 7441              		.syntax unified
 7442              		.thumb
 7443              		.thumb_func
 7445              	HAL_TIM_Encoder_Start_DMA:
 7446              		@ args = 4, pretend = 0, frame = 0
 7447              		@ frame_needed = 0, uses_anonymous_args = 0
 7448 0000 F8B5     		push	{r3, r4, r5, r6, r7, lr}
 7449 0002 0446     		mov	r4, r0
 7450 0004 1E46     		mov	r6, r3
 7451 0006 BDF81870 		ldrh	r7, [sp, #24]
 7452 000a 90F83E50 		ldrb	r5, [r0, #62]	@ zero_extendqisi2
 7453 000e EDB2     		uxtb	r5, r5
 7454 0010 90F83F00 		ldrb	r0, [r0, #63]	@ zero_extendqisi2
 7455 0014 5FFA80FC 		uxtb	ip, r0
 7456 0018 94F84200 		ldrb	r0, [r4, #66]	@ zero_extendqisi2
 7457 001c C0B2     		uxtb	r0, r0
 7458 001e 94F84330 		ldrb	r3, [r4, #67]	@ zero_extendqisi2
 7459 0022 8E46     		mov	lr, r1
 7460 0024 0029     		cmp	r1, #0
 7461 0026 31D1     		bne	.L1084
 7462 0028 022D     		cmp	r5, #2
 7463 002a 00F0F180 		beq	.L1085
 7464 002e 0228     		cmp	r0, #2
 7465 0030 00F0EB80 		beq	.L1091
 7466 0034 012D     		cmp	r5, #1
 7467 0036 40F0EA80 		bne	.L1092
 7468 003a 0128     		cmp	r0, #1
 7469 003c 40F0E880 		bne	.L1085
 7470 0040 002A     		cmp	r2, #0
 7471 0042 00F0E780 		beq	.L1093
 7472 0046 002F     		cmp	r7, #0
 7473 0048 00F0E680 		beq	.L1094
 7474 004c 0223     		movs	r3, #2
ARM GAS  C:\Users\joabk\AppData\Local\Temp\ccrwML7P.s 			page 128


 7475 004e 84F83E30 		strb	r3, [r4, #62]
 7476 0052 84F84230 		strb	r3, [r4, #66]
 7477              	.L1086:
 7478 0056 BEF1000F 		cmp	lr, #0
 7479 005a 61D0     		beq	.L1088
 7480 005c BEF1040F 		cmp	lr, #4
 7481 0060 00F08180 		beq	.L1089
 7482 0064 636A     		ldr	r3, [r4, #36]
 7483 0066 7C49     		ldr	r1, .L1121
 7484 0068 D963     		str	r1, [r3, #60]
 7485 006a 636A     		ldr	r3, [r4, #36]
 7486 006c 7B49     		ldr	r1, .L1121+4
 7487 006e 1964     		str	r1, [r3, #64]
 7488 0070 636A     		ldr	r3, [r4, #36]
 7489 0072 7B49     		ldr	r1, .L1121+8
 7490 0074 D964     		str	r1, [r3, #76]
 7491 0076 2168     		ldr	r1, [r4]
 7492 0078 3B46     		mov	r3, r7
 7493 007a 3431     		adds	r1, r1, #52
 7494 007c 606A     		ldr	r0, [r4, #36]
 7495 007e FFF7FEFF 		bl	HAL_DMA_Start_IT
 7496 0082 0028     		cmp	r0, #0
 7497 0084 00F09380 		beq	.L1116
 7498 0088 0125     		movs	r5, #1
 7499 008a C1E0     		b	.L1085
 7500              	.L1084:
 7501 008c DBB2     		uxtb	r3, r3
 7502 008e 0429     		cmp	r1, #4
 7503 0090 2CD0     		beq	.L1117
 7504 0092 022D     		cmp	r5, #2
 7505 0094 00F0BC80 		beq	.L1085
 7506 0098 BCF1020F 		cmp	ip, #2
 7507 009c 00F0CA80 		beq	.L1101
 7508 00a0 0228     		cmp	r0, #2
 7509 00a2 00F0C980 		beq	.L1102
 7510 00a6 022B     		cmp	r3, #2
 7511 00a8 00F0C880 		beq	.L1103
 7512 00ac 012D     		cmp	r5, #1
 7513 00ae 40F0C780 		bne	.L1104
 7514 00b2 BCF1010F 		cmp	ip, #1
 7515 00b6 40F0AB80 		bne	.L1085
 7516 00ba 0128     		cmp	r0, #1
 7517 00bc 40F0C280 		bne	.L1105
 7518 00c0 012B     		cmp	r3, #1
 7519 00c2 40F0C180 		bne	.L1106
 7520 00c6 002A     		cmp	r2, #0
 7521 00c8 00F0C080 		beq	.L1107
 7522 00cc 002E     		cmp	r6, #0
 7523 00ce 00F0BF80 		beq	.L1108
 7524 00d2 002F     		cmp	r7, #0
 7525 00d4 00F0BE80 		beq	.L1109
 7526 00d8 0223     		movs	r3, #2
 7527 00da 84F83E30 		strb	r3, [r4, #62]
 7528 00de 84F83F30 		strb	r3, [r4, #63]
 7529 00e2 84F84230 		strb	r3, [r4, #66]
 7530 00e6 84F84330 		strb	r3, [r4, #67]
 7531 00ea B4E7     		b	.L1086
ARM GAS  C:\Users\joabk\AppData\Local\Temp\ccrwML7P.s 			page 129


 7532              	.L1117:
 7533 00ec BCF1020F 		cmp	ip, #2
 7534 00f0 00F09480 		beq	.L1095
 7535 00f4 022B     		cmp	r3, #2
 7536 00f6 00F09380 		beq	.L1096
 7537 00fa BCF1010F 		cmp	ip, #1
 7538 00fe 40F09180 		bne	.L1097
 7539 0102 012B     		cmp	r3, #1
 7540 0104 40F09080 		bne	.L1098
 7541 0108 002E     		cmp	r6, #0
 7542 010a 00F08F80 		beq	.L1099
 7543 010e 002F     		cmp	r7, #0
 7544 0110 00F08E80 		beq	.L1100
 7545 0114 0223     		movs	r3, #2
 7546 0116 84F83F30 		strb	r3, [r4, #63]
 7547 011a 84F84330 		strb	r3, [r4, #67]
 7548 011e 9AE7     		b	.L1086
 7549              	.L1088:
 7550 0120 636A     		ldr	r3, [r4, #36]
 7551 0122 4D49     		ldr	r1, .L1121
 7552 0124 D963     		str	r1, [r3, #60]
 7553 0126 636A     		ldr	r3, [r4, #36]
 7554 0128 4C49     		ldr	r1, .L1121+4
 7555 012a 1964     		str	r1, [r3, #64]
 7556 012c 636A     		ldr	r3, [r4, #36]
 7557 012e 4C49     		ldr	r1, .L1121+8
 7558 0130 D964     		str	r1, [r3, #76]
 7559 0132 2168     		ldr	r1, [r4]
 7560 0134 3B46     		mov	r3, r7
 7561 0136 3431     		adds	r1, r1, #52
 7562 0138 606A     		ldr	r0, [r4, #36]
 7563 013a FFF7FEFF 		bl	HAL_DMA_Start_IT
 7564 013e 0546     		mov	r5, r0
 7565 0140 08B1     		cbz	r0, .L1118
 7566 0142 0125     		movs	r5, #1
 7567 0144 64E0     		b	.L1085
 7568              	.L1118:
 7569 0146 2268     		ldr	r2, [r4]
 7570 0148 D368     		ldr	r3, [r2, #12]
 7571 014a 43F40073 		orr	r3, r3, #512
 7572 014e D360     		str	r3, [r2, #12]
 7573 0150 0122     		movs	r2, #1
 7574 0152 0021     		movs	r1, #0
 7575 0154 2068     		ldr	r0, [r4]
 7576 0156 FFF7FEFF 		bl	TIM_CCxChannelCmd
 7577 015a 2268     		ldr	r2, [r4]
 7578 015c 1368     		ldr	r3, [r2]
 7579 015e 43F00103 		orr	r3, r3, #1
 7580 0162 1360     		str	r3, [r2]
 7581 0164 54E0     		b	.L1085
 7582              	.L1089:
 7583 0166 A36A     		ldr	r3, [r4, #40]
 7584 0168 3B4A     		ldr	r2, .L1121
 7585 016a DA63     		str	r2, [r3, #60]
 7586 016c A36A     		ldr	r3, [r4, #40]
 7587 016e 3B4A     		ldr	r2, .L1121+4
 7588 0170 1A64     		str	r2, [r3, #64]
ARM GAS  C:\Users\joabk\AppData\Local\Temp\ccrwML7P.s 			page 130


 7589 0172 A36A     		ldr	r3, [r4, #40]
 7590 0174 3A4A     		ldr	r2, .L1121+8
 7591 0176 DA64     		str	r2, [r3, #76]
 7592 0178 2168     		ldr	r1, [r4]
 7593 017a 3B46     		mov	r3, r7
 7594 017c 3246     		mov	r2, r6
 7595 017e 3831     		adds	r1, r1, #56
 7596 0180 A06A     		ldr	r0, [r4, #40]
 7597 0182 FFF7FEFF 		bl	HAL_DMA_Start_IT
 7598 0186 0546     		mov	r5, r0
 7599 0188 08B1     		cbz	r0, .L1119
 7600 018a 0125     		movs	r5, #1
 7601 018c 40E0     		b	.L1085
 7602              	.L1119:
 7603 018e 2268     		ldr	r2, [r4]
 7604 0190 D368     		ldr	r3, [r2, #12]
 7605 0192 43F48063 		orr	r3, r3, #1024
 7606 0196 D360     		str	r3, [r2, #12]
 7607 0198 0122     		movs	r2, #1
 7608 019a 0421     		movs	r1, #4
 7609 019c 2068     		ldr	r0, [r4]
 7610 019e FFF7FEFF 		bl	TIM_CCxChannelCmd
 7611 01a2 2268     		ldr	r2, [r4]
 7612 01a4 1368     		ldr	r3, [r2]
 7613 01a6 43F00103 		orr	r3, r3, #1
 7614 01aa 1360     		str	r3, [r2]
 7615 01ac 30E0     		b	.L1085
 7616              	.L1116:
 7617 01ae A36A     		ldr	r3, [r4, #40]
 7618 01b0 294A     		ldr	r2, .L1121
 7619 01b2 DA63     		str	r2, [r3, #60]
 7620 01b4 A36A     		ldr	r3, [r4, #40]
 7621 01b6 294A     		ldr	r2, .L1121+4
 7622 01b8 1A64     		str	r2, [r3, #64]
 7623 01ba A36A     		ldr	r3, [r4, #40]
 7624 01bc 284A     		ldr	r2, .L1121+8
 7625 01be DA64     		str	r2, [r3, #76]
 7626 01c0 2168     		ldr	r1, [r4]
 7627 01c2 3B46     		mov	r3, r7
 7628 01c4 3246     		mov	r2, r6
 7629 01c6 3831     		adds	r1, r1, #56
 7630 01c8 A06A     		ldr	r0, [r4, #40]
 7631 01ca FFF7FEFF 		bl	HAL_DMA_Start_IT
 7632 01ce 0546     		mov	r5, r0
 7633 01d0 08B1     		cbz	r0, .L1120
 7634 01d2 0125     		movs	r5, #1
 7635 01d4 1CE0     		b	.L1085
 7636              	.L1120:
 7637 01d6 2268     		ldr	r2, [r4]
 7638 01d8 D368     		ldr	r3, [r2, #12]
 7639 01da 43F40073 		orr	r3, r3, #512
 7640 01de D360     		str	r3, [r2, #12]
 7641 01e0 2268     		ldr	r2, [r4]
 7642 01e2 D368     		ldr	r3, [r2, #12]
 7643 01e4 43F48063 		orr	r3, r3, #1024
 7644 01e8 D360     		str	r3, [r2, #12]
 7645 01ea 0122     		movs	r2, #1
ARM GAS  C:\Users\joabk\AppData\Local\Temp\ccrwML7P.s 			page 131


 7646 01ec 0021     		movs	r1, #0
 7647 01ee 2068     		ldr	r0, [r4]
 7648 01f0 FFF7FEFF 		bl	TIM_CCxChannelCmd
 7649 01f4 0122     		movs	r2, #1
 7650 01f6 0421     		movs	r1, #4
 7651 01f8 2068     		ldr	r0, [r4]
 7652 01fa FFF7FEFF 		bl	TIM_CCxChannelCmd
 7653 01fe 2268     		ldr	r2, [r4]
 7654 0200 1368     		ldr	r3, [r2]
 7655 0202 43F00103 		orr	r3, r3, #1
 7656 0206 1360     		str	r3, [r2]
 7657 0208 02E0     		b	.L1085
 7658              	.L1091:
 7659 020a 0546     		mov	r5, r0
 7660 020c 00E0     		b	.L1085
 7661              	.L1092:
 7662 020e 0125     		movs	r5, #1
 7663              	.L1085:
 7664 0210 2846     		mov	r0, r5
 7665 0212 F8BD     		pop	{r3, r4, r5, r6, r7, pc}
 7666              	.L1093:
 7667 0214 0546     		mov	r5, r0
 7668 0216 FBE7     		b	.L1085
 7669              	.L1094:
 7670 0218 0546     		mov	r5, r0
 7671 021a F9E7     		b	.L1085
 7672              	.L1095:
 7673 021c 6546     		mov	r5, ip
 7674 021e F7E7     		b	.L1085
 7675              	.L1096:
 7676 0220 1D46     		mov	r5, r3
 7677 0222 F5E7     		b	.L1085
 7678              	.L1097:
 7679 0224 0125     		movs	r5, #1
 7680 0226 F3E7     		b	.L1085
 7681              	.L1098:
 7682 0228 6546     		mov	r5, ip
 7683 022a F1E7     		b	.L1085
 7684              	.L1099:
 7685 022c 1D46     		mov	r5, r3
 7686 022e EFE7     		b	.L1085
 7687              	.L1100:
 7688 0230 1D46     		mov	r5, r3
 7689 0232 EDE7     		b	.L1085
 7690              	.L1101:
 7691 0234 6546     		mov	r5, ip
 7692 0236 EBE7     		b	.L1085
 7693              	.L1102:
 7694 0238 0546     		mov	r5, r0
 7695 023a E9E7     		b	.L1085
 7696              	.L1103:
 7697 023c 1D46     		mov	r5, r3
 7698 023e E7E7     		b	.L1085
 7699              	.L1104:
 7700 0240 0125     		movs	r5, #1
 7701 0242 E5E7     		b	.L1085
 7702              	.L1105:
ARM GAS  C:\Users\joabk\AppData\Local\Temp\ccrwML7P.s 			page 132


 7703 0244 6546     		mov	r5, ip
 7704 0246 E3E7     		b	.L1085
 7705              	.L1106:
 7706 0248 0546     		mov	r5, r0
 7707 024a E1E7     		b	.L1085
 7708              	.L1107:
 7709 024c 1D46     		mov	r5, r3
 7710 024e DFE7     		b	.L1085
 7711              	.L1108:
 7712 0250 1D46     		mov	r5, r3
 7713 0252 DDE7     		b	.L1085
 7714              	.L1109:
 7715 0254 1D46     		mov	r5, r3
 7716 0256 DBE7     		b	.L1085
 7717              	.L1122:
 7718              		.align	2
 7719              	.L1121:
 7720 0258 00000000 		.word	TIM_DMACaptureCplt
 7721 025c 00000000 		.word	TIM_DMACaptureHalfCplt
 7722 0260 00000000 		.word	TIM_DMAError
 7724              		.section	.text.HAL_TIM_Encoder_Stop_DMA,"ax",%progbits
 7725              		.align	1
 7726              		.global	HAL_TIM_Encoder_Stop_DMA
 7727              		.syntax unified
 7728              		.thumb
 7729              		.thumb_func
 7731              	HAL_TIM_Encoder_Stop_DMA:
 7732              		@ args = 0, pretend = 0, frame = 0
 7733              		@ frame_needed = 0, uses_anonymous_args = 0
 7734 0000 38B5     		push	{r3, r4, r5, lr}
 7735 0002 0446     		mov	r4, r0
 7736 0004 0D46     		mov	r5, r1
 7737 0006 0029     		cmp	r1, #0
 7738 0008 37D0     		beq	.L1134
 7739 000a 0429     		cmp	r1, #4
 7740 000c 43D0     		beq	.L1135
 7741 000e 0022     		movs	r2, #0
 7742 0010 1146     		mov	r1, r2
 7743 0012 0068     		ldr	r0, [r0]
 7744 0014 FFF7FEFF 		bl	TIM_CCxChannelCmd
 7745 0018 0022     		movs	r2, #0
 7746 001a 0421     		movs	r1, #4
 7747 001c 2068     		ldr	r0, [r4]
 7748 001e FFF7FEFF 		bl	TIM_CCxChannelCmd
 7749 0022 2268     		ldr	r2, [r4]
 7750 0024 D368     		ldr	r3, [r2, #12]
 7751 0026 23F40073 		bic	r3, r3, #512
 7752 002a D360     		str	r3, [r2, #12]
 7753 002c 2268     		ldr	r2, [r4]
 7754 002e D368     		ldr	r3, [r2, #12]
 7755 0030 23F48063 		bic	r3, r3, #1024
 7756 0034 D360     		str	r3, [r2, #12]
 7757 0036 606A     		ldr	r0, [r4, #36]
 7758 0038 FFF7FEFF 		bl	HAL_DMA_Abort_IT
 7759 003c A06A     		ldr	r0, [r4, #40]
 7760 003e FFF7FEFF 		bl	HAL_DMA_Abort_IT
 7761              	.L1125:
ARM GAS  C:\Users\joabk\AppData\Local\Temp\ccrwML7P.s 			page 133


 7762 0042 2368     		ldr	r3, [r4]
 7763 0044 196A     		ldr	r1, [r3, #32]
 7764 0046 41F21112 		movw	r2, #4369
 7765 004a 1142     		tst	r1, r2
 7766 004c 08D1     		bne	.L1127
 7767 004e 196A     		ldr	r1, [r3, #32]
 7768 0050 40F24442 		movw	r2, #1092
 7769 0054 1142     		tst	r1, r2
 7770 0056 03D1     		bne	.L1127
 7771 0058 1A68     		ldr	r2, [r3]
 7772 005a 22F00102 		bic	r2, r2, #1
 7773 005e 1A60     		str	r2, [r3]
 7774              	.L1127:
 7775 0060 3DB3     		cbz	r5, .L1128
 7776 0062 042D     		cmp	r5, #4
 7777 0064 2CD0     		beq	.L1136
 7778 0066 0123     		movs	r3, #1
 7779 0068 84F83E30 		strb	r3, [r4, #62]
 7780 006c 84F83F30 		strb	r3, [r4, #63]
 7781 0070 84F84230 		strb	r3, [r4, #66]
 7782 0074 84F84330 		strb	r3, [r4, #67]
 7783 0078 20E0     		b	.L1131
 7784              	.L1134:
 7785 007a 0022     		movs	r2, #0
 7786 007c 1146     		mov	r1, r2
 7787 007e 0068     		ldr	r0, [r0]
 7788 0080 FFF7FEFF 		bl	TIM_CCxChannelCmd
 7789 0084 2268     		ldr	r2, [r4]
 7790 0086 D368     		ldr	r3, [r2, #12]
 7791 0088 23F40073 		bic	r3, r3, #512
 7792 008c D360     		str	r3, [r2, #12]
 7793 008e 606A     		ldr	r0, [r4, #36]
 7794 0090 FFF7FEFF 		bl	HAL_DMA_Abort_IT
 7795 0094 D5E7     		b	.L1125
 7796              	.L1135:
 7797 0096 0022     		movs	r2, #0
 7798 0098 0421     		movs	r1, #4
 7799 009a 0068     		ldr	r0, [r0]
 7800 009c FFF7FEFF 		bl	TIM_CCxChannelCmd
 7801 00a0 2268     		ldr	r2, [r4]
 7802 00a2 D368     		ldr	r3, [r2, #12]
 7803 00a4 23F48063 		bic	r3, r3, #1024
 7804 00a8 D360     		str	r3, [r2, #12]
 7805 00aa A06A     		ldr	r0, [r4, #40]
 7806 00ac FFF7FEFF 		bl	HAL_DMA_Abort_IT
 7807 00b0 C7E7     		b	.L1125
 7808              	.L1128:
 7809 00b2 0123     		movs	r3, #1
 7810 00b4 84F83E30 		strb	r3, [r4, #62]
 7811 00b8 84F84230 		strb	r3, [r4, #66]
 7812              	.L1131:
 7813 00bc 0020     		movs	r0, #0
 7814 00be 38BD     		pop	{r3, r4, r5, pc}
 7815              	.L1136:
 7816 00c0 0123     		movs	r3, #1
 7817 00c2 84F83F30 		strb	r3, [r4, #63]
 7818 00c6 84F84330 		strb	r3, [r4, #67]
ARM GAS  C:\Users\joabk\AppData\Local\Temp\ccrwML7P.s 			page 134


 7819 00ca F7E7     		b	.L1131
 7821              		.ident	"GCC: (xPack GNU Arm Embedded GCC x86_64) 13.3.1 20240614"
ARM GAS  C:\Users\joabk\AppData\Local\Temp\ccrwML7P.s 			page 135


DEFINED SYMBOLS
                            *ABS*:00000000 stm32f4xx_hal_tim.c
C:\Users\joabk\AppData\Local\Temp\ccrwML7P.s:18     .text.TIM_OC1_SetConfig:00000000 $t
C:\Users\joabk\AppData\Local\Temp\ccrwML7P.s:23     .text.TIM_OC1_SetConfig:00000000 TIM_OC1_SetConfig
C:\Users\joabk\AppData\Local\Temp\ccrwML7P.s:65     .text.TIM_OC1_SetConfig:00000050 $d
C:\Users\joabk\AppData\Local\Temp\ccrwML7P.s:68     .text.TIM_OC3_SetConfig:00000000 $t
C:\Users\joabk\AppData\Local\Temp\ccrwML7P.s:73     .text.TIM_OC3_SetConfig:00000000 TIM_OC3_SetConfig
C:\Users\joabk\AppData\Local\Temp\ccrwML7P.s:115    .text.TIM_OC3_SetConfig:00000058 $d
C:\Users\joabk\AppData\Local\Temp\ccrwML7P.s:118    .text.TIM_OC4_SetConfig:00000000 $t
C:\Users\joabk\AppData\Local\Temp\ccrwML7P.s:123    .text.TIM_OC4_SetConfig:00000000 TIM_OC4_SetConfig
C:\Users\joabk\AppData\Local\Temp\ccrwML7P.s:159    .text.TIM_OC4_SetConfig:00000044 $d
C:\Users\joabk\AppData\Local\Temp\ccrwML7P.s:162    .text.TIM_TI1_ConfigInputStage:00000000 $t
C:\Users\joabk\AppData\Local\Temp\ccrwML7P.s:167    .text.TIM_TI1_ConfigInputStage:00000000 TIM_TI1_ConfigInputStage
C:\Users\joabk\AppData\Local\Temp\ccrwML7P.s:187    .text.TIM_TI2_SetConfig:00000000 $t
C:\Users\joabk\AppData\Local\Temp\ccrwML7P.s:192    .text.TIM_TI2_SetConfig:00000000 TIM_TI2_SetConfig
C:\Users\joabk\AppData\Local\Temp\ccrwML7P.s:218    .text.TIM_TI2_ConfigInputStage:00000000 $t
C:\Users\joabk\AppData\Local\Temp\ccrwML7P.s:223    .text.TIM_TI2_ConfigInputStage:00000000 TIM_TI2_ConfigInputStage
C:\Users\joabk\AppData\Local\Temp\ccrwML7P.s:243    .text.TIM_TI3_SetConfig:00000000 $t
C:\Users\joabk\AppData\Local\Temp\ccrwML7P.s:248    .text.TIM_TI3_SetConfig:00000000 TIM_TI3_SetConfig
C:\Users\joabk\AppData\Local\Temp\ccrwML7P.s:274    .text.TIM_TI4_SetConfig:00000000 $t
C:\Users\joabk\AppData\Local\Temp\ccrwML7P.s:279    .text.TIM_TI4_SetConfig:00000000 TIM_TI4_SetConfig
C:\Users\joabk\AppData\Local\Temp\ccrwML7P.s:305    .text.TIM_ITRx_SetConfig:00000000 $t
C:\Users\joabk\AppData\Local\Temp\ccrwML7P.s:310    .text.TIM_ITRx_SetConfig:00000000 TIM_ITRx_SetConfig
C:\Users\joabk\AppData\Local\Temp\ccrwML7P.s:322    .text.HAL_TIM_Base_MspInit:00000000 $t
C:\Users\joabk\AppData\Local\Temp\ccrwML7P.s:328    .text.HAL_TIM_Base_MspInit:00000000 HAL_TIM_Base_MspInit
C:\Users\joabk\AppData\Local\Temp\ccrwML7P.s:335    .text.HAL_TIM_Base_MspDeInit:00000000 $t
C:\Users\joabk\AppData\Local\Temp\ccrwML7P.s:341    .text.HAL_TIM_Base_MspDeInit:00000000 HAL_TIM_Base_MspDeInit
C:\Users\joabk\AppData\Local\Temp\ccrwML7P.s:348    .text.HAL_TIM_Base_DeInit:00000000 $t
C:\Users\joabk\AppData\Local\Temp\ccrwML7P.s:354    .text.HAL_TIM_Base_DeInit:00000000 HAL_TIM_Base_DeInit
C:\Users\joabk\AppData\Local\Temp\ccrwML7P.s:391    .text.HAL_TIM_Base_Start:00000000 $t
C:\Users\joabk\AppData\Local\Temp\ccrwML7P.s:397    .text.HAL_TIM_Base_Start:00000000 HAL_TIM_Base_Start
C:\Users\joabk\AppData\Local\Temp\ccrwML7P.s:449    .text.HAL_TIM_Base_Start:00000068 $d
C:\Users\joabk\AppData\Local\Temp\ccrwML7P.s:452    .text.HAL_TIM_Base_Stop:00000000 $t
C:\Users\joabk\AppData\Local\Temp\ccrwML7P.s:458    .text.HAL_TIM_Base_Stop:00000000 HAL_TIM_Base_Stop
C:\Users\joabk\AppData\Local\Temp\ccrwML7P.s:481    .text.HAL_TIM_Base_Start_IT:00000000 $t
C:\Users\joabk\AppData\Local\Temp\ccrwML7P.s:487    .text.HAL_TIM_Base_Start_IT:00000000 HAL_TIM_Base_Start_IT
C:\Users\joabk\AppData\Local\Temp\ccrwML7P.s:543    .text.HAL_TIM_Base_Start_IT:00000074 $d
C:\Users\joabk\AppData\Local\Temp\ccrwML7P.s:546    .text.HAL_TIM_Base_Stop_IT:00000000 $t
C:\Users\joabk\AppData\Local\Temp\ccrwML7P.s:552    .text.HAL_TIM_Base_Stop_IT:00000000 HAL_TIM_Base_Stop_IT
C:\Users\joabk\AppData\Local\Temp\ccrwML7P.s:579    .text.HAL_TIM_Base_Start_DMA:00000000 $t
C:\Users\joabk\AppData\Local\Temp\ccrwML7P.s:585    .text.HAL_TIM_Base_Start_DMA:00000000 HAL_TIM_Base_Start_DMA
C:\Users\joabk\AppData\Local\Temp\ccrwML7P.s:668    .text.HAL_TIM_Base_Start_DMA:000000b0 $d
C:\Users\joabk\AppData\Local\Temp\ccrwML7P.s:1776   .text.TIM_DMAPeriodElapsedCplt:00000000 TIM_DMAPeriodElapsedCplt
C:\Users\joabk\AppData\Local\Temp\ccrwML7P.s:1809   .text.TIM_DMAPeriodElapsedHalfCplt:00000000 TIM_DMAPeriodElapsedHalfCplt
C:\Users\joabk\AppData\Local\Temp\ccrwML7P.s:2351   .text.TIM_DMAError:00000000 TIM_DMAError
C:\Users\joabk\AppData\Local\Temp\ccrwML7P.s:674    .text.HAL_TIM_Base_Stop_DMA:00000000 $t
C:\Users\joabk\AppData\Local\Temp\ccrwML7P.s:680    .text.HAL_TIM_Base_Stop_DMA:00000000 HAL_TIM_Base_Stop_DMA
C:\Users\joabk\AppData\Local\Temp\ccrwML7P.s:710    .text.HAL_TIM_OC_MspInit:00000000 $t
C:\Users\joabk\AppData\Local\Temp\ccrwML7P.s:716    .text.HAL_TIM_OC_MspInit:00000000 HAL_TIM_OC_MspInit
C:\Users\joabk\AppData\Local\Temp\ccrwML7P.s:723    .text.HAL_TIM_OC_MspDeInit:00000000 $t
C:\Users\joabk\AppData\Local\Temp\ccrwML7P.s:729    .text.HAL_TIM_OC_MspDeInit:00000000 HAL_TIM_OC_MspDeInit
C:\Users\joabk\AppData\Local\Temp\ccrwML7P.s:736    .text.HAL_TIM_OC_DeInit:00000000 $t
C:\Users\joabk\AppData\Local\Temp\ccrwML7P.s:742    .text.HAL_TIM_OC_DeInit:00000000 HAL_TIM_OC_DeInit
C:\Users\joabk\AppData\Local\Temp\ccrwML7P.s:779    .text.HAL_TIM_PWM_MspInit:00000000 $t
C:\Users\joabk\AppData\Local\Temp\ccrwML7P.s:785    .text.HAL_TIM_PWM_MspInit:00000000 HAL_TIM_PWM_MspInit
C:\Users\joabk\AppData\Local\Temp\ccrwML7P.s:792    .text.HAL_TIM_PWM_MspDeInit:00000000 $t
C:\Users\joabk\AppData\Local\Temp\ccrwML7P.s:798    .text.HAL_TIM_PWM_MspDeInit:00000000 HAL_TIM_PWM_MspDeInit
ARM GAS  C:\Users\joabk\AppData\Local\Temp\ccrwML7P.s 			page 136


C:\Users\joabk\AppData\Local\Temp\ccrwML7P.s:805    .text.HAL_TIM_PWM_DeInit:00000000 $t
C:\Users\joabk\AppData\Local\Temp\ccrwML7P.s:811    .text.HAL_TIM_PWM_DeInit:00000000 HAL_TIM_PWM_DeInit
C:\Users\joabk\AppData\Local\Temp\ccrwML7P.s:848    .text.HAL_TIM_IC_MspInit:00000000 $t
C:\Users\joabk\AppData\Local\Temp\ccrwML7P.s:854    .text.HAL_TIM_IC_MspInit:00000000 HAL_TIM_IC_MspInit
C:\Users\joabk\AppData\Local\Temp\ccrwML7P.s:861    .text.HAL_TIM_IC_MspDeInit:00000000 $t
C:\Users\joabk\AppData\Local\Temp\ccrwML7P.s:867    .text.HAL_TIM_IC_MspDeInit:00000000 HAL_TIM_IC_MspDeInit
C:\Users\joabk\AppData\Local\Temp\ccrwML7P.s:874    .text.HAL_TIM_IC_DeInit:00000000 $t
C:\Users\joabk\AppData\Local\Temp\ccrwML7P.s:880    .text.HAL_TIM_IC_DeInit:00000000 HAL_TIM_IC_DeInit
C:\Users\joabk\AppData\Local\Temp\ccrwML7P.s:917    .text.HAL_TIM_OnePulse_MspInit:00000000 $t
C:\Users\joabk\AppData\Local\Temp\ccrwML7P.s:923    .text.HAL_TIM_OnePulse_MspInit:00000000 HAL_TIM_OnePulse_MspInit
C:\Users\joabk\AppData\Local\Temp\ccrwML7P.s:930    .text.HAL_TIM_OnePulse_MspDeInit:00000000 $t
C:\Users\joabk\AppData\Local\Temp\ccrwML7P.s:936    .text.HAL_TIM_OnePulse_MspDeInit:00000000 HAL_TIM_OnePulse_MspDeInit
C:\Users\joabk\AppData\Local\Temp\ccrwML7P.s:943    .text.HAL_TIM_OnePulse_DeInit:00000000 $t
C:\Users\joabk\AppData\Local\Temp\ccrwML7P.s:949    .text.HAL_TIM_OnePulse_DeInit:00000000 HAL_TIM_OnePulse_DeInit
C:\Users\joabk\AppData\Local\Temp\ccrwML7P.s:982    .text.HAL_TIM_Encoder_MspInit:00000000 $t
C:\Users\joabk\AppData\Local\Temp\ccrwML7P.s:988    .text.HAL_TIM_Encoder_MspInit:00000000 HAL_TIM_Encoder_MspInit
C:\Users\joabk\AppData\Local\Temp\ccrwML7P.s:995    .text.HAL_TIM_Encoder_MspDeInit:00000000 $t
C:\Users\joabk\AppData\Local\Temp\ccrwML7P.s:1001   .text.HAL_TIM_Encoder_MspDeInit:00000000 HAL_TIM_Encoder_MspDeInit
C:\Users\joabk\AppData\Local\Temp\ccrwML7P.s:1008   .text.HAL_TIM_Encoder_DeInit:00000000 $t
C:\Users\joabk\AppData\Local\Temp\ccrwML7P.s:1014   .text.HAL_TIM_Encoder_DeInit:00000000 HAL_TIM_Encoder_DeInit
C:\Users\joabk\AppData\Local\Temp\ccrwML7P.s:1047   .text.HAL_TIM_DMABurst_MultiWriteStart:00000000 $t
C:\Users\joabk\AppData\Local\Temp\ccrwML7P.s:1053   .text.HAL_TIM_DMABurst_MultiWriteStart:00000000 HAL_TIM_DMABurst_MultiWriteStart
C:\Users\joabk\AppData\Local\Temp\ccrwML7P.s:1250   .text.HAL_TIM_DMABurst_MultiWriteStart:00000188 $d
C:\Users\joabk\AppData\Local\Temp\ccrwML7P.s:1991   .text.TIM_DMADelayPulseCplt:00000000 TIM_DMADelayPulseCplt
C:\Users\joabk\AppData\Local\Temp\ccrwML7P.s:2071   .text.TIM_DMADelayPulseHalfCplt:00000000 TIM_DMADelayPulseHalfCplt
C:\Users\joabk\AppData\Local\Temp\ccrwML7P.s:2290   .text.TIM_DMATriggerCplt:00000000 TIM_DMATriggerCplt
C:\Users\joabk\AppData\Local\Temp\ccrwML7P.s:2323   .text.TIM_DMATriggerHalfCplt:00000000 TIM_DMATriggerHalfCplt
C:\Users\joabk\AppData\Local\Temp\ccrwML7P.s:1261   .text.HAL_TIM_DMABurst_WriteStart:00000000 $t
C:\Users\joabk\AppData\Local\Temp\ccrwML7P.s:1267   .text.HAL_TIM_DMABurst_WriteStart:00000000 HAL_TIM_DMABurst_WriteStart
C:\Users\joabk\AppData\Local\Temp\ccrwML7P.s:1283   .text.HAL_TIM_DMABurst_WriteStop:00000000 $t
C:\Users\joabk\AppData\Local\Temp\ccrwML7P.s:1289   .text.HAL_TIM_DMABurst_WriteStop:00000000 HAL_TIM_DMABurst_WriteStop
C:\Users\joabk\AppData\Local\Temp\ccrwML7P.s:1354   .text.HAL_TIM_DMABurst_MultiReadStart:00000000 $t
C:\Users\joabk\AppData\Local\Temp\ccrwML7P.s:1360   .text.HAL_TIM_DMABurst_MultiReadStart:00000000 HAL_TIM_DMABurst_MultiReadStart
C:\Users\joabk\AppData\Local\Temp\ccrwML7P.s:1557   .text.HAL_TIM_DMABurst_MultiReadStart:00000188 $d
C:\Users\joabk\AppData\Local\Temp\ccrwML7P.s:1850   .text.TIM_DMACaptureCplt:00000000 TIM_DMACaptureCplt
C:\Users\joabk\AppData\Local\Temp\ccrwML7P.s:1934   .text.TIM_DMACaptureHalfCplt:00000000 TIM_DMACaptureHalfCplt
C:\Users\joabk\AppData\Local\Temp\ccrwML7P.s:1568   .text.HAL_TIM_DMABurst_ReadStart:00000000 $t
C:\Users\joabk\AppData\Local\Temp\ccrwML7P.s:1574   .text.HAL_TIM_DMABurst_ReadStart:00000000 HAL_TIM_DMABurst_ReadStart
C:\Users\joabk\AppData\Local\Temp\ccrwML7P.s:1590   .text.HAL_TIM_DMABurst_ReadStop:00000000 $t
C:\Users\joabk\AppData\Local\Temp\ccrwML7P.s:1596   .text.HAL_TIM_DMABurst_ReadStop:00000000 HAL_TIM_DMABurst_ReadStop
C:\Users\joabk\AppData\Local\Temp\ccrwML7P.s:1661   .text.HAL_TIM_GenerateEvent:00000000 $t
C:\Users\joabk\AppData\Local\Temp\ccrwML7P.s:1667   .text.HAL_TIM_GenerateEvent:00000000 HAL_TIM_GenerateEvent
C:\Users\joabk\AppData\Local\Temp\ccrwML7P.s:1690   .text.HAL_TIM_ConfigTI1Input:00000000 $t
C:\Users\joabk\AppData\Local\Temp\ccrwML7P.s:1696   .text.HAL_TIM_ConfigTI1Input:00000000 HAL_TIM_ConfigTI1Input
C:\Users\joabk\AppData\Local\Temp\ccrwML7P.s:1709   .text.HAL_TIM_ReadCapturedValue:00000000 $t
C:\Users\joabk\AppData\Local\Temp\ccrwML7P.s:1715   .text.HAL_TIM_ReadCapturedValue:00000000 HAL_TIM_ReadCapturedValue
C:\Users\joabk\AppData\Local\Temp\ccrwML7P.s:1723   .text.HAL_TIM_ReadCapturedValue:00000008 $d
C:\Users\joabk\AppData\Local\Temp\ccrwML7P.s:1758   .text.HAL_TIM_PeriodElapsedCallback:00000000 $t
C:\Users\joabk\AppData\Local\Temp\ccrwML7P.s:1764   .text.HAL_TIM_PeriodElapsedCallback:00000000 HAL_TIM_PeriodElapsedCallback
C:\Users\joabk\AppData\Local\Temp\ccrwML7P.s:1771   .text.TIM_DMAPeriodElapsedCplt:00000000 $t
C:\Users\joabk\AppData\Local\Temp\ccrwML7P.s:1791   .text.HAL_TIM_PeriodElapsedHalfCpltCallback:00000000 $t
C:\Users\joabk\AppData\Local\Temp\ccrwML7P.s:1797   .text.HAL_TIM_PeriodElapsedHalfCpltCallback:00000000 HAL_TIM_PeriodElapsedHalfCpltCallback
C:\Users\joabk\AppData\Local\Temp\ccrwML7P.s:1804   .text.TIM_DMAPeriodElapsedHalfCplt:00000000 $t
C:\Users\joabk\AppData\Local\Temp\ccrwML7P.s:1818   .text.HAL_TIM_OC_DelayElapsedCallback:00000000 $t
C:\Users\joabk\AppData\Local\Temp\ccrwML7P.s:1824   .text.HAL_TIM_OC_DelayElapsedCallback:00000000 HAL_TIM_OC_DelayElapsedCallback
C:\Users\joabk\AppData\Local\Temp\ccrwML7P.s:1831   .text.HAL_TIM_IC_CaptureCallback:00000000 $t
C:\Users\joabk\AppData\Local\Temp\ccrwML7P.s:1837   .text.HAL_TIM_IC_CaptureCallback:00000000 HAL_TIM_IC_CaptureCallback
ARM GAS  C:\Users\joabk\AppData\Local\Temp\ccrwML7P.s 			page 137


C:\Users\joabk\AppData\Local\Temp\ccrwML7P.s:1844   .text.TIM_DMACaptureCplt:00000000 $t
C:\Users\joabk\AppData\Local\Temp\ccrwML7P.s:1915   .text.HAL_TIM_IC_CaptureHalfCpltCallback:00000000 $t
C:\Users\joabk\AppData\Local\Temp\ccrwML7P.s:1921   .text.HAL_TIM_IC_CaptureHalfCpltCallback:00000000 HAL_TIM_IC_CaptureHalfCpltCallback
C:\Users\joabk\AppData\Local\Temp\ccrwML7P.s:1928   .text.TIM_DMACaptureHalfCplt:00000000 $t
C:\Users\joabk\AppData\Local\Temp\ccrwML7P.s:1973   .text.HAL_TIM_PWM_PulseFinishedCallback:00000000 $t
C:\Users\joabk\AppData\Local\Temp\ccrwML7P.s:1979   .text.HAL_TIM_PWM_PulseFinishedCallback:00000000 HAL_TIM_PWM_PulseFinishedCallback
C:\Users\joabk\AppData\Local\Temp\ccrwML7P.s:1986   .text.TIM_DMADelayPulseCplt:00000000 $t
C:\Users\joabk\AppData\Local\Temp\ccrwML7P.s:2052   .text.HAL_TIM_PWM_PulseFinishedHalfCpltCallback:00000000 $t
C:\Users\joabk\AppData\Local\Temp\ccrwML7P.s:2058   .text.HAL_TIM_PWM_PulseFinishedHalfCpltCallback:00000000 HAL_TIM_PWM_PulseFinishedHalfCpltCallback
C:\Users\joabk\AppData\Local\Temp\ccrwML7P.s:2065   .text.TIM_DMADelayPulseHalfCplt:00000000 $t
C:\Users\joabk\AppData\Local\Temp\ccrwML7P.s:2110   .text.HAL_TIM_TriggerCallback:00000000 $t
C:\Users\joabk\AppData\Local\Temp\ccrwML7P.s:2116   .text.HAL_TIM_TriggerCallback:00000000 HAL_TIM_TriggerCallback
C:\Users\joabk\AppData\Local\Temp\ccrwML7P.s:2123   .text.HAL_TIM_IRQHandler:00000000 $t
C:\Users\joabk\AppData\Local\Temp\ccrwML7P.s:2129   .text.HAL_TIM_IRQHandler:00000000 HAL_TIM_IRQHandler
C:\Users\joabk\AppData\Local\Temp\ccrwML7P.s:2285   .text.TIM_DMATriggerCplt:00000000 $t
C:\Users\joabk\AppData\Local\Temp\ccrwML7P.s:2305   .text.HAL_TIM_TriggerHalfCpltCallback:00000000 $t
C:\Users\joabk\AppData\Local\Temp\ccrwML7P.s:2311   .text.HAL_TIM_TriggerHalfCpltCallback:00000000 HAL_TIM_TriggerHalfCpltCallback
C:\Users\joabk\AppData\Local\Temp\ccrwML7P.s:2318   .text.TIM_DMATriggerHalfCplt:00000000 $t
C:\Users\joabk\AppData\Local\Temp\ccrwML7P.s:2332   .text.HAL_TIM_ErrorCallback:00000000 $t
C:\Users\joabk\AppData\Local\Temp\ccrwML7P.s:2338   .text.HAL_TIM_ErrorCallback:00000000 HAL_TIM_ErrorCallback
C:\Users\joabk\AppData\Local\Temp\ccrwML7P.s:2345   .text.TIM_DMAError:00000000 $t
C:\Users\joabk\AppData\Local\Temp\ccrwML7P.s:2401   .text.HAL_TIM_Base_GetState:00000000 $t
C:\Users\joabk\AppData\Local\Temp\ccrwML7P.s:2407   .text.HAL_TIM_Base_GetState:00000000 HAL_TIM_Base_GetState
C:\Users\joabk\AppData\Local\Temp\ccrwML7P.s:2415   .text.HAL_TIM_OC_GetState:00000000 $t
C:\Users\joabk\AppData\Local\Temp\ccrwML7P.s:2421   .text.HAL_TIM_OC_GetState:00000000 HAL_TIM_OC_GetState
C:\Users\joabk\AppData\Local\Temp\ccrwML7P.s:2429   .text.HAL_TIM_PWM_GetState:00000000 $t
C:\Users\joabk\AppData\Local\Temp\ccrwML7P.s:2435   .text.HAL_TIM_PWM_GetState:00000000 HAL_TIM_PWM_GetState
C:\Users\joabk\AppData\Local\Temp\ccrwML7P.s:2443   .text.HAL_TIM_IC_GetState:00000000 $t
C:\Users\joabk\AppData\Local\Temp\ccrwML7P.s:2449   .text.HAL_TIM_IC_GetState:00000000 HAL_TIM_IC_GetState
C:\Users\joabk\AppData\Local\Temp\ccrwML7P.s:2457   .text.HAL_TIM_OnePulse_GetState:00000000 $t
C:\Users\joabk\AppData\Local\Temp\ccrwML7P.s:2463   .text.HAL_TIM_OnePulse_GetState:00000000 HAL_TIM_OnePulse_GetState
C:\Users\joabk\AppData\Local\Temp\ccrwML7P.s:2471   .text.HAL_TIM_Encoder_GetState:00000000 $t
C:\Users\joabk\AppData\Local\Temp\ccrwML7P.s:2477   .text.HAL_TIM_Encoder_GetState:00000000 HAL_TIM_Encoder_GetState
C:\Users\joabk\AppData\Local\Temp\ccrwML7P.s:2485   .text.HAL_TIM_GetActiveChannel:00000000 $t
C:\Users\joabk\AppData\Local\Temp\ccrwML7P.s:2491   .text.HAL_TIM_GetActiveChannel:00000000 HAL_TIM_GetActiveChannel
C:\Users\joabk\AppData\Local\Temp\ccrwML7P.s:2499   .text.HAL_TIM_GetChannelState:00000000 $t
C:\Users\joabk\AppData\Local\Temp\ccrwML7P.s:2505   .text.HAL_TIM_GetChannelState:00000000 HAL_TIM_GetChannelState
C:\Users\joabk\AppData\Local\Temp\ccrwML7P.s:2531   .text.HAL_TIM_DMABurstState:00000000 $t
C:\Users\joabk\AppData\Local\Temp\ccrwML7P.s:2537   .text.HAL_TIM_DMABurstState:00000000 HAL_TIM_DMABurstState
C:\Users\joabk\AppData\Local\Temp\ccrwML7P.s:2545   .text.TIM_Base_SetConfig:00000000 $t
C:\Users\joabk\AppData\Local\Temp\ccrwML7P.s:2551   .text.TIM_Base_SetConfig:00000000 TIM_Base_SetConfig
C:\Users\joabk\AppData\Local\Temp\ccrwML7P.s:2628   .text.TIM_Base_SetConfig:000000a0 $d
C:\Users\joabk\AppData\Local\Temp\ccrwML7P.s:2631   .text.HAL_TIM_Base_Init:00000000 $t
C:\Users\joabk\AppData\Local\Temp\ccrwML7P.s:2637   .text.HAL_TIM_Base_Init:00000000 HAL_TIM_Base_Init
C:\Users\joabk\AppData\Local\Temp\ccrwML7P.s:2673   .text.HAL_TIM_OC_Init:00000000 $t
C:\Users\joabk\AppData\Local\Temp\ccrwML7P.s:2679   .text.HAL_TIM_OC_Init:00000000 HAL_TIM_OC_Init
C:\Users\joabk\AppData\Local\Temp\ccrwML7P.s:2715   .text.HAL_TIM_PWM_Init:00000000 $t
C:\Users\joabk\AppData\Local\Temp\ccrwML7P.s:2721   .text.HAL_TIM_PWM_Init:00000000 HAL_TIM_PWM_Init
C:\Users\joabk\AppData\Local\Temp\ccrwML7P.s:2757   .text.HAL_TIM_IC_Init:00000000 $t
C:\Users\joabk\AppData\Local\Temp\ccrwML7P.s:2763   .text.HAL_TIM_IC_Init:00000000 HAL_TIM_IC_Init
C:\Users\joabk\AppData\Local\Temp\ccrwML7P.s:2799   .text.HAL_TIM_OnePulse_Init:00000000 $t
C:\Users\joabk\AppData\Local\Temp\ccrwML7P.s:2805   .text.HAL_TIM_OnePulse_Init:00000000 HAL_TIM_OnePulse_Init
C:\Users\joabk\AppData\Local\Temp\ccrwML7P.s:2846   .text.HAL_TIM_Encoder_Init:00000000 $t
C:\Users\joabk\AppData\Local\Temp\ccrwML7P.s:2852   .text.HAL_TIM_Encoder_Init:00000000 HAL_TIM_Encoder_Init
C:\Users\joabk\AppData\Local\Temp\ccrwML7P.s:2925   .text.TIM_OC2_SetConfig:00000000 $t
C:\Users\joabk\AppData\Local\Temp\ccrwML7P.s:2931   .text.TIM_OC2_SetConfig:00000000 TIM_OC2_SetConfig
C:\Users\joabk\AppData\Local\Temp\ccrwML7P.s:2973   .text.TIM_OC2_SetConfig:00000058 $d
ARM GAS  C:\Users\joabk\AppData\Local\Temp\ccrwML7P.s 			page 138


C:\Users\joabk\AppData\Local\Temp\ccrwML7P.s:2976   .text.HAL_TIM_OC_ConfigChannel:00000000 $t
C:\Users\joabk\AppData\Local\Temp\ccrwML7P.s:2982   .text.HAL_TIM_OC_ConfigChannel:00000000 HAL_TIM_OC_ConfigChannel
C:\Users\joabk\AppData\Local\Temp\ccrwML7P.s:2996   .text.HAL_TIM_OC_ConfigChannel:0000001a $d
C:\Users\joabk\AppData\Local\Temp\ccrwML7P.s:3041   .text.HAL_TIM_PWM_ConfigChannel:00000000 $t
C:\Users\joabk\AppData\Local\Temp\ccrwML7P.s:3047   .text.HAL_TIM_PWM_ConfigChannel:00000000 HAL_TIM_PWM_ConfigChannel
C:\Users\joabk\AppData\Local\Temp\ccrwML7P.s:3062   .text.HAL_TIM_PWM_ConfigChannel:0000001c $d
C:\Users\joabk\AppData\Local\Temp\ccrwML7P.s:3160   .text.TIM_TI1_SetConfig:00000000 $t
C:\Users\joabk\AppData\Local\Temp\ccrwML7P.s:3166   .text.TIM_TI1_SetConfig:00000000 TIM_TI1_SetConfig
C:\Users\joabk\AppData\Local\Temp\ccrwML7P.s:3214   .text.TIM_TI1_SetConfig:00000064 $d
C:\Users\joabk\AppData\Local\Temp\ccrwML7P.s:3218   .text.HAL_TIM_IC_ConfigChannel:00000000 $t
C:\Users\joabk\AppData\Local\Temp\ccrwML7P.s:3224   .text.HAL_TIM_IC_ConfigChannel:00000000 HAL_TIM_IC_ConfigChannel
C:\Users\joabk\AppData\Local\Temp\ccrwML7P.s:3239   .text.HAL_TIM_IC_ConfigChannel:0000001c $d
C:\Users\joabk\AppData\Local\Temp\ccrwML7P.s:3333   .text.HAL_TIM_OnePulse_ConfigChannel:00000000 $t
C:\Users\joabk\AppData\Local\Temp\ccrwML7P.s:3339   .text.HAL_TIM_OnePulse_ConfigChannel:00000000 HAL_TIM_OnePulse_ConfigChannel
C:\Users\joabk\AppData\Local\Temp\ccrwML7P.s:3460   .text.TIM_ETR_SetConfig:00000000 $t
C:\Users\joabk\AppData\Local\Temp\ccrwML7P.s:3466   .text.TIM_ETR_SetConfig:00000000 TIM_ETR_SetConfig
C:\Users\joabk\AppData\Local\Temp\ccrwML7P.s:3481   .text.HAL_TIM_ConfigOCrefClear:00000000 $t
C:\Users\joabk\AppData\Local\Temp\ccrwML7P.s:3487   .text.HAL_TIM_ConfigOCrefClear:00000000 HAL_TIM_ConfigOCrefClear
C:\Users\joabk\AppData\Local\Temp\ccrwML7P.s:3523   .text.HAL_TIM_ConfigOCrefClear:00000046 $d
C:\Users\joabk\AppData\Local\Temp\ccrwML7P.s:3623   .text.HAL_TIM_ConfigClockSource:00000000 $t
C:\Users\joabk\AppData\Local\Temp\ccrwML7P.s:3629   .text.HAL_TIM_ConfigClockSource:00000000 HAL_TIM_ConfigClockSource
C:\Users\joabk\AppData\Local\Temp\ccrwML7P.s:3754   .text.TIM_SlaveTimer_SetConfig:00000000 $t
C:\Users\joabk\AppData\Local\Temp\ccrwML7P.s:3759   .text.TIM_SlaveTimer_SetConfig:00000000 TIM_SlaveTimer_SetConfig
C:\Users\joabk\AppData\Local\Temp\ccrwML7P.s:3861   .text.HAL_TIM_SlaveConfigSynchro:00000000 $t
C:\Users\joabk\AppData\Local\Temp\ccrwML7P.s:3867   .text.HAL_TIM_SlaveConfigSynchro:00000000 HAL_TIM_SlaveConfigSynchro
C:\Users\joabk\AppData\Local\Temp\ccrwML7P.s:3906   .text.HAL_TIM_SlaveConfigSynchro_IT:00000000 $t
C:\Users\joabk\AppData\Local\Temp\ccrwML7P.s:3912   .text.HAL_TIM_SlaveConfigSynchro_IT:00000000 HAL_TIM_SlaveConfigSynchro_IT
C:\Users\joabk\AppData\Local\Temp\ccrwML7P.s:3951   .text.TIM_CCxChannelCmd:00000000 $t
C:\Users\joabk\AppData\Local\Temp\ccrwML7P.s:3957   .text.TIM_CCxChannelCmd:00000000 TIM_CCxChannelCmd
C:\Users\joabk\AppData\Local\Temp\ccrwML7P.s:3974   .text.HAL_TIM_OC_Start:00000000 $t
C:\Users\joabk\AppData\Local\Temp\ccrwML7P.s:3980   .text.HAL_TIM_OC_Start:00000000 HAL_TIM_OC_Start
C:\Users\joabk\AppData\Local\Temp\ccrwML7P.s:4099   .text.HAL_TIM_OC_Start:000000ec $d
C:\Users\joabk\AppData\Local\Temp\ccrwML7P.s:4102   .text.HAL_TIM_OC_Stop:00000000 $t
C:\Users\joabk\AppData\Local\Temp\ccrwML7P.s:4108   .text.HAL_TIM_OC_Stop:00000000 HAL_TIM_OC_Stop
C:\Users\joabk\AppData\Local\Temp\ccrwML7P.s:4173   .text.HAL_TIM_OC_Stop:00000080 $d
C:\Users\joabk\AppData\Local\Temp\ccrwML7P.s:4176   .text.HAL_TIM_OC_Start_IT:00000000 $t
C:\Users\joabk\AppData\Local\Temp\ccrwML7P.s:4182   .text.HAL_TIM_OC_Start_IT:00000000 HAL_TIM_OC_Start_IT
C:\Users\joabk\AppData\Local\Temp\ccrwML7P.s:4278   .text.HAL_TIM_OC_Start_IT:000000c8 $d
C:\Users\joabk\AppData\Local\Temp\ccrwML7P.s:4291   .text.HAL_TIM_OC_Start_IT:000000fc $t
C:\Users\joabk\AppData\Local\Temp\ccrwML7P.s:4344   .text.HAL_TIM_OC_Start_IT:00000158 $d
C:\Users\joabk\AppData\Local\Temp\ccrwML7P.s:4347   .text.HAL_TIM_OC_Stop_IT:00000000 $t
C:\Users\joabk\AppData\Local\Temp\ccrwML7P.s:4353   .text.HAL_TIM_OC_Stop_IT:00000000 HAL_TIM_OC_Stop_IT
C:\Users\joabk\AppData\Local\Temp\ccrwML7P.s:4363   .text.HAL_TIM_OC_Stop_IT:0000000e $d
C:\Users\joabk\AppData\Local\Temp\ccrwML7P.s:4467   .text.HAL_TIM_OC_Stop_IT:000000d0 $d
C:\Users\joabk\AppData\Local\Temp\ccrwML7P.s:4470   .text.HAL_TIM_OC_Start_DMA:00000000 $t
C:\Users\joabk\AppData\Local\Temp\ccrwML7P.s:4476   .text.HAL_TIM_OC_Start_DMA:00000000 HAL_TIM_OC_Start_DMA
C:\Users\joabk\AppData\Local\Temp\ccrwML7P.s:4636   .text.HAL_TIM_OC_Start_DMA:00000160 $d
C:\Users\joabk\AppData\Local\Temp\ccrwML7P.s:4649   .text.HAL_TIM_OC_Start_DMA:00000194 $t
C:\Users\joabk\AppData\Local\Temp\ccrwML7P.s:4770   .text.HAL_TIM_OC_Start_DMA:00000270 $d
C:\Users\joabk\AppData\Local\Temp\ccrwML7P.s:4776   .text.HAL_TIM_OC_Stop_DMA:00000000 $t
C:\Users\joabk\AppData\Local\Temp\ccrwML7P.s:4782   .text.HAL_TIM_OC_Stop_DMA:00000000 HAL_TIM_OC_Stop_DMA
C:\Users\joabk\AppData\Local\Temp\ccrwML7P.s:4792   .text.HAL_TIM_OC_Stop_DMA:0000000e $d
C:\Users\joabk\AppData\Local\Temp\ccrwML7P.s:4905   .text.HAL_TIM_OC_Stop_DMA:000000e8 $d
C:\Users\joabk\AppData\Local\Temp\ccrwML7P.s:4908   .text.HAL_TIM_PWM_Start:00000000 $t
C:\Users\joabk\AppData\Local\Temp\ccrwML7P.s:4914   .text.HAL_TIM_PWM_Start:00000000 HAL_TIM_PWM_Start
C:\Users\joabk\AppData\Local\Temp\ccrwML7P.s:5033   .text.HAL_TIM_PWM_Start:000000ec $d
C:\Users\joabk\AppData\Local\Temp\ccrwML7P.s:5036   .text.HAL_TIM_PWM_Stop:00000000 $t
ARM GAS  C:\Users\joabk\AppData\Local\Temp\ccrwML7P.s 			page 139


C:\Users\joabk\AppData\Local\Temp\ccrwML7P.s:5042   .text.HAL_TIM_PWM_Stop:00000000 HAL_TIM_PWM_Stop
C:\Users\joabk\AppData\Local\Temp\ccrwML7P.s:5107   .text.HAL_TIM_PWM_Stop:00000080 $d
C:\Users\joabk\AppData\Local\Temp\ccrwML7P.s:5110   .text.HAL_TIM_PWM_Start_IT:00000000 $t
C:\Users\joabk\AppData\Local\Temp\ccrwML7P.s:5116   .text.HAL_TIM_PWM_Start_IT:00000000 HAL_TIM_PWM_Start_IT
C:\Users\joabk\AppData\Local\Temp\ccrwML7P.s:5212   .text.HAL_TIM_PWM_Start_IT:000000c8 $d
C:\Users\joabk\AppData\Local\Temp\ccrwML7P.s:5225   .text.HAL_TIM_PWM_Start_IT:000000fc $t
C:\Users\joabk\AppData\Local\Temp\ccrwML7P.s:5278   .text.HAL_TIM_PWM_Start_IT:00000158 $d
C:\Users\joabk\AppData\Local\Temp\ccrwML7P.s:5281   .text.HAL_TIM_PWM_Stop_IT:00000000 $t
C:\Users\joabk\AppData\Local\Temp\ccrwML7P.s:5287   .text.HAL_TIM_PWM_Stop_IT:00000000 HAL_TIM_PWM_Stop_IT
C:\Users\joabk\AppData\Local\Temp\ccrwML7P.s:5297   .text.HAL_TIM_PWM_Stop_IT:0000000e $d
C:\Users\joabk\AppData\Local\Temp\ccrwML7P.s:5401   .text.HAL_TIM_PWM_Stop_IT:000000d0 $d
C:\Users\joabk\AppData\Local\Temp\ccrwML7P.s:5404   .text.HAL_TIM_PWM_Start_DMA:00000000 $t
C:\Users\joabk\AppData\Local\Temp\ccrwML7P.s:5410   .text.HAL_TIM_PWM_Start_DMA:00000000 HAL_TIM_PWM_Start_DMA
C:\Users\joabk\AppData\Local\Temp\ccrwML7P.s:5570   .text.HAL_TIM_PWM_Start_DMA:00000160 $d
C:\Users\joabk\AppData\Local\Temp\ccrwML7P.s:5583   .text.HAL_TIM_PWM_Start_DMA:00000194 $t
C:\Users\joabk\AppData\Local\Temp\ccrwML7P.s:5704   .text.HAL_TIM_PWM_Start_DMA:00000270 $d
C:\Users\joabk\AppData\Local\Temp\ccrwML7P.s:5710   .text.HAL_TIM_PWM_Stop_DMA:00000000 $t
C:\Users\joabk\AppData\Local\Temp\ccrwML7P.s:5716   .text.HAL_TIM_PWM_Stop_DMA:00000000 HAL_TIM_PWM_Stop_DMA
C:\Users\joabk\AppData\Local\Temp\ccrwML7P.s:5726   .text.HAL_TIM_PWM_Stop_DMA:0000000e $d
C:\Users\joabk\AppData\Local\Temp\ccrwML7P.s:5839   .text.HAL_TIM_PWM_Stop_DMA:000000e8 $d
C:\Users\joabk\AppData\Local\Temp\ccrwML7P.s:5842   .text.HAL_TIM_IC_Start:00000000 $t
C:\Users\joabk\AppData\Local\Temp\ccrwML7P.s:5848   .text.HAL_TIM_IC_Start:00000000 HAL_TIM_IC_Start
C:\Users\joabk\AppData\Local\Temp\ccrwML7P.s:5984   .text.HAL_TIM_IC_Start:00000110 $d
C:\Users\joabk\AppData\Local\Temp\ccrwML7P.s:5987   .text.HAL_TIM_IC_Stop:00000000 $t
C:\Users\joabk\AppData\Local\Temp\ccrwML7P.s:5993   .text.HAL_TIM_IC_Stop:00000000 HAL_TIM_IC_Stop
C:\Users\joabk\AppData\Local\Temp\ccrwML7P.s:6055   .text.HAL_TIM_IC_Start_IT:00000000 $t
C:\Users\joabk\AppData\Local\Temp\ccrwML7P.s:6061   .text.HAL_TIM_IC_Start_IT:00000000 HAL_TIM_IC_Start_IT
C:\Users\joabk\AppData\Local\Temp\ccrwML7P.s:6088   .text.HAL_TIM_IC_Start_IT:00000038 $d
C:\Users\joabk\AppData\Local\Temp\ccrwML7P.s:6237   .text.HAL_TIM_IC_Start_IT:00000154 $d
C:\Users\joabk\AppData\Local\Temp\ccrwML7P.s:6240   .text.HAL_TIM_IC_Stop_IT:00000000 $t
C:\Users\joabk\AppData\Local\Temp\ccrwML7P.s:6246   .text.HAL_TIM_IC_Stop_IT:00000000 HAL_TIM_IC_Stop_IT
C:\Users\joabk\AppData\Local\Temp\ccrwML7P.s:6256   .text.HAL_TIM_IC_Stop_IT:0000000e $d
C:\Users\joabk\AppData\Local\Temp\ccrwML7P.s:6357   .text.HAL_TIM_IC_Start_DMA:00000000 $t
C:\Users\joabk\AppData\Local\Temp\ccrwML7P.s:6363   .text.HAL_TIM_IC_Start_DMA:00000000 HAL_TIM_IC_Start_DMA
C:\Users\joabk\AppData\Local\Temp\ccrwML7P.s:6406   .text.HAL_TIM_IC_Start_DMA:00000068 $d
C:\Users\joabk\AppData\Local\Temp\ccrwML7P.s:6642   .text.HAL_TIM_IC_Start_DMA:00000238 $d
C:\Users\joabk\AppData\Local\Temp\ccrwML7P.s:6648   .text.HAL_TIM_IC_Stop_DMA:00000000 $t
C:\Users\joabk\AppData\Local\Temp\ccrwML7P.s:6654   .text.HAL_TIM_IC_Stop_DMA:00000000 HAL_TIM_IC_Stop_DMA
C:\Users\joabk\AppData\Local\Temp\ccrwML7P.s:6667   .text.HAL_TIM_IC_Stop_DMA:00000016 $d
C:\Users\joabk\AppData\Local\Temp\ccrwML7P.s:6772   .text.HAL_TIM_OnePulse_Start:00000000 $t
C:\Users\joabk\AppData\Local\Temp\ccrwML7P.s:6778   .text.HAL_TIM_OnePulse_Start:00000000 HAL_TIM_OnePulse_Start
C:\Users\joabk\AppData\Local\Temp\ccrwML7P.s:6836   .text.HAL_TIM_OnePulse_Start:00000074 $d
C:\Users\joabk\AppData\Local\Temp\ccrwML7P.s:6839   .text.HAL_TIM_OnePulse_Stop:00000000 $t
C:\Users\joabk\AppData\Local\Temp\ccrwML7P.s:6845   .text.HAL_TIM_OnePulse_Stop:00000000 HAL_TIM_OnePulse_Stop
C:\Users\joabk\AppData\Local\Temp\ccrwML7P.s:6899   .text.HAL_TIM_OnePulse_Stop:00000074 $d
C:\Users\joabk\AppData\Local\Temp\ccrwML7P.s:6902   .text.HAL_TIM_OnePulse_Start_IT:00000000 $t
C:\Users\joabk\AppData\Local\Temp\ccrwML7P.s:6908   .text.HAL_TIM_OnePulse_Start_IT:00000000 HAL_TIM_OnePulse_Start_IT
C:\Users\joabk\AppData\Local\Temp\ccrwML7P.s:6975   .text.HAL_TIM_OnePulse_Start_IT:0000008c $d
C:\Users\joabk\AppData\Local\Temp\ccrwML7P.s:6978   .text.HAL_TIM_OnePulse_Stop_IT:00000000 $t
C:\Users\joabk\AppData\Local\Temp\ccrwML7P.s:6984   .text.HAL_TIM_OnePulse_Stop_IT:00000000 HAL_TIM_OnePulse_Stop_IT
C:\Users\joabk\AppData\Local\Temp\ccrwML7P.s:7046   .text.HAL_TIM_OnePulse_Stop_IT:00000088 $d
C:\Users\joabk\AppData\Local\Temp\ccrwML7P.s:7049   .text.HAL_TIM_Encoder_Start:00000000 $t
C:\Users\joabk\AppData\Local\Temp\ccrwML7P.s:7055   .text.HAL_TIM_Encoder_Start:00000000 HAL_TIM_Encoder_Start
C:\Users\joabk\AppData\Local\Temp\ccrwML7P.s:7155   .text.HAL_TIM_Encoder_Stop:00000000 $t
C:\Users\joabk\AppData\Local\Temp\ccrwML7P.s:7161   .text.HAL_TIM_Encoder_Stop:00000000 HAL_TIM_Encoder_Stop
C:\Users\joabk\AppData\Local\Temp\ccrwML7P.s:7227   .text.HAL_TIM_Encoder_Start_IT:00000000 $t
C:\Users\joabk\AppData\Local\Temp\ccrwML7P.s:7233   .text.HAL_TIM_Encoder_Start_IT:00000000 HAL_TIM_Encoder_Start_IT
ARM GAS  C:\Users\joabk\AppData\Local\Temp\ccrwML7P.s 			page 140


C:\Users\joabk\AppData\Local\Temp\ccrwML7P.s:7350   .text.HAL_TIM_Encoder_Stop_IT:00000000 $t
C:\Users\joabk\AppData\Local\Temp\ccrwML7P.s:7356   .text.HAL_TIM_Encoder_Stop_IT:00000000 HAL_TIM_Encoder_Stop_IT
C:\Users\joabk\AppData\Local\Temp\ccrwML7P.s:7439   .text.HAL_TIM_Encoder_Start_DMA:00000000 $t
C:\Users\joabk\AppData\Local\Temp\ccrwML7P.s:7445   .text.HAL_TIM_Encoder_Start_DMA:00000000 HAL_TIM_Encoder_Start_DMA
C:\Users\joabk\AppData\Local\Temp\ccrwML7P.s:7720   .text.HAL_TIM_Encoder_Start_DMA:00000258 $d
C:\Users\joabk\AppData\Local\Temp\ccrwML7P.s:7725   .text.HAL_TIM_Encoder_Stop_DMA:00000000 $t
C:\Users\joabk\AppData\Local\Temp\ccrwML7P.s:7731   .text.HAL_TIM_Encoder_Stop_DMA:00000000 HAL_TIM_Encoder_Stop_DMA
C:\Users\joabk\AppData\Local\Temp\ccrwML7P.s:1736   .text.HAL_TIM_ReadCapturedValue:00000015 $d
C:\Users\joabk\AppData\Local\Temp\ccrwML7P.s:1736   .text.HAL_TIM_ReadCapturedValue:00000016 $t
C:\Users\joabk\AppData\Local\Temp\ccrwML7P.s:3009   .text.HAL_TIM_OC_ConfigChannel:00000027 $d
C:\Users\joabk\AppData\Local\Temp\ccrwML7P.s:3009   .text.HAL_TIM_OC_ConfigChannel:00000028 $t
C:\Users\joabk\AppData\Local\Temp\ccrwML7P.s:3075   .text.HAL_TIM_PWM_ConfigChannel:00000029 $d
C:\Users\joabk\AppData\Local\Temp\ccrwML7P.s:3075   .text.HAL_TIM_PWM_ConfigChannel:0000002a $t
C:\Users\joabk\AppData\Local\Temp\ccrwML7P.s:3252   .text.HAL_TIM_IC_ConfigChannel:00000029 $d
C:\Users\joabk\AppData\Local\Temp\ccrwML7P.s:3252   .text.HAL_TIM_IC_ConfigChannel:0000002a $t
C:\Users\joabk\AppData\Local\Temp\ccrwML7P.s:3536   .text.HAL_TIM_ConfigOCrefClear:00000053 $d
C:\Users\joabk\AppData\Local\Temp\ccrwML7P.s:3536   .text.HAL_TIM_ConfigOCrefClear:00000054 $t
C:\Users\joabk\AppData\Local\Temp\ccrwML7P.s:4376   .text.HAL_TIM_OC_Stop_IT:0000001b $d
C:\Users\joabk\AppData\Local\Temp\ccrwML7P.s:4376   .text.HAL_TIM_OC_Stop_IT:0000001c $t
C:\Users\joabk\AppData\Local\Temp\ccrwML7P.s:4805   .text.HAL_TIM_OC_Stop_DMA:0000001b $d
C:\Users\joabk\AppData\Local\Temp\ccrwML7P.s:4805   .text.HAL_TIM_OC_Stop_DMA:0000001c $t
C:\Users\joabk\AppData\Local\Temp\ccrwML7P.s:5310   .text.HAL_TIM_PWM_Stop_IT:0000001b $d
C:\Users\joabk\AppData\Local\Temp\ccrwML7P.s:5310   .text.HAL_TIM_PWM_Stop_IT:0000001c $t
C:\Users\joabk\AppData\Local\Temp\ccrwML7P.s:5739   .text.HAL_TIM_PWM_Stop_DMA:0000001b $d
C:\Users\joabk\AppData\Local\Temp\ccrwML7P.s:5739   .text.HAL_TIM_PWM_Stop_DMA:0000001c $t
C:\Users\joabk\AppData\Local\Temp\ccrwML7P.s:6101   .text.HAL_TIM_IC_Start_IT:00000045 $d
C:\Users\joabk\AppData\Local\Temp\ccrwML7P.s:6101   .text.HAL_TIM_IC_Start_IT:00000046 $t
C:\Users\joabk\AppData\Local\Temp\ccrwML7P.s:6269   .text.HAL_TIM_IC_Stop_IT:0000001b $d
C:\Users\joabk\AppData\Local\Temp\ccrwML7P.s:6269   .text.HAL_TIM_IC_Stop_IT:0000001c $t
C:\Users\joabk\AppData\Local\Temp\ccrwML7P.s:6419   .text.HAL_TIM_IC_Start_DMA:00000075 $d
C:\Users\joabk\AppData\Local\Temp\ccrwML7P.s:6419   .text.HAL_TIM_IC_Start_DMA:00000076 $t
C:\Users\joabk\AppData\Local\Temp\ccrwML7P.s:6680   .text.HAL_TIM_IC_Stop_DMA:00000023 $d
C:\Users\joabk\AppData\Local\Temp\ccrwML7P.s:6680   .text.HAL_TIM_IC_Stop_DMA:00000024 $t

UNDEFINED SYMBOLS
HAL_DMA_Start_IT
HAL_DMA_Abort_IT
TIMEx_DMACommutationCplt
TIMEx_DMACommutationHalfCplt
HAL_TIMEx_BreakCallback
HAL_TIMEx_CommutCallback
